
===========================================================================
report_checks -unconstrained
===========================================================================
======================= nom_ss_100C_1v60 Corner ===================================

Startpoint: rst_n (input port clocked by clk_dsp)
Endpoint: _44061_ (recovery check against rising-edge clock clk_dsp)
Path Group: asynchronous
Path Type: max

Fanout         Cap        Slew       Delay        Time   Description
---------------------------------------------------------------------------------------------
                                  0.000000    0.000000   clock clk_dsp (rise edge)
                                  0.000000    0.000000   clock network delay (propagated)
                                  1.000000    1.000000 ^ input external delay
     1    0.002468    0.030064    0.014042    1.014042 ^ rst_n (in)
                                                         rst_n (net)
                      0.030064    0.000000    1.014042 ^ hold102/A (sky130_fd_sc_hd__dlygate4sd3_1)
     1    0.002575    0.088922    1.019973    2.034015 ^ hold102/X (sky130_fd_sc_hd__dlygate4sd3_1)
                                                         net3075 (net)
                      0.088922    0.000049    2.034064 ^ input17/A (sky130_fd_sc_hd__buf_4)
     1    0.066407    0.300097    0.377314    2.411378 ^ input17/X (sky130_fd_sc_hd__buf_4)
                                                         net17 (net)
                      0.302034    0.019513    2.430891 ^ fanout2882/A (sky130_fd_sc_hd__buf_12)
     1    0.035829    0.088424    0.289280    2.720171 ^ fanout2882/X (sky130_fd_sc_hd__buf_12)
                                                         net2882 (net)
                      0.088793    0.004871    2.725042 ^ hold92/A (sky130_fd_sc_hd__buf_12)
     2    0.034663    0.084692    0.201499    2.926542 ^ hold92/X (sky130_fd_sc_hd__buf_12)
                                                         net3065 (net)
                      0.084978    0.003358    2.929899 ^ hold94/A (sky130_fd_sc_hd__buf_12)
     1    0.025642    0.070192    0.187756    3.117656 ^ hold94/X (sky130_fd_sc_hd__buf_12)
                                                         net3067 (net)
                      0.070484    0.003048    3.120703 ^ hold96/A (sky130_fd_sc_hd__buf_12)
     1    0.049881    0.107895    0.211443    3.332146 ^ hold96/X (sky130_fd_sc_hd__buf_12)
                                                         net3069 (net)
                      0.109640    0.010733    3.342880 ^ hold98/A (sky130_fd_sc_hd__buf_12)
     5    0.124298    0.230023    0.320950    3.663829 ^ hold98/X (sky130_fd_sc_hd__buf_12)
                                                         net3071 (net)
                      0.230368    0.006326    3.670156 ^ fanout2830/A (sky130_fd_sc_hd__buf_6)
     6    0.133751    0.418064    0.502839    4.172995 ^ fanout2830/X (sky130_fd_sc_hd__buf_6)
                                                         net2830 (net)
                      0.418473    0.010830    4.183825 ^ hold99/A (sky130_fd_sc_hd__dlygate4sd3_1)
     2    0.034338    0.532332    1.515873    5.699698 ^ hold99/X (sky130_fd_sc_hd__dlygate4sd3_1)
                                                         net3072 (net)
                      0.532337    0.002584    5.702281 ^ fanout2790/A (sky130_fd_sc_hd__buf_2)
     5    0.049674    0.387551    0.616104    6.318385 ^ fanout2790/X (sky130_fd_sc_hd__buf_2)
                                                         net2790 (net)
                      0.387551    0.001342    6.319726 ^ fanout2789/A (sky130_fd_sc_hd__buf_2)
     7    0.046047    0.360777    0.539962    6.859689 ^ fanout2789/X (sky130_fd_sc_hd__buf_2)
                                                         net2789 (net)
                      0.360777    0.001072    6.860762 ^ fanout2780/A (sky130_fd_sc_hd__clkbuf_4)
    10    0.047905    0.240226    0.502751    7.363512 ^ fanout2780/X (sky130_fd_sc_hd__clkbuf_4)
                                                         net2780 (net)
                      0.240226    0.001001    7.364513 ^ fanout2779/A (sky130_fd_sc_hd__clkbuf_4)
    10    0.043639    0.220518    0.437055    7.801568 ^ fanout2779/X (sky130_fd_sc_hd__clkbuf_4)
                                                         net2779 (net)
                      0.220519    0.001030    7.802598 ^ _44061_/RESET_B (sky130_fd_sc_hd__dfrtp_1)
                                              7.802598   data arrival time

                                  5.000000    5.000000   clock clk_dsp (rise edge)
                                  0.000000    5.000000   clock source latency
     2    0.154311    1.116335    0.810502    5.810503 ^ clk_dsp (in)
                                                         clk_dsp (net)
                      1.127835    0.000000    5.810503 ^ clkbuf_0_clk_dsp/A (sky130_fd_sc_hd__clkbuf_16)
     4    0.127385    0.226210    0.717094    6.527596 ^ clkbuf_0_clk_dsp/X (sky130_fd_sc_hd__clkbuf_16)
                                                         clknet_0_clk_dsp (net)
                      0.226336    0.005158    6.532754 ^ clkbuf_2_2_0_clk_dsp/A (sky130_fd_sc_hd__clkbuf_8)
     4    0.075278    0.216846    0.410596    6.943350 ^ clkbuf_2_2_0_clk_dsp/X (sky130_fd_sc_hd__clkbuf_8)
                                                         clknet_2_2_0_clk_dsp (net)
                      0.217016    0.005013    6.948364 ^ clkbuf_4_9_0_clk_dsp/A (sky130_fd_sc_hd__clkbuf_8)
     2    0.037174    0.122940    0.339579    7.287943 ^ clkbuf_4_9_0_clk_dsp/X (sky130_fd_sc_hd__clkbuf_8)
                                                         clknet_4_9_0_clk_dsp (net)
                      0.122948    0.001221    7.289164 ^ clkbuf_5_18__f_clk_dsp/A (sky130_fd_sc_hd__clkbuf_16)
     7    0.062960    0.124584    0.298738    7.587902 ^ clkbuf_5_18__f_clk_dsp/X (sky130_fd_sc_hd__clkbuf_16)
                                                         clknet_5_18__leaf_clk_dsp (net)
                      0.124598    0.001446    7.589348 ^ clkbuf_leaf_57_clk_dsp/A (sky130_fd_sc_hd__clkbuf_8)
    18    0.050900    0.156110    0.322590    7.911938 ^ clkbuf_leaf_57_clk_dsp/X (sky130_fd_sc_hd__clkbuf_8)
                                                         clknet_leaf_57_clk_dsp (net)
                      0.156115    0.001100    7.913038 ^ _44061_/CLK (sky130_fd_sc_hd__dfrtp_1)
                                 -0.250000    7.663037   clock uncertainty
                                  0.000000    7.663037   clock reconvergence pessimism
                                  0.435819    8.098856   library recovery time
                                              8.098856   data required time
---------------------------------------------------------------------------------------------
                                              8.098856   data required time
                                             -7.802598   data arrival time
---------------------------------------------------------------------------------------------
                                              0.296258   slack (MET)


Startpoint: _46159_ (rising edge-triggered flip-flop clocked by clk_dsp)
Endpoint: _46277_ (rising edge-triggered flip-flop clocked by clk_dsp)
Path Group: clk_dsp
Path Type: max

Fanout         Cap        Slew       Delay        Time   Description
---------------------------------------------------------------------------------------------
                                  0.000000    0.000000   clock clk_dsp (rise edge)
                                  0.000000    0.000000   clock source latency
     2    0.154311    1.116335    0.810502    0.810502 ^ clk_dsp (in)
                                                         clk_dsp (net)
                      1.127835    0.000000    0.810502 ^ clkbuf_0_clk_dsp/A (sky130_fd_sc_hd__clkbuf_16)
     4    0.127385    0.226210    0.717094    1.527597 ^ clkbuf_0_clk_dsp/X (sky130_fd_sc_hd__clkbuf_16)
                                                         clknet_0_clk_dsp (net)
                      0.226303    0.004555    1.532152 ^ clkbuf_2_3_0_clk_dsp/A (sky130_fd_sc_hd__clkbuf_8)
     4    0.074465    0.214781    0.409029    1.941181 ^ clkbuf_2_3_0_clk_dsp/X (sky130_fd_sc_hd__clkbuf_8)
                                                         clknet_2_3_0_clk_dsp (net)
                      0.215453    0.008959    1.950139 ^ clkbuf_4_15_0_clk_dsp/A (sky130_fd_sc_hd__clkbuf_8)
     2    0.054868    0.165684    0.371254    2.321394 ^ clkbuf_4_15_0_clk_dsp/X (sky130_fd_sc_hd__clkbuf_8)
                                                         clknet_4_15_0_clk_dsp (net)
                      0.165728    0.002637    2.324031 ^ clkbuf_5_30__f_clk_dsp/A (sky130_fd_sc_hd__clkbuf_16)
     9    0.113882    0.195498    0.372136    2.696167 ^ clkbuf_5_30__f_clk_dsp/X (sky130_fd_sc_hd__clkbuf_16)
                                                         clknet_5_30__leaf_clk_dsp (net)
                      0.195738    0.004148    2.700315 ^ clkbuf_leaf_144_clk_dsp/A (sky130_fd_sc_hd__clkbuf_8)
    11    0.041362    0.132990    0.337830    3.038145 ^ clkbuf_leaf_144_clk_dsp/X (sky130_fd_sc_hd__clkbuf_8)
                                                         clknet_leaf_144_clk_dsp (net)
                      0.132990    0.000566    3.038711 ^ _46159_/CLK (sky130_fd_sc_hd__dfrtp_1)
     4    0.020579    0.223481    0.914181    3.952892 v _46159_/Q (sky130_fd_sc_hd__dfrtp_1)
                                                         u_phase_009_fft.out_cnt[3] (net)
                      0.223481    0.000477    3.953369 v fanout1762/A (sky130_fd_sc_hd__buf_4)
     5    0.022998    0.084650    0.356289    4.309658 v fanout1762/X (sky130_fd_sc_hd__buf_4)
                                                         net1762 (net)
                      0.084654    0.000669    4.310327 v fanout1761/A (sky130_fd_sc_hd__buf_4)
    10    0.042451    0.119005    0.325356    4.635683 v fanout1761/X (sky130_fd_sc_hd__buf_4)
                                                         net1761 (net)
                      0.119017    0.001274    4.636957 v _34555_/A_N (sky130_fd_sc_hd__and4bb_1)
     1    0.017526    0.300664    0.703156    5.340113 ^ _34555_/X (sky130_fd_sc_hd__and4bb_1)
                                                         _08581_ (net)
                      0.300665    0.001322    5.341434 ^ fanout1258/A (sky130_fd_sc_hd__clkbuf_8)
     6    0.127141    0.343904    0.529391    5.870825 ^ fanout1258/X (sky130_fd_sc_hd__clkbuf_8)
                                                         net1258 (net)
                      0.346046    0.022080    5.892905 ^ fanout1254/A (sky130_fd_sc_hd__clkbuf_4)
    10    0.074163    0.353735    0.578949    6.471854 ^ fanout1254/X (sky130_fd_sc_hd__clkbuf_4)
                                                         net1254 (net)
                      0.353854    0.006131    6.477985 ^ _34557_/B (sky130_fd_sc_hd__and2_4)
     4    0.067896    0.326798    0.600106    7.078091 ^ _34557_/X (sky130_fd_sc_hd__and2_4)
                                                         _08583_ (net)
                      0.327341    0.009595    7.087686 ^ clone91/A (sky130_fd_sc_hd__clkbuf_1)
    10    0.175476    3.193786    2.452441    9.540127 ^ clone91/X (sky130_fd_sc_hd__clkbuf_1)
                                                         net3064 (net)
                      3.193792    0.003968    9.544096 ^ fanout921/A (sky130_fd_sc_hd__clkbuf_8)
    10    0.115172    0.359167    1.225498   10.769593 ^ fanout921/X (sky130_fd_sc_hd__clkbuf_8)
                                                         net921 (net)
                      0.360044    0.016160   10.785754 ^ _35023_/A2 (sky130_fd_sc_hd__a22o_1)
     1    0.003048    0.087240    0.376435   11.162189 ^ _35023_/X (sky130_fd_sc_hd__a22o_1)
                                                         _09049_ (net)
                      0.087240    0.000091   11.162279 ^ _35024_/C1 (sky130_fd_sc_hd__a211o_1)
     1    0.007903    0.132265    0.213502   11.375781 ^ _35024_/X (sky130_fd_sc_hd__a211o_1)
                                                         _09050_ (net)
                      0.132265    0.000342   11.376123 ^ _35025_/C1 (sky130_fd_sc_hd__a211o_1)
     1    0.005903    0.108432    0.214580   11.590704 ^ _35025_/X (sky130_fd_sc_hd__a211o_1)
                                                         _09051_ (net)
                      0.108432    0.000256   11.590960 ^ _35034_/C (sky130_fd_sc_hd__or4_1)
     1    0.016944    0.256313    0.331546   11.922506 ^ _35034_/X (sky130_fd_sc_hd__or4_1)
                                                         _09060_ (net)
                      0.256313    0.001033   11.923539 ^ _35035_/A3 (sky130_fd_sc_hd__o32a_4)
     2    0.098866    0.436964    0.647504   12.571043 ^ _35035_/X (sky130_fd_sc_hd__o32a_4)
                                                         _09061_ (net)
                      0.437513    0.010819   12.581862 ^ fanout248/A (sky130_fd_sc_hd__buf_6)
     7    0.160970    0.500848    0.625593   13.207455 ^ fanout248/X (sky130_fd_sc_hd__buf_6)
                                                         net248 (net)
                      0.500877    0.003279   13.210734 ^ fanout246/A (sky130_fd_sc_hd__buf_4)
    11    0.103589    0.451887    0.665510   13.876245 ^ fanout246/X (sky130_fd_sc_hd__buf_4)
                                                         net246 (net)
                      0.452121    0.004260   13.880505 ^ _35036_/A (sky130_fd_sc_hd__inv_2)
     2    0.073745    0.331417    0.446128   14.326632 v _35036_/Y (sky130_fd_sc_hd__inv_2)
                                                         _09062_ (net)
                      0.331419    0.000725   14.327356 v fanout229/A (sky130_fd_sc_hd__clkbuf_8)
    12    0.129455    0.244042    0.516269   14.843625 v fanout229/X (sky130_fd_sc_hd__clkbuf_8)
                                                         net229 (net)
                      0.251690    0.034150   14.877775 v _41275_/B (sky130_fd_sc_hd__nor3_1)
     3    0.011069    0.631287    0.640395   15.518170 ^ _41275_/Y (sky130_fd_sc_hd__nor3_1)
                                                         _15269_ (net)
                      0.631287    0.000281   15.518451 ^ _41277_/A (sky130_fd_sc_hd__nor2_1)
     2    0.006038    0.156041    0.307123   15.825574 v _41277_/Y (sky130_fd_sc_hd__nor2_1)
                                                         _15271_ (net)
                      0.156041    0.000114   15.825687 v _41278_/C (sky130_fd_sc_hd__and3_1)
     3    0.008453    0.116694    0.453172   16.278860 v _41278_/X (sky130_fd_sc_hd__and3_1)
                                                         _15272_ (net)
                      0.116694    0.000181   16.279041 v _41429_/A (sky130_fd_sc_hd__or2_1)
     2    0.007282    0.135391    0.564540   16.843582 v _41429_/X (sky130_fd_sc_hd__or2_1)
                                                         _15423_ (net)
                      0.135391    0.000215   16.843796 v _41436_/B (sky130_fd_sc_hd__xnor2_1)
     2    0.006469    0.143788    0.275678   17.119474 v _41436_/Y (sky130_fd_sc_hd__xnor2_1)
                                                         _15430_ (net)
                      0.143788    0.000135   17.119610 v _41588_/B (sky130_fd_sc_hd__or2_1)
     1    0.003642    0.104129    0.496998   17.616608 v _41588_/X (sky130_fd_sc_hd__or2_1)
                                                         _15582_ (net)
                      0.104129    0.000119   17.616726 v _41589_/B (sky130_fd_sc_hd__nand2_1)
     2    0.008797    0.157076    0.176003   17.792730 ^ _41589_/Y (sky130_fd_sc_hd__nand2_1)
                                                         _15583_ (net)
                      0.157076    0.000247   17.792976 ^ _41609_/C (sky130_fd_sc_hd__nand3_2)
     2    0.012831    0.204356    0.265217   18.058193 v _41609_/Y (sky130_fd_sc_hd__nand3_2)
                                                         _15603_ (net)
                      0.204356    0.000377   18.058571 v _41736_/A2 (sky130_fd_sc_hd__a211o_1)
     2    0.012126    0.169189    0.687130   18.745701 v _41736_/X (sky130_fd_sc_hd__a211o_1)
                                                         _15730_ (net)
                      0.169189    0.000192   18.745892 v _41769_/A2 (sky130_fd_sc_hd__a211o_1)
     2    0.013837    0.176750    0.689843   19.435736 v _41769_/X (sky130_fd_sc_hd__a211o_1)
                                                         _15763_ (net)
                      0.176750    0.000478   19.436213 v _41882_/A2 (sky130_fd_sc_hd__a21o_1)
     2    0.007875    0.099526    0.402141   19.838354 v _41882_/X (sky130_fd_sc_hd__a21o_1)
                                                         _15876_ (net)
                      0.099526    0.000181   19.838535 v _41884_/A2 (sky130_fd_sc_hd__a21o_1)
     3    0.008550    0.104968    0.374977   20.213511 v _41884_/X (sky130_fd_sc_hd__a21o_1)
                                                         _15878_ (net)
                      0.104968    0.000201   20.213713 v _41944_/C1 (sky130_fd_sc_hd__o211a_1)
     2    0.005603    0.096412    0.240227   20.453939 v _41944_/X (sky130_fd_sc_hd__o211a_1)
                                                         _15938_ (net)
                      0.096412    0.000089   20.454029 v _41948_/A (sky130_fd_sc_hd__nor3_1)
     3    0.009551    0.562921    0.553502   21.007530 ^ _41948_/Y (sky130_fd_sc_hd__nor3_1)
                                                         _15942_ (net)
                      0.562921    0.000181   21.007711 ^ max_cap71/A (sky130_fd_sc_hd__clkbuf_1)
     2    0.007281    0.155117    0.367420   21.375132 ^ max_cap71/X (sky130_fd_sc_hd__clkbuf_1)
                                                         net71 (net)
                      0.155117    0.000203   21.375334 ^ _42099_/A (sky130_fd_sc_hd__nor3_1)
     3    0.007174    0.119825    0.156971   21.532305 v _42099_/Y (sky130_fd_sc_hd__nor3_1)
                                                         _16093_ (net)
                      0.119825    0.000172   21.532478 v _42105_/A (sky130_fd_sc_hd__or3_1)
     3    0.007681    0.185767    0.933023   22.465500 v _42105_/X (sky130_fd_sc_hd__or3_1)
                                                         _16099_ (net)
                      0.185767    0.000167   22.465668 v _42114_/A (sky130_fd_sc_hd__nand2_1)
     1    0.005465    0.109110    0.169988   22.635656 ^ _42114_/Y (sky130_fd_sc_hd__nand2_1)
                                                         _16108_ (net)
                      0.109110    0.000174   22.635830 ^ _42253_/A (sky130_fd_sc_hd__xnor2_1)
     2    0.007372    0.157157    0.204553   22.840384 v _42253_/Y (sky130_fd_sc_hd__xnor2_1)
                                                         _16247_ (net)
                      0.157157    0.000169   22.840551 v _42257_/B (sky130_fd_sc_hd__xnor2_1)
     2    0.012149    0.489835    0.481959   23.322512 ^ _42257_/Y (sky130_fd_sc_hd__xnor2_1)
                                                         _16251_ (net)
                      0.489835    0.000421   23.322931 ^ _43311_/B (sky130_fd_sc_hd__xnor2_2)
     2    0.007854    0.240737    0.352754   23.675686 ^ _43311_/Y (sky130_fd_sc_hd__xnor2_2)
                                                         _17305_ (net)
                      0.240737    0.000224   23.675909 ^ _43312_/B1 (sky130_fd_sc_hd__o21ai_2)
     3    0.010433    0.123430    0.208203   23.884113 v _43312_/Y (sky130_fd_sc_hd__o21ai_2)
                                                         _17306_ (net)
                      0.123430    0.000249   23.884361 v _43313_/A1 (sky130_fd_sc_hd__a21o_1)
     3    0.014029    0.144511    0.395852   24.280214 v _43313_/X (sky130_fd_sc_hd__a21o_1)
                                                         _17307_ (net)
                      0.144511    0.000425   24.280638 v _43315_/A1 (sky130_fd_sc_hd__a21oi_4)
     3    0.017372    0.263463    0.316678   24.597317 ^ _43315_/Y (sky130_fd_sc_hd__a21oi_4)
                                                         _17309_ (net)
                      0.263463    0.000716   24.598032 ^ _43317_/A1 (sky130_fd_sc_hd__o21bai_4)
     3    0.012159    0.112166    0.218142   24.816175 v _43317_/Y (sky130_fd_sc_hd__o21bai_4)
                                                         _17311_ (net)
                      0.112193    0.000394   24.816568 v _43320_/A2 (sky130_fd_sc_hd__a21o_1)
     4    0.014747    0.149996    0.426537   25.243107 v _43320_/X (sky130_fd_sc_hd__a21o_1)
                                                         _17314_ (net)
                      0.149996    0.000620   25.243727 v _43321_/C (sky130_fd_sc_hd__and3b_1)
     3    0.008322    0.115107    0.446567   25.690292 v _43321_/X (sky130_fd_sc_hd__and3b_1)
                                                         _17315_ (net)
                      0.115107    0.000274   25.690567 v _43323_/A1 (sky130_fd_sc_hd__o31a_1)
     4    0.017100    0.198103    0.699910   26.390476 v _43323_/X (sky130_fd_sc_hd__o31a_1)
                                                         _17317_ (net)
                      0.198103    0.000654   26.391130 v _43335_/A1 (sky130_fd_sc_hd__a211oi_4)
     4    0.018717    0.460048    0.552850   26.943981 ^ _43335_/Y (sky130_fd_sc_hd__a211oi_4)
                                                         _17329_ (net)
                      0.460060    0.000602   26.944582 ^ _43344_/A3 (sky130_fd_sc_hd__o311ai_4)
     3    0.009548    0.190841    0.293191   27.237774 v _43344_/Y (sky130_fd_sc_hd__o311ai_4)
                                                         _17338_ (net)
                      0.190841    0.000286   27.238060 v _43345_/A1 (sky130_fd_sc_hd__a21o_1)
     4    0.011947    0.132524    0.409585   27.647644 v _43345_/X (sky130_fd_sc_hd__a21o_1)
                                                         _17339_ (net)
                      0.132524    0.000250   27.647896 v _43348_/C (sky130_fd_sc_hd__and3_1)
     1    0.003872    0.079908    0.400918   28.048815 v _43348_/X (sky130_fd_sc_hd__and3_1)
                                                         _17342_ (net)
                      0.079908    0.000121   28.048935 v _43349_/B (sky130_fd_sc_hd__or2_4)
     2    0.017995    0.114131    0.489800   28.538734 v _43349_/X (sky130_fd_sc_hd__or2_4)
                                                         _17343_ (net)
                      0.114131    0.000471   28.539206 v _43384_/A3 (sky130_fd_sc_hd__o31ai_4)
     3    0.033192    0.668042    0.618170   29.157375 ^ _43384_/Y (sky130_fd_sc_hd__o31ai_4)
                                                         _17378_ (net)
                      0.668060    0.002720   29.160095 ^ fanout62/A (sky130_fd_sc_hd__buf_6)
     5    0.035663    0.132325    0.443617   29.603712 ^ fanout62/X (sky130_fd_sc_hd__buf_6)
                                                         net62 (net)
                      0.132470    0.003867   29.607580 ^ _43391_/B1 (sky130_fd_sc_hd__a31o_1)
     1    0.002745    0.080479    0.186363   29.793941 ^ _43391_/X (sky130_fd_sc_hd__a31o_1)
                                                         _17384_ (net)
                      0.080479    0.000055   29.793997 ^ _43392_/B1 (sky130_fd_sc_hd__o21a_1)
     1    0.002596    0.071637    0.216970   30.010967 ^ _43392_/X (sky130_fd_sc_hd__o21a_1)
                                                         _02772_ (net)
                      0.071637    0.000075   30.011042 ^ _46277_/D (sky130_fd_sc_hd__dfrtp_4)
                                             30.011042   data arrival time

                                  5.000000    5.000000   clock clk_dsp (rise edge)
                                  0.000000    5.000000   clock source latency
     2    0.154311    1.116335    0.810502    5.810503 ^ clk_dsp (in)
                                                         clk_dsp (net)
                      1.127835    0.000000    5.810503 ^ clkbuf_0_clk_dsp/A (sky130_fd_sc_hd__clkbuf_16)
     4    0.127385    0.226210    0.717094    6.527596 ^ clkbuf_0_clk_dsp/X (sky130_fd_sc_hd__clkbuf_16)
                                                         clknet_0_clk_dsp (net)
                      0.226303    0.004555    6.532152 ^ clkbuf_2_3_0_clk_dsp/A (sky130_fd_sc_hd__clkbuf_8)
     4    0.074465    0.214781    0.409029    6.941181 ^ clkbuf_2_3_0_clk_dsp/X (sky130_fd_sc_hd__clkbuf_8)
                                                         clknet_2_3_0_clk_dsp (net)
                      0.215453    0.008959    6.950140 ^ clkbuf_4_15_0_clk_dsp/A (sky130_fd_sc_hd__clkbuf_8)
     2    0.054868    0.165684    0.371255    7.321394 ^ clkbuf_4_15_0_clk_dsp/X (sky130_fd_sc_hd__clkbuf_8)
                                                         clknet_4_15_0_clk_dsp (net)
                      0.165736    0.002823    7.324217 ^ clkbuf_5_31__f_clk_dsp/A (sky130_fd_sc_hd__clkbuf_16)
     8    0.116345    0.200107    0.370871    7.695088 ^ clkbuf_5_31__f_clk_dsp/X (sky130_fd_sc_hd__clkbuf_16)
                                                         clknet_5_31__leaf_clk_dsp (net)
                      0.202030    0.015622    7.710711 ^ clkbuf_leaf_137_clk_dsp/A (sky130_fd_sc_hd__clkbuf_8)
     6    0.024261    0.093697    0.306077    8.016788 ^ clkbuf_leaf_137_clk_dsp/X (sky130_fd_sc_hd__clkbuf_8)
                                                         clknet_leaf_137_clk_dsp (net)
                      0.093699    0.000543    8.017330 ^ _46277_/CLK (sky130_fd_sc_hd__dfrtp_4)
                                 -0.250000    7.767330   clock uncertainty
                                  0.000000    7.767330   clock reconvergence pessimism
                                 -0.132923    7.634407   library setup time
                                              7.634407   data required time
---------------------------------------------------------------------------------------------
                                              7.634407   data required time
                                            -30.011042   data arrival time
---------------------------------------------------------------------------------------------
                                            -22.376635   slack (VIOLATED)




===========================================================================
report_checks --slack_max -0.01
============================================================================
======================= nom_ss_100C_1v60 Corner ===================================

Startpoint: _46159_ (rising edge-triggered flip-flop clocked by clk_dsp)
Endpoint: _46277_ (rising edge-triggered flip-flop clocked by clk_dsp)
Path Group: clk_dsp
Path Type: max

Fanout         Cap        Slew       Delay        Time   Description
---------------------------------------------------------------------------------------------
                                  0.000000    0.000000   clock clk_dsp (rise edge)
                                  0.000000    0.000000   clock source latency
     2    0.154311    1.116335    0.810502    0.810502 ^ clk_dsp (in)
                                                         clk_dsp (net)
                      1.127835    0.000000    0.810502 ^ clkbuf_0_clk_dsp/A (sky130_fd_sc_hd__clkbuf_16)
     4    0.127385    0.226210    0.717094    1.527597 ^ clkbuf_0_clk_dsp/X (sky130_fd_sc_hd__clkbuf_16)
                                                         clknet_0_clk_dsp (net)
                      0.226303    0.004555    1.532152 ^ clkbuf_2_3_0_clk_dsp/A (sky130_fd_sc_hd__clkbuf_8)
     4    0.074465    0.214781    0.409029    1.941181 ^ clkbuf_2_3_0_clk_dsp/X (sky130_fd_sc_hd__clkbuf_8)
                                                         clknet_2_3_0_clk_dsp (net)
                      0.215453    0.008959    1.950139 ^ clkbuf_4_15_0_clk_dsp/A (sky130_fd_sc_hd__clkbuf_8)
     2    0.054868    0.165684    0.371254    2.321394 ^ clkbuf_4_15_0_clk_dsp/X (sky130_fd_sc_hd__clkbuf_8)
                                                         clknet_4_15_0_clk_dsp (net)
                      0.165728    0.002637    2.324031 ^ clkbuf_5_30__f_clk_dsp/A (sky130_fd_sc_hd__clkbuf_16)
     9    0.113882    0.195498    0.372136    2.696167 ^ clkbuf_5_30__f_clk_dsp/X (sky130_fd_sc_hd__clkbuf_16)
                                                         clknet_5_30__leaf_clk_dsp (net)
                      0.195738    0.004148    2.700315 ^ clkbuf_leaf_144_clk_dsp/A (sky130_fd_sc_hd__clkbuf_8)
    11    0.041362    0.132990    0.337830    3.038145 ^ clkbuf_leaf_144_clk_dsp/X (sky130_fd_sc_hd__clkbuf_8)
                                                         clknet_leaf_144_clk_dsp (net)
                      0.132990    0.000566    3.038711 ^ _46159_/CLK (sky130_fd_sc_hd__dfrtp_1)
     4    0.020579    0.223481    0.914181    3.952892 v _46159_/Q (sky130_fd_sc_hd__dfrtp_1)
                                                         u_phase_009_fft.out_cnt[3] (net)
                      0.223481    0.000477    3.953369 v fanout1762/A (sky130_fd_sc_hd__buf_4)
     5    0.022998    0.084650    0.356289    4.309658 v fanout1762/X (sky130_fd_sc_hd__buf_4)
                                                         net1762 (net)
                      0.084654    0.000669    4.310327 v fanout1761/A (sky130_fd_sc_hd__buf_4)
    10    0.042451    0.119005    0.325356    4.635683 v fanout1761/X (sky130_fd_sc_hd__buf_4)
                                                         net1761 (net)
                      0.119017    0.001274    4.636957 v _34555_/A_N (sky130_fd_sc_hd__and4bb_1)
     1    0.017526    0.300664    0.703156    5.340113 ^ _34555_/X (sky130_fd_sc_hd__and4bb_1)
                                                         _08581_ (net)
                      0.300665    0.001322    5.341434 ^ fanout1258/A (sky130_fd_sc_hd__clkbuf_8)
     6    0.127141    0.343904    0.529391    5.870825 ^ fanout1258/X (sky130_fd_sc_hd__clkbuf_8)
                                                         net1258 (net)
                      0.346046    0.022080    5.892905 ^ fanout1254/A (sky130_fd_sc_hd__clkbuf_4)
    10    0.074163    0.353735    0.578949    6.471854 ^ fanout1254/X (sky130_fd_sc_hd__clkbuf_4)
                                                         net1254 (net)
                      0.353854    0.006131    6.477985 ^ _34557_/B (sky130_fd_sc_hd__and2_4)
     4    0.067896    0.326798    0.600106    7.078091 ^ _34557_/X (sky130_fd_sc_hd__and2_4)
                                                         _08583_ (net)
                      0.327341    0.009595    7.087686 ^ clone91/A (sky130_fd_sc_hd__clkbuf_1)
    10    0.175476    3.193786    2.452441    9.540127 ^ clone91/X (sky130_fd_sc_hd__clkbuf_1)
                                                         net3064 (net)
                      3.193792    0.003968    9.544096 ^ fanout921/A (sky130_fd_sc_hd__clkbuf_8)
    10    0.115172    0.359167    1.225498   10.769593 ^ fanout921/X (sky130_fd_sc_hd__clkbuf_8)
                                                         net921 (net)
                      0.360044    0.016160   10.785754 ^ _35023_/A2 (sky130_fd_sc_hd__a22o_1)
     1    0.003048    0.087240    0.376435   11.162189 ^ _35023_/X (sky130_fd_sc_hd__a22o_1)
                                                         _09049_ (net)
                      0.087240    0.000091   11.162279 ^ _35024_/C1 (sky130_fd_sc_hd__a211o_1)
     1    0.007903    0.132265    0.213502   11.375781 ^ _35024_/X (sky130_fd_sc_hd__a211o_1)
                                                         _09050_ (net)
                      0.132265    0.000342   11.376123 ^ _35025_/C1 (sky130_fd_sc_hd__a211o_1)
     1    0.005903    0.108432    0.214580   11.590704 ^ _35025_/X (sky130_fd_sc_hd__a211o_1)
                                                         _09051_ (net)
                      0.108432    0.000256   11.590960 ^ _35034_/C (sky130_fd_sc_hd__or4_1)
     1    0.016944    0.256313    0.331546   11.922506 ^ _35034_/X (sky130_fd_sc_hd__or4_1)
                                                         _09060_ (net)
                      0.256313    0.001033   11.923539 ^ _35035_/A3 (sky130_fd_sc_hd__o32a_4)
     2    0.098866    0.436964    0.647504   12.571043 ^ _35035_/X (sky130_fd_sc_hd__o32a_4)
                                                         _09061_ (net)
                      0.437513    0.010819   12.581862 ^ fanout248/A (sky130_fd_sc_hd__buf_6)
     7    0.160970    0.500848    0.625593   13.207455 ^ fanout248/X (sky130_fd_sc_hd__buf_6)
                                                         net248 (net)
                      0.500877    0.003279   13.210734 ^ fanout246/A (sky130_fd_sc_hd__buf_4)
    11    0.103589    0.451887    0.665510   13.876245 ^ fanout246/X (sky130_fd_sc_hd__buf_4)
                                                         net246 (net)
                      0.452121    0.004260   13.880505 ^ _35036_/A (sky130_fd_sc_hd__inv_2)
     2    0.073745    0.331417    0.446128   14.326632 v _35036_/Y (sky130_fd_sc_hd__inv_2)
                                                         _09062_ (net)
                      0.331419    0.000725   14.327356 v fanout229/A (sky130_fd_sc_hd__clkbuf_8)
    12    0.129455    0.244042    0.516269   14.843625 v fanout229/X (sky130_fd_sc_hd__clkbuf_8)
                                                         net229 (net)
                      0.251690    0.034150   14.877775 v _41275_/B (sky130_fd_sc_hd__nor3_1)
     3    0.011069    0.631287    0.640395   15.518170 ^ _41275_/Y (sky130_fd_sc_hd__nor3_1)
                                                         _15269_ (net)
                      0.631287    0.000281   15.518451 ^ _41277_/A (sky130_fd_sc_hd__nor2_1)
     2    0.006038    0.156041    0.307123   15.825574 v _41277_/Y (sky130_fd_sc_hd__nor2_1)
                                                         _15271_ (net)
                      0.156041    0.000114   15.825687 v _41278_/C (sky130_fd_sc_hd__and3_1)
     3    0.008453    0.116694    0.453172   16.278860 v _41278_/X (sky130_fd_sc_hd__and3_1)
                                                         _15272_ (net)
                      0.116694    0.000181   16.279041 v _41429_/A (sky130_fd_sc_hd__or2_1)
     2    0.007282    0.135391    0.564540   16.843582 v _41429_/X (sky130_fd_sc_hd__or2_1)
                                                         _15423_ (net)
                      0.135391    0.000215   16.843796 v _41436_/B (sky130_fd_sc_hd__xnor2_1)
     2    0.006469    0.143788    0.275678   17.119474 v _41436_/Y (sky130_fd_sc_hd__xnor2_1)
                                                         _15430_ (net)
                      0.143788    0.000135   17.119610 v _41588_/B (sky130_fd_sc_hd__or2_1)
     1    0.003642    0.104129    0.496998   17.616608 v _41588_/X (sky130_fd_sc_hd__or2_1)
                                                         _15582_ (net)
                      0.104129    0.000119   17.616726 v _41589_/B (sky130_fd_sc_hd__nand2_1)
     2    0.008797    0.157076    0.176003   17.792730 ^ _41589_/Y (sky130_fd_sc_hd__nand2_1)
                                                         _15583_ (net)
                      0.157076    0.000247   17.792976 ^ _41609_/C (sky130_fd_sc_hd__nand3_2)
     2    0.012831    0.204356    0.265217   18.058193 v _41609_/Y (sky130_fd_sc_hd__nand3_2)
                                                         _15603_ (net)
                      0.204356    0.000377   18.058571 v _41736_/A2 (sky130_fd_sc_hd__a211o_1)
     2    0.012126    0.169189    0.687130   18.745701 v _41736_/X (sky130_fd_sc_hd__a211o_1)
                                                         _15730_ (net)
                      0.169189    0.000192   18.745892 v _41769_/A2 (sky130_fd_sc_hd__a211o_1)
     2    0.013837    0.176750    0.689843   19.435736 v _41769_/X (sky130_fd_sc_hd__a211o_1)
                                                         _15763_ (net)
                      0.176750    0.000478   19.436213 v _41882_/A2 (sky130_fd_sc_hd__a21o_1)
     2    0.007875    0.099526    0.402141   19.838354 v _41882_/X (sky130_fd_sc_hd__a21o_1)
                                                         _15876_ (net)
                      0.099526    0.000181   19.838535 v _41884_/A2 (sky130_fd_sc_hd__a21o_1)
     3    0.008550    0.104968    0.374977   20.213511 v _41884_/X (sky130_fd_sc_hd__a21o_1)
                                                         _15878_ (net)
                      0.104968    0.000201   20.213713 v _41944_/C1 (sky130_fd_sc_hd__o211a_1)
     2    0.005603    0.096412    0.240227   20.453939 v _41944_/X (sky130_fd_sc_hd__o211a_1)
                                                         _15938_ (net)
                      0.096412    0.000089   20.454029 v _41948_/A (sky130_fd_sc_hd__nor3_1)
     3    0.009551    0.562921    0.553502   21.007530 ^ _41948_/Y (sky130_fd_sc_hd__nor3_1)
                                                         _15942_ (net)
                      0.562921    0.000181   21.007711 ^ max_cap71/A (sky130_fd_sc_hd__clkbuf_1)
     2    0.007281    0.155117    0.367420   21.375132 ^ max_cap71/X (sky130_fd_sc_hd__clkbuf_1)
                                                         net71 (net)
                      0.155117    0.000203   21.375334 ^ _42099_/A (sky130_fd_sc_hd__nor3_1)
     3    0.007174    0.119825    0.156971   21.532305 v _42099_/Y (sky130_fd_sc_hd__nor3_1)
                                                         _16093_ (net)
                      0.119825    0.000172   21.532478 v _42105_/A (sky130_fd_sc_hd__or3_1)
     3    0.007681    0.185767    0.933023   22.465500 v _42105_/X (sky130_fd_sc_hd__or3_1)
                                                         _16099_ (net)
                      0.185767    0.000167   22.465668 v _42114_/A (sky130_fd_sc_hd__nand2_1)
     1    0.005465    0.109110    0.169988   22.635656 ^ _42114_/Y (sky130_fd_sc_hd__nand2_1)
                                                         _16108_ (net)
                      0.109110    0.000174   22.635830 ^ _42253_/A (sky130_fd_sc_hd__xnor2_1)
     2    0.007372    0.157157    0.204553   22.840384 v _42253_/Y (sky130_fd_sc_hd__xnor2_1)
                                                         _16247_ (net)
                      0.157157    0.000169   22.840551 v _42257_/B (sky130_fd_sc_hd__xnor2_1)
     2    0.012149    0.489835    0.481959   23.322512 ^ _42257_/Y (sky130_fd_sc_hd__xnor2_1)
                                                         _16251_ (net)
                      0.489835    0.000421   23.322931 ^ _43311_/B (sky130_fd_sc_hd__xnor2_2)
     2    0.007854    0.240737    0.352754   23.675686 ^ _43311_/Y (sky130_fd_sc_hd__xnor2_2)
                                                         _17305_ (net)
                      0.240737    0.000224   23.675909 ^ _43312_/B1 (sky130_fd_sc_hd__o21ai_2)
     3    0.010433    0.123430    0.208203   23.884113 v _43312_/Y (sky130_fd_sc_hd__o21ai_2)
                                                         _17306_ (net)
                      0.123430    0.000249   23.884361 v _43313_/A1 (sky130_fd_sc_hd__a21o_1)
     3    0.014029    0.144511    0.395852   24.280214 v _43313_/X (sky130_fd_sc_hd__a21o_1)
                                                         _17307_ (net)
                      0.144511    0.000425   24.280638 v _43315_/A1 (sky130_fd_sc_hd__a21oi_4)
     3    0.017372    0.263463    0.316678   24.597317 ^ _43315_/Y (sky130_fd_sc_hd__a21oi_4)
                                                         _17309_ (net)
                      0.263463    0.000716   24.598032 ^ _43317_/A1 (sky130_fd_sc_hd__o21bai_4)
     3    0.012159    0.112166    0.218142   24.816175 v _43317_/Y (sky130_fd_sc_hd__o21bai_4)
                                                         _17311_ (net)
                      0.112193    0.000394   24.816568 v _43320_/A2 (sky130_fd_sc_hd__a21o_1)
     4    0.014747    0.149996    0.426537   25.243107 v _43320_/X (sky130_fd_sc_hd__a21o_1)
                                                         _17314_ (net)
                      0.149996    0.000620   25.243727 v _43321_/C (sky130_fd_sc_hd__and3b_1)
     3    0.008322    0.115107    0.446567   25.690292 v _43321_/X (sky130_fd_sc_hd__and3b_1)
                                                         _17315_ (net)
                      0.115107    0.000274   25.690567 v _43323_/A1 (sky130_fd_sc_hd__o31a_1)
     4    0.017100    0.198103    0.699910   26.390476 v _43323_/X (sky130_fd_sc_hd__o31a_1)
                                                         _17317_ (net)
                      0.198103    0.000654   26.391130 v _43335_/A1 (sky130_fd_sc_hd__a211oi_4)
     4    0.018717    0.460048    0.552850   26.943981 ^ _43335_/Y (sky130_fd_sc_hd__a211oi_4)
                                                         _17329_ (net)
                      0.460060    0.000602   26.944582 ^ _43344_/A3 (sky130_fd_sc_hd__o311ai_4)
     3    0.009548    0.190841    0.293191   27.237774 v _43344_/Y (sky130_fd_sc_hd__o311ai_4)
                                                         _17338_ (net)
                      0.190841    0.000286   27.238060 v _43345_/A1 (sky130_fd_sc_hd__a21o_1)
     4    0.011947    0.132524    0.409585   27.647644 v _43345_/X (sky130_fd_sc_hd__a21o_1)
                                                         _17339_ (net)
                      0.132524    0.000250   27.647896 v _43348_/C (sky130_fd_sc_hd__and3_1)
     1    0.003872    0.079908    0.400918   28.048815 v _43348_/X (sky130_fd_sc_hd__and3_1)
                                                         _17342_ (net)
                      0.079908    0.000121   28.048935 v _43349_/B (sky130_fd_sc_hd__or2_4)
     2    0.017995    0.114131    0.489800   28.538734 v _43349_/X (sky130_fd_sc_hd__or2_4)
                                                         _17343_ (net)
                      0.114131    0.000471   28.539206 v _43384_/A3 (sky130_fd_sc_hd__o31ai_4)
     3    0.033192    0.668042    0.618170   29.157375 ^ _43384_/Y (sky130_fd_sc_hd__o31ai_4)
                                                         _17378_ (net)
                      0.668060    0.002720   29.160095 ^ fanout62/A (sky130_fd_sc_hd__buf_6)
     5    0.035663    0.132325    0.443617   29.603712 ^ fanout62/X (sky130_fd_sc_hd__buf_6)
                                                         net62 (net)
                      0.132470    0.003867   29.607580 ^ _43391_/B1 (sky130_fd_sc_hd__a31o_1)
     1    0.002745    0.080479    0.186363   29.793941 ^ _43391_/X (sky130_fd_sc_hd__a31o_1)
                                                         _17384_ (net)
                      0.080479    0.000055   29.793997 ^ _43392_/B1 (sky130_fd_sc_hd__o21a_1)
     1    0.002596    0.071637    0.216970   30.010967 ^ _43392_/X (sky130_fd_sc_hd__o21a_1)
                                                         _02772_ (net)
                      0.071637    0.000075   30.011042 ^ _46277_/D (sky130_fd_sc_hd__dfrtp_4)
                                             30.011042   data arrival time

                                  5.000000    5.000000   clock clk_dsp (rise edge)
                                  0.000000    5.000000   clock source latency
     2    0.154311    1.116335    0.810502    5.810503 ^ clk_dsp (in)
                                                         clk_dsp (net)
                      1.127835    0.000000    5.810503 ^ clkbuf_0_clk_dsp/A (sky130_fd_sc_hd__clkbuf_16)
     4    0.127385    0.226210    0.717094    6.527596 ^ clkbuf_0_clk_dsp/X (sky130_fd_sc_hd__clkbuf_16)
                                                         clknet_0_clk_dsp (net)
                      0.226303    0.004555    6.532152 ^ clkbuf_2_3_0_clk_dsp/A (sky130_fd_sc_hd__clkbuf_8)
     4    0.074465    0.214781    0.409029    6.941181 ^ clkbuf_2_3_0_clk_dsp/X (sky130_fd_sc_hd__clkbuf_8)
                                                         clknet_2_3_0_clk_dsp (net)
                      0.215453    0.008959    6.950140 ^ clkbuf_4_15_0_clk_dsp/A (sky130_fd_sc_hd__clkbuf_8)
     2    0.054868    0.165684    0.371255    7.321394 ^ clkbuf_4_15_0_clk_dsp/X (sky130_fd_sc_hd__clkbuf_8)
                                                         clknet_4_15_0_clk_dsp (net)
                      0.165736    0.002823    7.324217 ^ clkbuf_5_31__f_clk_dsp/A (sky130_fd_sc_hd__clkbuf_16)
     8    0.116345    0.200107    0.370871    7.695088 ^ clkbuf_5_31__f_clk_dsp/X (sky130_fd_sc_hd__clkbuf_16)
                                                         clknet_5_31__leaf_clk_dsp (net)
                      0.202030    0.015622    7.710711 ^ clkbuf_leaf_137_clk_dsp/A (sky130_fd_sc_hd__clkbuf_8)
     6    0.024261    0.093697    0.306077    8.016788 ^ clkbuf_leaf_137_clk_dsp/X (sky130_fd_sc_hd__clkbuf_8)
                                                         clknet_leaf_137_clk_dsp (net)
                      0.093699    0.000543    8.017330 ^ _46277_/CLK (sky130_fd_sc_hd__dfrtp_4)
                                 -0.250000    7.767330   clock uncertainty
                                  0.000000    7.767330   clock reconvergence pessimism
                                 -0.132923    7.634407   library setup time
                                              7.634407   data required time
---------------------------------------------------------------------------------------------
                                              7.634407   data required time
                                            -30.011042   data arrival time
---------------------------------------------------------------------------------------------
                                            -22.376635   slack (VIOLATED)




===========================================================================
 report_check_types -max_slew -max_cap -max_fanout -violators
============================================================================
======================= nom_ss_100C_1v60 Corner ===================================

max slew

Pin                                        Limit        Slew       Slack
------------------------------------------------------------------------
ANTENNA_601/DIODE                       0.750000    3.193929   -2.443929 (VIOLATED)
_34869_/A2                              0.750000    3.193929   -2.443929 (VIOLATED)
ANTENNA_602/DIODE                       0.750000    3.193852   -2.443852 (VIOLATED)
_35709_/A2                              0.750000    3.193852   -2.443852 (VIOLATED)
ANTENNA_603/DIODE                       0.750000    3.193829   -2.443829 (VIOLATED)
ANTENNA_604/DIODE                       0.750000    3.193831   -2.443831 (VIOLATED)
_36368_/A2                              0.750000    3.193829   -2.443829 (VIOLATED)
_36725_/A2                              0.750000    3.193831   -2.443831 (VIOLATED)
ANTENNA_605/DIODE                       0.750000    3.193792   -2.443792 (VIOLATED)
fanout921/A                             0.750000    3.193792   -2.443792 (VIOLATED)
clone91/X                               0.750000    3.193786   -2.443786 (VIOLATED)
_37891_/A2                              0.750000    1.860697   -1.110697 (VIOLATED)
_35769_/A2                              0.750000    1.860693   -1.110693 (VIOLATED)
_35193_/A2                              0.750000    1.860691   -1.110691 (VIOLATED)
_38052_/A2                              0.750000    1.860678   -1.110678 (VIOLATED)
_35900_/A2                              0.750000    1.860668   -1.110668 (VIOLATED)
clone85/X                               0.750000    1.860663   -1.110663 (VIOLATED)
_22815_/A                               0.750000    1.781179   -1.031179 (VIOLATED)
_22405_/B                               0.750000    1.781165   -1.031165 (VIOLATED)
_29546_/B1                              0.750000    1.781144   -1.031144 (VIOLATED)
_29547_/A                               0.750000    1.781144   -1.031144 (VIOLATED)
clone52/X                               0.750000    1.781139   -1.031139 (VIOLATED)
ANTENNA_164/DIODE                       0.750000    1.573318   -0.823318 (VIOLATED)
_24811_/C1                              0.750000    1.573318   -0.823318 (VIOLATED)
_23753_/Y                               0.750000    1.573102   -0.823102 (VIOLATED)
_23763_/B1_N                            0.750000    1.573102   -0.823102 (VIOLATED)
_21904_/B                               0.750000    1.405554   -0.655554 (VIOLATED)
_24675_/A1                              0.750000    1.405296   -0.655296 (VIOLATED)
_24676_/A1                              0.750000    1.405294   -0.655294 (VIOLATED)
_25857_/A1                              0.750000    1.405293   -0.655293 (VIOLATED)
_24281_/A                               0.750000    1.405290   -0.655290 (VIOLATED)
clone3/X                                0.750000    1.405148   -0.655148 (VIOLATED)
_34549_/Y                               0.750000    1.387130   -0.637130 (VIOLATED)
fanout1264/A                            0.750000    1.387130   -0.637130 (VIOLATED)
wire1265/A                              0.750000    1.387130   -0.637130 (VIOLATED)
_25836_/B1                              0.750000    1.370547   -0.620547 (VIOLATED)
ANTENNA_89/DIODE                        0.750000    1.370545   -0.620545 (VIOLATED)
fanout1155/A                            0.750000    1.370275   -0.620275 (VIOLATED)
fanout1158/A                            0.750000    1.370198   -0.620198 (VIOLATED)
_21984_/Y                               0.750000    1.370182   -0.620182 (VIOLATED)
ANTENNA_153/DIODE                       0.750000    1.343507   -0.593507 (VIOLATED)
_25607_/B1_N                            0.750000    1.343507   -0.593507 (VIOLATED)
_25427_/A2_N                            0.750000    1.343501   -0.593501 (VIOLATED)
ANTENNA_152/DIODE                       0.750000    1.343498   -0.593498 (VIOLATED)
_24890_/A2                              0.750000    1.343357   -0.593357 (VIOLATED)
_23154_/Y                               0.750000    1.343355   -0.593355 (VIOLATED)
_23155_/A2                              0.750000    1.343355   -0.593355 (VIOLATED)
_34620_/Y                               0.750000    1.311138   -0.561138 (VIOLATED)
fanout1178/A                            0.750000    1.311138   -0.561138 (VIOLATED)
_25540_/A2                              0.750000    1.299409   -0.549409 (VIOLATED)
_25529_/X                               0.750000    1.299379   -0.549379 (VIOLATED)
_22390_/C1                              0.750000    1.296817   -0.546817 (VIOLATED)
_22382_/X                               0.750000    1.296789   -0.546789 (VIOLATED)
_24547_/B1                              0.750000    1.274620   -0.524620 (VIOLATED)
ANTENNA_122/DIODE                       0.750000    1.274610   -0.524610 (VIOLATED)
_23993_/B2                              0.750000    1.274610   -0.524610 (VIOLATED)
_22430_/C1                              0.750000    1.274603   -0.524603 (VIOLATED)
_22419_/Y                               0.750000    1.274600   -0.524600 (VIOLATED)
_25264_/B1                              0.750000    1.256254   -0.506254 (VIOLATED)
_25244_/B1                              0.750000    1.256253   -0.506253 (VIOLATED)
fanout1026/A                            0.750000    1.256237   -0.506237 (VIOLATED)
_22557_/Y                               0.750000    1.256209   -0.506209 (VIOLATED)
_42459_/B                               0.750000    1.238299   -0.488299 (VIOLATED)
_39148_/B                               0.750000    1.238295   -0.488295 (VIOLATED)
_39479_/B                               0.750000    1.238289   -0.488290 (VIOLATED)
_39666_/B                               0.750000    1.238289   -0.488289 (VIOLATED)
_39678_/B1                              0.750000    1.238289   -0.488289 (VIOLATED)
clone4/X                                0.750000    1.238285   -0.488285 (VIOLATED)
_23644_/B1                              0.750000    1.237225   -0.487225 (VIOLATED)
_22976_/B1                              0.750000    1.237158   -0.487158 (VIOLATED)
_26160_/A_N                             0.750000    1.237088   -0.487088 (VIOLATED)
_22975_/Y                               0.750000    1.237086   -0.487086 (VIOLATED)
_25007_/B1                              0.750000    1.217850   -0.467850 (VIOLATED)
ANTENNA_631/DIODE                       0.750000    1.217850   -0.467850 (VIOLATED)
_24982_/A0                              0.750000    1.217827   -0.467827 (VIOLATED)
ANTENNA_87/DIODE                        0.750000    1.217826   -0.467826 (VIOLATED)
_25030_/A1                              0.750000    1.217760   -0.467760 (VIOLATED)
_26079_/A2                              0.750000    1.217738   -0.467738 (VIOLATED)
fanout1503/A                            0.750000    1.217594   -0.467594 (VIOLATED)
_21943_/Y                               0.750000    1.217579   -0.467579 (VIOLATED)
_22548_/B                               0.750000    1.196842   -0.446842 (VIOLATED)
_23656_/A2                              0.750000    1.196828   -0.446828 (VIOLATED)
_23432_/A3                              0.750000    1.196819   -0.446819 (VIOLATED)
fanout1469/A                            0.750000    1.196759   -0.446759 (VIOLATED)
_21974_/Y                               0.750000    1.196746   -0.446746 (VIOLATED)
_35193_/B1                              0.750000    1.194801   -0.444801 (VIOLATED)
ANTENNA_781/DIODE                       0.750000    1.194797   -0.444797 (VIOLATED)
_38042_/A2                              0.750000    1.194797   -0.444797 (VIOLATED)
_34865_/A2                              0.750000    1.194791   -0.444791 (VIOLATED)
_34950_/A2                              0.750000    1.194790   -0.444791 (VIOLATED)
_36109_/A2                              0.750000    1.194790   -0.444790 (VIOLATED)
clone37/X                               0.750000    1.194767   -0.444767 (VIOLATED)
_26080_/A1                              0.750000    1.185996   -0.435996 (VIOLATED)
ANTENNA_640/DIODE                       0.750000    1.185995   -0.435995 (VIOLATED)
ANTENNA_641/DIODE                       0.750000    1.185995   -0.435995 (VIOLATED)
_24638_/A1                              0.750000    1.185916   -0.435916 (VIOLATED)
ANTENNA_637/DIODE                       0.750000    1.185914   -0.435914 (VIOLATED)
fanout1031/A                            0.750000    1.185872   -0.435872 (VIOLATED)
_22488_/Y                               0.750000    1.185859   -0.435859 (VIOLATED)
_24430_/A1                              0.750000    1.185830   -0.435830 (VIOLATED)
ANTENNA_636/DIODE                       0.750000    1.185803   -0.435803 (VIOLATED)
_23797_/A2_N                            0.750000    1.185685   -0.435685 (VIOLATED)
ANTENNA_107/DIODE                       0.750000    1.185650   -0.435650 (VIOLATED)
_22206_/A1                              0.750000    1.185471   -0.435471 (VIOLATED)
ANTENNA_106/DIODE                       0.750000    1.185467   -0.435467 (VIOLATED)
_25592_/B1                              0.750000    1.185045   -0.435045 (VIOLATED)
ANTENNA_108/DIODE                       0.750000    1.185022   -0.435022 (VIOLATED)
_23511_/B2                              0.750000    1.184830   -0.434830 (VIOLATED)
ANTENNA_638/DIODE                       0.750000    1.184822   -0.434822 (VIOLATED)
_25029_/C1                              0.750000    1.184822   -0.434822 (VIOLATED)
_23320_/A1                              0.750000    1.184378   -0.434378 (VIOLATED)
_24840_/B2                              0.750000    1.184239   -0.434239 (VIOLATED)
_22194_/Y                               0.750000    1.184190   -0.434190 (VIOLATED)
ANTENNA_75/DIODE                        0.750000    1.178809   -0.428809 (VIOLATED)
_24430_/B2                              0.750000    1.178809   -0.428809 (VIOLATED)
_24634_/C1                              0.750000    1.178758   -0.428758 (VIOLATED)
_22190_/A                               0.750000    1.178721   -0.428721 (VIOLATED)
_23528_/B2                              0.750000    1.178714   -0.428714 (VIOLATED)
_25430_/A                               0.750000    1.178693   -0.428693 (VIOLATED)
_24704_/A                               0.750000    1.178581   -0.428581 (VIOLATED)
_25014_/A1                              0.750000    1.178529   -0.428529 (VIOLATED)
_23314_/A1                              0.750000    1.178504   -0.428504 (VIOLATED)
_21810_/Y                               0.750000    1.178499   -0.428499 (VIOLATED)
fanout677/A                             0.750000    1.175436   -0.425436 (VIOLATED)
fanout676/A                             0.750000    1.175418   -0.425418 (VIOLATED)
fanout674/A                             0.750000    1.175313   -0.425313 (VIOLATED)
fanout675/A                             0.750000    1.175234   -0.425234 (VIOLATED)
_32997_/Y                               0.750000    1.175227   -0.425227 (VIOLATED)
_24825_/A                               0.750000    1.172706   -0.422706 (VIOLATED)
_23311_/A2                              0.750000    1.172702   -0.422702 (VIOLATED)
_24691_/B                               0.750000    1.172671   -0.422671 (VIOLATED)
ANTENNA_136/DIODE                       0.750000    1.172670   -0.422670 (VIOLATED)
_22588_/Y                               0.750000    1.172659   -0.422659 (VIOLATED)
ANTENNA_79/DIODE                        0.750000    1.158721   -0.408721 (VIOLATED)
_22325_/B                               0.750000    1.158721   -0.408721 (VIOLATED)
_24164_/A1                              0.750000    1.158706   -0.408706 (VIOLATED)
ANTENNA_80/DIODE                        0.750000    1.158705   -0.408705 (VIOLATED)
_24099_/A                               0.750000    1.158687   -0.408687 (VIOLATED)
_21869_/C1                              0.750000    1.158686   -0.408686 (VIOLATED)
_21867_/B1                              0.750000    1.158684   -0.408684 (VIOLATED)
_24035_/A1                              0.750000    1.158681   -0.408681 (VIOLATED)
_24152_/A                               0.750000    1.158681   -0.408681 (VIOLATED)
_21857_/Y                               0.750000    1.158644   -0.408644 (VIOLATED)
fanout1102/A                            0.750000    1.143866   -0.393866 (VIOLATED)
fanout1097/A                            0.750000    1.143724   -0.393725 (VIOLATED)
_22054_/Y                               0.750000    1.143722   -0.393722 (VIOLATED)
ANTENNA_105/DIODE                       0.750000    1.141747   -0.391747 (VIOLATED)
_24911_/A2                              0.750000    1.141747   -0.391747 (VIOLATED)
ANTENNA_765/DIODE                       0.750000    1.141746   -0.391746 (VIOLATED)
_23504_/A2                              0.750000    1.141746   -0.391746 (VIOLATED)
_23559_/A2                              0.750000    1.141724   -0.391724 (VIOLATED)
fanout1079/A                            0.750000    1.141717   -0.391717 (VIOLATED)
_22171_/Y                               0.750000    1.141705   -0.391705 (VIOLATED)
_24553_/A1                              0.750000    1.136766   -0.386766 (VIOLATED)
_25816_/A1                              0.750000    1.136764   -0.386764 (VIOLATED)
_22338_/Y                               0.750000    1.136755   -0.386755 (VIOLATED)
_23729_/B2                              0.750000    1.136755   -0.386755 (VIOLATED)
fanout283/A                             0.750000    1.130297   -0.380297 (VIOLATED)
clone6/A                                0.750000    1.130288   -0.380288 (VIOLATED)
fanout282/A                             0.750000    1.130207   -0.380207 (VIOLATED)
_39520_/B1                              0.750000    1.130137   -0.380137 (VIOLATED)
_39201_/B                               0.750000    1.130114   -0.380114 (VIOLATED)
fanout281/A                             0.750000    1.130025   -0.380025 (VIOLATED)
_37947_/Y                               0.750000    1.129604   -0.379604 (VIOLATED)
_22700_/A                               0.750000    1.129132   -0.379132 (VIOLATED)
_22701_/A                               0.750000    1.129131   -0.379131 (VIOLATED)
_21853_/A                               0.750000    1.129129   -0.379129 (VIOLATED)
_24533_/A1                              0.750000    1.129090   -0.379090 (VIOLATED)
_22760_/B                               0.750000    1.129070   -0.379070 (VIOLATED)
_22761_/B                               0.750000    1.129054   -0.379054 (VIOLATED)
_23915_/A2                              0.750000    1.129054   -0.379054 (VIOLATED)
_23586_/B                               0.750000    1.129053   -0.379053 (VIOLATED)
_23022_/A2                              0.750000    1.129049   -0.379049 (VIOLATED)
_21829_/Y                               0.750000    1.129045   -0.379045 (VIOLATED)
clkbuf_0_clk_dsp/A                      0.750000    1.127835   -0.377835 (VIOLATED)
ANTENNA_176/DIODE                       0.750000    1.127815   -0.377815 (VIOLATED)
_24749_/A2                              0.750000    1.124633   -0.374633 (VIOLATED)
_25459_/A1                              0.750000    1.124414   -0.374414 (VIOLATED)
_25318_/A1                              0.750000    1.124349   -0.374349 (VIOLATED)
_24423_/A                               0.750000    1.124223   -0.374223 (VIOLATED)
ANTENNA_85/DIODE                        0.750000    1.124218   -0.374218 (VIOLATED)
_22059_/B                               0.750000    1.123723   -0.373723 (VIOLATED)
_22521_/B                               0.750000    1.122744   -0.372744 (VIOLATED)
ANTENNA_84/DIODE                        0.750000    1.122743   -0.372743 (VIOLATED)
fanout1570/A                            0.750000    1.121835   -0.371835 (VIOLATED)
ANTENNA_77/DIODE                        0.750000    1.121834   -0.371834 (VIOLATED)
fanout1569/A                            0.750000    1.121710   -0.371710 (VIOLATED)
_21842_/Y                               0.750000    1.121709   -0.371709 (VIOLATED)
ANTENNA_83/DIODE                        0.750000    1.119587   -0.369587 (VIOLATED)
_22296_/B                               0.750000    1.119575   -0.369575 (VIOLATED)
_34567_/Y                               0.750000    1.119518   -0.369518 (VIOLATED)
fanout1228/A                            0.750000    1.119518   -0.369518 (VIOLATED)
wire1229/A                              0.750000    1.119518   -0.369518 (VIOLATED)
_22297_/A3                              0.750000    1.118965   -0.368965 (VIOLATED)
_24846_/B                               0.750000    1.118325   -0.368325 (VIOLATED)
_25113_/B2                              0.750000    1.118315   -0.368315 (VIOLATED)
_21934_/X                               0.750000    1.118037   -0.368037 (VIOLATED)
clk_dsp                                 0.750000    1.116335   -0.366335 (VIOLATED)
fanout1162/A                            0.750000    1.109747   -0.359747 (VIOLATED)
fanout1161/A                            0.750000    1.109714   -0.359714 (VIOLATED)
_21939_/Y                               0.750000    1.109691   -0.359691 (VIOLATED)
_26309_/A                               0.750000    1.109348   -0.359348 (VIOLATED)
_23072_/A1                              0.750000    1.109347   -0.359347 (VIOLATED)
_27201_/A1                              0.750000    1.109347   -0.359347 (VIOLATED)
_23071_/Y                               0.750000    1.109342   -0.359342 (VIOLATED)
fanout987/A                             0.750000    1.109147   -0.359147 (VIOLATED)
ANTENNA_16/DIODE                        0.750000    1.109134   -0.359134 (VIOLATED)
fanout985/A                             0.750000    1.109134   -0.359134 (VIOLATED)
fanout984/A                             0.750000    1.109094   -0.359094 (VIOLATED)
_32777_/Y                               0.750000    1.109064   -0.359064 (VIOLATED)
_24622_/B1                              0.750000    1.108300   -0.358300 (VIOLATED)
ANTENNA_117/DIODE                       0.750000    1.108299   -0.358299 (VIOLATED)
_22391_/B1                              0.750000    1.108254   -0.358254 (VIOLATED)
ANTENNA_116/DIODE                       0.750000    1.108253   -0.358253 (VIOLATED)
_25816_/B2                              0.750000    1.108200   -0.358200 (VIOLATED)
_24553_/B2                              0.750000    1.108199   -0.358199 (VIOLATED)
_25655_/A2_N                            0.750000    1.108197   -0.358197 (VIOLATED)
_29566_/B2                              0.750000    1.108029   -0.358029 (VIOLATED)
_22368_/Y                               0.750000    1.107988   -0.357988 (VIOLATED)
_24259_/B2                              0.750000    1.096159   -0.346159 (VIOLATED)
_24879_/A1                              0.750000    1.096110   -0.346110 (VIOLATED)
fanout1171/A                            0.750000    1.096110   -0.346110 (VIOLATED)
_21885_/Y                               0.750000    1.096108   -0.346108 (VIOLATED)
fanout597/A                             0.750000    1.095777   -0.345777 (VIOLATED)
fanout595/A                             0.750000    1.095765   -0.345765 (VIOLATED)
fanout596/A                             0.750000    1.095734   -0.345734 (VIOLATED)
fanout594/A                             0.750000    1.095705   -0.345705 (VIOLATED)
_33952_/Y                               0.750000    1.095689   -0.345689 (VIOLATED)
fanout1224/A                            0.750000    1.089594   -0.339594 (VIOLATED)
_34569_/Y                               0.750000    1.089590   -0.339590 (VIOLATED)
max_cap1226/A                           0.750000    1.089590   -0.339590 (VIOLATED)
_25519_/A1                              0.750000    1.089566   -0.339566 (VIOLATED)
_26110_/A2                              0.750000    1.089564   -0.339565 (VIOLATED)
_26167_/A1                              0.750000    1.089564   -0.339565 (VIOLATED)
_24884_/B1                              0.750000    1.089564   -0.339564 (VIOLATED)
_23487_/B1                              0.750000    1.089560   -0.339560 (VIOLATED)
_22602_/Y                               0.750000    1.089557   -0.339557 (VIOLATED)
fanout311/A                             0.750000    1.075784   -0.325784 (VIOLATED)
clone4/A                                0.750000    1.075768   -0.325768 (VIOLATED)
fanout308/A                             0.750000    1.075749   -0.325749 (VIOLATED)
_37259_/Y                               0.750000    1.075703   -0.325703 (VIOLATED)
fanout1609/A                            0.750000    1.063395   -0.313395 (VIOLATED)
ANTENNA_73/DIODE                        0.750000    1.063393   -0.313393 (VIOLATED)
fanout1608/A                            0.750000    1.063169   -0.313169 (VIOLATED)
fanout1612/A                            0.750000    1.063081   -0.313081 (VIOLATED)
_21806_/Y                               0.750000    1.063065   -0.313065 (VIOLATED)
wire407/A                               0.750000    1.055282   -0.305282 (VIOLATED)
fanout403/A                             0.750000    1.055225   -0.305225 (VIOLATED)
_24888_/A2_N                            0.750000    1.055207   -0.305208 (VIOLATED)
_26164_/B                               0.750000    1.055204   -0.305204 (VIOLATED)
_24179_/B                               0.750000    1.055200   -0.305200 (VIOLATED)
_25109_/A                               0.750000    1.055197   -0.305197 (VIOLATED)
_24793_/B1                              0.750000    1.055174   -0.305174 (VIOLATED)
_35350_/Y                               0.750000    1.055166   -0.305166 (VIOLATED)
_24769_/B1                              0.750000    1.055148   -0.305148 (VIOLATED)
_23128_/Y                               0.750000    1.055147   -0.305147 (VIOLATED)
_24674_/A                               0.750000    1.053330   -0.303330 (VIOLATED)
_23182_/B                               0.750000    1.053324   -0.303324 (VIOLATED)
_24989_/A1                              0.750000    1.053324   -0.303324 (VIOLATED)
_22927_/Y                               0.750000    1.053320   -0.303320 (VIOLATED)
_22980_/B                               0.750000    1.052522   -0.302522 (VIOLATED)
_23715_/A2                              0.750000    1.052521   -0.302521 (VIOLATED)
_24058_/A3                              0.750000    1.052520   -0.302520 (VIOLATED)
_22760_/Y                               0.750000    1.052514   -0.302514 (VIOLATED)
_24569_/A                               0.750000    1.052514   -0.302514 (VIOLATED)
fanout347/A                             0.750000    1.052195   -0.302195 (VIOLATED)
_36485_/Y                               0.750000    1.052083   -0.302083 (VIOLATED)
_23495_/A2                              0.750000    1.050152   -0.300152 (VIOLATED)
_25074_/A2                              0.750000    1.050130   -0.300130 (VIOLATED)
_24699_/B2                              0.750000    1.050103   -0.300103 (VIOLATED)
_24772_/C                               0.750000    1.050103   -0.300103 (VIOLATED)
_24675_/B1                              0.750000    1.049989   -0.299989 (VIOLATED)
_24680_/A2                              0.750000    1.049944   -0.299944 (VIOLATED)
_23556_/B                               0.750000    1.049852   -0.299852 (VIOLATED)
_22414_/B                               0.750000    1.049848   -0.299848 (VIOLATED)
_22411_/Y                               0.750000    1.049843   -0.299843 (VIOLATED)
_22418_/A2                              0.750000    1.049350   -0.299350 (VIOLATED)
_25510_/A1                              0.750000    1.049338   -0.299338 (VIOLATED)
_25988_/B                               0.750000    1.049338   -0.299338 (VIOLATED)
_25387_/A2                              0.750000    1.049332   -0.299332 (VIOLATED)
_22413_/Y                               0.750000    1.049329   -0.299329 (VIOLATED)
fanout1088/A                            0.750000    1.048560   -0.298560 (VIOLATED)
fanout1087/A                            0.750000    1.048540   -0.298540 (VIOLATED)
_22086_/Y                               0.750000    1.048523   -0.298523 (VIOLATED)
fanout1502/A                            0.750000    1.042735   -0.292735 (VIOLATED)
fanout1497/A                            0.750000    1.042714   -0.292714 (VIOLATED)
_21950_/Y                               0.750000    1.042688   -0.292688 (VIOLATED)
_34941_/B1                              0.750000    1.020300   -0.270300 (VIOLATED)
ANTENNA_47/DIODE                        0.750000    1.020299   -0.270299 (VIOLATED)
_36853_/A2                              0.750000    1.020174   -0.270174 (VIOLATED)
ANTENNA_50/DIODE                        0.750000    1.020167   -0.270167 (VIOLATED)
ANTENNA_48/DIODE                        0.750000    1.020028   -0.270028 (VIOLATED)
_35882_/A2                              0.750000    1.020014   -0.270014 (VIOLATED)
ANTENNA_51/DIODE                        0.750000    1.019713   -0.269713 (VIOLATED)
_37657_/A2                              0.750000    1.019710   -0.269710 (VIOLATED)
ANTENNA_49/DIODE                        0.750000    1.019388   -0.269388 (VIOLATED)
_36619_/A2                              0.750000    1.019350   -0.269350 (VIOLATED)
_37124_/A2                              0.750000    1.019345   -0.269345 (VIOLATED)
_37389_/A2                              0.750000    1.019256   -0.269256 (VIOLATED)
fanout861/A                             0.750000    1.019180   -0.269180 (VIOLATED)
_34599_/X                               0.750000    1.019105   -0.269105 (VIOLATED)
_24678_/B                               0.750000    1.011711   -0.261711 (VIOLATED)
_26031_/A3                              0.750000    1.011711   -0.261711 (VIOLATED)
_24606_/Y                               0.750000    1.011701   -0.261701 (VIOLATED)
_25053_/A3                              0.750000    1.011701   -0.261701 (VIOLATED)
_25924_/B1                              0.750000    1.011327   -0.261327 (VIOLATED)
ANTENNA_144/DIODE                       0.750000    1.011325   -0.261326 (VIOLATED)
_26195_/A1_N                            0.750000    1.010478   -0.260478 (VIOLATED)
_22851_/Y                               0.750000    1.010467   -0.260467 (VIOLATED)
_24393_/B2                              0.750000    1.004162   -0.254162 (VIOLATED)
ANTENNA_102/DIODE                       0.750000    1.004160   -0.254160 (VIOLATED)
_23226_/B2                              0.750000    1.004137   -0.254137 (VIOLATED)
_24921_/A1                              0.750000    1.004130   -0.254130 (VIOLATED)
_23456_/A                               0.750000    1.004128   -0.254128 (VIOLATED)
_25684_/A1                              0.750000    1.004096   -0.254096 (VIOLATED)
_24789_/B2                              0.750000    1.004086   -0.254086 (VIOLATED)
_23224_/B                               0.750000    1.004008   -0.254008 (VIOLATED)
_24684_/A1_N                            0.750000    1.003994   -0.253994 (VIOLATED)
_24136_/A                               0.750000    1.003950   -0.253950 (VIOLATED)
ANTENNA_101/DIODE                       0.750000    1.003949   -0.253949 (VIOLATED)
_22096_/Y                               0.750000    1.003745   -0.253745 (VIOLATED)
_22658_/A1                              0.750000    1.000595   -0.250595 (VIOLATED)
_22641_/X                               0.750000    1.000547   -0.250547 (VIOLATED)
_25060_/A2                              0.750000    0.999434   -0.249434 (VIOLATED)
_26163_/B                               0.750000    0.999410   -0.249410 (VIOLATED)
ANTENNA_149/DIODE                       0.750000    0.999301   -0.249301 (VIOLATED)
_24975_/A2                              0.750000    0.999301   -0.249301 (VIOLATED)
_23421_/A2                              0.750000    0.999292   -0.249292 (VIOLATED)
_23080_/Y                               0.750000    0.999278   -0.249278 (VIOLATED)
_21910_/Y                               0.750000    0.999057   -0.249057 (VIOLATED)
fanout1526/A                            0.750000    0.999057   -0.249057 (VIOLATED)
wire1527/A                              0.750000    0.999057   -0.249057 (VIOLATED)
_24671_/B                               0.750000    0.995751   -0.245751 (VIOLATED)
_26273_/B                               0.750000    0.995751   -0.245751 (VIOLATED)
_26270_/B                               0.750000    0.995749   -0.245749 (VIOLATED)
_24670_/Y                               0.750000    0.995603   -0.245603 (VIOLATED)
_25012_/A2                              0.750000    0.994999   -0.244999 (VIOLATED)
_26129_/A2                              0.750000    0.994991   -0.244991 (VIOLATED)
_24875_/A0                              0.750000    0.994954   -0.244954 (VIOLATED)
ANTENNA_109/DIODE                       0.750000    0.994951   -0.244951 (VIOLATED)
_24775_/A1                              0.750000    0.994937   -0.244937 (VIOLATED)
_22224_/Y                               0.750000    0.994934   -0.244934 (VIOLATED)
_24615_/A3                              0.750000    0.994934   -0.244934 (VIOLATED)
fanout454/A                             0.750000    0.994730   -0.244730 (VIOLATED)
clone59/A                               0.750000    0.994632   -0.244632 (VIOLATED)
fanout450/A                             0.750000    0.994492   -0.244492 (VIOLATED)
_34931_/Y                               0.750000    0.994003   -0.244003 (VIOLATED)
_26466_/A2                              0.750000    0.985563   -0.235563 (VIOLATED)
_23084_/B1                              0.750000    0.985562   -0.235562 (VIOLATED)
_23083_/Y                               0.750000    0.985560   -0.235560 (VIOLATED)
_26194_/B1                              0.750000    0.985560   -0.235560 (VIOLATED)
_24903_/A2                              0.750000    0.982327   -0.232327 (VIOLATED)
_24876_/B1_N                            0.750000    0.982325   -0.232325 (VIOLATED)
ANTENNA_151/DIODE                       0.750000    0.982318   -0.232318 (VIOLATED)
_26180_/B                               0.750000    0.982318   -0.232318 (VIOLATED)
_25002_/A                               0.750000    0.982266   -0.232266 (VIOLATED)
_23142_/B                               0.750000    0.982262   -0.232263 (VIOLATED)
_23141_/Y                               0.750000    0.982261   -0.232261 (VIOLATED)
_24815_/A                               0.750000    0.973705   -0.223705 (VIOLATED)
_24866_/A2                              0.750000    0.973649   -0.223649 (VIOLATED)
_23185_/B                               0.750000    0.973648   -0.223648 (VIOLATED)
_26146_/A                               0.750000    0.973591   -0.223591 (VIOLATED)
_25210_/A                               0.750000    0.973575   -0.223575 (VIOLATED)
ANTENNA_95/DIODE                        0.750000    0.973574   -0.223574 (VIOLATED)
_23455_/B1                              0.750000    0.973479   -0.223479 (VIOLATED)
_25438_/C1                              0.750000    0.973296   -0.223296 (VIOLATED)
_25479_/A1                              0.750000    0.973243   -0.223243 (VIOLATED)
_25726_/A1                              0.750000    0.973192   -0.223192 (VIOLATED)
_22072_/A                               0.750000    0.972928   -0.222928 (VIOLATED)
_22063_/Y                               0.750000    0.972916   -0.222916 (VIOLATED)
_24316_/B1                              0.750000    0.962209   -0.212209 (VIOLATED)
_24315_/X                               0.750000    0.962199   -0.212199 (VIOLATED)
fanout228/A                             0.750000    0.958400   -0.208400 (VIOLATED)
_35077_/Y                               0.750000    0.958271   -0.208271 (VIOLATED)
fanout1029/A                            0.750000    0.956146   -0.206146 (VIOLATED)
fanout1030/A                            0.750000    0.956142   -0.206142 (VIOLATED)
ANTENNA_135/DIODE                       0.750000    0.956141   -0.206141 (VIOLATED)
_22554_/Y                               0.750000    0.956117   -0.206117 (VIOLATED)
_22282_/C1                              0.750000    0.951662   -0.201662 (VIOLATED)
_22281_/Y                               0.750000    0.951659   -0.201659 (VIOLATED)
_23736_/A1                              0.750000    0.946349   -0.196349 (VIOLATED)
_25646_/A1                              0.750000    0.946347   -0.196347 (VIOLATED)
_23737_/A1                              0.750000    0.946346   -0.196346 (VIOLATED)
_23754_/B                               0.750000    0.946345   -0.196345 (VIOLATED)
_22897_/A2                              0.750000    0.946344   -0.196344 (VIOLATED)
clone56/X                               0.750000    0.946342   -0.196342 (VIOLATED)
_22954_/X                               0.750000    0.946216   -0.196216 (VIOLATED)
_22984_/A1                              0.750000    0.946216   -0.196216 (VIOLATED)
_24072_/B1                              0.750000    0.943736   -0.193736 (VIOLATED)
_24248_/A2                              0.750000    0.943733   -0.193733 (VIOLATED)
_24113_/A2                              0.750000    0.943718   -0.193718 (VIOLATED)
_22500_/C                               0.750000    0.943717   -0.193717 (VIOLATED)
_22125_/B1                              0.750000    0.943709   -0.193709 (VIOLATED)
_23866_/B1                              0.750000    0.943705   -0.193705 (VIOLATED)
_22103_/Y                               0.750000    0.943703   -0.193703 (VIOLATED)
_22340_/C                               0.750000    0.943703   -0.193703 (VIOLATED)
fanout261/A                             0.750000    0.943626   -0.193626 (VIOLATED)
ANTENNA_61/DIODE                        0.750000    0.943625   -0.193625 (VIOLATED)
_34872_/Y                               0.750000    0.943566   -0.193566 (VIOLATED)
_23432_/A2                              0.750000    0.942145   -0.192145 (VIOLATED)
fanout1566/A                            0.750000    0.942134   -0.192134 (VIOLATED)
_21861_/Y                               0.750000    0.942132   -0.192132 (VIOLATED)
_21910_/B                               0.750000    0.941288   -0.191288 (VIOLATED)
_22816_/A                               0.750000    0.941281   -0.191281 (VIOLATED)
_22787_/A2                              0.750000    0.941278   -0.191278 (VIOLATED)
_23214_/A                               0.750000    0.941276   -0.191276 (VIOLATED)
_22466_/B                               0.750000    0.941275   -0.191275 (VIOLATED)
clone50/X                               0.750000    0.941271   -0.191271 (VIOLATED)
fanout769/A                             0.750000    0.938957   -0.188957 (VIOLATED)
fanout768/A                             0.750000    0.938946   -0.188946 (VIOLATED)
fanout767/A                             0.750000    0.938945   -0.188945 (VIOLATED)
ANTENNA_12/DIODE                        0.750000    0.938944   -0.188944 (VIOLATED)
fanout766/A                             0.750000    0.938905   -0.188905 (VIOLATED)
_32422_/Y                               0.750000    0.938889   -0.188889 (VIOLATED)
_25392_/A2                              0.750000    0.938576   -0.188576 (VIOLATED)
_22365_/B                               0.750000    0.938575   -0.188575 (VIOLATED)
_24319_/B                               0.750000    0.938563   -0.188563 (VIOLATED)
_22363_/Y                               0.750000    0.938559   -0.188560 (VIOLATED)
_25308_/B                               0.750000    0.938445   -0.188445 (VIOLATED)
_21949_/A2                              0.750000    0.938444   -0.188444 (VIOLATED)
_22831_/A                               0.750000    0.938444   -0.188444 (VIOLATED)
_21927_/Y                               0.750000    0.938438   -0.188438 (VIOLATED)
_24711_/A1                              0.750000    0.936732   -0.186732 (VIOLATED)
_25203_/B1                              0.750000    0.936729   -0.186730 (VIOLATED)
_25457_/B1                              0.750000    0.936729   -0.186729 (VIOLATED)
_23848_/B                               0.750000    0.936726   -0.186726 (VIOLATED)
_25051_/A                               0.750000    0.936723   -0.186723 (VIOLATED)
_25115_/A1                              0.750000    0.936723   -0.186723 (VIOLATED)
_22422_/Y                               0.750000    0.936707   -0.186707 (VIOLATED)
_24597_/A2                              0.750000    0.934616   -0.184616 (VIOLATED)
_24595_/Y                               0.750000    0.934614   -0.184614 (VIOLATED)
_25556_/A2                              0.750000    0.934614   -0.184614 (VIOLATED)
_24178_/A4                              0.750000    0.933918   -0.183918 (VIOLATED)
_23015_/C                               0.750000    0.933915   -0.183915 (VIOLATED)
_23013_/Y                               0.750000    0.933911   -0.183911 (VIOLATED)
_23232_/C                               0.750000    0.933911   -0.183911 (VIOLATED)
_25058_/A                               0.750000    0.933209   -0.183209 (VIOLATED)
fanout1511/A                            0.750000    0.933207   -0.183207 (VIOLATED)
_24140_/A3                              0.750000    0.933204   -0.183204 (VIOLATED)
_21932_/Y                               0.750000    0.933201   -0.183201 (VIOLATED)
_34959_/A2                              0.750000    0.925238   -0.175238 (VIOLATED)
ANTENNA_600/DIODE                       0.750000    0.925071   -0.175071 (VIOLATED)
_37902_/B1                              0.750000    0.925067   -0.175067 (VIOLATED)
_35729_/A2                              0.750000    0.924952   -0.174952 (VIOLATED)
ANTENNA_782/DIODE                       0.750000    0.924951   -0.174951 (VIOLATED)
_36857_/A2                              0.750000    0.924884   -0.174884 (VIOLATED)
_35806_/A2                              0.750000    0.924875   -0.174875 (VIOLATED)
clone62/X                               0.750000    0.924589   -0.174589 (VIOLATED)
fanout1072/A                            0.750000    0.921833   -0.171833 (VIOLATED)
fanout1069/A                            0.750000    0.921822   -0.171822 (VIOLATED)
_22192_/Y                               0.750000    0.921820   -0.171820 (VIOLATED)
ANTENNA_193/DIODE                       0.750000    0.920710   -0.170710 (VIOLATED)
fanout1892/A                            0.750000    0.920711   -0.170711 (VIOLATED)
_34342_/A1                              0.750000    0.920572   -0.170572 (VIOLATED)
fanout1899/A                            0.750000    0.920503   -0.170503 (VIOLATED)
ANTENNA_183/DIODE                       0.750000    0.920396   -0.170396 (VIOLATED)
ANTENNA_185/DIODE                       0.750000    0.920396   -0.170396 (VIOLATED)
ANTENNA_187/DIODE                       0.750000    0.920396   -0.170396 (VIOLATED)
ANTENNA_189/DIODE                       0.750000    0.920396   -0.170396 (VIOLATED)
ANTENNA_191/DIODE                       0.750000    0.920396   -0.170396 (VIOLATED)
ANTENNA_182/DIODE                       0.750000    0.920395   -0.170395 (VIOLATED)
ANTENNA_184/DIODE                       0.750000    0.920395   -0.170395 (VIOLATED)
_32191_/B2                              0.750000    0.920395   -0.170395 (VIOLATED)
ANTENNA_186/DIODE                       0.750000    0.920395   -0.170395 (VIOLATED)
ANTENNA_188/DIODE                       0.750000    0.920394   -0.170394 (VIOLATED)
ANTENNA_190/DIODE                       0.750000    0.920394   -0.170394 (VIOLATED)
ANTENNA_192/DIODE                       0.750000    0.920394   -0.170394 (VIOLATED)
_44165_/Q                               0.750000    0.920393   -0.170393 (VIOLATED)
_22011_/B                               0.750000    0.919140   -0.169140 (VIOLATED)
_22089_/B1                              0.750000    0.919131   -0.169131 (VIOLATED)
_22076_/A                               0.750000    0.919127   -0.169127 (VIOLATED)
_22079_/C1                              0.750000    0.919124   -0.169124 (VIOLATED)
_22255_/B1                              0.750000    0.919118   -0.169118 (VIOLATED)
_21812_/Y                               0.750000    0.919116   -0.169116 (VIOLATED)
_23902_/A1                              0.750000    0.919116   -0.169116 (VIOLATED)
_25166_/B                               0.750000    0.918319   -0.168319 (VIOLATED)
_26000_/A3                              0.750000    0.918312   -0.168312 (VIOLATED)
_24274_/A2                              0.750000    0.918272   -0.168272 (VIOLATED)
_22808_/Y                               0.750000    0.918266   -0.168266 (VIOLATED)
_22811_/A3                              0.750000    0.918266   -0.168266 (VIOLATED)
_22296_/A                               0.750000    0.917381   -0.167381 (VIOLATED)
_25644_/B2                              0.750000    0.917381   -0.167381 (VIOLATED)
_22284_/B                               0.750000    0.917379   -0.167379 (VIOLATED)
_24395_/A1                              0.750000    0.917379   -0.167379 (VIOLATED)
clone24/X                               0.750000    0.917377   -0.167377 (VIOLATED)
fanout1075/A                            0.750000    0.914957   -0.164957 (VIOLATED)
fanout1076/A                            0.750000    0.914957   -0.164957 (VIOLATED)
_22187_/Y                               0.750000    0.914946   -0.164946 (VIOLATED)
_24172_/A2                              0.750000    0.913561   -0.163561 (VIOLATED)
_23429_/A2                              0.750000    0.913548   -0.163548 (VIOLATED)
_23420_/B                               0.750000    0.913543   -0.163543 (VIOLATED)
_26004_/A1                              0.750000    0.913542   -0.163542 (VIOLATED)
_23391_/A2                              0.750000    0.913533   -0.163533 (VIOLATED)
_23343_/B                               0.750000    0.913522   -0.163522 (VIOLATED)
_25456_/A2                              0.750000    0.913499   -0.163499 (VIOLATED)
_23341_/Y                               0.750000    0.913494   -0.163494 (VIOLATED)
_23903_/A2                              0.750000    0.913227   -0.163227 (VIOLATED)
ANTENNA_145/DIODE                       0.750000    0.913227   -0.163227 (VIOLATED)
_22892_/B2                              0.750000    0.913135   -0.163135 (VIOLATED)
_22891_/X                               0.750000    0.913133   -0.163133 (VIOLATED)
_22718_/C1                              0.750000    0.912184   -0.162184 (VIOLATED)
ANTENNA_138/DIODE                       0.750000    0.912184   -0.162184 (VIOLATED)
ANTENNA_139/DIODE                       0.750000    0.912184   -0.162184 (VIOLATED)
_22704_/X                               0.750000    0.912176   -0.162176 (VIOLATED)
_22823_/B                               0.750000    0.907489   -0.157489 (VIOLATED)
_25385_/A1                              0.750000    0.907488   -0.157488 (VIOLATED)
_22146_/Y                               0.750000    0.907482   -0.157482 (VIOLATED)
max_cap1412/A                           0.750000    0.907482   -0.157482 (VIOLATED)
_22907_/A1                              0.750000    0.905454   -0.155454 (VIOLATED)
_22899_/X                               0.750000    0.905350   -0.155350 (VIOLATED)
fanout486/A                             0.750000    0.905305   -0.155305 (VIOLATED)
fanout485/A                             0.750000    0.905282   -0.155282 (VIOLATED)
ANTENNA_59/DIODE                        0.750000    0.905278   -0.155278 (VIOLATED)
fanout484/A                             0.750000    0.905278   -0.155278 (VIOLATED)
fanout483/A                             0.750000    0.905275   -0.155275 (VIOLATED)
_34791_/Y                               0.750000    0.905267   -0.155267 (VIOLATED)
_25661_/A2                              0.750000    0.903100   -0.153101 (VIOLATED)
_25399_/B1                              0.750000    0.903098   -0.153098 (VIOLATED)
_22970_/A2_N                            0.750000    0.903087   -0.153087 (VIOLATED)
_22754_/A2                              0.750000    0.903086   -0.153086 (VIOLATED)
_22752_/Y                               0.750000    0.903082   -0.153082 (VIOLATED)
_24015_/A_N                             0.750000    0.902740   -0.152740 (VIOLATED)
_22098_/A2                              0.750000    0.902738   -0.152738 (VIOLATED)
_23066_/A1                              0.750000    0.902737   -0.152737 (VIOLATED)
_22097_/Y                               0.750000    0.902735   -0.152735 (VIOLATED)
_22804_/B                               0.750000    0.902419   -0.152419 (VIOLATED)
_24227_/A1_N                            0.750000    0.902418   -0.152418 (VIOLATED)
_25029_/A2                              0.750000    0.902417   -0.152417 (VIOLATED)
_22470_/Y                               0.750000    0.902414   -0.152414 (VIOLATED)
_43572_/D                               0.750000    0.902201   -0.152201 (VIOLATED)
_28605_/Y                               0.750000    0.901714   -0.151714 (VIOLATED)
_23486_/B1                              0.750000    0.897701   -0.147701 (VIOLATED)
_23485_/X                               0.750000    0.897374   -0.147374 (VIOLATED)
wire218/A                               0.750000    0.896673   -0.146673 (VIOLATED)
_35271_/Y                               0.750000    0.896528   -0.146528 (VIOLATED)
_37003_/Y                               0.750000    0.893580   -0.143580 (VIOLATED)
_37005_/C                               0.750000    0.893580   -0.143580 (VIOLATED)
_37078_/A2                              0.750000    0.893580   -0.143580 (VIOLATED)
_25206_/B                               0.750000    0.891130   -0.141130 (VIOLATED)
_25207_/A2                              0.750000    0.891118   -0.141118 (VIOLATED)
_25684_/A2                              0.750000    0.891088   -0.141088 (VIOLATED)
_24789_/B1                              0.750000    0.891063   -0.141063 (VIOLATED)
_24805_/B1                              0.750000    0.890988   -0.140988 (VIOLATED)
_23115_/B                               0.750000    0.890983   -0.140983 (VIOLATED)
_24774_/B                               0.750000    0.890975   -0.140975 (VIOLATED)
_23114_/Y                               0.750000    0.890969   -0.140969 (VIOLATED)
_25655_/A1_N                            0.750000    0.889065   -0.139065 (VIOLATED)
_25654_/Y                               0.750000    0.889057   -0.139057 (VIOLATED)
_23523_/C                               0.750000    0.887695   -0.137695 (VIOLATED)
_22835_/B                               0.750000    0.887695   -0.137695 (VIOLATED)
_22918_/B                               0.750000    0.887687   -0.137687 (VIOLATED)
_22834_/A                               0.750000    0.887685   -0.137685 (VIOLATED)
_24662_/A2                              0.750000    0.887683   -0.137683 (VIOLATED)
_23653_/C                               0.750000    0.887683   -0.137683 (VIOLATED)
_21916_/Y                               0.750000    0.887682   -0.137682 (VIOLATED)
_37985_/B                               0.750000    0.882859   -0.132859 (VIOLATED)
_38595_/B                               0.750000    0.882859   -0.132859 (VIOLATED)
_38877_/B                               0.750000    0.882859   -0.132859 (VIOLATED)
_41543_/B                               0.750000    0.882859   -0.132859 (VIOLATED)
clone59/X                               0.750000    0.882859   -0.132859 (VIOLATED)
_25812_/A1                              0.750000    0.882534   -0.132534 (VIOLATED)
fanout254/A                             0.750000    0.882362   -0.132362 (VIOLATED)
_23452_/B                               0.750000    0.882338   -0.132338 (VIOLATED)
_23882_/A1                              0.750000    0.882224   -0.132224 (VIOLATED)
_24288_/A1                              0.750000    0.882222   -0.132222 (VIOLATED)
_25228_/A0                              0.750000    0.882209   -0.132209 (VIOLATED)
_25891_/A2                              0.750000    0.882208   -0.132208 (VIOLATED)
_23679_/B2                              0.750000    0.882207   -0.132207 (VIOLATED)
_22869_/A                               0.750000    0.882196   -0.132196 (VIOLATED)
_22868_/Y                               0.750000    0.882193   -0.132193 (VIOLATED)
_22020_/Y                               0.750000    0.882123   -0.132123 (VIOLATED)
_34977_/Y                               0.750000    0.881710   -0.131710 (VIOLATED)
_24996_/C1                              0.750000    0.877771   -0.127771 (VIOLATED)
_24898_/B1                              0.750000    0.877763   -0.127763 (VIOLATED)
fanout1037/A                            0.750000    0.877757   -0.127757 (VIOLATED)
_22335_/Y                               0.750000    0.877744   -0.127744 (VIOLATED)
_22732_/A1                              0.750000    0.870335   -0.120335 (VIOLATED)
_24567_/A_N                             0.750000    0.870325   -0.120325 (VIOLATED)
_21884_/A2                              0.750000    0.870313   -0.120313 (VIOLATED)
_25942_/B1                              0.750000    0.870312   -0.120312 (VIOLATED)
_25934_/B1                              0.750000    0.870306   -0.120306 (VIOLATED)
_21871_/Y                               0.750000    0.870304   -0.120304 (VIOLATED)
_36754_/Y                               0.750000    0.867628   -0.117628 (VIOLATED)
_36756_/C                               0.750000    0.867628   -0.117628 (VIOLATED)
_36816_/A2                              0.750000    0.867628   -0.117628 (VIOLATED)
_24992_/A2                              0.750000    0.863494   -0.113494 (VIOLATED)
_24777_/Y                               0.750000    0.863478   -0.113478 (VIOLATED)
_24778_/B                               0.750000    0.863478   -0.113478 (VIOLATED)
_26171_/A2                              0.750000    0.863207   -0.113207 (VIOLATED)
_23504_/A3                              0.750000    0.863176   -0.113176 (VIOLATED)
_25196_/B                               0.750000    0.863168   -0.113169 (VIOLATED)
_26099_/A1                              0.750000    0.863154   -0.113154 (VIOLATED)
_23477_/A2                              0.750000    0.863149   -0.113149 (VIOLATED)
_22429_/A3                              0.750000    0.863127   -0.113127 (VIOLATED)
_22424_/Y                               0.750000    0.863120   -0.113120 (VIOLATED)
_27230_/A2                              0.750000    0.862802   -0.112802 (VIOLATED)
_26251_/A2                              0.750000    0.862799   -0.112799 (VIOLATED)
_27332_/A3                              0.750000    0.862798   -0.112798 (VIOLATED)
_24894_/C                               0.750000    0.862798   -0.112798 (VIOLATED)
_26230_/A3                              0.750000    0.862796   -0.112796 (VIOLATED)
_24942_/A3                              0.750000    0.862782   -0.112782 (VIOLATED)
_26221_/A3                              0.750000    0.862777   -0.112778 (VIOLATED)
fanout701/A                             0.750000    0.862683   -0.112683 (VIOLATED)
_24893_/Y                               0.750000    0.862641   -0.112641 (VIOLATED)
fanout700/A                             0.750000    0.862615   -0.112615 (VIOLATED)
ANTENNA_611/DIODE                       0.750000    0.862612   -0.112612 (VIOLATED)
_24860_/A                               0.750000    0.862133   -0.112133 (VIOLATED)
_25109_/D                               0.750000    0.862133   -0.112133 (VIOLATED)
fanout698/A                             0.750000    0.862131   -0.112131 (VIOLATED)
_24674_/B                               0.750000    0.862130   -0.112130 (VIOLATED)
_24794_/C                               0.750000    0.862130   -0.112130 (VIOLATED)
_24673_/Y                               0.750000    0.862128   -0.112128 (VIOLATED)
fanout699/A                             0.750000    0.862125   -0.112125 (VIOLATED)
_32861_/Y                               0.750000    0.862069   -0.112069 (VIOLATED)
_22023_/A2                              0.750000    0.858872   -0.108873 (VIOLATED)
_21905_/B                               0.750000    0.858865   -0.108865 (VIOLATED)
_22845_/C                               0.750000    0.858790   -0.108790 (VIOLATED)
_23030_/C                               0.750000    0.858728   -0.108728 (VIOLATED)
_23466_/C                               0.750000    0.858660   -0.108660 (VIOLATED)
_24395_/A2                              0.750000    0.858576   -0.108576 (VIOLATED)
_22637_/B                               0.750000    0.858564   -0.108565 (VIOLATED)
ANTENNA_409/DIODE                       0.750000    0.858499   -0.108499 (VIOLATED)
_24954_/B                               0.750000    0.858499   -0.108499 (VIOLATED)
_25118_/A1                              0.750000    0.858406   -0.108406 (VIOLATED)
ANTENNA_411/DIODE                       0.750000    0.858405   -0.108405 (VIOLATED)
_24222_/A1                              0.750000    0.858315   -0.108315 (VIOLATED)
ANTENNA_407/DIODE                       0.750000    0.858314   -0.108314 (VIOLATED)
ANTENNA_408/DIODE                       0.750000    0.858313   -0.108313 (VIOLATED)
_21903_/X                               0.750000    0.858272   -0.108272 (VIOLATED)
ANTENNA_410/DIODE                       0.750000    0.858172   -0.108172 (VIOLATED)
_24964_/A2                              0.750000    0.858158   -0.108158 (VIOLATED)
fanout1057/A                            0.750000    0.857353   -0.107353 (VIOLATED)
_22490_/A1                              0.750000    0.857352   -0.107352 (VIOLATED)
fanout1058/X                            0.750000    0.857343   -0.107343 (VIOLATED)
_23175_/A                               0.750000    0.856138   -0.106138 (VIOLATED)
_22758_/A2                              0.750000    0.856131   -0.106131 (VIOLATED)
_25436_/A1                              0.750000    0.856130   -0.106130 (VIOLATED)
_23336_/A2                              0.750000    0.856128   -0.106128 (VIOLATED)
_25682_/A1                              0.750000    0.856121   -0.106121 (VIOLATED)
_22808_/A                               0.750000    0.856117   -0.106117 (VIOLATED)
_21923_/Y                               0.750000    0.856110   -0.106110 (VIOLATED)
clone18/A                               0.750000    0.853583   -0.103583 (VIOLATED)
ANTENNA_655/DIODE                       0.750000    0.853582   -0.103582 (VIOLATED)
fanout2417/A                            0.750000    0.853566   -0.103566 (VIOLATED)
_21842_/A2                              0.750000    0.853501   -0.103501 (VIOLATED)
fanout2418/A                            0.750000    0.853459   -0.103459 (VIOLATED)
clone52/A                               0.750000    0.853375   -0.103375 (VIOLATED)
fanout2424/A                            0.750000    0.853360   -0.103360 (VIOLATED)
_43512_/Q                               0.750000    0.853356   -0.103356 (VIOLATED)
_22438_/C                               0.750000    0.848233   -0.098233 (VIOLATED)
_22325_/C                               0.750000    0.848226   -0.098226 (VIOLATED)
_22882_/A3                              0.750000    0.848223   -0.098223 (VIOLATED)
_22887_/A2                              0.750000    0.848221   -0.098221 (VIOLATED)
_22519_/B                               0.750000    0.848220   -0.098220 (VIOLATED)
_22248_/Y                               0.750000    0.848219   -0.098219 (VIOLATED)
_23582_/A1                              0.750000    0.841217   -0.091217 (VIOLATED)
_23335_/A2                              0.750000    0.841194   -0.091194 (VIOLATED)
_22476_/A3                              0.750000    0.841193   -0.091193 (VIOLATED)
_22332_/A2                              0.750000    0.841191   -0.091191 (VIOLATED)
_25308_/C                               0.750000    0.841186   -0.091186 (VIOLATED)
_22314_/Y                               0.750000    0.841185   -0.091185 (VIOLATED)
_36989_/B1                              0.750000    0.838831   -0.088831 (VIOLATED)
_40326_/C                               0.750000    0.838819   -0.088819 (VIOLATED)
_38661_/A                               0.750000    0.838812   -0.088812 (VIOLATED)
_38665_/B2                              0.750000    0.838811   -0.088811 (VIOLATED)
_41489_/A                               0.750000    0.838807   -0.088807 (VIOLATED)
_35037_/Y                               0.750000    0.838711   -0.088711 (VIOLATED)
_25210_/B                               0.750000    0.834231   -0.084231 (VIOLATED)
_23458_/A2                              0.750000    0.834208   -0.084209 (VIOLATED)
_24600_/A1                              0.750000    0.834202   -0.084202 (VIOLATED)
_25327_/C1                              0.750000    0.834161   -0.084161 (VIOLATED)
_22782_/B1                              0.750000    0.834158   -0.084158 (VIOLATED)
_25479_/A2                              0.750000    0.834158   -0.084158 (VIOLATED)
_25438_/B1                              0.750000    0.834157   -0.084157 (VIOLATED)
_24691_/C                               0.750000    0.834150   -0.084150 (VIOLATED)
_24178_/A2                              0.750000    0.834149   -0.084149 (VIOLATED)
_22777_/Y                               0.750000    0.834148   -0.084148 (VIOLATED)
_22494_/B1                              0.750000    0.833545   -0.083545 (VIOLATED)
_22493_/Y                               0.750000    0.833544   -0.083544 (VIOLATED)
_23716_/B                               0.750000    0.833047   -0.083047 (VIOLATED)
_23715_/Y                               0.750000    0.833046   -0.083046 (VIOLATED)
_25134_/Y                               0.750000    0.828487   -0.078487 (VIOLATED)
wire200/A                               0.750000    0.828487   -0.078487 (VIOLATED)
_22466_/Y                               0.750000    0.826855   -0.076855 (VIOLATED)
_22602_/B                               0.750000    0.826855   -0.076855 (VIOLATED)
max_cap1400/A                           0.750000    0.826855   -0.076855 (VIOLATED)
_24874_/A2                              0.750000    0.825592   -0.075592 (VIOLATED)
_23267_/B                               0.750000    0.825565   -0.075565 (VIOLATED)
_23321_/B                               0.750000    0.825558   -0.075558 (VIOLATED)
_26135_/A3                              0.750000    0.825481   -0.075481 (VIOLATED)
_24982_/A1                              0.750000    0.825345   -0.075346 (VIOLATED)
_24971_/B1                              0.750000    0.825336   -0.075336 (VIOLATED)
_23268_/B                               0.750000    0.825315   -0.075315 (VIOLATED)
_23255_/B1                              0.750000    0.825117   -0.075117 (VIOLATED)
_22960_/B                               0.750000    0.824888   -0.074888 (VIOLATED)
_22959_/B                               0.750000    0.824873   -0.074873 (VIOLATED)
_22957_/Y                               0.750000    0.824844   -0.074844 (VIOLATED)
_21815_/A                               0.750000    0.823190   -0.073190 (VIOLATED)
_22001_/A                               0.750000    0.823181   -0.073181 (VIOLATED)
_21872_/C_N                             0.750000    0.822957   -0.072957 (VIOLATED)
_21813_/A                               0.750000    0.822956   -0.072956 (VIOLATED)
_21999_/B                               0.750000    0.822956   -0.072956 (VIOLATED)
clone18/X                               0.750000    0.822956   -0.072956 (VIOLATED)
fanout631/A                             0.750000    0.815374   -0.065374 (VIOLATED)
ANTENNA_28/DIODE                        0.750000    0.815373   -0.065373 (VIOLATED)
fanout633/A                             0.750000    0.815343   -0.065343 (VIOLATED)
fanout632/A                             0.750000    0.815184   -0.065184 (VIOLATED)
fanout630/A                             0.750000    0.815103   -0.065103 (VIOLATED)
_33201_/Y                               0.750000    0.815092   -0.065092 (VIOLATED)
_25348_/A2                              0.750000    0.811958   -0.061958 (VIOLATED)
_25760_/A2                              0.750000    0.811956   -0.061956 (VIOLATED)
_24099_/Y                               0.750000    0.811953   -0.061953 (VIOLATED)
_25902_/A_N                             0.750000    0.811953   -0.061953 (VIOLATED)
_22492_/A2                              0.750000    0.809555   -0.059555 (VIOLATED)
ANTENNA_132/DIODE                       0.750000    0.809554   -0.059554 (VIOLATED)
_23476_/B1                              0.750000    0.809514   -0.059514 (VIOLATED)
_26084_/B1                              0.750000    0.809456   -0.059456 (VIOLATED)
_23302_/B                               0.750000    0.809432   -0.059432 (VIOLATED)
_22491_/Y                               0.750000    0.809358   -0.059358 (VIOLATED)
_23490_/B1                              0.750000    0.809126   -0.059126 (VIOLATED)
_25110_/A2                              0.750000    0.809112   -0.059112 (VIOLATED)
_23217_/B2                              0.750000    0.809105   -0.059105 (VIOLATED)
_23002_/A2_N                            0.750000    0.809099   -0.059099 (VIOLATED)
_23219_/A3                              0.750000    0.809094   -0.059094 (VIOLATED)
_23218_/A_N                             0.750000    0.809092   -0.059092 (VIOLATED)
_26157_/A2                              0.750000    0.809088   -0.059088 (VIOLATED)
_26054_/B2                              0.750000    0.809082   -0.059082 (VIOLATED)
_23205_/B                               0.750000    0.809070   -0.059070 (VIOLATED)
_22817_/Y                               0.750000    0.809063   -0.059063 (VIOLATED)
_34650_/B1                              0.750000    0.806645   -0.056645 (VIOLATED)
ANTENNA_619/DIODE                       0.750000    0.806644   -0.056644 (VIOLATED)
ANTENNA_54/DIODE                        0.750000    0.806214   -0.056214 (VIOLATED)
fanout995/A                             0.750000    0.806208   -0.056208 (VIOLATED)
fanout825/A                             0.750000    0.806208   -0.056208 (VIOLATED)
_32726_/Y                               0.750000    0.806199   -0.056199 (VIOLATED)
_36211_/B1                              0.750000    0.806133   -0.056133 (VIOLATED)
_37664_/A2                              0.750000    0.806072   -0.056072 (VIOLATED)
_34618_/X                               0.750000    0.806046   -0.056046 (VIOLATED)
_25675_/A1                              0.750000    0.805756   -0.055756 (VIOLATED)
_25677_/B1                              0.750000    0.805755   -0.055756 (VIOLATED)
_25996_/C                               0.750000    0.805744   -0.055744 (VIOLATED)
_23387_/B                               0.750000    0.805743   -0.055743 (VIOLATED)
_23961_/A2                              0.750000    0.805742   -0.055742 (VIOLATED)
_24175_/B1                              0.750000    0.805735   -0.055735 (VIOLATED)
_23234_/Y                               0.750000    0.805670   -0.055670 (VIOLATED)
_23149_/B                               0.750000    0.802118   -0.052118 (VIOLATED)
_24990_/B                               0.750000    0.802118   -0.052118 (VIOLATED)
_23147_/B                               0.750000    0.802105   -0.052106 (VIOLATED)
_24835_/A1                              0.750000    0.802099   -0.052099 (VIOLATED)
_23483_/A1                              0.750000    0.802061   -0.052061 (VIOLATED)
_24842_/A1_N                            0.750000    0.802056   -0.052056 (VIOLATED)
_23151_/A2                              0.750000    0.802028   -0.052028 (VIOLATED)
_26064_/A2                              0.750000    0.801984   -0.051984 (VIOLATED)
_23289_/C                               0.750000    0.801980   -0.051980 (VIOLATED)
_23144_/Y                               0.750000    0.801973   -0.051973 (VIOLATED)
_23753_/A                               0.750000    0.799143   -0.049143 (VIOLATED)
_23813_/C1                              0.750000    0.799101   -0.049102 (VIOLATED)
_25340_/B2                              0.750000    0.799079   -0.049080 (VIOLATED)
_23925_/B2                              0.750000    0.799056   -0.049056 (VIOLATED)
_24826_/A2                              0.750000    0.798876   -0.048876 (VIOLATED)
ANTENNA_93/DIODE                        0.750000    0.798876   -0.048876 (VIOLATED)
_24610_/B                               0.750000    0.798864   -0.048864 (VIOLATED)
ANTENNA_92/DIODE                        0.750000    0.798863   -0.048863 (VIOLATED)
_22157_/A                               0.750000    0.798825   -0.048825 (VIOLATED)
ANTENNA_91/DIODE                        0.750000    0.798825   -0.048825 (VIOLATED)
_22040_/Y                               0.750000    0.798820   -0.048820 (VIOLATED)
_24069_/C1                              0.750000    0.798697   -0.048697 (VIOLATED)
_23762_/D1                              0.750000    0.798652   -0.048652 (VIOLATED)
ANTENNA_760/DIODE                       0.750000    0.798651   -0.048651 (VIOLATED)
fanout2176/A                            0.750000    0.798048   -0.048048 (VIOLATED)
fanout2177/X                            0.750000    0.798043   -0.048043 (VIOLATED)
_26165_/B                               0.750000    0.795124   -0.045124 (VIOLATED)
ANTENNA_172/DIODE                       0.750000    0.795124   -0.045124 (VIOLATED)
_24914_/D                               0.750000    0.795069   -0.045069 (VIOLATED)
_24913_/Y                               0.750000    0.795067   -0.045067 (VIOLATED)
_26208_/B1                              0.750000    0.795067   -0.045067 (VIOLATED)
_22161_/A2                              0.750000    0.793914   -0.043914 (VIOLATED)
_22447_/B                               0.750000    0.793907   -0.043907 (VIOLATED)
_23007_/A1                              0.750000    0.793903   -0.043903 (VIOLATED)
_25265_/A2                              0.750000    0.793903   -0.043903 (VIOLATED)
_22323_/A                               0.750000    0.793902   -0.043902 (VIOLATED)
_22322_/A                               0.750000    0.793900   -0.043900 (VIOLATED)
_23604_/A1                              0.750000    0.793899   -0.043899 (VIOLATED)
_23618_/A2                              0.750000    0.793897   -0.043897 (VIOLATED)
_25273_/A1                              0.750000    0.793888   -0.043888 (VIOLATED)
_22135_/Y                               0.750000    0.793885   -0.043885 (VIOLATED)
_25112_/C                               0.750000    0.793669   -0.043669 (VIOLATED)
_26152_/A_N                             0.750000    0.793665   -0.043665 (VIOLATED)
_23263_/Y                               0.750000    0.793662   -0.043662 (VIOLATED)
_24725_/C1                              0.750000    0.793662   -0.043662 (VIOLATED)
_23752_/A3                              0.750000    0.793443   -0.043443 (VIOLATED)
_24135_/B                               0.750000    0.793442   -0.043442 (VIOLATED)
_24126_/A1                              0.750000    0.793440   -0.043440 (VIOLATED)
_24248_/B1                              0.750000    0.793438   -0.043438 (VIOLATED)
_23751_/Y                               0.750000    0.793435   -0.043435 (VIOLATED)
_23046_/C                               0.750000    0.793253   -0.043253 (VIOLATED)
_23042_/Y                               0.750000    0.793249   -0.043249 (VIOLATED)
_22765_/B1                              0.750000    0.792755   -0.042755 (VIOLATED)
_22767_/B1                              0.750000    0.792754   -0.042754 (VIOLATED)
_22764_/X                               0.750000    0.792688   -0.042688 (VIOLATED)
_24443_/A2                              0.750000    0.792688   -0.042688 (VIOLATED)
_24316_/Y                               0.750000    0.791780   -0.041780 (VIOLATED)
_24470_/A2                              0.750000    0.791780   -0.041780 (VIOLATED)
fanout273/A                             0.750000    0.790121   -0.040121 (VIOLATED)
_38288_/Y                               0.750000    0.790092   -0.040092 (VIOLATED)
_22913_/B                               0.750000    0.784206   -0.034206 (VIOLATED)
_24368_/A2                              0.750000    0.784205   -0.034205 (VIOLATED)
_22062_/Y                               0.750000    0.784202   -0.034202 (VIOLATED)
_22912_/B                               0.750000    0.784202   -0.034202 (VIOLATED)
_24938_/B                               0.750000    0.783632   -0.033632 (VIOLATED)
_24897_/B                               0.750000    0.783627   -0.033627 (VIOLATED)
_24896_/Y                               0.750000    0.783625   -0.033625 (VIOLATED)
_24469_/C                               0.750000    0.783088   -0.033088 (VIOLATED)
_24431_/Y                               0.750000    0.783086   -0.033086 (VIOLATED)
_23297_/B1                              0.750000    0.781881   -0.031881 (VIOLATED)
_24737_/B                               0.750000    0.781877   -0.031877 (VIOLATED)
_24791_/B                               0.750000    0.781863   -0.031863 (VIOLATED)
ANTENNA_86/DIODE                        0.750000    0.781862   -0.031862 (VIOLATED)
_25068_/A1                              0.750000    0.781849   -0.031849 (VIOLATED)
_24699_/A2                              0.750000    0.781844   -0.031844 (VIOLATED)
_21936_/Y                               0.750000    0.781840   -0.031840 (VIOLATED)
_23046_/B                               0.750000    0.780596   -0.030597 (VIOLATED)
_23040_/Y                               0.750000    0.780595   -0.030595 (VIOLATED)
_26119_/A2                              0.750000    0.778312   -0.028312 (VIOLATED)
_23141_/B                               0.750000    0.778308   -0.028308 (VIOLATED)
_23483_/B2                              0.750000    0.778297   -0.028297 (VIOLATED)
_23848_/A                               0.750000    0.778265   -0.028265 (VIOLATED)
_26218_/A2                              0.750000    0.778256   -0.028256 (VIOLATED)
_22491_/A                               0.750000    0.778255   -0.028255 (VIOLATED)
_22345_/Y                               0.750000    0.778247   -0.028247 (VIOLATED)
_24350_/A1                              0.750000    0.777922   -0.027922 (VIOLATED)
_24347_/X                               0.750000    0.777673   -0.027673 (VIOLATED)
_22399_/B1                              0.750000    0.776036   -0.026036 (VIOLATED)
_22144_/Y                               0.750000    0.776027   -0.026027 (VIOLATED)
fanout1081/A                            0.750000    0.776027   -0.026027 (VIOLATED)
_23045_/B1                              0.750000    0.772675   -0.022675 (VIOLATED)
_23044_/X                               0.750000    0.772666   -0.022666 (VIOLATED)
_24711_/B2                              0.750000    0.771941   -0.021941 (VIOLATED)
_25508_/B                               0.750000    0.771935   -0.021935 (VIOLATED)
_25507_/A2                              0.750000    0.771935   -0.021935 (VIOLATED)
_24739_/A2                              0.750000    0.771930   -0.021930 (VIOLATED)
_25503_/A2                              0.750000    0.771907   -0.021907 (VIOLATED)
_23545_/B                               0.750000    0.771880   -0.021880 (VIOLATED)
_23988_/A3                              0.750000    0.771879   -0.021879 (VIOLATED)
_23493_/Y                               0.750000    0.771872   -0.021872 (VIOLATED)
_22483_/A2                              0.750000    0.771784   -0.021784 (VIOLATED)
_25165_/A                               0.750000    0.771781   -0.021781 (VIOLATED)
_22480_/Y                               0.750000    0.771780   -0.021780 (VIOLATED)
_25992_/B                               0.750000    0.771780   -0.021780 (VIOLATED)
_22725_/A                               0.750000    0.771276   -0.021276 (VIOLATED)
fanout1154/A                            0.750000    0.771272   -0.021272 (VIOLATED)
_21986_/Y                               0.750000    0.771271   -0.021271 (VIOLATED)
_25191_/B1                              0.750000    0.770506   -0.020506 (VIOLATED)
_25189_/Y                               0.750000    0.770504   -0.020504 (VIOLATED)
_21947_/B                               0.750000    0.768435   -0.018435 (VIOLATED)
_22929_/A                               0.750000    0.768414   -0.018414 (VIOLATED)
_35638_/B                               0.750000    0.768391   -0.018391 (VIOLATED)
_40252_/A2                              0.750000    0.768391   -0.018391 (VIOLATED)
_40102_/B1                              0.750000    0.768372   -0.018372 (VIOLATED)
_22601_/B                               0.750000    0.768284   -0.018284 (VIOLATED)
ANTENNA_747/DIODE                       0.750000    0.768283   -0.018283 (VIOLATED)
_41003_/A                               0.750000    0.768269   -0.018269 (VIOLATED)
ANTENNA_68/DIODE                        0.750000    0.768268   -0.018268 (VIOLATED)
ANTENNA_69/DIODE                        0.750000    0.768251   -0.018251 (VIOLATED)
_35618_/Y                               0.750000    0.768094   -0.018094 (VIOLATED)
_23953_/B2                              0.750000    0.767242   -0.017242 (VIOLATED)
ANTENNA_539/DIODE                       0.750000    0.767240   -0.017240 (VIOLATED)
_22164_/B                               0.750000    0.767153   -0.017153 (VIOLATED)
ANTENNA_538/DIODE                       0.750000    0.767151   -0.017151 (VIOLATED)
wire358/A                               0.750000    0.766968   -0.016968 (VIOLATED)
_36239_/Y                               0.750000    0.766928   -0.016928 (VIOLATED)
_24884_/A3                              0.750000    0.766789   -0.016789 (VIOLATED)
_23151_/B1                              0.750000    0.766789   -0.016789 (VIOLATED)
_23150_/Y                               0.750000    0.766788   -0.016788 (VIOLATED)
_24286_/A2                              0.750000    0.766788   -0.016788 (VIOLATED)
_23214_/B                               0.750000    0.766766   -0.016766 (VIOLATED)
_26128_/A2                              0.750000    0.766742   -0.016742 (VIOLATED)
_24986_/A3                              0.750000    0.766727   -0.016727 (VIOLATED)
_26169_/B1                              0.750000    0.766720   -0.016720 (VIOLATED)
_24830_/A1                              0.750000    0.766711   -0.016711 (VIOLATED)
_24801_/A3                              0.750000    0.766678   -0.016678 (VIOLATED)
ANTENNA_156/DIODE                       0.750000    0.766677   -0.016677 (VIOLATED)
_24629_/B2                              0.750000    0.766479   -0.016479 (VIOLATED)
_25769_/B                               0.750000    0.766449   -0.016449 (VIOLATED)
_24204_/A1                              0.750000    0.766439   -0.016439 (VIOLATED)
_25332_/A3                              0.750000    0.766339   -0.016339 (VIOLATED)
ANTENNA_157/DIODE                       0.750000    0.766339   -0.016339 (VIOLATED)
_23207_/X                               0.750000    0.766305   -0.016305 (VIOLATED)
_22013_/A1                              0.750000    0.766101   -0.016101 (VIOLATED)
_25946_/A1                              0.750000    0.765714   -0.015714 (VIOLATED)
ANTENNA_540/DIODE                       0.750000    0.765714   -0.015714 (VIOLATED)
_24387_/B1                              0.750000    0.765614   -0.015614 (VIOLATED)
fanout1504/X                            0.750000    0.765582   -0.015582 (VIOLATED)
_40869_/Y                               0.750000    0.764146   -0.014146 (VIOLATED)
_40870_/A2                              0.750000    0.764146   -0.014146 (VIOLATED)
_40876_/C1                              0.750000    0.764146   -0.014146 (VIOLATED)
max_cap68/A                             0.750000    0.764146   -0.014146 (VIOLATED)
_26041_/A2                              0.750000    0.762776   -0.012776 (VIOLATED)
_23411_/B                               0.750000    0.762776   -0.012776 (VIOLATED)
_26020_/A1                              0.750000    0.762773   -0.012773 (VIOLATED)
_23410_/Y                               0.750000    0.762772   -0.012772 (VIOLATED)
_22905_/A2                              0.750000    0.761813   -0.011813 (VIOLATED)
_25343_/B                               0.750000    0.761812   -0.011812 (VIOLATED)
_24537_/C                               0.750000    0.761811   -0.011811 (VIOLATED)
_22932_/C                               0.750000    0.761811   -0.011811 (VIOLATED)
_25663_/A2                              0.750000    0.761810   -0.011810 (VIOLATED)
_22295_/A2                              0.750000    0.761809   -0.011809 (VIOLATED)
_22294_/Y                               0.750000    0.761809   -0.011809 (VIOLATED)
fanout1420/A                            0.750000    0.758691   -0.008691 (VIOLATED)
fanout1421/A                            0.750000    0.758653   -0.008653 (VIOLATED)
_22115_/Y                               0.750000    0.758650   -0.008650 (VIOLATED)
_29161_/B1                              0.750000    0.757942   -0.007942 (VIOLATED)
_29162_/B                               0.750000    0.757935   -0.007935 (VIOLATED)
_29160_/Y                               0.750000    0.757931   -0.007931 (VIOLATED)
_34561_/A                               0.750000    0.755733   -0.005733 (VIOLATED)
_34727_/B                               0.750000    0.755731   -0.005731 (VIOLATED)
_34701_/B                               0.750000    0.755722   -0.005722 (VIOLATED)
_34682_/B                               0.750000    0.755722   -0.005722 (VIOLATED)
_34522_/B                               0.750000    0.755721   -0.005721 (VIOLATED)
_34519_/Y                               0.750000    0.755719   -0.005719 (VIOLATED)
_34820_/A2                              0.750000    0.755719   -0.005719 (VIOLATED)
wire439/A                               0.750000    0.755074   -0.005074 (VIOLATED)
_24230_/B1                              0.750000    0.755066   -0.005066 (VIOLATED)
_23654_/Y                               0.750000    0.755065   -0.005065 (VIOLATED)
_35197_/Y                               0.750000    0.755048   -0.005048 (VIOLATED)
_23519_/A                               0.750000    0.754566   -0.004566 (VIOLATED)
_23520_/B2                              0.750000    0.754558   -0.004558 (VIOLATED)
_23712_/A2                              0.750000    0.754556   -0.004556 (VIOLATED)
_22131_/C                               0.750000    0.754556   -0.004556 (VIOLATED)
_23622_/A1                              0.750000    0.754548   -0.004548 (VIOLATED)
_23613_/C_N                             0.750000    0.754535   -0.004535 (VIOLATED)
_25289_/B                               0.750000    0.754527   -0.004527 (VIOLATED)
_22164_/C_N                             0.750000    0.754523   -0.004523 (VIOLATED)
_22935_/A2                              0.750000    0.754520   -0.004520 (VIOLATED)
_22399_/A3                              0.750000    0.754520   -0.004520 (VIOLATED)
_22043_/B                               0.750000    0.754508   -0.004508 (VIOLATED)
_22130_/Y                               0.750000    0.754499   -0.004499 (VIOLATED)
_24279_/A                               0.750000    0.754340   -0.004340 (VIOLATED)
_24712_/B2                              0.750000    0.754273   -0.004273 (VIOLATED)
_26094_/B2                              0.750000    0.754273   -0.004273 (VIOLATED)
_24677_/A1                              0.750000    0.754244   -0.004244 (VIOLATED)
_22042_/Y                               0.750000    0.754186   -0.004186 (VIOLATED)
_24374_/A                               0.750000    0.753953   -0.003954 (VIOLATED)
_22904_/B                               0.750000    0.753952   -0.003952 (VIOLATED)
_24140_/A2                              0.750000    0.753944   -0.003944 (VIOLATED)
_25354_/A                               0.750000    0.753931   -0.003931 (VIOLATED)
_23522_/A                               0.750000    0.753928   -0.003928 (VIOLATED)
_22620_/B                               0.750000    0.753928   -0.003928 (VIOLATED)
_23523_/B                               0.750000    0.753925   -0.003925 (VIOLATED)
_21912_/Y                               0.750000    0.753913   -0.003913 (VIOLATED)
_23831_/A1                              0.750000    0.753629   -0.003629 (VIOLATED)
_23827_/Y                               0.750000    0.753628   -0.003628 (VIOLATED)
_26173_/A1                              0.750000    0.753220   -0.003220 (VIOLATED)
fanout1506/A                            0.750000    0.753204   -0.003204 (VIOLATED)
_21935_/Y                               0.750000    0.753189   -0.003189 (VIOLATED)
max_cap1507/A                           0.750000    0.753189   -0.003189 (VIOLATED)
_23253_/B1                              0.750000    0.752768   -0.002768 (VIOLATED)
_25203_/A2_N                            0.750000    0.752768   -0.002768 (VIOLATED)
_26142_/A2                              0.750000    0.752766   -0.002766 (VIOLATED)
_25123_/A2                              0.750000    0.752761   -0.002761 (VIOLATED)
_24895_/B                               0.750000    0.752761   -0.002761 (VIOLATED)
_23149_/Y                               0.750000    0.752757   -0.002757 (VIOLATED)
_25119_/B1                              0.750000    0.752757   -0.002757 (VIOLATED)
_23176_/A3                              0.750000    0.752494   -0.002494 (VIOLATED)
_26111_/A1                              0.750000    0.752491   -0.002491 (VIOLATED)
_24998_/A2                              0.750000    0.752488   -0.002488 (VIOLATED)
_24804_/B                               0.750000    0.752478   -0.002478 (VIOLATED)
_25109_/B                               0.750000    0.752469   -0.002469 (VIOLATED)
_23174_/Y                               0.750000    0.752467   -0.002467 (VIOLATED)
_24788_/B1                              0.750000    0.752467   -0.002467 (VIOLATED)
_25185_/B                               0.750000    0.751686   -0.001686 (VIOLATED)
_22810_/B1                              0.750000    0.751685   -0.001685 (VIOLATED)
_23840_/A2                              0.750000    0.751659   -0.001659 (VIOLATED)
_22765_/Y                               0.750000    0.751647   -0.001647 (VIOLATED)
_26176_/A1                              0.750000    0.750504   -0.000504 (VIOLATED)
_24957_/B                               0.750000    0.750504   -0.000504 (VIOLATED)
_23185_/Y                               0.750000    0.750497   -0.000497 (VIOLATED)
_23187_/B1                              0.750000    0.750497   -0.000497 (VIOLATED)

max fanout

Pin                                   Limit Fanout  Slack
---------------------------------------------------------
clkbuf_leaf_236_clk_dsp/X                10     23    -13 (VIOLATED)
clkbuf_leaf_37_clk_dsp/X                 10     23    -13 (VIOLATED)
clkbuf_leaf_11_clk_dsp/X                 10     22    -12 (VIOLATED)
clkbuf_leaf_24_clk_dsp/X                 10     22    -12 (VIOLATED)
clkbuf_leaf_255_clk_dsp/X                10     22    -12 (VIOLATED)
clkbuf_leaf_60_clk_dsp/X                 10     22    -12 (VIOLATED)
clkbuf_leaf_157_clk_dsp/X                10     21    -11 (VIOLATED)
clkbuf_leaf_160_clk_dsp/X                10     21    -11 (VIOLATED)
clkbuf_leaf_38_clk_dsp/X                 10     21    -11 (VIOLATED)
clkbuf_leaf_158_clk_dsp/X                10     20    -10 (VIOLATED)
clkbuf_leaf_167_clk_dsp/X                10     20    -10 (VIOLATED)
clkbuf_leaf_168_clk_dsp/X                10     20    -10 (VIOLATED)
clkbuf_leaf_197_clk_dsp/X                10     20    -10 (VIOLATED)
fanout1216/X                             10     20    -10 (VIOLATED)
clkbuf_leaf_152_clk_dsp/X                10     19     -9 (VIOLATED)
clkbuf_leaf_196_clk_dsp/X                10     19     -9 (VIOLATED)
clkbuf_leaf_20_clk_dsp/X                 10     19     -9 (VIOLATED)
clkbuf_leaf_237_clk_dsp/X                10     19     -9 (VIOLATED)
clkbuf_leaf_201_clk_dsp/X                10     18     -8 (VIOLATED)
clkbuf_leaf_21_clk_dsp/X                 10     18     -8 (VIOLATED)
clkbuf_leaf_220_clk_dsp/X                10     18     -8 (VIOLATED)
clkbuf_leaf_224_clk_dsp/X                10     18     -8 (VIOLATED)
clkbuf_leaf_57_clk_dsp/X                 10     18     -8 (VIOLATED)
clkbuf_leaf_129_clk_dsp/X                10     17     -7 (VIOLATED)
clkbuf_leaf_130_clk_dsp/X                10     17     -7 (VIOLATED)
clkbuf_leaf_153_clk_dsp/X                10     17     -7 (VIOLATED)
clkbuf_leaf_195_clk_dsp/X                10     17     -7 (VIOLATED)
clkbuf_leaf_219_clk_dsp/X                10     17     -7 (VIOLATED)
clkbuf_leaf_223_clk_dsp/X                10     17     -7 (VIOLATED)
clkbuf_leaf_242_clk_dsp/X                10     17     -7 (VIOLATED)
clkbuf_leaf_27_clk_dsp/X                 10     17     -7 (VIOLATED)
clkbuf_leaf_31_clk_dsp/X                 10     17     -7 (VIOLATED)
clkbuf_leaf_33_clk_dsp/X                 10     17     -7 (VIOLATED)
clkbuf_leaf_53_clk_dsp/X                 10     17     -7 (VIOLATED)
clkbuf_leaf_54_clk_dsp/X                 10     17     -7 (VIOLATED)
clkbuf_leaf_69_clk_dsp/X                 10     17     -7 (VIOLATED)
clkbuf_leaf_74_clk_dsp/X                 10     17     -7 (VIOLATED)
clkbuf_leaf_78_clk_dsp/X                 10     17     -7 (VIOLATED)
fanout1052/X                             10     17     -7 (VIOLATED)
_44165_/Q                                10     16     -6 (VIOLATED)
clkbuf_leaf_125_clk_dsp/X                10     16     -6 (VIOLATED)
clkbuf_leaf_155_clk_dsp/X                10     16     -6 (VIOLATED)
clkbuf_leaf_156_clk_dsp/X                10     16     -6 (VIOLATED)
clkbuf_leaf_163_clk_dsp/X                10     16     -6 (VIOLATED)
clkbuf_leaf_186_clk_dsp/X                10     16     -6 (VIOLATED)
clkbuf_leaf_188_clk_dsp/X                10     16     -6 (VIOLATED)
clkbuf_leaf_193_clk_dsp/X                10     16     -6 (VIOLATED)
clkbuf_leaf_202_clk_dsp/X                10     16     -6 (VIOLATED)
clkbuf_leaf_204_clk_dsp/X                10     16     -6 (VIOLATED)
clkbuf_leaf_210_clk_dsp/X                10     16     -6 (VIOLATED)
clkbuf_leaf_213_clk_dsp/X                10     16     -6 (VIOLATED)
clkbuf_leaf_232_clk_dsp/X                10     16     -6 (VIOLATED)
clkbuf_leaf_234_clk_dsp/X                10     16     -6 (VIOLATED)
clkbuf_leaf_26_clk_dsp/X                 10     16     -6 (VIOLATED)
clkbuf_leaf_39_clk_dsp/X                 10     16     -6 (VIOLATED)
clkbuf_leaf_40_clk_dsp/X                 10     16     -6 (VIOLATED)
clkbuf_leaf_48_clk_dsp/X                 10     16     -6 (VIOLATED)
clkbuf_leaf_49_clk_dsp/X                 10     16     -6 (VIOLATED)
clkbuf_leaf_70_clk_dsp/X                 10     16     -6 (VIOLATED)
clkbuf_leaf_73_clk_dsp/X                 10     16     -6 (VIOLATED)
clkbuf_leaf_79_clk_dsp/X                 10     16     -6 (VIOLATED)
fanout1240/X                             10     16     -6 (VIOLATED)
fanout980/X                              10     16     -6 (VIOLATED)
_22194_/Y                                10     15     -5 (VIOLATED)
clkbuf_leaf_120_clk_dsp/X                10     15     -5 (VIOLATED)
clkbuf_leaf_124_clk_dsp/X                10     15     -5 (VIOLATED)
clkbuf_leaf_127_clk_dsp/X                10     15     -5 (VIOLATED)
clkbuf_leaf_128_clk_dsp/X                10     15     -5 (VIOLATED)
clkbuf_leaf_159_clk_dsp/X                10     15     -5 (VIOLATED)
clkbuf_leaf_165_clk_dsp/X                10     15     -5 (VIOLATED)
clkbuf_leaf_174_clk_dsp/X                10     15     -5 (VIOLATED)
clkbuf_leaf_191_clk_dsp/X                10     15     -5 (VIOLATED)
clkbuf_leaf_203_clk_dsp/X                10     15     -5 (VIOLATED)
clkbuf_leaf_226_clk_dsp/X                10     15     -5 (VIOLATED)
clkbuf_leaf_229_clk_dsp/X                10     15     -5 (VIOLATED)
clkbuf_leaf_230_clk_dsp/X                10     15     -5 (VIOLATED)
clkbuf_leaf_238_clk_dsp/X                10     15     -5 (VIOLATED)
clkbuf_leaf_243_clk_dsp/X                10     15     -5 (VIOLATED)
clkbuf_leaf_25_clk_dsp/X                 10     15     -5 (VIOLATED)
clkbuf_leaf_36_clk_dsp/X                 10     15     -5 (VIOLATED)
clkbuf_leaf_47_clk_dsp/X                 10     15     -5 (VIOLATED)
clkbuf_leaf_58_clk_dsp/X                 10     15     -5 (VIOLATED)
clkbuf_leaf_61_clk_dsp/X                 10     15     -5 (VIOLATED)
clkbuf_leaf_9_clk_dsp/X                  10     15     -5 (VIOLATED)
fanout1041/X                             10     15     -5 (VIOLATED)
fanout1043/X                             10     15     -5 (VIOLATED)
fanout1046/X                             10     15     -5 (VIOLATED)
fanout1074/X                             10     15     -5 (VIOLATED)
fanout1197/X                             10     15     -5 (VIOLATED)
fanout1560/X                             10     15     -5 (VIOLATED)
fanout818/X                              10     15     -5 (VIOLATED)
clkbuf_leaf_171_clk_dsp/X                10     14     -4 (VIOLATED)
clkbuf_leaf_172_clk_dsp/X                10     14     -4 (VIOLATED)
clkbuf_leaf_17_clk_dsp/X                 10     14     -4 (VIOLATED)
clkbuf_leaf_184_clk_dsp/X                10     14     -4 (VIOLATED)
clkbuf_leaf_199_clk_dsp/X                10     14     -4 (VIOLATED)
clkbuf_leaf_19_clk_dsp/X                 10     14     -4 (VIOLATED)
clkbuf_leaf_209_clk_dsp/X                10     14     -4 (VIOLATED)
clkbuf_leaf_214_clk_dsp/X                10     14     -4 (VIOLATED)
clkbuf_leaf_221_clk_dsp/X                10     14     -4 (VIOLATED)
clkbuf_leaf_239_clk_dsp/X                10     14     -4 (VIOLATED)
clkbuf_leaf_248_clk_dsp/X                10     14     -4 (VIOLATED)
clkbuf_leaf_250_clk_dsp/X                10     14     -4 (VIOLATED)
clkbuf_leaf_45_clk_dsp/X                 10     14     -4 (VIOLATED)
clkbuf_leaf_46_clk_dsp/X                 10     14     -4 (VIOLATED)
clkbuf_leaf_56_clk_dsp/X                 10     14     -4 (VIOLATED)
clkbuf_leaf_62_clk_dsp/X                 10     14     -4 (VIOLATED)
fanout1026/X                             10     14     -4 (VIOLATED)
fanout1087/X                             10     14     -4 (VIOLATED)
fanout1227/X                             10     14     -4 (VIOLATED)
fanout1504/X                             10     14     -4 (VIOLATED)
fanout1723/X                             10     14     -4 (VIOLATED)
fanout732/X                              10     14     -4 (VIOLATED)
_21749_/Y                                10     13     -3 (VIOLATED)
_21934_/X                                10     13     -3 (VIOLATED)
_34599_/X                                10     13     -3 (VIOLATED)
clkbuf_5_25__f_clk_dsp/X                 10     13     -3 (VIOLATED)
clkbuf_leaf_10_clk_dsp/X                 10     13     -3 (VIOLATED)
clkbuf_leaf_111_clk_dsp/X                10     13     -3 (VIOLATED)
clkbuf_leaf_123_clk_dsp/X                10     13     -3 (VIOLATED)
clkbuf_leaf_13_clk_dsp/X                 10     13     -3 (VIOLATED)
clkbuf_leaf_150_clk_dsp/X                10     13     -3 (VIOLATED)
clkbuf_leaf_154_clk_dsp/X                10     13     -3 (VIOLATED)
clkbuf_leaf_177_clk_dsp/X                10     13     -3 (VIOLATED)
clkbuf_leaf_189_clk_dsp/X                10     13     -3 (VIOLATED)
clkbuf_leaf_18_clk_dsp/X                 10     13     -3 (VIOLATED)
clkbuf_leaf_198_clk_dsp/X                10     13     -3 (VIOLATED)
clkbuf_leaf_205_clk_dsp/X                10     13     -3 (VIOLATED)
clkbuf_leaf_206_clk_dsp/X                10     13     -3 (VIOLATED)
clkbuf_leaf_217_clk_dsp/X                10     13     -3 (VIOLATED)
clkbuf_leaf_222_clk_dsp/X                10     13     -3 (VIOLATED)
clkbuf_leaf_225_clk_dsp/X                10     13     -3 (VIOLATED)
clkbuf_leaf_22_clk_dsp/X                 10     13     -3 (VIOLATED)
clkbuf_leaf_240_clk_dsp/X                10     13     -3 (VIOLATED)
clkbuf_leaf_241_clk_dsp/X                10     13     -3 (VIOLATED)
clkbuf_leaf_247_clk_dsp/X                10     13     -3 (VIOLATED)
clkbuf_leaf_249_clk_dsp/X                10     13     -3 (VIOLATED)
clkbuf_leaf_253_clk_dsp/X                10     13     -3 (VIOLATED)
clkbuf_leaf_32_clk_dsp/X                 10     13     -3 (VIOLATED)
clkbuf_leaf_35_clk_dsp/X                 10     13     -3 (VIOLATED)
clkbuf_leaf_41_clk_dsp/X                 10     13     -3 (VIOLATED)
clkbuf_leaf_42_clk_dsp/X                 10     13     -3 (VIOLATED)
clkbuf_leaf_51_clk_dsp/X                 10     13     -3 (VIOLATED)
clkbuf_leaf_55_clk_dsp/X                 10     13     -3 (VIOLATED)
clkbuf_leaf_68_clk_dsp/X                 10     13     -3 (VIOLATED)
clkbuf_leaf_72_clk_dsp/X                 10     13     -3 (VIOLATED)
clkbuf_leaf_77_clk_dsp/X                 10     13     -3 (VIOLATED)
clkbuf_leaf_95_clk_dsp/X                 10     13     -3 (VIOLATED)
fanout1028/X                             10     13     -3 (VIOLATED)
fanout1045/X                             10     13     -3 (VIOLATED)
fanout1147/X                             10     13     -3 (VIOLATED)
fanout1155/X                             10     13     -3 (VIOLATED)
fanout1251/X                             10     13     -3 (VIOLATED)
fanout1276/X                             10     13     -3 (VIOLATED)
fanout1403/X                             10     13     -3 (VIOLATED)
fanout1413/X                             10     13     -3 (VIOLATED)
fanout2875/X                             10     13     -3 (VIOLATED)
fanout742/X                              10     13     -3 (VIOLATED)
fanout839/X                              10     13     -3 (VIOLATED)
fanout937/X                              10     13     -3 (VIOLATED)
clkbuf_leaf_119_clk_dsp/X                10     12     -2 (VIOLATED)
clkbuf_leaf_121_clk_dsp/X                10     12     -2 (VIOLATED)
clkbuf_leaf_12_clk_dsp/X                 10     12     -2 (VIOLATED)
clkbuf_leaf_145_clk_dsp/X                10     12     -2 (VIOLATED)
clkbuf_leaf_149_clk_dsp/X                10     12     -2 (VIOLATED)
clkbuf_leaf_162_clk_dsp/X                10     12     -2 (VIOLATED)
clkbuf_leaf_164_clk_dsp/X                10     12     -2 (VIOLATED)
clkbuf_leaf_170_clk_dsp/X                10     12     -2 (VIOLATED)
clkbuf_leaf_173_clk_dsp/X                10     12     -2 (VIOLATED)
clkbuf_leaf_212_clk_dsp/X                10     12     -2 (VIOLATED)
clkbuf_leaf_215_clk_dsp/X                10     12     -2 (VIOLATED)
clkbuf_leaf_218_clk_dsp/X                10     12     -2 (VIOLATED)
clkbuf_leaf_233_clk_dsp/X                10     12     -2 (VIOLATED)
clkbuf_leaf_235_clk_dsp/X                10     12     -2 (VIOLATED)
clkbuf_leaf_254_clk_dsp/X                10     12     -2 (VIOLATED)
clkbuf_leaf_30_clk_dsp/X                 10     12     -2 (VIOLATED)
clkbuf_leaf_4_clk_dsp/X                  10     12     -2 (VIOLATED)
clkbuf_leaf_52_clk_dsp/X                 10     12     -2 (VIOLATED)
clkbuf_leaf_59_clk_dsp/X                 10     12     -2 (VIOLATED)
clkbuf_leaf_71_clk_dsp/X                 10     12     -2 (VIOLATED)
clkbuf_leaf_76_clk_dsp/X                 10     12     -2 (VIOLATED)
clkbuf_leaf_7_clk_dsp/X                  10     12     -2 (VIOLATED)
clkbuf_leaf_91_clk_dsp/X                 10     12     -2 (VIOLATED)
clkbuf_leaf_94_clk_dsp/X                 10     12     -2 (VIOLATED)
clkbuf_leaf_98_clk_dsp/X                 10     12     -2 (VIOLATED)
fanout1048/X                             10     12     -2 (VIOLATED)
fanout1050/X                             10     12     -2 (VIOLATED)
fanout1161/X                             10     12     -2 (VIOLATED)
fanout1177/X                             10     12     -2 (VIOLATED)
fanout1192/X                             10     12     -2 (VIOLATED)
fanout1237/X                             10     12     -2 (VIOLATED)
fanout1248/X                             10     12     -2 (VIOLATED)
fanout1261/X                             10     12     -2 (VIOLATED)
fanout1267/X                             10     12     -2 (VIOLATED)
fanout1424/X                             10     12     -2 (VIOLATED)
fanout1459/X                             10     12     -2 (VIOLATED)
fanout1511/X                             10     12     -2 (VIOLATED)
fanout1558/X                             10     12     -2 (VIOLATED)
fanout1730/X                             10     12     -2 (VIOLATED)
fanout1739/X                             10     12     -2 (VIOLATED)
fanout1846/X                             10     12     -2 (VIOLATED)
fanout229/X                              10     12     -2 (VIOLATED)
fanout632/X                              10     12     -2 (VIOLATED)
fanout664/X                              10     12     -2 (VIOLATED)
fanout688/X                              10     12     -2 (VIOLATED)
fanout706/X                              10     12     -2 (VIOLATED)
fanout708/X                              10     12     -2 (VIOLATED)
fanout770/X                              10     12     -2 (VIOLATED)
fanout815/X                              10     12     -2 (VIOLATED)
fanout845/X                              10     12     -2 (VIOLATED)
fanout849/X                              10     12     -2 (VIOLATED)
fanout857/X                              10     12     -2 (VIOLATED)
fanout877/X                              10     12     -2 (VIOLATED)
fanout881/X                              10     12     -2 (VIOLATED)
fanout915/X                              10     12     -2 (VIOLATED)
fanout956/X                              10     12     -2 (VIOLATED)
fanout974/X                              10     12     -2 (VIOLATED)
_21772_/Y                                10     11        (VIOLATED)
_21926_/X                                10     11        (VIOLATED)
_22063_/Y                                10     11        (VIOLATED)
_22096_/Y                                10     11        (VIOLATED)
_22467_/X                                10     11        (VIOLATED)
_22758_/X                                10     11        (VIOLATED)
clkbuf_5_14__f_clk_dsp/X                 10     11        (VIOLATED)
clkbuf_5_24__f_clk_dsp/X                 10     11        (VIOLATED)
clkbuf_5_26__f_clk_dsp/X                 10     11        (VIOLATED)
clkbuf_5_8__f_clk_dsp/X                  10     11        (VIOLATED)
clkbuf_5_9__f_clk_dsp/X                  10     11        (VIOLATED)
clkbuf_leaf_0_clk_dsp/X                  10     11        (VIOLATED)
clkbuf_leaf_109_clk_dsp/X                10     11        (VIOLATED)
clkbuf_leaf_115_clk_dsp/X                10     11        (VIOLATED)
clkbuf_leaf_116_clk_dsp/X                10     11        (VIOLATED)
clkbuf_leaf_132_clk_dsp/X                10     11        (VIOLATED)
clkbuf_leaf_134_clk_dsp/X                10     11        (VIOLATED)
clkbuf_leaf_144_clk_dsp/X                10     11        (VIOLATED)
clkbuf_leaf_179_clk_dsp/X                10     11        (VIOLATED)
clkbuf_leaf_190_clk_dsp/X                10     11        (VIOLATED)
clkbuf_leaf_194_clk_dsp/X                10     11        (VIOLATED)
clkbuf_leaf_208_clk_dsp/X                10     11        (VIOLATED)
clkbuf_leaf_228_clk_dsp/X                10     11        (VIOLATED)
clkbuf_leaf_231_clk_dsp/X                10     11        (VIOLATED)
clkbuf_leaf_246_clk_dsp/X                10     11        (VIOLATED)
clkbuf_leaf_67_clk_dsp/X                 10     11        (VIOLATED)
clkbuf_leaf_75_clk_dsp/X                 10     11        (VIOLATED)
fanout1004/X                             10     11        (VIOLATED)
fanout1010/X                             10     11        (VIOLATED)
fanout1013/X                             10     11        (VIOLATED)
fanout1016/X                             10     11        (VIOLATED)
fanout1027/X                             10     11        (VIOLATED)
fanout1032/X                             10     11        (VIOLATED)
fanout1037/X                             10     11        (VIOLATED)
fanout1058/X                             10     11        (VIOLATED)
fanout1075/X                             10     11        (VIOLATED)
fanout1138/X                             10     11        (VIOLATED)
fanout1148/X                             10     11        (VIOLATED)
fanout1156/X                             10     11        (VIOLATED)
fanout1169/X                             10     11        (VIOLATED)
fanout1181/X                             10     11        (VIOLATED)
fanout1186/X                             10     11        (VIOLATED)
fanout1191/X                             10     11        (VIOLATED)
fanout1196/X                             10     11        (VIOLATED)
fanout1200/X                             10     11        (VIOLATED)
fanout1202/X                             10     11        (VIOLATED)
fanout1208/X                             10     11        (VIOLATED)
fanout1217/X                             10     11        (VIOLATED)
fanout1224/X                             10     11        (VIOLATED)
fanout1234/X                             10     11        (VIOLATED)
fanout1242/X                             10     11        (VIOLATED)
fanout1244/X                             10     11        (VIOLATED)
fanout1245/X                             10     11        (VIOLATED)
fanout1263/X                             10     11        (VIOLATED)
fanout1264/X                             10     11        (VIOLATED)
fanout1269/X                             10     11        (VIOLATED)
fanout1279/X                             10     11        (VIOLATED)
fanout1282/X                             10     11        (VIOLATED)
fanout1285/X                             10     11        (VIOLATED)
fanout1289/X                             10     11        (VIOLATED)
fanout1293/X                             10     11        (VIOLATED)
fanout1295/X                             10     11        (VIOLATED)
fanout1297/X                             10     11        (VIOLATED)
fanout1299/X                             10     11        (VIOLATED)
fanout1300/X                             10     11        (VIOLATED)
fanout1360/X                             10     11        (VIOLATED)
fanout1366/X                             10     11        (VIOLATED)
fanout1390/X                             10     11        (VIOLATED)
fanout1418/X                             10     11        (VIOLATED)
fanout1423/X                             10     11        (VIOLATED)
fanout1426/X                             10     11        (VIOLATED)
fanout1503/X                             10     11        (VIOLATED)
fanout1544/X                             10     11        (VIOLATED)
fanout1553/X                             10     11        (VIOLATED)
fanout1565/X                             10     11        (VIOLATED)
fanout1600/X                             10     11        (VIOLATED)
fanout1601/X                             10     11        (VIOLATED)
fanout1608/X                             10     11        (VIOLATED)
fanout1614/X                             10     11        (VIOLATED)
fanout1643/X                             10     11        (VIOLATED)
fanout1705/X                             10     11        (VIOLATED)
fanout1735/X                             10     11        (VIOLATED)
fanout1740/X                             10     11        (VIOLATED)
fanout220/X                              10     11        (VIOLATED)
fanout246/X                              10     11        (VIOLATED)
fanout401/X                              10     11        (VIOLATED)
fanout414/X                              10     11        (VIOLATED)
fanout488/X                              10     11        (VIOLATED)
fanout500/X                              10     11        (VIOLATED)
fanout536/X                              10     11        (VIOLATED)
fanout538/X                              10     11        (VIOLATED)
fanout581/X                              10     11        (VIOLATED)
fanout598/X                              10     11        (VIOLATED)
fanout606/X                              10     11        (VIOLATED)
fanout613/X                              10     11        (VIOLATED)
fanout620/X                              10     11        (VIOLATED)
fanout628/X                              10     11        (VIOLATED)
fanout644/X                              10     11        (VIOLATED)
fanout668/X                              10     11        (VIOLATED)
fanout689/X                              10     11        (VIOLATED)
fanout690/X                              10     11        (VIOLATED)
fanout700/X                              10     11        (VIOLATED)
fanout710/X                              10     11        (VIOLATED)
fanout714/X                              10     11        (VIOLATED)
fanout720/X                              10     11        (VIOLATED)
fanout746/X                              10     11        (VIOLATED)
fanout762/X                              10     11        (VIOLATED)
fanout778/X                              10     11        (VIOLATED)
fanout788/X                              10     11        (VIOLATED)
fanout790/X                              10     11        (VIOLATED)
fanout796/X                              10     11        (VIOLATED)
fanout808/X                              10     11        (VIOLATED)
fanout809/X                              10     11        (VIOLATED)
fanout811/X                              10     11        (VIOLATED)
fanout828/X                              10     11        (VIOLATED)
fanout832/X                              10     11        (VIOLATED)
fanout834/X                              10     11        (VIOLATED)
fanout836/X                              10     11        (VIOLATED)
fanout846/X                              10     11        (VIOLATED)
fanout854/X                              10     11        (VIOLATED)
fanout874/X                              10     11        (VIOLATED)
fanout876/X                              10     11        (VIOLATED)
fanout878/X                              10     11        (VIOLATED)
fanout884/X                              10     11        (VIOLATED)
fanout904/X                              10     11        (VIOLATED)
fanout920/X                              10     11        (VIOLATED)
fanout923/X                              10     11        (VIOLATED)
fanout939/X                              10     11        (VIOLATED)
fanout944/X                              10     11        (VIOLATED)
fanout948/X                              10     11        (VIOLATED)
fanout964/X                              10     11        (VIOLATED)
fanout988/X                              10     11        (VIOLATED)

max capacitance

Pin                                        Limit         Cap       Slack
------------------------------------------------------------------------
fanout1074/X                            0.200000    0.300894   -0.100895 (VIOLATED)
fanout1403/X                            0.200000    0.298761   -0.098761 (VIOLATED)
fanout1041/X                            0.200000    0.294161   -0.094161 (VIOLATED)
clone91/X                               0.081492    0.175476   -0.093984 (VIOLATED)
fanout995/X                             0.200000    0.292894   -0.092894 (VIOLATED)
fanout1037/X                            0.200000    0.272133   -0.072133 (VIOLATED)
fanout1052/X                            0.200000    0.265444   -0.065444 (VIOLATED)
_22420_/Y                               0.200000    0.264957   -0.064957 (VIOLATED)
fanout1614/X                            0.200000    0.256259   -0.056259 (VIOLATED)
_21934_/X                               0.200000    0.252702   -0.052702 (VIOLATED)
fanout1504/X                            0.200000    0.249196   -0.049196 (VIOLATED)
fanout811/X                             0.200000    0.245752   -0.045752 (VIOLATED)
fanout808/X                             0.200000    0.242188   -0.042188 (VIOLATED)
fanout1031/X                            0.200000    0.232502   -0.032502 (VIOLATED)
fanout778/X                             0.200000    0.229207   -0.029207 (VIOLATED)
_34599_/X                               0.200000    0.229106   -0.029106 (VIOLATED)
hold100/X                               0.200000    0.226303   -0.026303 (VIOLATED)
fanout815/X                             0.200000    0.224124   -0.024124 (VIOLATED)
fanout821/X                             0.200000    0.223388   -0.023388 (VIOLATED)
fanout1045/X                            0.200000    0.223289   -0.023289 (VIOLATED)
fanout980/X                             0.200000    0.223016   -0.023016 (VIOLATED)
clone85/X                               0.081492    0.101764   -0.020272 (VIOLATED)
fanout1566/X                            0.200000    0.219211   -0.019211 (VIOLATED)
_21811_/Y                               0.200000    0.218253   -0.018253 (VIOLATED)
fanout1511/X                            0.200000    0.218115   -0.018115 (VIOLATED)
_22195_/Y                               0.200000    0.217997   -0.017997 (VIOLATED)
fanout1087/X                            0.200000    0.217191   -0.017191 (VIOLATED)
clone52/X                               0.081492    0.097199   -0.015707 (VIOLATED)
fanout1426/X                            0.200000    0.214969   -0.014969 (VIOLATED)
fanout994/X                             0.200000    0.214679   -0.014679 (VIOLATED)
fanout963/X                             0.200000    0.214461   -0.014461 (VIOLATED)
fanout732/X                             0.200000    0.214327   -0.014327 (VIOLATED)
fanout750/X                             0.200000    0.213726   -0.013726 (VIOLATED)
_22194_/Y                               0.200000    0.213544   -0.013544 (VIOLATED)
fanout668/X                             0.200000    0.213141   -0.013141 (VIOLATED)
_21810_/Y                               0.200000    0.211698   -0.011698 (VIOLATED)
fanout860/X                             0.200000    0.211094   -0.011094 (VIOLATED)
_44165_/Q                               0.200000    0.209768   -0.009768 (VIOLATED)
fanout877/X                             0.200000    0.209322   -0.009322 (VIOLATED)
fanout920/X                             0.200000    0.209131   -0.009131 (VIOLATED)
fanout879/X                             0.200000    0.208774   -0.008774 (VIOLATED)
fanout1123/X                            0.200000    0.208535   -0.008535 (VIOLATED)
fanout878/X                             0.200000    0.205465   -0.005465 (VIOLATED)
_23753_/Y                               0.086070    0.091182   -0.005112 (VIOLATED)
fanout1723/X                            0.200000    0.203392   -0.003392 (VIOLATED)
fanout686/X                             0.200000    0.202305   -0.002305 (VIOLATED)



===========================================================================
report_parasitic_annotation -report_unannotated
============================================================================
Found 340 unannotated drivers.
 clk_2p4g
 rf_adc_q_in[0]
 rf_adc_q_in[10]
 rf_adc_q_in[11]
 rf_adc_q_in[12]
 rf_adc_q_in[13]
 rf_adc_q_in[14]
 rf_adc_q_in[15]
 rf_adc_q_in[1]
 rf_adc_q_in[2]
 rf_adc_q_in[3]
 rf_adc_q_in[4]
 rf_adc_q_in[5]
 rf_adc_q_in[6]
 rf_adc_q_in[7]
 rf_adc_q_in[8]
 rf_adc_q_in[9]
 _43579__2974/LO
 clkload0/Y
 clkload1/Y
 clkload10/Y
 clkload100/Y
 clkload101/Y
 clkload102/Y
 clkload103/Y
 clkload104/X
 clkload105/Y
 clkload106/Y
 clkload107/Y
 clkload108/Y
 clkload109/X
 clkload11/Y
 clkload110/Y
 clkload111/Y
 clkload112/Y
 clkload113/Y
 clkload114/Y
 clkload115/Y
 clkload116/Y
 clkload117/Y
 clkload118/Y
 clkload119/Y
 clkload12/Y
 clkload120/Y
 clkload121/Y
 clkload122/Y
 clkload123/Y
 clkload124/Y
 clkload125/Y
 clkload126/Y
 clkload127/Y
 clkload128/Y
 clkload129/Y
 clkload13/Y
 clkload130/Y
 clkload131/Y
 clkload132/X
 clkload133/Y
 clkload134/Y
 clkload135/X
 clkload136/Y
 clkload137/Y
 clkload138/Y
 clkload139/Y
 clkload14/X
 clkload140/Y
 clkload141/Y
 clkload142/X
 clkload143/Y
 clkload144/Y
 clkload145/Y
 clkload146/Y
 clkload147/Y
 clkload148/Y
 clkload149/X
 clkload15/Y
 clkload150/Y
 clkload151/X
 clkload152/Y
 clkload153/X
 clkload154/Y
 clkload155/Y
 clkload156/Y
 clkload157/Y
 clkload158/Y
 clkload159/Y
 clkload16/Y
 clkload160/Y
 clkload161/Y
 clkload162/Y
 clkload163/Y
 clkload164/Y
 clkload165/Y
 clkload166/Y
 clkload167/X
 clkload168/Y
 clkload169/Y
 clkload17/Y
 clkload170/Y
 clkload171/Y
 clkload172/Y
 clkload173/Y
 clkload174/Y
 clkload175/Y
 clkload176/Y
 clkload177/Y
 clkload178/Y
 clkload179/Y
 clkload18/Y
 clkload180/Y
 clkload181/Y
 clkload182/Y
 clkload183/Y
 clkload184/Y
 clkload185/X
 clkload186/X
 clkload187/Y
 clkload188/Y
 clkload189/Y
 clkload19/Y
 clkload190/Y
 clkload191/X
 clkload192/X
 clkload193/Y
 clkload194/Y
 clkload195/Y
 clkload196/Y
 clkload197/Y
 clkload198/Y
 clkload199/Y
 clkload2/Y
 clkload20/Y
 clkload200/X
 clkload201/Y
 clkload202/Y
 clkload203/Y
 clkload204/Y
 clkload205/Y
 clkload206/Y
 clkload207/Y
 clkload208/Y
 clkload209/Y
 clkload21/Y
 clkload210/X
 clkload211/Y
 clkload212/Y
 clkload213/Y
 clkload214/Y
 clkload215/Y
 clkload216/Y
 clkload217/Y
 clkload218/X
 clkload219/Y
 clkload22/Y
 clkload220/Y
 clkload221/Y
 clkload222/X
 clkload223/Y
 clkload224/Y
 clkload225/X
 clkload226/Y
 clkload227/Y
 clkload228/X
 clkload229/Y
 clkload23/Y
 clkload230/X
 clkload24/Y
 clkload25/Y
 clkload26/Y
 clkload27/Y
 clkload28/X
 clkload29/X
 clkload3/Y
 clkload30/Y
 clkload31/Y
 clkload32/Y
 clkload33/Y
 clkload34/Y
 clkload35/Y
 clkload36/Y
 clkload37/Y
 clkload38/Y
 clkload39/Y
 clkload4/X
 clkload40/Y
 clkload41/Y
 clkload42/Y
 clkload43/Y
 clkload44/Y
 clkload45/Y
 clkload46/Y
 clkload47/Y
 clkload48/Y
 clkload49/Y
 clkload5/Y
 clkload50/Y
 clkload51/Y
 clkload52/Y
 clkload53/X
 clkload54/Y
 clkload55/Y
 clkload56/Y
 clkload57/X
 clkload58/Y
 clkload59/Y
 clkload6/Y
 clkload60/X
 clkload61/X
 clkload62/X
 clkload63/Y
 clkload64/Y
 clkload65/Y
 clkload66/Y
 clkload67/Y
 clkload68/Y
 clkload69/Y
 clkload7/Y
 clkload70/Y
 clkload71/Y
 clkload72/Y
 clkload73/Y
 clkload74/Y
 clkload75/Y
 clkload76/Y
 clkload77/Y
 clkload78/Y
 clkload79/Y
 clkload8/X
 clkload80/X
 clkload81/Y
 clkload82/Y
 clkload83/X
 clkload84/X
 clkload85/Y
 clkload86/X
 clkload87/Y
 clkload88/Y
 clkload89/Y
 clkload9/X
 clkload90/Y
 clkload91/Y
 clkload92/Y
 clkload93/Y
 clkload94/Y
 clkload95/Y
 clkload96/Y
 clkload97/Y
 clkload98/Y
 clkload99/Y
 phase_099_top_integration_2883/HI
 phase_099_top_integration_2884/HI
 phase_099_top_integration_2885/HI
 phase_099_top_integration_2886/HI
 phase_099_top_integration_2887/HI
 phase_099_top_integration_2888/HI
 phase_099_top_integration_2889/HI
 phase_099_top_integration_2890/HI
 phase_099_top_integration_2891/HI
 phase_099_top_integration_2892/HI
 phase_099_top_integration_2893/HI
 phase_099_top_integration_2894/HI
 phase_099_top_integration_2895/HI
 phase_099_top_integration_2896/HI
 phase_099_top_integration_2897/HI
 phase_099_top_integration_2898/HI
 phase_099_top_integration_2899/HI
 phase_099_top_integration_2900/HI
 phase_099_top_integration_2901/HI
 phase_099_top_integration_2902/HI
 phase_099_top_integration_2903/HI
 phase_099_top_integration_2904/HI
 phase_099_top_integration_2905/HI
 phase_099_top_integration_2906/HI
 phase_099_top_integration_2907/HI
 phase_099_top_integration_2908/HI
 phase_099_top_integration_2909/HI
 phase_099_top_integration_2910/HI
 phase_099_top_integration_2911/HI
 phase_099_top_integration_2912/HI
 phase_099_top_integration_2913/HI
 phase_099_top_integration_2914/HI
 phase_099_top_integration_2915/HI
 phase_099_top_integration_2916/HI
 phase_099_top_integration_2917/HI
 phase_099_top_integration_2918/HI
 phase_099_top_integration_2919/HI
 phase_099_top_integration_2920/HI
 phase_099_top_integration_2921/HI
 phase_099_top_integration_2922/HI
 phase_099_top_integration_2923/HI
 phase_099_top_integration_2924/HI
 phase_099_top_integration_2925/HI
 phase_099_top_integration_2926/HI
 phase_099_top_integration_2927/HI
 phase_099_top_integration_2928/HI
 phase_099_top_integration_2929/HI
 phase_099_top_integration_2930/HI
 phase_099_top_integration_2931/HI
 phase_099_top_integration_2932/HI
 phase_099_top_integration_2933/HI
 phase_099_top_integration_2934/HI
 phase_099_top_integration_2935/HI
 phase_099_top_integration_2936/HI
 phase_099_top_integration_2937/HI
 phase_099_top_integration_2938/HI
 phase_099_top_integration_2939/HI
 phase_099_top_integration_2940/HI
 phase_099_top_integration_2941/HI
 phase_099_top_integration_2942/HI
 phase_099_top_integration_2943/HI
 phase_099_top_integration_2944/HI
 phase_099_top_integration_2945/HI
 phase_099_top_integration_2946/HI
 phase_099_top_integration_2947/HI
 phase_099_top_integration_2948/HI
 phase_099_top_integration_2949/HI
 phase_099_top_integration_2950/HI
 phase_099_top_integration_2951/HI
 phase_099_top_integration_2952/HI
 phase_099_top_integration_2953/HI
 phase_099_top_integration_2954/HI
 phase_099_top_integration_2955/HI
 phase_099_top_integration_2956/HI
 phase_099_top_integration_2957/HI
 phase_099_top_integration_2958/HI
 phase_099_top_integration_2959/HI
 phase_099_top_integration_2960/HI
 phase_099_top_integration_2961/HI
 phase_099_top_integration_2962/HI
 phase_099_top_integration_2963/HI
 phase_099_top_integration_2964/HI
 phase_099_top_integration_2965/HI
 phase_099_top_integration_2966/HI
 phase_099_top_integration_2967/HI
 phase_099_top_integration_2968/HI
 phase_099_top_integration_2969/HI
 phase_099_top_integration_2970/HI
 phase_099_top_integration_2971/HI
 phase_099_top_integration_2972/HI
 phase_099_top_integration_2973/HI
Found 0 partially unannotated drivers.

===========================================================================
max slew violation count 978
max fanout violation count 349
max cap violation count 46
============================================================================

===========================================================================
check_setup -verbose -unconstrained_endpoints -multiple_clock -no_clock -no_input_delay -loops -generated_clocks
===========================================================================
Warning: There are 92 unconstrained endpoints.
  module_status_flags_out[10]
  module_status_flags_out[11]
  module_status_flags_out[12]
  module_status_flags_out[14]
  module_status_flags_out[15]
  module_status_flags_out[16]
  module_status_flags_out[17]
  module_status_flags_out[18]
  module_status_flags_out[19]
  module_status_flags_out[21]
  module_status_flags_out[22]
  module_status_flags_out[23]
  module_status_flags_out[24]
  module_status_flags_out[25]
  module_status_flags_out[26]
  module_status_flags_out[27]
  module_status_flags_out[28]
  module_status_flags_out[29]
  module_status_flags_out[30]
  module_status_flags_out[31]
  module_status_flags_out[32]
  module_status_flags_out[33]
  module_status_flags_out[34]
  module_status_flags_out[35]
  module_status_flags_out[36]
  module_status_flags_out[37]
  module_status_flags_out[38]
  module_status_flags_out[39]
  module_status_flags_out[3]
  module_status_flags_out[40]
  module_status_flags_out[41]
  module_status_flags_out[42]
  module_status_flags_out[43]
  module_status_flags_out[44]
  module_status_flags_out[45]
  module_status_flags_out[46]
  module_status_flags_out[47]
  module_status_flags_out[48]
  module_status_flags_out[49]
  module_status_flags_out[4]
  module_status_flags_out[50]
  module_status_flags_out[51]
  module_status_flags_out[52]
  module_status_flags_out[53]
  module_status_flags_out[54]
  module_status_flags_out[55]
  module_status_flags_out[56]
  module_status_flags_out[57]
  module_status_flags_out[58]
  module_status_flags_out[59]
  module_status_flags_out[5]
  module_status_flags_out[60]
  module_status_flags_out[61]
  module_status_flags_out[62]
  module_status_flags_out[63]
  module_status_flags_out[64]
  module_status_flags_out[65]
  module_status_flags_out[66]
  module_status_flags_out[67]
  module_status_flags_out[68]
  module_status_flags_out[69]
  module_status_flags_out[6]
  module_status_flags_out[70]
  module_status_flags_out[71]
  module_status_flags_out[72]
  module_status_flags_out[73]
  module_status_flags_out[74]
  module_status_flags_out[75]
  module_status_flags_out[76]
  module_status_flags_out[77]
  module_status_flags_out[78]
  module_status_flags_out[79]
  module_status_flags_out[7]
  module_status_flags_out[80]
  module_status_flags_out[81]
  module_status_flags_out[82]
  module_status_flags_out[83]
  module_status_flags_out[84]
  module_status_flags_out[85]
  module_status_flags_out[86]
  module_status_flags_out[87]
  module_status_flags_out[88]
  module_status_flags_out[89]
  module_status_flags_out[90]
  module_status_flags_out[91]
  module_status_flags_out[92]
  module_status_flags_out[93]
  module_status_flags_out[94]
  module_status_flags_out[95]
  module_status_flags_out[96]
  module_status_flags_out[97]
  _43579_/D
