
===========================================================================
report_checks -unconstrained
===========================================================================
======================= min_ss_100C_1v60 Corner ===================================

Startpoint: rst_n (input port clocked by clk_dsp)
Endpoint: _44061_ (recovery check against rising-edge clock clk_dsp)
Path Group: asynchronous
Path Type: max

Fanout         Cap        Slew       Delay        Time   Description
---------------------------------------------------------------------------------------------
                                  0.000000    0.000000   clock clk_dsp (rise edge)
                                  0.000000    0.000000   clock network delay (propagated)
                                  1.000000    1.000000 ^ input external delay
     1    0.002411    0.029689    0.013725    1.013725 ^ rst_n (in)
                                                         rst_n (net)
                      0.029689    0.000000    1.013725 ^ hold102/A (sky130_fd_sc_hd__dlygate4sd3_1)
     1    0.002571    0.092470    1.019765    2.033490 ^ hold102/X (sky130_fd_sc_hd__dlygate4sd3_1)
                                                         net3075 (net)
                      0.092470    0.000009    2.033500 ^ input17/A (sky130_fd_sc_hd__buf_4)
     1    0.062150    0.281627    0.368676    2.402176 ^ input17/X (sky130_fd_sc_hd__buf_4)
                                                         net17 (net)
                      0.282795    0.014740    2.416916 ^ fanout2882/A (sky130_fd_sc_hd__buf_12)
     1    0.033374    0.084077    0.280003    2.696919 ^ fanout2882/X (sky130_fd_sc_hd__buf_12)
                                                         net2882 (net)
                      0.084280    0.003567    2.700486 ^ hold92/A (sky130_fd_sc_hd__buf_12)
     2    0.033002    0.081677    0.197632    2.898118 ^ hold92/X (sky130_fd_sc_hd__buf_12)
                                                         net3065 (net)
                      0.081762    0.002377    2.900495 ^ hold94/A (sky130_fd_sc_hd__buf_12)
     1    0.024479    0.068235    0.185004    3.085500 ^ hold94/X (sky130_fd_sc_hd__buf_12)
                                                         net3067 (net)
                      0.068335    0.002197    3.087697 ^ hold96/A (sky130_fd_sc_hd__buf_12)
     1    0.046581    0.104704    0.207168    3.294864 ^ hold96/X (sky130_fd_sc_hd__buf_12)
                                                         net3069 (net)
                      0.105651    0.007933    3.302797 ^ hold98/A (sky130_fd_sc_hd__buf_12)
     5    0.116175    0.217166    0.311183    3.613981 ^ hold98/X (sky130_fd_sc_hd__buf_12)
                                                         net3071 (net)
                      0.217303    0.003022    3.617002 ^ fanout2830/A (sky130_fd_sc_hd__buf_6)
     6    0.122676    0.383143    0.476853    4.093856 ^ fanout2830/X (sky130_fd_sc_hd__buf_6)
                                                         net2830 (net)
                      0.383331    0.007073    4.100929 ^ hold99/A (sky130_fd_sc_hd__dlygate4sd3_1)
     2    0.031578    0.492655    1.475959    5.576889 ^ hold99/X (sky130_fd_sc_hd__dlygate4sd3_1)
                                                         net3072 (net)
                      0.492656    0.001804    5.578693 ^ fanout2790/A (sky130_fd_sc_hd__buf_2)
     5    0.045619    0.357418    0.579821    6.158514 ^ fanout2790/X (sky130_fd_sc_hd__buf_2)
                                                         net2790 (net)
                      0.357418    0.000670    6.159183 ^ fanout2789/A (sky130_fd_sc_hd__buf_2)
     7    0.043013    0.338045    0.512923    6.672106 ^ fanout2789/X (sky130_fd_sc_hd__buf_2)
                                                         net2789 (net)
                      0.338045    0.000549    6.672656 ^ fanout2780/A (sky130_fd_sc_hd__clkbuf_4)
    10    0.046245    0.232658    0.488144    7.160800 ^ fanout2780/X (sky130_fd_sc_hd__clkbuf_4)
                                                         net2780 (net)
                      0.232658    0.000339    7.161138 ^ fanout2779/A (sky130_fd_sc_hd__clkbuf_4)
    10    0.042557    0.215644    0.430567    7.591705 ^ fanout2779/X (sky130_fd_sc_hd__clkbuf_4)
                                                         net2779 (net)
                      0.215644    0.000489    7.592195 ^ _44061_/RESET_B (sky130_fd_sc_hd__dfrtp_1)
                                              7.592195   data arrival time

                                  5.000000    5.000000   clock clk_dsp (rise edge)
                                  0.000000    5.000000   clock source latency
     2    0.140610    1.016039    0.733551    5.733552 ^ clk_dsp (in)
                                                         clk_dsp (net)
                      1.023140    0.000000    5.733552 ^ clkbuf_0_clk_dsp/A (sky130_fd_sc_hd__clkbuf_16)
     4    0.117963    0.211502    0.679612    6.413164 ^ clkbuf_0_clk_dsp/X (sky130_fd_sc_hd__clkbuf_16)
                                                         clknet_0_clk_dsp (net)
                      0.211524    0.002527    6.415691 ^ clkbuf_2_2_0_clk_dsp/A (sky130_fd_sc_hd__clkbuf_8)
     4    0.069609    0.201648    0.394858    6.810549 ^ clkbuf_2_2_0_clk_dsp/X (sky130_fd_sc_hd__clkbuf_8)
                                                         clknet_2_2_0_clk_dsp (net)
                      0.201844    0.003243    6.813792 ^ clkbuf_4_9_0_clk_dsp/A (sky130_fd_sc_hd__clkbuf_8)
     2    0.035212    0.118265    0.329230    7.143022 ^ clkbuf_4_9_0_clk_dsp/X (sky130_fd_sc_hd__clkbuf_8)
                                                         clknet_4_9_0_clk_dsp (net)
                      0.118265    0.000681    7.143703 ^ clkbuf_5_18__f_clk_dsp/A (sky130_fd_sc_hd__clkbuf_16)
     7    0.059663    0.120141    0.293574    7.437277 ^ clkbuf_5_18__f_clk_dsp/X (sky130_fd_sc_hd__clkbuf_16)
                                                         clknet_5_18__leaf_clk_dsp (net)
                      0.120142    0.000636    7.437913 ^ clkbuf_leaf_57_clk_dsp/A (sky130_fd_sc_hd__clkbuf_8)
    18    0.049071    0.151583    0.317446    7.755358 ^ clkbuf_leaf_57_clk_dsp/X (sky130_fd_sc_hd__clkbuf_8)
                                                         clknet_leaf_57_clk_dsp (net)
                      0.151583    0.000493    7.755851 ^ _44061_/CLK (sky130_fd_sc_hd__dfrtp_1)
                                 -0.250000    7.505851   clock uncertainty
                                  0.000000    7.505851   clock reconvergence pessimism
                                  0.436089    7.941940   library recovery time
                                              7.941940   data required time
---------------------------------------------------------------------------------------------
                                              7.941940   data required time
                                             -7.592195   data arrival time
---------------------------------------------------------------------------------------------
                                              0.349745   slack (MET)


Startpoint: _46161_ (rising edge-triggered flip-flop clocked by clk_dsp)
Endpoint: _46277_ (rising edge-triggered flip-flop clocked by clk_dsp)
Path Group: clk_dsp
Path Type: max

Fanout         Cap        Slew       Delay        Time   Description
---------------------------------------------------------------------------------------------
                                  0.000000    0.000000   clock clk_dsp (rise edge)
                                  0.000000    0.000000   clock source latency
     2    0.140610    1.016039    0.733552    0.733552 ^ clk_dsp (in)
                                                         clk_dsp (net)
                      1.023140    0.000000    0.733552 ^ clkbuf_0_clk_dsp/A (sky130_fd_sc_hd__clkbuf_16)
     4    0.117963    0.211502    0.679612    1.413163 ^ clkbuf_0_clk_dsp/X (sky130_fd_sc_hd__clkbuf_16)
                                                         clknet_0_clk_dsp (net)
                      0.211513    0.002049    1.415212 ^ clkbuf_2_3_0_clk_dsp/A (sky130_fd_sc_hd__clkbuf_8)
     4    0.068848    0.199842    0.393441    1.808653 ^ clkbuf_2_3_0_clk_dsp/X (sky130_fd_sc_hd__clkbuf_8)
                                                         clknet_2_3_0_clk_dsp (net)
                      0.200083    0.006176    1.814829 ^ clkbuf_4_15_0_clk_dsp/A (sky130_fd_sc_hd__clkbuf_8)
     2    0.051295    0.157265    0.358099    2.172929 ^ clkbuf_4_15_0_clk_dsp/X (sky130_fd_sc_hd__clkbuf_8)
                                                         clknet_4_15_0_clk_dsp (net)
                      0.157272    0.001319    2.174247 ^ clkbuf_5_30__f_clk_dsp/A (sky130_fd_sc_hd__clkbuf_16)
     9    0.105489    0.183657    0.360557    2.534804 ^ clkbuf_5_30__f_clk_dsp/X (sky130_fd_sc_hd__clkbuf_16)
                                                         clknet_5_30__leaf_clk_dsp (net)
                      0.183657    0.000674    2.535479 ^ clkbuf_leaf_143_clk_dsp/A (sky130_fd_sc_hd__clkbuf_8)
     5    0.033370    0.113993    0.317710    2.853189 ^ clkbuf_leaf_143_clk_dsp/X (sky130_fd_sc_hd__clkbuf_8)
                                                         clknet_leaf_143_clk_dsp (net)
                      0.113993    0.000272    2.853461 ^ _46161_/CLK (sky130_fd_sc_hd__dfrtp_1)
     2    0.022084    0.317126    0.854858    3.708319 ^ _46161_/Q (sky130_fd_sc_hd__dfrtp_1)
                                                         u_phase_009_fft.out_cnt[5] (net)
                      0.317126    0.000165    3.708484 ^ fanout1749/A (sky130_fd_sc_hd__buf_6)
     8    0.041952    0.146699    0.341770    4.050253 ^ fanout1749/X (sky130_fd_sc_hd__buf_6)
                                                         net1749 (net)
                      0.146699    0.000486    4.050739 ^ fanout1748/A (sky130_fd_sc_hd__buf_8)
    10    0.043590    0.126230    0.256282    4.307021 ^ fanout1748/X (sky130_fd_sc_hd__buf_8)
                                                         net1748 (net)
                      0.126230    0.000559    4.307580 ^ _34430_/A_N (sky130_fd_sc_hd__and2b_2)
     2    0.036443    0.204018    0.616833    4.924414 v _34430_/X (sky130_fd_sc_hd__and2b_2)
                                                         _08537_ (net)
                      0.204043    0.002360    4.926774 v fanout1302/A (sky130_fd_sc_hd__buf_8)
     5    0.071751    0.106038    0.337486    5.264259 v fanout1302/X (sky130_fd_sc_hd__buf_8)
                                                         net1302 (net)
                      0.106038    0.000155    5.264414 v fanout1301/A (sky130_fd_sc_hd__buf_4)
     5    0.060431    0.155691    0.363443    5.627858 v fanout1301/X (sky130_fd_sc_hd__buf_4)
                                                         net1301 (net)
                      0.156113    0.005917    5.633774 v fanout1299/A (sky130_fd_sc_hd__buf_6)
    11    0.080090    0.137468    0.339164    5.972939 v fanout1299/X (sky130_fd_sc_hd__buf_6)
                                                         net1299 (net)
                      0.137574    0.003575    5.976513 v _34557_/A (sky130_fd_sc_hd__and2_4)
     4    0.060773    0.162193    0.389182    6.365695 v _34557_/X (sky130_fd_sc_hd__and2_4)
                                                         _08583_ (net)
                      0.162496    0.006185    6.371881 v clone91/A (sky130_fd_sc_hd__clkbuf_1)
    10    0.156855    1.727221    1.425149    7.797030 v clone91/X (sky130_fd_sc_hd__clkbuf_1)
                                                         net3064 (net)
                      1.727221    0.001616    7.798645 v fanout921/A (sky130_fd_sc_hd__clkbuf_8)
    10    0.103036    0.226804    1.007771    8.806417 v fanout921/X (sky130_fd_sc_hd__clkbuf_8)
                                                         net921 (net)
                      0.227233    0.009218    8.815635 v _35023_/A2 (sky130_fd_sc_hd__a22o_1)
     1    0.002696    0.069819    0.473501    9.289136 v _35023_/X (sky130_fd_sc_hd__a22o_1)
                                                         _09049_ (net)
                      0.069819    0.000026    9.289162 v _35024_/C1 (sky130_fd_sc_hd__a211o_1)
     1    0.006997    0.122507    0.474546    9.763707 v _35024_/X (sky130_fd_sc_hd__a211o_1)
                                                         _09050_ (net)
                      0.122507    0.000187    9.763894 v _35025_/C1 (sky130_fd_sc_hd__a211o_1)
     1    0.005259    0.108446    0.475252   10.239146 v _35025_/X (sky130_fd_sc_hd__a211o_1)
                                                         _09051_ (net)
                      0.108446    0.000119   10.239264 v _35034_/C (sky130_fd_sc_hd__or4_1)
     1    0.014879    0.310666    1.318202   11.557467 v _35034_/X (sky130_fd_sc_hd__or4_1)
                                                         _09060_ (net)
                      0.310666    0.000611   11.558079 v _35035_/A3 (sky130_fd_sc_hd__o32a_4)
     2    0.091920    0.322645    0.928134   12.486213 v _35035_/X (sky130_fd_sc_hd__o32a_4)
                                                         _09061_ (net)
                      0.322816    0.006669   12.492882 v fanout248/A (sky130_fd_sc_hd__buf_6)
     7    0.146181    0.224803    0.485763   12.978645 v fanout248/X (sky130_fd_sc_hd__buf_6)
                                                         net248 (net)
                      0.224803    0.001060   12.979706 v fanout246/A (sky130_fd_sc_hd__buf_4)
    11    0.094792    0.218388    0.477004   13.456710 v fanout246/X (sky130_fd_sc_hd__buf_4)
                                                         net246 (net)
                      0.218406    0.002486   13.459196 v _35036_/A (sky130_fd_sc_hd__inv_2)
     2    0.066096    0.476409    0.449341   13.908537 ^ _35036_/Y (sky130_fd_sc_hd__inv_2)
                                                         _09062_ (net)
                      0.476409    0.000115   13.908652 ^ fanout229/A (sky130_fd_sc_hd__clkbuf_8)
    12    0.120331    0.332029    0.592271   14.500923 ^ fanout229/X (sky130_fd_sc_hd__clkbuf_8)
                                                         net229 (net)
                      0.334542    0.023451   14.524375 ^ _41025_/B (sky130_fd_sc_hd__nor2_1)
     2    0.008052    0.116242    0.210500   14.734875 v _41025_/Y (sky130_fd_sc_hd__nor2_1)
                                                         _15019_ (net)
                      0.116242    0.000086   14.734962 v _41026_/B (sky130_fd_sc_hd__xnor2_1)
     2    0.004905    0.131092    0.248375   14.983335 v _41026_/Y (sky130_fd_sc_hd__xnor2_1)
                                                         _15020_ (net)
                      0.131092    0.000020   14.983356 v _41027_/C (sky130_fd_sc_hd__or3_1)
     2    0.004872    0.164445    0.772479   15.755835 v _41027_/X (sky130_fd_sc_hd__or3_1)
                                                         _15021_ (net)
                      0.164445    0.000048   15.755882 v _41272_/A (sky130_fd_sc_hd__and2_1)
     2    0.007562    0.105535    0.360714   16.116596 v _41272_/X (sky130_fd_sc_hd__and2_1)
                                                         _15266_ (net)
                      0.105535    0.000083   16.116680 v _41279_/B (sky130_fd_sc_hd__xnor2_1)
     2    0.005755    0.142555    0.253165   16.369844 v _41279_/Y (sky130_fd_sc_hd__xnor2_1)
                                                         _15273_ (net)
                      0.142555    0.000059   16.369904 v _41280_/B1 (sky130_fd_sc_hd__o21a_1)
     3    0.013286    0.153565    0.310280   16.680183 v _41280_/X (sky130_fd_sc_hd__o21a_1)
                                                         _15274_ (net)
                      0.153565    0.000039   16.680222 v _41422_/A (sky130_fd_sc_hd__or2_1)
     2    0.010587    0.165502    0.613316   17.293537 v _41422_/X (sky130_fd_sc_hd__or2_1)
                                                         _15416_ (net)
                      0.165502    0.000068   17.293606 v _41438_/C (sky130_fd_sc_hd__and3_1)
     2    0.012511    0.149188    0.492351   17.785955 v _41438_/X (sky130_fd_sc_hd__and3_1)
                                                         _15432_ (net)
                      0.149188    0.000123   17.786079 v _41574_/A2 (sky130_fd_sc_hd__o211a_1)
     2    0.008082    0.116998    0.458570   18.244650 v _41574_/X (sky130_fd_sc_hd__o211a_1)
                                                         _15568_ (net)
                      0.116998    0.000112   18.244761 v _41612_/A2 (sky130_fd_sc_hd__o211a_1)
     2    0.010057    0.134554    0.462380   18.707142 v _41612_/X (sky130_fd_sc_hd__o211a_1)
                                                         _15606_ (net)
                      0.134554    0.000247   18.707388 v _41733_/A2 (sky130_fd_sc_hd__o21a_1)
     2    0.005771    0.091140    0.362528   19.069916 v _41733_/X (sky130_fd_sc_hd__o21a_1)
                                                         _15727_ (net)
                      0.091140    0.000037   19.069954 v _41734_/B1 (sky130_fd_sc_hd__a211oi_1)
     3    0.009259    0.619466    0.598909   19.668863 ^ _41734_/Y (sky130_fd_sc_hd__a211oi_1)
                                                         _15728_ (net)
                      0.619466    0.000085   19.668947 ^ _41785_/B1 (sky130_fd_sc_hd__a211oi_1)
     3    0.006832    0.189019    0.311459   19.980408 v _41785_/Y (sky130_fd_sc_hd__a211oi_1)
                                                         _15779_ (net)
                      0.189019    0.000032   19.980440 v _41788_/A (sky130_fd_sc_hd__or3_1)
     3    0.012618    0.236987    1.026370   21.006809 v _41788_/X (sky130_fd_sc_hd__or3_1)
                                                         _15782_ (net)
                      0.236987    0.000178   21.006987 v _41954_/A1 (sky130_fd_sc_hd__a211oi_1)
     2    0.008064    0.562281    0.602952   21.609940 ^ _41954_/Y (sky130_fd_sc_hd__a211oi_1)
                                                         _15948_ (net)
                      0.562281    0.000069   21.610008 ^ _41963_/A2 (sky130_fd_sc_hd__o21a_1)
     2    0.006478    0.123019    0.404791   22.014799 ^ _41963_/X (sky130_fd_sc_hd__o21a_1)
                                                         _15957_ (net)
                      0.123019    0.000085   22.014885 ^ _41964_/B (sky130_fd_sc_hd__nor2_1)
     1    0.004760    0.100206    0.104667   22.119551 v _41964_/Y (sky130_fd_sc_hd__nor2_1)
                                                         _15958_ (net)
                      0.100206    0.000044   22.119596 v _42107_/A (sky130_fd_sc_hd__xnor2_1)
     2    0.007610    0.352897    0.374309   22.493904 ^ _42107_/Y (sky130_fd_sc_hd__xnor2_1)
                                                         _16101_ (net)
                      0.352897    0.000073   22.493977 ^ _42112_/B (sky130_fd_sc_hd__xnor2_1)
     2    0.007784    0.358527    0.351932   22.845909 ^ _42112_/Y (sky130_fd_sc_hd__xnor2_1)
                                                         _16106_ (net)
                      0.358527    0.000117   22.846025 ^ _42256_/A (sky130_fd_sc_hd__xnor2_1)
     2    0.005871    0.147204    0.276449   23.122475 v _42256_/Y (sky130_fd_sc_hd__xnor2_1)
                                                         _16250_ (net)
                      0.147204    0.000080   23.122555 v _43313_/B1 (sky130_fd_sc_hd__a21o_1)
     3    0.013874    0.143290    0.395476   23.518030 v _43313_/X (sky130_fd_sc_hd__a21o_1)
                                                         _17307_ (net)
                      0.143290    0.000179   23.518209 v _43315_/A1 (sky130_fd_sc_hd__a21oi_4)
     3    0.016976    0.259397    0.313230   23.831440 ^ _43315_/Y (sky130_fd_sc_hd__a21oi_4)
                                                         _17309_ (net)
                      0.259397    0.000368   23.831808 ^ _43317_/A1 (sky130_fd_sc_hd__o21bai_4)
     3    0.011653    0.110215    0.215161   24.046970 v _43317_/Y (sky130_fd_sc_hd__o21bai_4)
                                                         _17311_ (net)
                      0.110215    0.000213   24.047182 v _43320_/A2 (sky130_fd_sc_hd__a21o_1)
     4    0.014115    0.145136    0.421911   24.469093 v _43320_/X (sky130_fd_sc_hd__a21o_1)
                                                         _17314_ (net)
                      0.145136    0.000355   24.469450 v _43321_/C (sky130_fd_sc_hd__and3b_1)
     3    0.008056    0.112862    0.442022   24.911470 v _43321_/X (sky130_fd_sc_hd__and3b_1)
                                                         _17315_ (net)
                      0.112862    0.000117   24.911589 v _43323_/A1 (sky130_fd_sc_hd__o31a_1)
     4    0.016731    0.195312    0.696581   25.608170 v _43323_/X (sky130_fd_sc_hd__o31a_1)
                                                         _17317_ (net)
                      0.195312    0.000341   25.608509 v _43335_/A1 (sky130_fd_sc_hd__a211oi_4)
     4    0.018310    0.454250    0.546885   26.155396 ^ _43335_/Y (sky130_fd_sc_hd__a211oi_4)
                                                         _17329_ (net)
                      0.454250    0.000282   26.155678 ^ _43344_/A3 (sky130_fd_sc_hd__o311ai_4)
     3    0.009212    0.188962    0.289813   26.445490 v _43344_/Y (sky130_fd_sc_hd__o311ai_4)
                                                         _17338_ (net)
                      0.188962    0.000142   26.445633 v _43345_/A1 (sky130_fd_sc_hd__a21o_1)
     4    0.011607    0.129654    0.406297   26.851929 v _43345_/X (sky130_fd_sc_hd__a21o_1)
                                                         _17339_ (net)
                      0.129654    0.000105   26.852034 v _43348_/C (sky130_fd_sc_hd__and3_1)
     1    0.003691    0.078257    0.397403   27.249437 v _43348_/X (sky130_fd_sc_hd__and3_1)
                                                         _17342_ (net)
                      0.078257    0.000046   27.249483 v _43349_/B (sky130_fd_sc_hd__or2_4)
     2    0.017841    0.113575    0.488775   27.738258 v _43349_/X (sky130_fd_sc_hd__or2_4)
                                                         _17343_ (net)
                      0.113575    0.000185   27.738443 v _43384_/A3 (sky130_fd_sc_hd__o31ai_4)
     3    0.031471    0.642492    0.598607   28.337051 ^ _43384_/Y (sky130_fd_sc_hd__o31ai_4)
                                                         _17378_ (net)
                      0.642530    0.001782   28.338833 ^ fanout62/A (sky130_fd_sc_hd__buf_6)
     5    0.033813    0.126735    0.434733   28.773565 ^ fanout62/X (sky130_fd_sc_hd__buf_6)
                                                         net62 (net)
                      0.126799    0.002617   28.776182 ^ _43391_/B1 (sky130_fd_sc_hd__a31o_1)
     1    0.002714    0.082883    0.183569   28.959751 ^ _43391_/X (sky130_fd_sc_hd__a31o_1)
                                                         _17384_ (net)
                      0.082883    0.000012   28.959763 ^ _43392_/B1 (sky130_fd_sc_hd__o21a_1)
     1    0.002509    0.069868    0.216900   29.176664 ^ _43392_/X (sky130_fd_sc_hd__o21a_1)
                                                         _02772_ (net)
                      0.069868    0.000025   29.176689 ^ _46277_/D (sky130_fd_sc_hd__dfrtp_4)
                                             29.176689   data arrival time

                                  5.000000    5.000000   clock clk_dsp (rise edge)
                                  0.000000    5.000000   clock source latency
     2    0.140610    1.016039    0.733551    5.733552 ^ clk_dsp (in)
                                                         clk_dsp (net)
                      1.023140    0.000000    5.733552 ^ clkbuf_0_clk_dsp/A (sky130_fd_sc_hd__clkbuf_16)
     4    0.117963    0.211502    0.679612    6.413164 ^ clkbuf_0_clk_dsp/X (sky130_fd_sc_hd__clkbuf_16)
                                                         clknet_0_clk_dsp (net)
                      0.211513    0.002049    6.415213 ^ clkbuf_2_3_0_clk_dsp/A (sky130_fd_sc_hd__clkbuf_8)
     4    0.068848    0.199842    0.393441    6.808653 ^ clkbuf_2_3_0_clk_dsp/X (sky130_fd_sc_hd__clkbuf_8)
                                                         clknet_2_3_0_clk_dsp (net)
                      0.200083    0.006176    6.814829 ^ clkbuf_4_15_0_clk_dsp/A (sky130_fd_sc_hd__clkbuf_8)
     2    0.051295    0.157265    0.358099    7.172929 ^ clkbuf_4_15_0_clk_dsp/X (sky130_fd_sc_hd__clkbuf_8)
                                                         clknet_4_15_0_clk_dsp (net)
                      0.157280    0.001645    7.174573 ^ clkbuf_5_31__f_clk_dsp/A (sky130_fd_sc_hd__clkbuf_16)
     8    0.109069    0.189695    0.361382    7.535956 ^ clkbuf_5_31__f_clk_dsp/X (sky130_fd_sc_hd__clkbuf_16)
                                                         clknet_5_31__leaf_clk_dsp (net)
                      0.190697    0.011005    7.546961 ^ clkbuf_leaf_137_clk_dsp/A (sky130_fd_sc_hd__clkbuf_8)
     6    0.023522    0.091813    0.299330    7.846291 ^ clkbuf_leaf_137_clk_dsp/X (sky130_fd_sc_hd__clkbuf_8)
                                                         clknet_leaf_137_clk_dsp (net)
                      0.091813    0.000223    7.846514 ^ _46277_/CLK (sky130_fd_sc_hd__dfrtp_4)
                                 -0.250000    7.596514   clock uncertainty
                                  0.000000    7.596514   clock reconvergence pessimism
                                 -0.132807    7.463706   library setup time
                                              7.463706   data required time
---------------------------------------------------------------------------------------------
                                              7.463706   data required time
                                            -29.176689   data arrival time
---------------------------------------------------------------------------------------------
                                            -21.712982   slack (VIOLATED)




===========================================================================
report_checks --slack_max -0.01
============================================================================
======================= min_ss_100C_1v60 Corner ===================================

Startpoint: _46161_ (rising edge-triggered flip-flop clocked by clk_dsp)
Endpoint: _46277_ (rising edge-triggered flip-flop clocked by clk_dsp)
Path Group: clk_dsp
Path Type: max

Fanout         Cap        Slew       Delay        Time   Description
---------------------------------------------------------------------------------------------
                                  0.000000    0.000000   clock clk_dsp (rise edge)
                                  0.000000    0.000000   clock source latency
     2    0.140610    1.016039    0.733552    0.733552 ^ clk_dsp (in)
                                                         clk_dsp (net)
                      1.023140    0.000000    0.733552 ^ clkbuf_0_clk_dsp/A (sky130_fd_sc_hd__clkbuf_16)
     4    0.117963    0.211502    0.679612    1.413163 ^ clkbuf_0_clk_dsp/X (sky130_fd_sc_hd__clkbuf_16)
                                                         clknet_0_clk_dsp (net)
                      0.211513    0.002049    1.415212 ^ clkbuf_2_3_0_clk_dsp/A (sky130_fd_sc_hd__clkbuf_8)
     4    0.068848    0.199842    0.393441    1.808653 ^ clkbuf_2_3_0_clk_dsp/X (sky130_fd_sc_hd__clkbuf_8)
                                                         clknet_2_3_0_clk_dsp (net)
                      0.200083    0.006176    1.814829 ^ clkbuf_4_15_0_clk_dsp/A (sky130_fd_sc_hd__clkbuf_8)
     2    0.051295    0.157265    0.358099    2.172929 ^ clkbuf_4_15_0_clk_dsp/X (sky130_fd_sc_hd__clkbuf_8)
                                                         clknet_4_15_0_clk_dsp (net)
                      0.157272    0.001319    2.174247 ^ clkbuf_5_30__f_clk_dsp/A (sky130_fd_sc_hd__clkbuf_16)
     9    0.105489    0.183657    0.360557    2.534804 ^ clkbuf_5_30__f_clk_dsp/X (sky130_fd_sc_hd__clkbuf_16)
                                                         clknet_5_30__leaf_clk_dsp (net)
                      0.183657    0.000674    2.535479 ^ clkbuf_leaf_143_clk_dsp/A (sky130_fd_sc_hd__clkbuf_8)
     5    0.033370    0.113993    0.317710    2.853189 ^ clkbuf_leaf_143_clk_dsp/X (sky130_fd_sc_hd__clkbuf_8)
                                                         clknet_leaf_143_clk_dsp (net)
                      0.113993    0.000272    2.853461 ^ _46161_/CLK (sky130_fd_sc_hd__dfrtp_1)
     2    0.022084    0.317126    0.854858    3.708319 ^ _46161_/Q (sky130_fd_sc_hd__dfrtp_1)
                                                         u_phase_009_fft.out_cnt[5] (net)
                      0.317126    0.000165    3.708484 ^ fanout1749/A (sky130_fd_sc_hd__buf_6)
     8    0.041952    0.146699    0.341770    4.050253 ^ fanout1749/X (sky130_fd_sc_hd__buf_6)
                                                         net1749 (net)
                      0.146699    0.000486    4.050739 ^ fanout1748/A (sky130_fd_sc_hd__buf_8)
    10    0.043590    0.126230    0.256282    4.307021 ^ fanout1748/X (sky130_fd_sc_hd__buf_8)
                                                         net1748 (net)
                      0.126230    0.000559    4.307580 ^ _34430_/A_N (sky130_fd_sc_hd__and2b_2)
     2    0.036443    0.204018    0.616833    4.924414 v _34430_/X (sky130_fd_sc_hd__and2b_2)
                                                         _08537_ (net)
                      0.204043    0.002360    4.926774 v fanout1302/A (sky130_fd_sc_hd__buf_8)
     5    0.071751    0.106038    0.337486    5.264259 v fanout1302/X (sky130_fd_sc_hd__buf_8)
                                                         net1302 (net)
                      0.106038    0.000155    5.264414 v fanout1301/A (sky130_fd_sc_hd__buf_4)
     5    0.060431    0.155691    0.363443    5.627858 v fanout1301/X (sky130_fd_sc_hd__buf_4)
                                                         net1301 (net)
                      0.156113    0.005917    5.633774 v fanout1299/A (sky130_fd_sc_hd__buf_6)
    11    0.080090    0.137468    0.339164    5.972939 v fanout1299/X (sky130_fd_sc_hd__buf_6)
                                                         net1299 (net)
                      0.137574    0.003575    5.976513 v _34557_/A (sky130_fd_sc_hd__and2_4)
     4    0.060773    0.162193    0.389182    6.365695 v _34557_/X (sky130_fd_sc_hd__and2_4)
                                                         _08583_ (net)
                      0.162496    0.006185    6.371881 v clone91/A (sky130_fd_sc_hd__clkbuf_1)
    10    0.156855    1.727221    1.425149    7.797030 v clone91/X (sky130_fd_sc_hd__clkbuf_1)
                                                         net3064 (net)
                      1.727221    0.001616    7.798645 v fanout921/A (sky130_fd_sc_hd__clkbuf_8)
    10    0.103036    0.226804    1.007771    8.806417 v fanout921/X (sky130_fd_sc_hd__clkbuf_8)
                                                         net921 (net)
                      0.227233    0.009218    8.815635 v _35023_/A2 (sky130_fd_sc_hd__a22o_1)
     1    0.002696    0.069819    0.473501    9.289136 v _35023_/X (sky130_fd_sc_hd__a22o_1)
                                                         _09049_ (net)
                      0.069819    0.000026    9.289162 v _35024_/C1 (sky130_fd_sc_hd__a211o_1)
     1    0.006997    0.122507    0.474546    9.763707 v _35024_/X (sky130_fd_sc_hd__a211o_1)
                                                         _09050_ (net)
                      0.122507    0.000187    9.763894 v _35025_/C1 (sky130_fd_sc_hd__a211o_1)
     1    0.005259    0.108446    0.475252   10.239146 v _35025_/X (sky130_fd_sc_hd__a211o_1)
                                                         _09051_ (net)
                      0.108446    0.000119   10.239264 v _35034_/C (sky130_fd_sc_hd__or4_1)
     1    0.014879    0.310666    1.318202   11.557467 v _35034_/X (sky130_fd_sc_hd__or4_1)
                                                         _09060_ (net)
                      0.310666    0.000611   11.558079 v _35035_/A3 (sky130_fd_sc_hd__o32a_4)
     2    0.091920    0.322645    0.928134   12.486213 v _35035_/X (sky130_fd_sc_hd__o32a_4)
                                                         _09061_ (net)
                      0.322816    0.006669   12.492882 v fanout248/A (sky130_fd_sc_hd__buf_6)
     7    0.146181    0.224803    0.485763   12.978645 v fanout248/X (sky130_fd_sc_hd__buf_6)
                                                         net248 (net)
                      0.224803    0.001060   12.979706 v fanout246/A (sky130_fd_sc_hd__buf_4)
    11    0.094792    0.218388    0.477004   13.456710 v fanout246/X (sky130_fd_sc_hd__buf_4)
                                                         net246 (net)
                      0.218406    0.002486   13.459196 v _35036_/A (sky130_fd_sc_hd__inv_2)
     2    0.066096    0.476409    0.449341   13.908537 ^ _35036_/Y (sky130_fd_sc_hd__inv_2)
                                                         _09062_ (net)
                      0.476409    0.000115   13.908652 ^ fanout229/A (sky130_fd_sc_hd__clkbuf_8)
    12    0.120331    0.332029    0.592271   14.500923 ^ fanout229/X (sky130_fd_sc_hd__clkbuf_8)
                                                         net229 (net)
                      0.334542    0.023451   14.524375 ^ _41025_/B (sky130_fd_sc_hd__nor2_1)
     2    0.008052    0.116242    0.210500   14.734875 v _41025_/Y (sky130_fd_sc_hd__nor2_1)
                                                         _15019_ (net)
                      0.116242    0.000086   14.734962 v _41026_/B (sky130_fd_sc_hd__xnor2_1)
     2    0.004905    0.131092    0.248375   14.983335 v _41026_/Y (sky130_fd_sc_hd__xnor2_1)
                                                         _15020_ (net)
                      0.131092    0.000020   14.983356 v _41027_/C (sky130_fd_sc_hd__or3_1)
     2    0.004872    0.164445    0.772479   15.755835 v _41027_/X (sky130_fd_sc_hd__or3_1)
                                                         _15021_ (net)
                      0.164445    0.000048   15.755882 v _41272_/A (sky130_fd_sc_hd__and2_1)
     2    0.007562    0.105535    0.360714   16.116596 v _41272_/X (sky130_fd_sc_hd__and2_1)
                                                         _15266_ (net)
                      0.105535    0.000083   16.116680 v _41279_/B (sky130_fd_sc_hd__xnor2_1)
     2    0.005755    0.142555    0.253165   16.369844 v _41279_/Y (sky130_fd_sc_hd__xnor2_1)
                                                         _15273_ (net)
                      0.142555    0.000059   16.369904 v _41280_/B1 (sky130_fd_sc_hd__o21a_1)
     3    0.013286    0.153565    0.310280   16.680183 v _41280_/X (sky130_fd_sc_hd__o21a_1)
                                                         _15274_ (net)
                      0.153565    0.000039   16.680222 v _41422_/A (sky130_fd_sc_hd__or2_1)
     2    0.010587    0.165502    0.613316   17.293537 v _41422_/X (sky130_fd_sc_hd__or2_1)
                                                         _15416_ (net)
                      0.165502    0.000068   17.293606 v _41438_/C (sky130_fd_sc_hd__and3_1)
     2    0.012511    0.149188    0.492351   17.785955 v _41438_/X (sky130_fd_sc_hd__and3_1)
                                                         _15432_ (net)
                      0.149188    0.000123   17.786079 v _41574_/A2 (sky130_fd_sc_hd__o211a_1)
     2    0.008082    0.116998    0.458570   18.244650 v _41574_/X (sky130_fd_sc_hd__o211a_1)
                                                         _15568_ (net)
                      0.116998    0.000112   18.244761 v _41612_/A2 (sky130_fd_sc_hd__o211a_1)
     2    0.010057    0.134554    0.462380   18.707142 v _41612_/X (sky130_fd_sc_hd__o211a_1)
                                                         _15606_ (net)
                      0.134554    0.000247   18.707388 v _41733_/A2 (sky130_fd_sc_hd__o21a_1)
     2    0.005771    0.091140    0.362528   19.069916 v _41733_/X (sky130_fd_sc_hd__o21a_1)
                                                         _15727_ (net)
                      0.091140    0.000037   19.069954 v _41734_/B1 (sky130_fd_sc_hd__a211oi_1)
     3    0.009259    0.619466    0.598909   19.668863 ^ _41734_/Y (sky130_fd_sc_hd__a211oi_1)
                                                         _15728_ (net)
                      0.619466    0.000085   19.668947 ^ _41785_/B1 (sky130_fd_sc_hd__a211oi_1)
     3    0.006832    0.189019    0.311459   19.980408 v _41785_/Y (sky130_fd_sc_hd__a211oi_1)
                                                         _15779_ (net)
                      0.189019    0.000032   19.980440 v _41788_/A (sky130_fd_sc_hd__or3_1)
     3    0.012618    0.236987    1.026370   21.006809 v _41788_/X (sky130_fd_sc_hd__or3_1)
                                                         _15782_ (net)
                      0.236987    0.000178   21.006987 v _41954_/A1 (sky130_fd_sc_hd__a211oi_1)
     2    0.008064    0.562281    0.602952   21.609940 ^ _41954_/Y (sky130_fd_sc_hd__a211oi_1)
                                                         _15948_ (net)
                      0.562281    0.000069   21.610008 ^ _41963_/A2 (sky130_fd_sc_hd__o21a_1)
     2    0.006478    0.123019    0.404791   22.014799 ^ _41963_/X (sky130_fd_sc_hd__o21a_1)
                                                         _15957_ (net)
                      0.123019    0.000085   22.014885 ^ _41964_/B (sky130_fd_sc_hd__nor2_1)
     1    0.004760    0.100206    0.104667   22.119551 v _41964_/Y (sky130_fd_sc_hd__nor2_1)
                                                         _15958_ (net)
                      0.100206    0.000044   22.119596 v _42107_/A (sky130_fd_sc_hd__xnor2_1)
     2    0.007610    0.352897    0.374309   22.493904 ^ _42107_/Y (sky130_fd_sc_hd__xnor2_1)
                                                         _16101_ (net)
                      0.352897    0.000073   22.493977 ^ _42112_/B (sky130_fd_sc_hd__xnor2_1)
     2    0.007784    0.358527    0.351932   22.845909 ^ _42112_/Y (sky130_fd_sc_hd__xnor2_1)
                                                         _16106_ (net)
                      0.358527    0.000117   22.846025 ^ _42256_/A (sky130_fd_sc_hd__xnor2_1)
     2    0.005871    0.147204    0.276449   23.122475 v _42256_/Y (sky130_fd_sc_hd__xnor2_1)
                                                         _16250_ (net)
                      0.147204    0.000080   23.122555 v _43313_/B1 (sky130_fd_sc_hd__a21o_1)
     3    0.013874    0.143290    0.395476   23.518030 v _43313_/X (sky130_fd_sc_hd__a21o_1)
                                                         _17307_ (net)
                      0.143290    0.000179   23.518209 v _43315_/A1 (sky130_fd_sc_hd__a21oi_4)
     3    0.016976    0.259397    0.313230   23.831440 ^ _43315_/Y (sky130_fd_sc_hd__a21oi_4)
                                                         _17309_ (net)
                      0.259397    0.000368   23.831808 ^ _43317_/A1 (sky130_fd_sc_hd__o21bai_4)
     3    0.011653    0.110215    0.215161   24.046970 v _43317_/Y (sky130_fd_sc_hd__o21bai_4)
                                                         _17311_ (net)
                      0.110215    0.000213   24.047182 v _43320_/A2 (sky130_fd_sc_hd__a21o_1)
     4    0.014115    0.145136    0.421911   24.469093 v _43320_/X (sky130_fd_sc_hd__a21o_1)
                                                         _17314_ (net)
                      0.145136    0.000355   24.469450 v _43321_/C (sky130_fd_sc_hd__and3b_1)
     3    0.008056    0.112862    0.442022   24.911470 v _43321_/X (sky130_fd_sc_hd__and3b_1)
                                                         _17315_ (net)
                      0.112862    0.000117   24.911589 v _43323_/A1 (sky130_fd_sc_hd__o31a_1)
     4    0.016731    0.195312    0.696581   25.608170 v _43323_/X (sky130_fd_sc_hd__o31a_1)
                                                         _17317_ (net)
                      0.195312    0.000341   25.608509 v _43335_/A1 (sky130_fd_sc_hd__a211oi_4)
     4    0.018310    0.454250    0.546885   26.155396 ^ _43335_/Y (sky130_fd_sc_hd__a211oi_4)
                                                         _17329_ (net)
                      0.454250    0.000282   26.155678 ^ _43344_/A3 (sky130_fd_sc_hd__o311ai_4)
     3    0.009212    0.188962    0.289813   26.445490 v _43344_/Y (sky130_fd_sc_hd__o311ai_4)
                                                         _17338_ (net)
                      0.188962    0.000142   26.445633 v _43345_/A1 (sky130_fd_sc_hd__a21o_1)
     4    0.011607    0.129654    0.406297   26.851929 v _43345_/X (sky130_fd_sc_hd__a21o_1)
                                                         _17339_ (net)
                      0.129654    0.000105   26.852034 v _43348_/C (sky130_fd_sc_hd__and3_1)
     1    0.003691    0.078257    0.397403   27.249437 v _43348_/X (sky130_fd_sc_hd__and3_1)
                                                         _17342_ (net)
                      0.078257    0.000046   27.249483 v _43349_/B (sky130_fd_sc_hd__or2_4)
     2    0.017841    0.113575    0.488775   27.738258 v _43349_/X (sky130_fd_sc_hd__or2_4)
                                                         _17343_ (net)
                      0.113575    0.000185   27.738443 v _43384_/A3 (sky130_fd_sc_hd__o31ai_4)
     3    0.031471    0.642492    0.598607   28.337051 ^ _43384_/Y (sky130_fd_sc_hd__o31ai_4)
                                                         _17378_ (net)
                      0.642530    0.001782   28.338833 ^ fanout62/A (sky130_fd_sc_hd__buf_6)
     5    0.033813    0.126735    0.434733   28.773565 ^ fanout62/X (sky130_fd_sc_hd__buf_6)
                                                         net62 (net)
                      0.126799    0.002617   28.776182 ^ _43391_/B1 (sky130_fd_sc_hd__a31o_1)
     1    0.002714    0.082883    0.183569   28.959751 ^ _43391_/X (sky130_fd_sc_hd__a31o_1)
                                                         _17384_ (net)
                      0.082883    0.000012   28.959763 ^ _43392_/B1 (sky130_fd_sc_hd__o21a_1)
     1    0.002509    0.069868    0.216900   29.176664 ^ _43392_/X (sky130_fd_sc_hd__o21a_1)
                                                         _02772_ (net)
                      0.069868    0.000025   29.176689 ^ _46277_/D (sky130_fd_sc_hd__dfrtp_4)
                                             29.176689   data arrival time

                                  5.000000    5.000000   clock clk_dsp (rise edge)
                                  0.000000    5.000000   clock source latency
     2    0.140610    1.016039    0.733551    5.733552 ^ clk_dsp (in)
                                                         clk_dsp (net)
                      1.023140    0.000000    5.733552 ^ clkbuf_0_clk_dsp/A (sky130_fd_sc_hd__clkbuf_16)
     4    0.117963    0.211502    0.679612    6.413164 ^ clkbuf_0_clk_dsp/X (sky130_fd_sc_hd__clkbuf_16)
                                                         clknet_0_clk_dsp (net)
                      0.211513    0.002049    6.415213 ^ clkbuf_2_3_0_clk_dsp/A (sky130_fd_sc_hd__clkbuf_8)
     4    0.068848    0.199842    0.393441    6.808653 ^ clkbuf_2_3_0_clk_dsp/X (sky130_fd_sc_hd__clkbuf_8)
                                                         clknet_2_3_0_clk_dsp (net)
                      0.200083    0.006176    6.814829 ^ clkbuf_4_15_0_clk_dsp/A (sky130_fd_sc_hd__clkbuf_8)
     2    0.051295    0.157265    0.358099    7.172929 ^ clkbuf_4_15_0_clk_dsp/X (sky130_fd_sc_hd__clkbuf_8)
                                                         clknet_4_15_0_clk_dsp (net)
                      0.157280    0.001645    7.174573 ^ clkbuf_5_31__f_clk_dsp/A (sky130_fd_sc_hd__clkbuf_16)
     8    0.109069    0.189695    0.361382    7.535956 ^ clkbuf_5_31__f_clk_dsp/X (sky130_fd_sc_hd__clkbuf_16)
                                                         clknet_5_31__leaf_clk_dsp (net)
                      0.190697    0.011005    7.546961 ^ clkbuf_leaf_137_clk_dsp/A (sky130_fd_sc_hd__clkbuf_8)
     6    0.023522    0.091813    0.299330    7.846291 ^ clkbuf_leaf_137_clk_dsp/X (sky130_fd_sc_hd__clkbuf_8)
                                                         clknet_leaf_137_clk_dsp (net)
                      0.091813    0.000223    7.846514 ^ _46277_/CLK (sky130_fd_sc_hd__dfrtp_4)
                                 -0.250000    7.596514   clock uncertainty
                                  0.000000    7.596514   clock reconvergence pessimism
                                 -0.132807    7.463706   library setup time
                                              7.463706   data required time
---------------------------------------------------------------------------------------------
                                              7.463706   data required time
                                            -29.176689   data arrival time
---------------------------------------------------------------------------------------------
                                            -21.712982   slack (VIOLATED)




===========================================================================
 report_check_types -max_slew -max_cap -max_fanout -violators
============================================================================
======================= min_ss_100C_1v60 Corner ===================================

max slew

Pin                                        Limit        Slew       Slack
------------------------------------------------------------------------
ANTENNA_601/DIODE                       0.750000    2.883067   -2.133067 (VIOLATED)
_34869_/A2                              0.750000    2.883067   -2.133067 (VIOLATED)
ANTENNA_602/DIODE                       0.750000    2.883030   -2.133030 (VIOLATED)
_35709_/A2                              0.750000    2.883030   -2.133030 (VIOLATED)
ANTENNA_603/DIODE                       0.750000    2.883018   -2.133018 (VIOLATED)
ANTENNA_604/DIODE                       0.750000    2.883019   -2.133019 (VIOLATED)
_36368_/A2                              0.750000    2.883018   -2.133018 (VIOLATED)
_36725_/A2                              0.750000    2.883019   -2.133019 (VIOLATED)
ANTENNA_605/DIODE                       0.750000    2.883002   -2.133001 (VIOLATED)
clone91/X                               0.750000    2.883002   -2.133001 (VIOLATED)
fanout921/A                             0.750000    2.883002   -2.133001 (VIOLATED)
_35193_/A2                              0.750000    1.677959   -0.927959 (VIOLATED)
_37891_/A2                              0.750000    1.677959   -0.927959 (VIOLATED)
_35769_/A2                              0.750000    1.677957   -0.927957 (VIOLATED)
_38052_/A2                              0.750000    1.677953   -0.927954 (VIOLATED)
_35900_/A2                              0.750000    1.677948   -0.927948 (VIOLATED)
clone85/X                               0.750000    1.677948   -0.927948 (VIOLATED)
_22815_/A                               0.750000    1.613110   -0.863110 (VIOLATED)
_22405_/B                               0.750000    1.613107   -0.863107 (VIOLATED)
_29546_/B1                              0.750000    1.613099   -0.863099 (VIOLATED)
_29547_/A                               0.750000    1.613099   -0.863099 (VIOLATED)
clone52/X                               0.750000    1.613099   -0.863099 (VIOLATED)
ANTENNA_164/DIODE                       0.750000    1.410758   -0.660758 (VIOLATED)
_24811_/C1                              0.750000    1.410758   -0.660758 (VIOLATED)
_23753_/Y                               0.750000    1.410642   -0.660642 (VIOLATED)
_23763_/B1_N                            0.750000    1.410642   -0.660642 (VIOLATED)
_34549_/Y                               0.750000    1.295988   -0.545988 (VIOLATED)
fanout1264/A                            0.750000    1.295988   -0.545988 (VIOLATED)
wire1265/A                              0.750000    1.295988   -0.545988 (VIOLATED)
_21904_/B                               0.750000    1.292479   -0.542479 (VIOLATED)
_24675_/A1                              0.750000    1.292348   -0.542348 (VIOLATED)
_24676_/A1                              0.750000    1.292347   -0.542347 (VIOLATED)
_25857_/A1                              0.750000    1.292347   -0.542347 (VIOLATED)
_24281_/A                               0.750000    1.292345   -0.542345 (VIOLATED)
clone3/X                                0.750000    1.292283   -0.542283 (VIOLATED)
_25836_/B1                              0.750000    1.241693   -0.491693 (VIOLATED)
ANTENNA_89/DIODE                        0.750000    1.241692   -0.491692 (VIOLATED)
fanout1155/A                            0.750000    1.241568   -0.491568 (VIOLATED)
fanout1158/A                            0.750000    1.241541   -0.491541 (VIOLATED)
_21984_/Y                               0.750000    1.241537   -0.491537 (VIOLATED)
ANTENNA_153/DIODE                       0.750000    1.221041   -0.471041 (VIOLATED)
_25607_/B1_N                            0.750000    1.221041   -0.471041 (VIOLATED)
_25427_/A2_N                            0.750000    1.221039   -0.471039 (VIOLATED)
ANTENNA_152/DIODE                       0.750000    1.221038   -0.471038 (VIOLATED)
_23154_/Y                               0.750000    1.220968   -0.470968 (VIOLATED)
_23155_/A2                              0.750000    1.220968   -0.470968 (VIOLATED)
_24890_/A2                              0.750000    1.220968   -0.470968 (VIOLATED)
_34620_/Y                               0.750000    1.220167   -0.470167 (VIOLATED)
fanout1178/A                            0.750000    1.220167   -0.470167 (VIOLATED)
_22390_/C1                              0.750000    1.193231   -0.443231 (VIOLATED)
_22382_/X                               0.750000    1.193225   -0.443225 (VIOLATED)
_25540_/A2                              0.750000    1.176708   -0.426708 (VIOLATED)
_25529_/X                               0.750000    1.176699   -0.426699 (VIOLATED)
_25244_/B1                              0.750000    1.169046   -0.419046 (VIOLATED)
_25264_/B1                              0.750000    1.169047   -0.419047 (VIOLATED)
fanout1026/A                            0.750000    1.169040   -0.419040 (VIOLATED)
_22557_/Y                               0.750000    1.169034   -0.419034 (VIOLATED)
_42459_/B                               0.750000    1.144328   -0.394328 (VIOLATED)
_39148_/B                               0.750000    1.144327   -0.394327 (VIOLATED)
_39479_/B                               0.750000    1.144056   -0.394056 (VIOLATED)
_39666_/B                               0.750000    1.144056   -0.394056 (VIOLATED)
_39678_/B1                              0.750000    1.144056   -0.394056 (VIOLATED)
clone4/X                                0.750000    1.144056   -0.394056 (VIOLATED)
_24547_/B1                              0.750000    1.136781   -0.386781 (VIOLATED)
ANTENNA_122/DIODE                       0.750000    1.136779   -0.386779 (VIOLATED)
_23993_/B2                              0.750000    1.136779   -0.386779 (VIOLATED)
_22419_/Y                               0.750000    1.136777   -0.386777 (VIOLATED)
_22430_/C1                              0.750000    1.136777   -0.386777 (VIOLATED)
_23644_/B1                              0.750000    1.119300   -0.369300 (VIOLATED)
_22976_/B1                              0.750000    1.119267   -0.369268 (VIOLATED)
_22975_/Y                               0.750000    1.119231   -0.369231 (VIOLATED)
_26160_/A_N                             0.750000    1.119231   -0.369231 (VIOLATED)
ANTENNA_631/DIODE                       0.750000    1.100948   -0.350948 (VIOLATED)
_25007_/B1                              0.750000    1.100948   -0.350948 (VIOLATED)
_24982_/A0                              0.750000    1.100938   -0.350938 (VIOLATED)
ANTENNA_87/DIODE                        0.750000    1.100937   -0.350937 (VIOLATED)
_25030_/A1                              0.750000    1.100914   -0.350914 (VIOLATED)
_26079_/A2                              0.750000    1.100907   -0.350907 (VIOLATED)
fanout1503/A                            0.750000    1.100859   -0.350859 (VIOLATED)
_21943_/Y                               0.750000    1.100857   -0.350857 (VIOLATED)
_35193_/B1                              0.750000    1.092424   -0.342424 (VIOLATED)
ANTENNA_781/DIODE                       0.750000    1.092423   -0.342423 (VIOLATED)
_38042_/A2                              0.750000    1.092423   -0.342423 (VIOLATED)
_34865_/A2                              0.750000    1.092421   -0.342421 (VIOLATED)
_34950_/A2                              0.750000    1.092421   -0.342421 (VIOLATED)
_36109_/A2                              0.750000    1.092421   -0.342421 (VIOLATED)
clone37/X                               0.750000    1.092417   -0.342417 (VIOLATED)
ANTENNA_640/DIODE                       0.750000    1.089322   -0.339322 (VIOLATED)
ANTENNA_641/DIODE                       0.750000    1.089322   -0.339322 (VIOLATED)
_26080_/A1                              0.750000    1.089322   -0.339322 (VIOLATED)
fanout1031/A                            0.750000    1.089270   -0.339270 (VIOLATED)
_22488_/Y                               0.750000    1.089268   -0.339268 (VIOLATED)
_22548_/B                               0.750000    1.082531   -0.332531 (VIOLATED)
_23656_/A2                              0.750000    1.082528   -0.332528 (VIOLATED)
_23432_/A3                              0.750000    1.082524   -0.332524 (VIOLATED)
fanout1469/A                            0.750000    1.082501   -0.332501 (VIOLATED)
_21974_/Y                               0.750000    1.082498   -0.332498 (VIOLATED)
fanout677/A                             0.750000    1.075049   -0.325049 (VIOLATED)
fanout676/A                             0.750000    1.075044   -0.325044 (VIOLATED)
fanout674/A                             0.750000    1.074998   -0.324998 (VIOLATED)
fanout675/A                             0.750000    1.074967   -0.324967 (VIOLATED)
_32997_/Y                               0.750000    1.074966   -0.324966 (VIOLATED)
_24638_/A1                              0.750000    1.073316   -0.323316 (VIOLATED)
ANTENNA_637/DIODE                       0.750000    1.073316   -0.323316 (VIOLATED)
_24430_/A1                              0.750000    1.073287   -0.323287 (VIOLATED)
ANTENNA_636/DIODE                       0.750000    1.073279   -0.323279 (VIOLATED)
_23797_/A2_N                            0.750000    1.073250   -0.323250 (VIOLATED)
ANTENNA_107/DIODE                       0.750000    1.073238   -0.323238 (VIOLATED)
_22206_/A1                              0.750000    1.073172   -0.323172 (VIOLATED)
ANTENNA_106/DIODE                       0.750000    1.073171   -0.323171 (VIOLATED)
_25592_/B1                              0.750000    1.073029   -0.323029 (VIOLATED)
ANTENNA_108/DIODE                       0.750000    1.073019   -0.323019 (VIOLATED)
_23511_/B2                              0.750000    1.072963   -0.322963 (VIOLATED)
ANTENNA_638/DIODE                       0.750000    1.072959   -0.322959 (VIOLATED)
_25029_/C1                              0.750000    1.072959   -0.322959 (VIOLATED)
_23320_/A1                              0.750000    1.072786   -0.322786 (VIOLATED)
_24840_/B2                              0.750000    1.072735   -0.322735 (VIOLATED)
_22194_/Y                               0.750000    1.072725   -0.322725 (VIOLATED)
ANTENNA_75/DIODE                        0.750000    1.070978   -0.320978 (VIOLATED)
_24430_/B2                              0.750000    1.070978   -0.320978 (VIOLATED)
_24634_/C1                              0.750000    1.070962   -0.320962 (VIOLATED)
_22190_/A                               0.750000    1.070953   -0.320953 (VIOLATED)
_23528_/B2                              0.750000    1.070951   -0.320951 (VIOLATED)
_25430_/A                               0.750000    1.070944   -0.320944 (VIOLATED)
_24704_/A                               0.750000    1.070907   -0.320907 (VIOLATED)
_25014_/A1                              0.750000    1.070894   -0.320894 (VIOLATED)
_21810_/Y                               0.750000    1.070891   -0.320891 (VIOLATED)
_23314_/A1                              0.750000    1.070891   -0.320891 (VIOLATED)
_24825_/A                               0.750000    1.058075   -0.308075 (VIOLATED)
_23311_/A2                              0.750000    1.058074   -0.308074 (VIOLATED)
_24691_/B                               0.750000    1.058064   -0.308064 (VIOLATED)
ANTENNA_136/DIODE                       0.750000    1.058063   -0.308063 (VIOLATED)
_22588_/Y                               0.750000    1.058059   -0.308059 (VIOLATED)
fanout283/A                             0.750000    1.052958   -0.302958 (VIOLATED)
clone6/A                                0.750000    1.052952   -0.302952 (VIOLATED)
fanout1102/A                            0.750000    1.052949   -0.302949 (VIOLATED)
fanout282/A                             0.750000    1.052919   -0.302919 (VIOLATED)
_39520_/B1                              0.750000    1.052887   -0.302887 (VIOLATED)
_39201_/B                               0.750000    1.052877   -0.302877 (VIOLATED)
_22054_/Y                               0.750000    1.052869   -0.302869 (VIOLATED)
fanout1097/A                            0.750000    1.052869   -0.302869 (VIOLATED)
fanout281/A                             0.750000    1.052849   -0.302849 (VIOLATED)
_37947_/Y                               0.750000    1.052648   -0.302648 (VIOLATED)
_34567_/Y                               0.750000    1.052440   -0.302440 (VIOLATED)
fanout1228/A                            0.750000    1.052440   -0.302440 (VIOLATED)
wire1229/A                              0.750000    1.052440   -0.302440 (VIOLATED)
ANTENNA_79/DIODE                        0.750000    1.045360   -0.295360 (VIOLATED)
_22325_/B                               0.750000    1.045360   -0.295360 (VIOLATED)
ANTENNA_80/DIODE                        0.750000    1.045355   -0.295355 (VIOLATED)
_24164_/A1                              0.750000    1.045355   -0.295356 (VIOLATED)
_21869_/C1                              0.750000    1.045352   -0.295352 (VIOLATED)
_21867_/B1                              0.750000    1.045351   -0.295351 (VIOLATED)
_24099_/A                               0.750000    1.045352   -0.295352 (VIOLATED)
_24035_/A1                              0.750000    1.045351   -0.295351 (VIOLATED)
_24152_/A                               0.750000    1.045351   -0.295351 (VIOLATED)
_21857_/Y                               0.750000    1.045344   -0.295344 (VIOLATED)
ANTENNA_105/DIODE                       0.750000    1.037777   -0.287777 (VIOLATED)
ANTENNA_765/DIODE                       0.750000    1.037777   -0.287777 (VIOLATED)
_23504_/A2                              0.750000    1.037777   -0.287777 (VIOLATED)
_24911_/A2                              0.750000    1.037777   -0.287777 (VIOLATED)
_23559_/A2                              0.750000    1.037772   -0.287772 (VIOLATED)
_22171_/Y                               0.750000    1.037770   -0.287770 (VIOLATED)
fanout1079/A                            0.750000    1.037770   -0.287770 (VIOLATED)
_23071_/Y                               0.750000    1.027651   -0.277651 (VIOLATED)
_23072_/A1                              0.750000    1.027651   -0.277651 (VIOLATED)
_26309_/A                               0.750000    1.027651   -0.277651 (VIOLATED)
_27201_/A1                              0.750000    1.027651   -0.277651 (VIOLATED)
_24749_/A2                              0.750000    1.025538   -0.275538 (VIOLATED)
_25459_/A1                              0.750000    1.025414   -0.275414 (VIOLATED)
_25318_/A1                              0.750000    1.025389   -0.275389 (VIOLATED)
_24423_/A                               0.750000    1.025351   -0.275351 (VIOLATED)
ANTENNA_85/DIODE                        0.750000    1.025350   -0.275351 (VIOLATED)
_22059_/B                               0.750000    1.025195   -0.275195 (VIOLATED)
ANTENNA_84/DIODE                        0.750000    1.024725   -0.274725 (VIOLATED)
_22521_/B                               0.750000    1.024725   -0.274725 (VIOLATED)
clkbuf_0_clk_dsp/A                      0.750000    1.023140   -0.273140 (VIOLATED)
ANTENNA_176/DIODE                       0.750000    1.023136   -0.273136 (VIOLATED)
ANTENNA_83/DIODE                        0.750000    1.023129   -0.273129 (VIOLATED)
_22296_/B                               0.750000    1.023122   -0.273122 (VIOLATED)
_22297_/A3                              0.750000    1.022886   -0.272886 (VIOLATED)
_24846_/B                               0.750000    1.022539   -0.272539 (VIOLATED)
_25113_/B2                              0.750000    1.022536   -0.272536 (VIOLATED)
_21934_/X                               0.750000    1.022399   -0.272399 (VIOLATED)
fanout311/A                             0.750000    1.016305   -0.266305 (VIOLATED)
clone4/A                                0.750000    1.016297   -0.266297 (VIOLATED)
fanout308/A                             0.750000    1.016290   -0.266290 (VIOLATED)
_37259_/Y                               0.750000    1.016275   -0.266275 (VIOLATED)
clk_dsp                                 0.750000    1.016039   -0.266039 (VIOLATED)
fanout1570/A                            0.750000    1.012819   -0.262819 (VIOLATED)
ANTENNA_77/DIODE                        0.750000    1.012819   -0.262819 (VIOLATED)
_21842_/Y                               0.750000    1.012757   -0.262757 (VIOLATED)
fanout1569/A                            0.750000    1.012757   -0.262757 (VIOLATED)
_22700_/A                               0.750000    1.012108   -0.262108 (VIOLATED)
_22701_/A                               0.750000    1.012108   -0.262108 (VIOLATED)
_21853_/A                               0.750000    1.012107   -0.262107 (VIOLATED)
_24533_/A1                              0.750000    1.012090   -0.262090 (VIOLATED)
_22760_/B                               0.750000    1.012084   -0.262084 (VIOLATED)
_22761_/B                               0.750000    1.012080   -0.262080 (VIOLATED)
_23586_/B                               0.750000    1.012080   -0.262080 (VIOLATED)
_23915_/A2                              0.750000    1.012080   -0.262080 (VIOLATED)
_21829_/Y                               0.750000    1.012078   -0.262078 (VIOLATED)
_23022_/A2                              0.750000    1.012078   -0.262078 (VIOLATED)
fanout1224/A                            0.750000    1.008323   -0.258323 (VIOLATED)
_34569_/Y                               0.750000    1.008321   -0.258321 (VIOLATED)
max_cap1226/A                           0.750000    1.008321   -0.258321 (VIOLATED)
_24553_/A1                              0.750000    1.002819   -0.252819 (VIOLATED)
_25816_/A1                              0.750000    1.002818   -0.252818 (VIOLATED)
_22338_/Y                               0.750000    1.002816   -0.252816 (VIOLATED)
_23729_/B2                              0.750000    1.002816   -0.252816 (VIOLATED)
fanout987/A                             0.750000    1.002242   -0.252242 (VIOLATED)
ANTENNA_16/DIODE                        0.750000    1.002238   -0.252238 (VIOLATED)
fanout985/A                             0.750000    1.002238   -0.252238 (VIOLATED)
fanout984/A                             0.750000    1.002223   -0.252223 (VIOLATED)
_32777_/Y                               0.750000    1.002215   -0.252215 (VIOLATED)
fanout1162/A                            0.750000    1.001199   -0.251199 (VIOLATED)
fanout1161/A                            0.750000    1.001187   -0.251188 (VIOLATED)
_21939_/Y                               0.750000    1.001178   -0.251178 (VIOLATED)
fanout597/A                             0.750000    0.998062   -0.248062 (VIOLATED)
fanout595/A                             0.750000    0.998058   -0.248058 (VIOLATED)
fanout596/A                             0.750000    0.998050   -0.248050 (VIOLATED)
fanout594/A                             0.750000    0.998041   -0.248041 (VIOLATED)
_33952_/Y                               0.750000    0.998038   -0.248038 (VIOLATED)
_24259_/B2                              0.750000    0.998033   -0.248033 (VIOLATED)
_21885_/Y                               0.750000    0.998008   -0.248008 (VIOLATED)
_24879_/A1                              0.750000    0.998008   -0.248008 (VIOLATED)
fanout1171/A                            0.750000    0.998008   -0.248008 (VIOLATED)
ANTENNA_117/DIODE                       0.750000    0.995248   -0.245248 (VIOLATED)
_24622_/B1                              0.750000    0.995249   -0.245249 (VIOLATED)
_22391_/B1                              0.750000    0.995236   -0.245236 (VIOLATED)
ANTENNA_116/DIODE                       0.750000    0.995236   -0.245236 (VIOLATED)
_25816_/B2                              0.750000    0.995221   -0.245221 (VIOLATED)
_24553_/B2                              0.750000    0.995221   -0.245221 (VIOLATED)
_25655_/A2_N                            0.750000    0.995220   -0.245220 (VIOLATED)
_29566_/B2                              0.750000    0.995158   -0.245158 (VIOLATED)
_22368_/Y                               0.750000    0.995151   -0.245151 (VIOLATED)
wire407/A                               0.750000    0.993135   -0.243135 (VIOLATED)
fanout403/A                             0.750000    0.993108   -0.243108 (VIOLATED)
_35350_/Y                               0.750000    0.993088   -0.243088 (VIOLATED)
_25519_/A1                              0.750000    0.984751   -0.234751 (VIOLATED)
_24884_/B1                              0.750000    0.984751   -0.234751 (VIOLATED)
_26110_/A2                              0.750000    0.984751   -0.234751 (VIOLATED)
_26167_/A1                              0.750000    0.984751   -0.234751 (VIOLATED)
_22602_/Y                               0.750000    0.984749   -0.234749 (VIOLATED)
_23487_/B1                              0.750000    0.984749   -0.234749 (VIOLATED)
fanout347/A                             0.750000    0.979164   -0.229164 (VIOLATED)
_36485_/Y                               0.750000    0.979120   -0.229120 (VIOLATED)
fanout1502/A                            0.750000    0.973197   -0.223197 (VIOLATED)
fanout1497/A                            0.750000    0.973187   -0.223187 (VIOLATED)
_21950_/Y                               0.750000    0.973176   -0.223176 (VIOLATED)
fanout1609/A                            0.750000    0.967446   -0.217446 (VIOLATED)
ANTENNA_73/DIODE                        0.750000    0.967445   -0.217445 (VIOLATED)
fanout1608/A                            0.750000    0.967356   -0.217356 (VIOLATED)
fanout1612/A                            0.750000    0.967320   -0.217320 (VIOLATED)
_21806_/Y                               0.750000    0.967315   -0.217315 (VIOLATED)
fanout1088/A                            0.750000    0.951645   -0.201645 (VIOLATED)
fanout1087/A                            0.750000    0.951638   -0.201638 (VIOLATED)
_22086_/Y                               0.750000    0.951635   -0.201635 (VIOLATED)
_24888_/A2_N                            0.750000    0.948869   -0.198869 (VIOLATED)
_24179_/B                               0.750000    0.948868   -0.198868 (VIOLATED)
_26164_/B                               0.750000    0.948867   -0.198867 (VIOLATED)
_25109_/A                               0.750000    0.948864   -0.198864 (VIOLATED)
_24793_/B1                              0.750000    0.948859   -0.198859 (VIOLATED)
_23128_/Y                               0.750000    0.948853   -0.198853 (VIOLATED)
_24769_/B1                              0.750000    0.948853   -0.198853 (VIOLATED)
_22418_/A2                              0.750000    0.946543   -0.196543 (VIOLATED)
_22413_/Y                               0.750000    0.946538   -0.196538 (VIOLATED)
_25387_/A2                              0.750000    0.946538   -0.196538 (VIOLATED)
_25510_/A1                              0.750000    0.946538   -0.196538 (VIOLATED)
_25988_/B                               0.750000    0.946538   -0.196538 (VIOLATED)
_24674_/A                               0.750000    0.944628   -0.194628 (VIOLATED)
_22927_/Y                               0.750000    0.944627   -0.194627 (VIOLATED)
_23182_/B                               0.750000    0.944627   -0.194627 (VIOLATED)
_24989_/A1                              0.750000    0.944627   -0.194627 (VIOLATED)
_22980_/B                               0.750000    0.943401   -0.193401 (VIOLATED)
_23715_/A2                              0.750000    0.943401   -0.193401 (VIOLATED)
_24058_/A3                              0.750000    0.943401   -0.193401 (VIOLATED)
_22760_/Y                               0.750000    0.943399   -0.193399 (VIOLATED)
_24569_/A                               0.750000    0.943399   -0.193399 (VIOLATED)
_23495_/A2                              0.750000    0.941211   -0.191211 (VIOLATED)
_25074_/A2                              0.750000    0.941199   -0.191199 (VIOLATED)
_24699_/B2                              0.750000    0.941188   -0.191188 (VIOLATED)
_24772_/C                               0.750000    0.941188   -0.191188 (VIOLATED)
_24675_/B1                              0.750000    0.941136   -0.191136 (VIOLATED)
_24680_/A2                              0.750000    0.941123   -0.191123 (VIOLATED)
_23556_/B                               0.750000    0.941086   -0.191086 (VIOLATED)
_22411_/Y                               0.750000    0.941084   -0.191084 (VIOLATED)
_22414_/B                               0.750000    0.941084   -0.191084 (VIOLATED)
_21910_/Y                               0.750000    0.925662   -0.175662 (VIOLATED)
fanout1526/A                            0.750000    0.925662   -0.175662 (VIOLATED)
wire1527/A                              0.750000    0.925662   -0.175662 (VIOLATED)
fanout454/A                             0.750000    0.924606   -0.174606 (VIOLATED)
clone59/A                               0.750000    0.924554   -0.174554 (VIOLATED)
fanout450/A                             0.750000    0.924475   -0.174475 (VIOLATED)
_34931_/Y                               0.750000    0.924204   -0.174204 (VIOLATED)
ANTENNA_47/DIODE                        0.750000    0.923979   -0.173979 (VIOLATED)
_34941_/B1                              0.750000    0.923979   -0.173979 (VIOLATED)
_36853_/A2                              0.750000    0.923925   -0.173925 (VIOLATED)
ANTENNA_50/DIODE                        0.750000    0.923924   -0.173924 (VIOLATED)
ANTENNA_48/DIODE                        0.750000    0.923872   -0.173872 (VIOLATED)
_35882_/A2                              0.750000    0.923865   -0.173866 (VIOLATED)
ANTENNA_51/DIODE                        0.750000    0.923734   -0.173734 (VIOLATED)
_37657_/A2                              0.750000    0.923733   -0.173733 (VIOLATED)
ANTENNA_49/DIODE                        0.750000    0.923610   -0.173610 (VIOLATED)
_37124_/A2                              0.750000    0.923599   -0.173599 (VIOLATED)
_36619_/A2                              0.750000    0.923598   -0.173598 (VIOLATED)
_37389_/A2                              0.750000    0.923571   -0.173571 (VIOLATED)
fanout861/A                             0.750000    0.923551   -0.173551 (VIOLATED)
_34599_/X                               0.750000    0.923539   -0.173539 (VIOLATED)
_25924_/B1                              0.750000    0.923384   -0.173384 (VIOLATED)
ANTENNA_144/DIODE                       0.750000    0.923383   -0.173383 (VIOLATED)
_26195_/A1_N                            0.750000    0.922886   -0.172886 (VIOLATED)
_22851_/Y                               0.750000    0.922883   -0.172883 (VIOLATED)
_24393_/B2                              0.750000    0.912413   -0.162413 (VIOLATED)
ANTENNA_102/DIODE                       0.750000    0.912413   -0.162413 (VIOLATED)
_23226_/B2                              0.750000    0.912387   -0.162387 (VIOLATED)
_24921_/A1                              0.750000    0.912385   -0.162385 (VIOLATED)
_23456_/A                               0.750000    0.912381   -0.162381 (VIOLATED)
_25684_/A1                              0.750000    0.912369   -0.162369 (VIOLATED)
_24789_/B2                              0.750000    0.912365   -0.162365 (VIOLATED)
_23224_/B                               0.750000    0.912336   -0.162336 (VIOLATED)
_24684_/A1_N                            0.750000    0.912331   -0.162331 (VIOLATED)
ANTENNA_101/DIODE                       0.750000    0.912316   -0.162316 (VIOLATED)
_24136_/A                               0.750000    0.912316   -0.162316 (VIOLATED)
_22096_/Y                               0.750000    0.912239   -0.162239 (VIOLATED)
_25012_/A2                              0.750000    0.909887   -0.159887 (VIOLATED)
_26129_/A2                              0.750000    0.909882   -0.159882 (VIOLATED)
_24875_/A0                              0.750000    0.909866   -0.159866 (VIOLATED)
ANTENNA_109/DIODE                       0.750000    0.909864   -0.159864 (VIOLATED)
_22224_/Y                               0.750000    0.909858   -0.159858 (VIOLATED)
_24615_/A3                              0.750000    0.909858   -0.159858 (VIOLATED)
_24775_/A1                              0.750000    0.909858   -0.159858 (VIOLATED)
_37003_/Y                               0.750000    0.906569   -0.156569 (VIOLATED)
_37005_/C                               0.750000    0.906569   -0.156569 (VIOLATED)
_37078_/A2                              0.750000    0.906569   -0.156569 (VIOLATED)
_25060_/A2                              0.750000    0.904224   -0.154224 (VIOLATED)
_26163_/B                               0.750000    0.904217   -0.154217 (VIOLATED)
ANTENNA_149/DIODE                       0.750000    0.904171   -0.154171 (VIOLATED)
_24975_/A2                              0.750000    0.904171   -0.154171 (VIOLATED)
_23421_/A2                              0.750000    0.904169   -0.154169 (VIOLATED)
_23080_/Y                               0.750000    0.904168   -0.154168 (VIOLATED)
fanout228/A                             0.750000    0.902716   -0.152716 (VIOLATED)
_35077_/Y                               0.750000    0.902658   -0.152658 (VIOLATED)
_24903_/A2                              0.750000    0.901786   -0.151786 (VIOLATED)
_24876_/B1_N                            0.750000    0.901785   -0.151785 (VIOLATED)
ANTENNA_151/DIODE                       0.750000    0.901782   -0.151782 (VIOLATED)
_26180_/B                               0.750000    0.901782   -0.151782 (VIOLATED)
_23141_/Y                               0.750000    0.901759   -0.151759 (VIOLATED)
_23142_/B                               0.750000    0.901759   -0.151759 (VIOLATED)
_25002_/A                               0.750000    0.901759   -0.151759 (VIOLATED)
_24678_/B                               0.750000    0.895635   -0.145635 (VIOLATED)
_26031_/A3                              0.750000    0.895635   -0.145635 (VIOLATED)
_24606_/Y                               0.750000    0.895633   -0.145633 (VIOLATED)
_25053_/A3                              0.750000    0.895633   -0.145633 (VIOLATED)
ANTENNA_61/DIODE                        0.750000    0.895446   -0.145446 (VIOLATED)
fanout261/A                             0.750000    0.895446   -0.145446 (VIOLATED)
_34872_/Y                               0.750000    0.895422   -0.145422 (VIOLATED)
_24671_/B                               0.750000    0.893231   -0.143231 (VIOLATED)
_26273_/B                               0.750000    0.893231   -0.143231 (VIOLATED)
_26270_/B                               0.750000    0.893230   -0.143230 (VIOLATED)
_24670_/Y                               0.750000    0.893175   -0.143175 (VIOLATED)
_23083_/Y                               0.750000    0.888235   -0.138235 (VIOLATED)
_23084_/B1                              0.750000    0.888235   -0.138235 (VIOLATED)
_26194_/B1                              0.750000    0.888235   -0.138235 (VIOLATED)
_26466_/A2                              0.750000    0.888235   -0.138235 (VIOLATED)
_22658_/A1                              0.750000    0.886826   -0.136826 (VIOLATED)
_22641_/X                               0.750000    0.886587   -0.136587 (VIOLATED)
fanout1029/A                            0.750000    0.886075   -0.136075 (VIOLATED)
ANTENNA_135/DIODE                       0.750000    0.886074   -0.136074 (VIOLATED)
fanout1030/A                            0.750000    0.886074   -0.136074 (VIOLATED)
_22554_/Y                               0.750000    0.886063   -0.136063 (VIOLATED)
_24815_/A                               0.750000    0.872507   -0.122507 (VIOLATED)
_23185_/B                               0.750000    0.872488   -0.122488 (VIOLATED)
_24866_/A2                              0.750000    0.872483   -0.122483 (VIOLATED)
_26146_/A                               0.750000    0.872463   -0.122463 (VIOLATED)
ANTENNA_95/DIODE                        0.750000    0.872456   -0.122456 (VIOLATED)
_25210_/A                               0.750000    0.872456   -0.122456 (VIOLATED)
_23455_/B1                              0.750000    0.872426   -0.122426 (VIOLATED)
_25438_/C1                              0.750000    0.872382   -0.122382 (VIOLATED)
_25479_/A1                              0.750000    0.872357   -0.122357 (VIOLATED)
_25726_/A1                              0.750000    0.872340   -0.122340 (VIOLATED)
_22072_/A                               0.750000    0.872243   -0.122243 (VIOLATED)
_22063_/Y                               0.750000    0.872241   -0.122241 (VIOLATED)
_24315_/X                               0.750000    0.868784   -0.118784 (VIOLATED)
_24316_/B1                              0.750000    0.868784   -0.118784 (VIOLATED)
_24072_/B1                              0.750000    0.867219   -0.117219 (VIOLATED)
_24248_/A2                              0.750000    0.867217   -0.117217 (VIOLATED)
_24113_/A2                              0.750000    0.867211   -0.117211 (VIOLATED)
_22500_/C                               0.750000    0.867211   -0.117211 (VIOLATED)
_22125_/B1                              0.750000    0.867208   -0.117208 (VIOLATED)
_22103_/Y                               0.750000    0.867206   -0.117206 (VIOLATED)
_22340_/C                               0.750000    0.867206   -0.117206 (VIOLATED)
_23866_/B1                              0.750000    0.867206   -0.117206 (VIOLATED)
_21910_/B                               0.750000    0.864381   -0.114381 (VIOLATED)
_22816_/A                               0.750000    0.864378   -0.114378 (VIOLATED)
_22787_/A2                              0.750000    0.864377   -0.114377 (VIOLATED)
_23214_/A                               0.750000    0.864376   -0.114376 (VIOLATED)
_22466_/B                               0.750000    0.864375   -0.114375 (VIOLATED)
clone50/X                               0.750000    0.864375   -0.114375 (VIOLATED)
_22954_/X                               0.750000    0.863917   -0.113917 (VIOLATED)
_22984_/A1                              0.750000    0.863917   -0.113917 (VIOLATED)
_36754_/Y                               0.750000    0.863855   -0.113855 (VIOLATED)
_36756_/C                               0.750000    0.863855   -0.113855 (VIOLATED)
_36816_/A2                              0.750000    0.863855   -0.113855 (VIOLATED)
fanout769/A                             0.750000    0.863684   -0.113684 (VIOLATED)
ANTENNA_12/DIODE                        0.750000    0.863681   -0.113681 (VIOLATED)
fanout767/A                             0.750000    0.863681   -0.113682 (VIOLATED)
fanout768/A                             0.750000    0.863681   -0.113681 (VIOLATED)
fanout766/A                             0.750000    0.863667   -0.113667 (VIOLATED)
_32422_/Y                               0.750000    0.863663   -0.113663 (VIOLATED)
_25058_/A                               0.750000    0.862860   -0.112860 (VIOLATED)
fanout1511/A                            0.750000    0.862860   -0.112860 (VIOLATED)
_21932_/Y                               0.750000    0.862858   -0.112858 (VIOLATED)
_24140_/A3                              0.750000    0.862858   -0.112858 (VIOLATED)
_23736_/A1                              0.750000    0.861641   -0.111641 (VIOLATED)
_25646_/A1                              0.750000    0.861641   -0.111641 (VIOLATED)
_22897_/A2                              0.750000    0.861639   -0.111639 (VIOLATED)
_23737_/A1                              0.750000    0.861639   -0.111639 (VIOLATED)
_23754_/B                               0.750000    0.861639   -0.111639 (VIOLATED)
clone56/X                               0.750000    0.861639   -0.111639 (VIOLATED)
_25392_/A2                              0.750000    0.861199   -0.111199 (VIOLATED)
_22365_/B                               0.750000    0.861199   -0.111199 (VIOLATED)
_22363_/Y                               0.750000    0.861194   -0.111194 (VIOLATED)
_24319_/B                               0.750000    0.861194   -0.111194 (VIOLATED)
_22281_/Y                               0.750000    0.857917   -0.107917 (VIOLATED)
_22282_/C1                              0.750000    0.857917   -0.107917 (VIOLATED)
_24711_/A1                              0.750000    0.856489   -0.106489 (VIOLATED)
_25203_/B1                              0.750000    0.856487   -0.106487 (VIOLATED)
_25457_/B1                              0.750000    0.856487   -0.106487 (VIOLATED)
_23848_/B                               0.750000    0.856486   -0.106486 (VIOLATED)
_25051_/A                               0.750000    0.856485   -0.106485 (VIOLATED)
_25115_/A1                              0.750000    0.856484   -0.106484 (VIOLATED)
_22422_/Y                               0.750000    0.856479   -0.106479 (VIOLATED)
wire218/A                               0.750000    0.848313   -0.098313 (VIOLATED)
_35271_/Y                               0.750000    0.848240   -0.098240 (VIOLATED)
_24178_/A4                              0.750000    0.846549   -0.096549 (VIOLATED)
_23015_/C                               0.750000    0.846547   -0.096547 (VIOLATED)
_23013_/Y                               0.750000    0.846546   -0.096546 (VIOLATED)
_23232_/C                               0.750000    0.846546   -0.096546 (VIOLATED)
_22011_/B                               0.750000    0.845235   -0.095235 (VIOLATED)
_22089_/B1                              0.750000    0.845232   -0.095232 (VIOLATED)
_22076_/A                               0.750000    0.845230   -0.095230 (VIOLATED)
_22079_/C1                              0.750000    0.845229   -0.095229 (VIOLATED)
_21812_/Y                               0.750000    0.845227   -0.095227 (VIOLATED)
_22255_/B1                              0.750000    0.845227   -0.095227 (VIOLATED)
_23902_/A1                              0.750000    0.845227   -0.095227 (VIOLATED)
ANTENNA_193/DIODE                       0.750000    0.843516   -0.093516 (VIOLATED)
fanout1892/A                            0.750000    0.843516   -0.093516 (VIOLATED)
_34342_/A1                              0.750000    0.843433   -0.093433 (VIOLATED)
fanout1899/A                            0.750000    0.843409   -0.093409 (VIOLATED)
ANTENNA_182/DIODE                       0.750000    0.843385   -0.093385 (VIOLATED)
ANTENNA_183/DIODE                       0.750000    0.843385   -0.093385 (VIOLATED)
ANTENNA_184/DIODE                       0.750000    0.843385   -0.093385 (VIOLATED)
ANTENNA_185/DIODE                       0.750000    0.843385   -0.093385 (VIOLATED)
ANTENNA_186/DIODE                       0.750000    0.843385   -0.093385 (VIOLATED)
ANTENNA_187/DIODE                       0.750000    0.843385   -0.093385 (VIOLATED)
ANTENNA_188/DIODE                       0.750000    0.843385   -0.093385 (VIOLATED)
ANTENNA_189/DIODE                       0.750000    0.843385   -0.093385 (VIOLATED)
ANTENNA_190/DIODE                       0.750000    0.843385   -0.093385 (VIOLATED)
ANTENNA_191/DIODE                       0.750000    0.843385   -0.093385 (VIOLATED)
ANTENNA_192/DIODE                       0.750000    0.843385   -0.093385 (VIOLATED)
_32191_/B2                              0.750000    0.843385   -0.093385 (VIOLATED)
_44165_/Q                               0.750000    0.843385   -0.093385 (VIOLATED)
_25166_/B                               0.750000    0.839880   -0.089880 (VIOLATED)
_26000_/A3                              0.750000    0.839877   -0.089877 (VIOLATED)
_24274_/A2                              0.750000    0.839858   -0.089858 (VIOLATED)
_22808_/Y                               0.750000    0.839857   -0.089857 (VIOLATED)
_22811_/A3                              0.750000    0.839857   -0.089857 (VIOLATED)
fanout486/A                             0.750000    0.835905   -0.085905 (VIOLATED)
fanout485/A                             0.750000    0.835899   -0.085899 (VIOLATED)
ANTENNA_59/DIODE                        0.750000    0.835896   -0.085896 (VIOLATED)
fanout484/A                             0.750000    0.835896   -0.085896 (VIOLATED)
fanout483/A                             0.750000    0.835896   -0.085896 (VIOLATED)
_34791_/Y                               0.750000    0.835893   -0.085893 (VIOLATED)
_23432_/A2                              0.750000    0.835762   -0.085762 (VIOLATED)
_21861_/Y                               0.750000    0.835758   -0.085758 (VIOLATED)
fanout1566/A                            0.750000    0.835758   -0.085758 (VIOLATED)
_34959_/A2                              0.750000    0.835526   -0.085526 (VIOLATED)
ANTENNA_600/DIODE                       0.750000    0.835448   -0.085448 (VIOLATED)
_37902_/B1                              0.750000    0.835446   -0.085446 (VIOLATED)
fanout1076/A                            0.750000    0.835396   -0.085396 (VIOLATED)
fanout1075/A                            0.750000    0.835395   -0.085395 (VIOLATED)
_22187_/Y                               0.750000    0.835392   -0.085392 (VIOLATED)
ANTENNA_782/DIODE                       0.750000    0.835143   -0.085143 (VIOLATED)
_35729_/A2                              0.750000    0.835143   -0.085143 (VIOLATED)
_35806_/A2                              0.750000    0.835129   -0.085129 (VIOLATED)
_36857_/A2                              0.750000    0.835129   -0.085129 (VIOLATED)
clone62/X                               0.750000    0.835129   -0.085129 (VIOLATED)
_25308_/B                               0.750000    0.834636   -0.084636 (VIOLATED)
_21949_/A2                              0.750000    0.834635   -0.084635 (VIOLATED)
_22831_/A                               0.750000    0.834635   -0.084635 (VIOLATED)
_21927_/Y                               0.750000    0.834634   -0.084634 (VIOLATED)
fanout1072/A                            0.750000    0.833427   -0.083428 (VIOLATED)
_22192_/Y                               0.750000    0.833422   -0.083422 (VIOLATED)
fanout1069/A                            0.750000    0.833422   -0.083422 (VIOLATED)
_22296_/A                               0.750000    0.830956   -0.080956 (VIOLATED)
_25644_/B2                              0.750000    0.830956   -0.080956 (VIOLATED)
_22284_/B                               0.750000    0.830954   -0.080954 (VIOLATED)
_24395_/A1                              0.750000    0.830954   -0.080954 (VIOLATED)
clone24/X                               0.750000    0.830954   -0.080954 (VIOLATED)
_24172_/A2                              0.750000    0.828905   -0.078905 (VIOLATED)
_23429_/A2                              0.750000    0.828898   -0.078898 (VIOLATED)
_23420_/B                               0.750000    0.828896   -0.078896 (VIOLATED)
_26004_/A1                              0.750000    0.828896   -0.078896 (VIOLATED)
_23391_/A2                              0.750000    0.828892   -0.078892 (VIOLATED)
_23343_/B                               0.750000    0.828888   -0.078888 (VIOLATED)
_23341_/Y                               0.750000    0.828875   -0.078875 (VIOLATED)
_25456_/A2                              0.750000    0.828875   -0.078875 (VIOLATED)
_24595_/Y                               0.750000    0.825190   -0.075190 (VIOLATED)
_24597_/A2                              0.750000    0.825190   -0.075190 (VIOLATED)
_25556_/A2                              0.750000    0.825190   -0.075190 (VIOLATED)
_22823_/B                               0.750000    0.825121   -0.075121 (VIOLATED)
_25385_/A1                              0.750000    0.825121   -0.075121 (VIOLATED)
_22146_/Y                               0.750000    0.825119   -0.075119 (VIOLATED)
max_cap1412/A                           0.750000    0.825119   -0.075119 (VIOLATED)
_24015_/A_N                             0.750000    0.824374   -0.074374 (VIOLATED)
_22097_/Y                               0.750000    0.824372   -0.074372 (VIOLATED)
_22098_/A2                              0.750000    0.824372   -0.074372 (VIOLATED)
_23066_/A1                              0.750000    0.824372   -0.074372 (VIOLATED)
_43572_/D                               0.750000    0.822596   -0.072596 (VIOLATED)
_28605_/Y                               0.750000    0.822326   -0.072326 (VIOLATED)
ANTENNA_138/DIODE                       0.750000    0.820462   -0.070462 (VIOLATED)
ANTENNA_139/DIODE                       0.750000    0.820462   -0.070462 (VIOLATED)
_22704_/X                               0.750000    0.820462   -0.070462 (VIOLATED)
_22718_/C1                              0.750000    0.820462   -0.070462 (VIOLATED)
_22804_/B                               0.750000    0.818323   -0.068323 (VIOLATED)
_24227_/A1_N                            0.750000    0.818322   -0.068322 (VIOLATED)
_25029_/A2                              0.750000    0.818322   -0.068322 (VIOLATED)
_22470_/Y                               0.750000    0.818321   -0.068321 (VIOLATED)
_25661_/A2                              0.750000    0.818067   -0.068067 (VIOLATED)
_25399_/B1                              0.750000    0.818066   -0.068066 (VIOLATED)
_22752_/Y                               0.750000    0.818060   -0.068060 (VIOLATED)
_22754_/A2                              0.750000    0.818060   -0.068060 (VIOLATED)
_22970_/A2_N                            0.750000    0.818060   -0.068060 (VIOLATED)
_23486_/B1                              0.750000    0.817376   -0.067376 (VIOLATED)
_23485_/X                               0.750000    0.817360   -0.067361 (VIOLATED)
fanout254/A                             0.750000    0.814666   -0.064666 (VIOLATED)
ANTENNA_145/DIODE                       0.750000    0.814569   -0.064569 (VIOLATED)
_23903_/A2                              0.750000    0.814569   -0.064569 (VIOLATED)
_22891_/X                               0.750000    0.814527   -0.064527 (VIOLATED)
_22892_/B2                              0.750000    0.814527   -0.064527 (VIOLATED)
_34977_/Y                               0.750000    0.814290   -0.064290 (VIOLATED)
_25206_/B                               0.750000    0.813106   -0.063106 (VIOLATED)
_25207_/A2                              0.750000    0.813099   -0.063099 (VIOLATED)
_25684_/A2                              0.750000    0.813085   -0.063085 (VIOLATED)
_24789_/B1                              0.750000    0.813074   -0.063074 (VIOLATED)
_24805_/B1                              0.750000    0.813038   -0.063038 (VIOLATED)
_23115_/B                               0.750000    0.813036   -0.063036 (VIOLATED)
_24774_/B                               0.750000    0.813033   -0.063033 (VIOLATED)
_23114_/Y                               0.750000    0.813031   -0.063031 (VIOLATED)
_23523_/C                               0.750000    0.810889   -0.060889 (VIOLATED)
_22835_/B                               0.750000    0.810889   -0.060889 (VIOLATED)
_22918_/B                               0.750000    0.810886   -0.060886 (VIOLATED)
_22834_/A                               0.750000    0.810886   -0.060886 (VIOLATED)
_21916_/Y                               0.750000    0.810885   -0.060885 (VIOLATED)
_23653_/C                               0.750000    0.810885   -0.060885 (VIOLATED)
_24662_/A2                              0.750000    0.810885   -0.060885 (VIOLATED)
_22466_/Y                               0.750000    0.803402   -0.053402 (VIOLATED)
_22602_/B                               0.750000    0.803402   -0.053402 (VIOLATED)
max_cap1400/A                           0.750000    0.803402   -0.053402 (VIOLATED)
_23882_/A1                              0.750000    0.803341   -0.053341 (VIOLATED)
_24288_/A1                              0.750000    0.803340   -0.053340 (VIOLATED)
_25228_/A0                              0.750000    0.803334   -0.053334 (VIOLATED)
_25891_/A2                              0.750000    0.803333   -0.053333 (VIOLATED)
_23679_/B2                              0.750000    0.803333   -0.053333 (VIOLATED)
_22868_/Y                               0.750000    0.803328   -0.053328 (VIOLATED)
_22869_/A                               0.750000    0.803328   -0.053328 (VIOLATED)
_27230_/A2                              0.750000    0.802990   -0.052990 (VIOLATED)
_24894_/C                               0.750000    0.802989   -0.052989 (VIOLATED)
_26251_/A2                              0.750000    0.802989   -0.052989 (VIOLATED)
_27332_/A3                              0.750000    0.802989   -0.052989 (VIOLATED)
_26230_/A3                              0.750000    0.802988   -0.052988 (VIOLATED)
_24942_/A3                              0.750000    0.802982   -0.052982 (VIOLATED)
_26221_/A3                              0.750000    0.802980   -0.052980 (VIOLATED)
_24893_/Y                               0.750000    0.802914   -0.052914 (VIOLATED)
_22907_/A1                              0.750000    0.802550   -0.052550 (VIOLATED)
_22899_/X                               0.750000    0.802504   -0.052504 (VIOLATED)
_37985_/B                               0.750000    0.800251   -0.050251 (VIOLATED)
_38595_/B                               0.750000    0.800251   -0.050251 (VIOLATED)
_38877_/B                               0.750000    0.800251   -0.050251 (VIOLATED)
_41543_/B                               0.750000    0.800251   -0.050251 (VIOLATED)
clone59/X                               0.750000    0.800251   -0.050251 (VIOLATED)
_24996_/C1                              0.750000    0.799926   -0.049926 (VIOLATED)
_24898_/B1                              0.750000    0.799922   -0.049922 (VIOLATED)
fanout1037/A                            0.750000    0.799920   -0.049920 (VIOLATED)
_22335_/Y                               0.750000    0.799914   -0.049914 (VIOLATED)
_22732_/A1                              0.750000    0.796718   -0.046718 (VIOLATED)
_24567_/A_N                             0.750000    0.796714   -0.046714 (VIOLATED)
_21884_/A2                              0.750000    0.796709   -0.046709 (VIOLATED)
_25942_/B1                              0.750000    0.796709   -0.046709 (VIOLATED)
_21871_/Y                               0.750000    0.796706   -0.046706 (VIOLATED)
_25934_/B1                              0.750000    0.796706   -0.046706 (VIOLATED)
_25655_/A1_N                            0.750000    0.791873   -0.041873 (VIOLATED)
_25654_/Y                               0.750000    0.791870   -0.041870 (VIOLATED)
_23175_/A                               0.750000    0.788996   -0.038996 (VIOLATED)
_22758_/A2                              0.750000    0.788992   -0.038992 (VIOLATED)
_25436_/A1                              0.750000    0.788991   -0.038991 (VIOLATED)
_23336_/A2                              0.750000    0.788991   -0.038991 (VIOLATED)
_25682_/A1                              0.750000    0.788989   -0.038989 (VIOLATED)
_21923_/Y                               0.750000    0.788988   -0.038988 (VIOLATED)
_22808_/A                               0.750000    0.788988   -0.038988 (VIOLATED)
_36989_/B1                              0.750000    0.787817   -0.037817 (VIOLATED)
_40326_/C                               0.750000    0.787811   -0.037811 (VIOLATED)
_38661_/A                               0.750000    0.787810   -0.037810 (VIOLATED)
_38665_/B2                              0.750000    0.787810   -0.037810 (VIOLATED)
_41489_/A                               0.750000    0.787807   -0.037807 (VIOLATED)
_35037_/Y                               0.750000    0.787772   -0.037772 (VIOLATED)
_24860_/A                               0.750000    0.784458   -0.034458 (VIOLATED)
_25109_/D                               0.750000    0.784458   -0.034458 (VIOLATED)
_24673_/Y                               0.750000    0.784457   -0.034457 (VIOLATED)
_24674_/B                               0.750000    0.784457   -0.034457 (VIOLATED)
_24794_/C                               0.750000    0.784457   -0.034457 (VIOLATED)
fanout701/A                             0.750000    0.784108   -0.034108 (VIOLATED)
fanout700/A                             0.750000    0.784077   -0.034077 (VIOLATED)
ANTENNA_611/DIODE                       0.750000    0.784077   -0.034077 (VIOLATED)
fanout698/A                             0.750000    0.783852   -0.033852 (VIOLATED)
fanout699/A                             0.750000    0.783851   -0.033851 (VIOLATED)
_32861_/Y                               0.750000    0.783839   -0.033839 (VIOLATED)
_26171_/A2                              0.750000    0.782667   -0.032667 (VIOLATED)
_23504_/A3                              0.750000    0.782653   -0.032653 (VIOLATED)
_25196_/B                               0.750000    0.782650   -0.032650 (VIOLATED)
_26099_/A1                              0.750000    0.782647   -0.032647 (VIOLATED)
_23477_/A2                              0.750000    0.782645   -0.032645 (VIOLATED)
_22429_/A3                              0.750000    0.782638   -0.032638 (VIOLATED)
_22424_/Y                               0.750000    0.782636   -0.032636 (VIOLATED)
_25812_/A1                              0.750000    0.781659   -0.031659 (VIOLATED)
_23452_/B                               0.750000    0.781572   -0.031572 (VIOLATED)
_22020_/Y                               0.750000    0.781491   -0.031491 (VIOLATED)
ANTENNA_409/DIODE                       0.750000    0.776945   -0.026945 (VIOLATED)
_24954_/B                               0.750000    0.776945   -0.026945 (VIOLATED)
_24222_/A1                              0.750000    0.776917   -0.026917 (VIOLATED)
ANTENNA_407/DIODE                       0.750000    0.776916   -0.026916 (VIOLATED)
ANTENNA_408/DIODE                       0.750000    0.776916   -0.026916 (VIOLATED)
ANTENNA_411/DIODE                       0.750000    0.776900   -0.026900 (VIOLATED)
_25118_/A1                              0.750000    0.776900   -0.026900 (VIOLATED)
ANTENNA_410/DIODE                       0.750000    0.776793   -0.026793 (VIOLATED)
_24964_/A2                              0.750000    0.776789   -0.026789 (VIOLATED)
_22490_/A1                              0.750000    0.776504   -0.026504 (VIOLATED)
fanout1057/A                            0.750000    0.776504   -0.026504 (VIOLATED)
fanout1058/X                            0.750000    0.776504   -0.026504 (VIOLATED)
_22438_/C                               0.750000    0.775733   -0.025733 (VIOLATED)
_22325_/C                               0.750000    0.775730   -0.025730 (VIOLATED)
_22882_/A3                              0.750000    0.775729   -0.025729 (VIOLATED)
_22248_/Y                               0.750000    0.775728   -0.025728 (VIOLATED)
_22519_/B                               0.750000    0.775728   -0.025728 (VIOLATED)
_22887_/A2                              0.750000    0.775728   -0.025728 (VIOLATED)
ANTENNA_655/DIODE                       0.750000    0.773484   -0.023484 (VIOLATED)
clone18/A                               0.750000    0.773484   -0.023484 (VIOLATED)
fanout2417/A                            0.750000    0.773477   -0.023477 (VIOLATED)
_21842_/A2                              0.750000    0.773457   -0.023457 (VIOLATED)
fanout2418/A                            0.750000    0.773447   -0.023447 (VIOLATED)
_43512_/Q                               0.750000    0.773429   -0.023429 (VIOLATED)
clone52/A                               0.750000    0.773429   -0.023429 (VIOLATED)
fanout2424/A                            0.750000    0.773429   -0.023429 (VIOLATED)
_22493_/Y                               0.750000    0.770932   -0.020932 (VIOLATED)
_22494_/B1                              0.750000    0.770932   -0.020932 (VIOLATED)
_24992_/A2                              0.750000    0.770775   -0.020775 (VIOLATED)
_24777_/Y                               0.750000    0.770770   -0.020770 (VIOLATED)
_24778_/B                               0.750000    0.770770   -0.020770 (VIOLATED)
_22023_/A2                              0.750000    0.766247   -0.016247 (VIOLATED)
_21905_/B                               0.750000    0.766245   -0.016245 (VIOLATED)
_22845_/C                               0.750000    0.766221   -0.016221 (VIOLATED)
_23030_/C                               0.750000    0.765940   -0.015940 (VIOLATED)
_23466_/C                               0.750000    0.765921   -0.015921 (VIOLATED)
_21903_/X                               0.750000    0.765914   -0.015914 (VIOLATED)
_22637_/B                               0.750000    0.765914   -0.015914 (VIOLATED)
_24395_/A2                              0.750000    0.765914   -0.015914 (VIOLATED)
_21813_/A                               0.750000    0.761252   -0.011252 (VIOLATED)
_21815_/A                               0.750000    0.761252   -0.011252 (VIOLATED)
_21872_/C_N                             0.750000    0.761252   -0.011252 (VIOLATED)
_21999_/B                               0.750000    0.761252   -0.011252 (VIOLATED)
_22001_/A                               0.750000    0.761252   -0.011252 (VIOLATED)
clone18/X                               0.750000    0.761252   -0.011252 (VIOLATED)
_25210_/B                               0.750000    0.761026   -0.011026 (VIOLATED)
_23458_/A2                              0.750000    0.761014   -0.011014 (VIOLATED)
_24600_/A1                              0.750000    0.761012   -0.011012 (VIOLATED)
_25327_/C1                              0.750000    0.760993   -0.010993 (VIOLATED)
_22782_/B1                              0.750000    0.760992   -0.010992 (VIOLATED)
_25479_/A2                              0.750000    0.760992   -0.010992 (VIOLATED)
_25438_/B1                              0.750000    0.760992   -0.010992 (VIOLATED)
_22777_/Y                               0.750000    0.760989   -0.010990 (VIOLATED)
_24178_/A2                              0.750000    0.760989   -0.010990 (VIOLATED)
_24691_/C                               0.750000    0.760989   -0.010990 (VIOLATED)
_23582_/A1                              0.750000    0.759016   -0.009016 (VIOLATED)
_23335_/A2                              0.750000    0.759006   -0.009006 (VIOLATED)
_22476_/A3                              0.750000    0.759005   -0.009005 (VIOLATED)
_22332_/A2                              0.750000    0.759004   -0.009004 (VIOLATED)
_22314_/Y                               0.750000    0.759003   -0.009003 (VIOLATED)
_25308_/C                               0.750000    0.759003   -0.009003 (VIOLATED)
_25134_/Y                               0.750000    0.757938   -0.007938 (VIOLATED)
wire200/A                               0.750000    0.757938   -0.007938 (VIOLATED)
_40869_/Y                               0.750000    0.753990   -0.003990 (VIOLATED)
_40870_/A2                              0.750000    0.753990   -0.003990 (VIOLATED)
_40876_/C1                              0.750000    0.753990   -0.003990 (VIOLATED)
max_cap68/A                             0.750000    0.753990   -0.003990 (VIOLATED)

max fanout

Pin                                   Limit Fanout  Slack
---------------------------------------------------------
clkbuf_leaf_236_clk_dsp/X                10     23    -13 (VIOLATED)
clkbuf_leaf_37_clk_dsp/X                 10     23    -13 (VIOLATED)
clkbuf_leaf_11_clk_dsp/X                 10     22    -12 (VIOLATED)
clkbuf_leaf_24_clk_dsp/X                 10     22    -12 (VIOLATED)
clkbuf_leaf_255_clk_dsp/X                10     22    -12 (VIOLATED)
clkbuf_leaf_60_clk_dsp/X                 10     22    -12 (VIOLATED)
clkbuf_leaf_157_clk_dsp/X                10     21    -11 (VIOLATED)
clkbuf_leaf_160_clk_dsp/X                10     21    -11 (VIOLATED)
clkbuf_leaf_38_clk_dsp/X                 10     21    -11 (VIOLATED)
clkbuf_leaf_158_clk_dsp/X                10     20    -10 (VIOLATED)
clkbuf_leaf_167_clk_dsp/X                10     20    -10 (VIOLATED)
clkbuf_leaf_168_clk_dsp/X                10     20    -10 (VIOLATED)
clkbuf_leaf_197_clk_dsp/X                10     20    -10 (VIOLATED)
fanout1216/X                             10     20    -10 (VIOLATED)
clkbuf_leaf_152_clk_dsp/X                10     19     -9 (VIOLATED)
clkbuf_leaf_196_clk_dsp/X                10     19     -9 (VIOLATED)
clkbuf_leaf_20_clk_dsp/X                 10     19     -9 (VIOLATED)
clkbuf_leaf_237_clk_dsp/X                10     19     -9 (VIOLATED)
clkbuf_leaf_201_clk_dsp/X                10     18     -8 (VIOLATED)
clkbuf_leaf_21_clk_dsp/X                 10     18     -8 (VIOLATED)
clkbuf_leaf_220_clk_dsp/X                10     18     -8 (VIOLATED)
clkbuf_leaf_224_clk_dsp/X                10     18     -8 (VIOLATED)
clkbuf_leaf_57_clk_dsp/X                 10     18     -8 (VIOLATED)
clkbuf_leaf_129_clk_dsp/X                10     17     -7 (VIOLATED)
clkbuf_leaf_130_clk_dsp/X                10     17     -7 (VIOLATED)
clkbuf_leaf_153_clk_dsp/X                10     17     -7 (VIOLATED)
clkbuf_leaf_195_clk_dsp/X                10     17     -7 (VIOLATED)
clkbuf_leaf_219_clk_dsp/X                10     17     -7 (VIOLATED)
clkbuf_leaf_223_clk_dsp/X                10     17     -7 (VIOLATED)
clkbuf_leaf_242_clk_dsp/X                10     17     -7 (VIOLATED)
clkbuf_leaf_27_clk_dsp/X                 10     17     -7 (VIOLATED)
clkbuf_leaf_31_clk_dsp/X                 10     17     -7 (VIOLATED)
clkbuf_leaf_33_clk_dsp/X                 10     17     -7 (VIOLATED)
clkbuf_leaf_53_clk_dsp/X                 10     17     -7 (VIOLATED)
clkbuf_leaf_54_clk_dsp/X                 10     17     -7 (VIOLATED)
clkbuf_leaf_69_clk_dsp/X                 10     17     -7 (VIOLATED)
clkbuf_leaf_74_clk_dsp/X                 10     17     -7 (VIOLATED)
clkbuf_leaf_78_clk_dsp/X                 10     17     -7 (VIOLATED)
fanout1052/X                             10     17     -7 (VIOLATED)
_44165_/Q                                10     16     -6 (VIOLATED)
clkbuf_leaf_125_clk_dsp/X                10     16     -6 (VIOLATED)
clkbuf_leaf_155_clk_dsp/X                10     16     -6 (VIOLATED)
clkbuf_leaf_156_clk_dsp/X                10     16     -6 (VIOLATED)
clkbuf_leaf_163_clk_dsp/X                10     16     -6 (VIOLATED)
clkbuf_leaf_186_clk_dsp/X                10     16     -6 (VIOLATED)
clkbuf_leaf_188_clk_dsp/X                10     16     -6 (VIOLATED)
clkbuf_leaf_193_clk_dsp/X                10     16     -6 (VIOLATED)
clkbuf_leaf_202_clk_dsp/X                10     16     -6 (VIOLATED)
clkbuf_leaf_204_clk_dsp/X                10     16     -6 (VIOLATED)
clkbuf_leaf_210_clk_dsp/X                10     16     -6 (VIOLATED)
clkbuf_leaf_213_clk_dsp/X                10     16     -6 (VIOLATED)
clkbuf_leaf_232_clk_dsp/X                10     16     -6 (VIOLATED)
clkbuf_leaf_234_clk_dsp/X                10     16     -6 (VIOLATED)
clkbuf_leaf_26_clk_dsp/X                 10     16     -6 (VIOLATED)
clkbuf_leaf_39_clk_dsp/X                 10     16     -6 (VIOLATED)
clkbuf_leaf_40_clk_dsp/X                 10     16     -6 (VIOLATED)
clkbuf_leaf_48_clk_dsp/X                 10     16     -6 (VIOLATED)
clkbuf_leaf_49_clk_dsp/X                 10     16     -6 (VIOLATED)
clkbuf_leaf_70_clk_dsp/X                 10     16     -6 (VIOLATED)
clkbuf_leaf_73_clk_dsp/X                 10     16     -6 (VIOLATED)
clkbuf_leaf_79_clk_dsp/X                 10     16     -6 (VIOLATED)
fanout1240/X                             10     16     -6 (VIOLATED)
fanout980/X                              10     16     -6 (VIOLATED)
_22194_/Y                                10     15     -5 (VIOLATED)
clkbuf_leaf_120_clk_dsp/X                10     15     -5 (VIOLATED)
clkbuf_leaf_124_clk_dsp/X                10     15     -5 (VIOLATED)
clkbuf_leaf_127_clk_dsp/X                10     15     -5 (VIOLATED)
clkbuf_leaf_128_clk_dsp/X                10     15     -5 (VIOLATED)
clkbuf_leaf_159_clk_dsp/X                10     15     -5 (VIOLATED)
clkbuf_leaf_165_clk_dsp/X                10     15     -5 (VIOLATED)
clkbuf_leaf_174_clk_dsp/X                10     15     -5 (VIOLATED)
clkbuf_leaf_191_clk_dsp/X                10     15     -5 (VIOLATED)
clkbuf_leaf_203_clk_dsp/X                10     15     -5 (VIOLATED)
clkbuf_leaf_226_clk_dsp/X                10     15     -5 (VIOLATED)
clkbuf_leaf_229_clk_dsp/X                10     15     -5 (VIOLATED)
clkbuf_leaf_230_clk_dsp/X                10     15     -5 (VIOLATED)
clkbuf_leaf_238_clk_dsp/X                10     15     -5 (VIOLATED)
clkbuf_leaf_243_clk_dsp/X                10     15     -5 (VIOLATED)
clkbuf_leaf_25_clk_dsp/X                 10     15     -5 (VIOLATED)
clkbuf_leaf_36_clk_dsp/X                 10     15     -5 (VIOLATED)
clkbuf_leaf_47_clk_dsp/X                 10     15     -5 (VIOLATED)
clkbuf_leaf_58_clk_dsp/X                 10     15     -5 (VIOLATED)
clkbuf_leaf_61_clk_dsp/X                 10     15     -5 (VIOLATED)
clkbuf_leaf_9_clk_dsp/X                  10     15     -5 (VIOLATED)
fanout1041/X                             10     15     -5 (VIOLATED)
fanout1043/X                             10     15     -5 (VIOLATED)
fanout1046/X                             10     15     -5 (VIOLATED)
fanout1074/X                             10     15     -5 (VIOLATED)
fanout1197/X                             10     15     -5 (VIOLATED)
fanout1560/X                             10     15     -5 (VIOLATED)
fanout818/X                              10     15     -5 (VIOLATED)
clkbuf_leaf_171_clk_dsp/X                10     14     -4 (VIOLATED)
clkbuf_leaf_172_clk_dsp/X                10     14     -4 (VIOLATED)
clkbuf_leaf_17_clk_dsp/X                 10     14     -4 (VIOLATED)
clkbuf_leaf_184_clk_dsp/X                10     14     -4 (VIOLATED)
clkbuf_leaf_199_clk_dsp/X                10     14     -4 (VIOLATED)
clkbuf_leaf_19_clk_dsp/X                 10     14     -4 (VIOLATED)
clkbuf_leaf_209_clk_dsp/X                10     14     -4 (VIOLATED)
clkbuf_leaf_214_clk_dsp/X                10     14     -4 (VIOLATED)
clkbuf_leaf_221_clk_dsp/X                10     14     -4 (VIOLATED)
clkbuf_leaf_239_clk_dsp/X                10     14     -4 (VIOLATED)
clkbuf_leaf_248_clk_dsp/X                10     14     -4 (VIOLATED)
clkbuf_leaf_250_clk_dsp/X                10     14     -4 (VIOLATED)
clkbuf_leaf_45_clk_dsp/X                 10     14     -4 (VIOLATED)
clkbuf_leaf_46_clk_dsp/X                 10     14     -4 (VIOLATED)
clkbuf_leaf_56_clk_dsp/X                 10     14     -4 (VIOLATED)
clkbuf_leaf_62_clk_dsp/X                 10     14     -4 (VIOLATED)
fanout1026/X                             10     14     -4 (VIOLATED)
fanout1087/X                             10     14     -4 (VIOLATED)
fanout1227/X                             10     14     -4 (VIOLATED)
fanout1504/X                             10     14     -4 (VIOLATED)
fanout1723/X                             10     14     -4 (VIOLATED)
fanout732/X                              10     14     -4 (VIOLATED)
_21749_/Y                                10     13     -3 (VIOLATED)
_21934_/X                                10     13     -3 (VIOLATED)
_34599_/X                                10     13     -3 (VIOLATED)
clkbuf_5_25__f_clk_dsp/X                 10     13     -3 (VIOLATED)
clkbuf_leaf_10_clk_dsp/X                 10     13     -3 (VIOLATED)
clkbuf_leaf_111_clk_dsp/X                10     13     -3 (VIOLATED)
clkbuf_leaf_123_clk_dsp/X                10     13     -3 (VIOLATED)
clkbuf_leaf_13_clk_dsp/X                 10     13     -3 (VIOLATED)
clkbuf_leaf_150_clk_dsp/X                10     13     -3 (VIOLATED)
clkbuf_leaf_154_clk_dsp/X                10     13     -3 (VIOLATED)
clkbuf_leaf_177_clk_dsp/X                10     13     -3 (VIOLATED)
clkbuf_leaf_189_clk_dsp/X                10     13     -3 (VIOLATED)
clkbuf_leaf_18_clk_dsp/X                 10     13     -3 (VIOLATED)
clkbuf_leaf_198_clk_dsp/X                10     13     -3 (VIOLATED)
clkbuf_leaf_205_clk_dsp/X                10     13     -3 (VIOLATED)
clkbuf_leaf_206_clk_dsp/X                10     13     -3 (VIOLATED)
clkbuf_leaf_217_clk_dsp/X                10     13     -3 (VIOLATED)
clkbuf_leaf_222_clk_dsp/X                10     13     -3 (VIOLATED)
clkbuf_leaf_225_clk_dsp/X                10     13     -3 (VIOLATED)
clkbuf_leaf_22_clk_dsp/X                 10     13     -3 (VIOLATED)
clkbuf_leaf_240_clk_dsp/X                10     13     -3 (VIOLATED)
clkbuf_leaf_241_clk_dsp/X                10     13     -3 (VIOLATED)
clkbuf_leaf_247_clk_dsp/X                10     13     -3 (VIOLATED)
clkbuf_leaf_249_clk_dsp/X                10     13     -3 (VIOLATED)
clkbuf_leaf_253_clk_dsp/X                10     13     -3 (VIOLATED)
clkbuf_leaf_32_clk_dsp/X                 10     13     -3 (VIOLATED)
clkbuf_leaf_35_clk_dsp/X                 10     13     -3 (VIOLATED)
clkbuf_leaf_41_clk_dsp/X                 10     13     -3 (VIOLATED)
clkbuf_leaf_42_clk_dsp/X                 10     13     -3 (VIOLATED)
clkbuf_leaf_51_clk_dsp/X                 10     13     -3 (VIOLATED)
clkbuf_leaf_55_clk_dsp/X                 10     13     -3 (VIOLATED)
clkbuf_leaf_68_clk_dsp/X                 10     13     -3 (VIOLATED)
clkbuf_leaf_72_clk_dsp/X                 10     13     -3 (VIOLATED)
clkbuf_leaf_77_clk_dsp/X                 10     13     -3 (VIOLATED)
clkbuf_leaf_95_clk_dsp/X                 10     13     -3 (VIOLATED)
fanout1028/X                             10     13     -3 (VIOLATED)
fanout1045/X                             10     13     -3 (VIOLATED)
fanout1147/X                             10     13     -3 (VIOLATED)
fanout1155/X                             10     13     -3 (VIOLATED)
fanout1251/X                             10     13     -3 (VIOLATED)
fanout1276/X                             10     13     -3 (VIOLATED)
fanout1403/X                             10     13     -3 (VIOLATED)
fanout1413/X                             10     13     -3 (VIOLATED)
fanout2875/X                             10     13     -3 (VIOLATED)
fanout742/X                              10     13     -3 (VIOLATED)
fanout839/X                              10     13     -3 (VIOLATED)
fanout937/X                              10     13     -3 (VIOLATED)
clkbuf_leaf_119_clk_dsp/X                10     12     -2 (VIOLATED)
clkbuf_leaf_121_clk_dsp/X                10     12     -2 (VIOLATED)
clkbuf_leaf_12_clk_dsp/X                 10     12     -2 (VIOLATED)
clkbuf_leaf_145_clk_dsp/X                10     12     -2 (VIOLATED)
clkbuf_leaf_149_clk_dsp/X                10     12     -2 (VIOLATED)
clkbuf_leaf_162_clk_dsp/X                10     12     -2 (VIOLATED)
clkbuf_leaf_164_clk_dsp/X                10     12     -2 (VIOLATED)
clkbuf_leaf_170_clk_dsp/X                10     12     -2 (VIOLATED)
clkbuf_leaf_173_clk_dsp/X                10     12     -2 (VIOLATED)
clkbuf_leaf_212_clk_dsp/X                10     12     -2 (VIOLATED)
clkbuf_leaf_215_clk_dsp/X                10     12     -2 (VIOLATED)
clkbuf_leaf_218_clk_dsp/X                10     12     -2 (VIOLATED)
clkbuf_leaf_233_clk_dsp/X                10     12     -2 (VIOLATED)
clkbuf_leaf_235_clk_dsp/X                10     12     -2 (VIOLATED)
clkbuf_leaf_254_clk_dsp/X                10     12     -2 (VIOLATED)
clkbuf_leaf_30_clk_dsp/X                 10     12     -2 (VIOLATED)
clkbuf_leaf_4_clk_dsp/X                  10     12     -2 (VIOLATED)
clkbuf_leaf_52_clk_dsp/X                 10     12     -2 (VIOLATED)
clkbuf_leaf_59_clk_dsp/X                 10     12     -2 (VIOLATED)
clkbuf_leaf_71_clk_dsp/X                 10     12     -2 (VIOLATED)
clkbuf_leaf_76_clk_dsp/X                 10     12     -2 (VIOLATED)
clkbuf_leaf_7_clk_dsp/X                  10     12     -2 (VIOLATED)
clkbuf_leaf_91_clk_dsp/X                 10     12     -2 (VIOLATED)
clkbuf_leaf_94_clk_dsp/X                 10     12     -2 (VIOLATED)
clkbuf_leaf_98_clk_dsp/X                 10     12     -2 (VIOLATED)
fanout1048/X                             10     12     -2 (VIOLATED)
fanout1050/X                             10     12     -2 (VIOLATED)
fanout1161/X                             10     12     -2 (VIOLATED)
fanout1177/X                             10     12     -2 (VIOLATED)
fanout1192/X                             10     12     -2 (VIOLATED)
fanout1237/X                             10     12     -2 (VIOLATED)
fanout1248/X                             10     12     -2 (VIOLATED)
fanout1261/X                             10     12     -2 (VIOLATED)
fanout1267/X                             10     12     -2 (VIOLATED)
fanout1424/X                             10     12     -2 (VIOLATED)
fanout1459/X                             10     12     -2 (VIOLATED)
fanout1511/X                             10     12     -2 (VIOLATED)
fanout1558/X                             10     12     -2 (VIOLATED)
fanout1730/X                             10     12     -2 (VIOLATED)
fanout1739/X                             10     12     -2 (VIOLATED)
fanout1846/X                             10     12     -2 (VIOLATED)
fanout229/X                              10     12     -2 (VIOLATED)
fanout632/X                              10     12     -2 (VIOLATED)
fanout664/X                              10     12     -2 (VIOLATED)
fanout688/X                              10     12     -2 (VIOLATED)
fanout706/X                              10     12     -2 (VIOLATED)
fanout708/X                              10     12     -2 (VIOLATED)
fanout770/X                              10     12     -2 (VIOLATED)
fanout815/X                              10     12     -2 (VIOLATED)
fanout845/X                              10     12     -2 (VIOLATED)
fanout849/X                              10     12     -2 (VIOLATED)
fanout857/X                              10     12     -2 (VIOLATED)
fanout877/X                              10     12     -2 (VIOLATED)
fanout881/X                              10     12     -2 (VIOLATED)
fanout915/X                              10     12     -2 (VIOLATED)
fanout956/X                              10     12     -2 (VIOLATED)
fanout974/X                              10     12     -2 (VIOLATED)
_21772_/Y                                10     11        (VIOLATED)
_21926_/X                                10     11        (VIOLATED)
_22063_/Y                                10     11        (VIOLATED)
_22096_/Y                                10     11        (VIOLATED)
_22467_/X                                10     11        (VIOLATED)
_22758_/X                                10     11        (VIOLATED)
clkbuf_5_14__f_clk_dsp/X                 10     11        (VIOLATED)
clkbuf_5_24__f_clk_dsp/X                 10     11        (VIOLATED)
clkbuf_5_26__f_clk_dsp/X                 10     11        (VIOLATED)
clkbuf_5_8__f_clk_dsp/X                  10     11        (VIOLATED)
clkbuf_5_9__f_clk_dsp/X                  10     11        (VIOLATED)
clkbuf_leaf_0_clk_dsp/X                  10     11        (VIOLATED)
clkbuf_leaf_109_clk_dsp/X                10     11        (VIOLATED)
clkbuf_leaf_115_clk_dsp/X                10     11        (VIOLATED)
clkbuf_leaf_116_clk_dsp/X                10     11        (VIOLATED)
clkbuf_leaf_132_clk_dsp/X                10     11        (VIOLATED)
clkbuf_leaf_134_clk_dsp/X                10     11        (VIOLATED)
clkbuf_leaf_144_clk_dsp/X                10     11        (VIOLATED)
clkbuf_leaf_179_clk_dsp/X                10     11        (VIOLATED)
clkbuf_leaf_190_clk_dsp/X                10     11        (VIOLATED)
clkbuf_leaf_194_clk_dsp/X                10     11        (VIOLATED)
clkbuf_leaf_208_clk_dsp/X                10     11        (VIOLATED)
clkbuf_leaf_228_clk_dsp/X                10     11        (VIOLATED)
clkbuf_leaf_231_clk_dsp/X                10     11        (VIOLATED)
clkbuf_leaf_246_clk_dsp/X                10     11        (VIOLATED)
clkbuf_leaf_67_clk_dsp/X                 10     11        (VIOLATED)
clkbuf_leaf_75_clk_dsp/X                 10     11        (VIOLATED)
fanout1004/X                             10     11        (VIOLATED)
fanout1010/X                             10     11        (VIOLATED)
fanout1013/X                             10     11        (VIOLATED)
fanout1016/X                             10     11        (VIOLATED)
fanout1027/X                             10     11        (VIOLATED)
fanout1032/X                             10     11        (VIOLATED)
fanout1037/X                             10     11        (VIOLATED)
fanout1058/X                             10     11        (VIOLATED)
fanout1075/X                             10     11        (VIOLATED)
fanout1138/X                             10     11        (VIOLATED)
fanout1148/X                             10     11        (VIOLATED)
fanout1156/X                             10     11        (VIOLATED)
fanout1169/X                             10     11        (VIOLATED)
fanout1181/X                             10     11        (VIOLATED)
fanout1186/X                             10     11        (VIOLATED)
fanout1191/X                             10     11        (VIOLATED)
fanout1196/X                             10     11        (VIOLATED)
fanout1200/X                             10     11        (VIOLATED)
fanout1202/X                             10     11        (VIOLATED)
fanout1208/X                             10     11        (VIOLATED)
fanout1217/X                             10     11        (VIOLATED)
fanout1224/X                             10     11        (VIOLATED)
fanout1234/X                             10     11        (VIOLATED)
fanout1242/X                             10     11        (VIOLATED)
fanout1244/X                             10     11        (VIOLATED)
fanout1245/X                             10     11        (VIOLATED)
fanout1263/X                             10     11        (VIOLATED)
fanout1264/X                             10     11        (VIOLATED)
fanout1269/X                             10     11        (VIOLATED)
fanout1279/X                             10     11        (VIOLATED)
fanout1282/X                             10     11        (VIOLATED)
fanout1285/X                             10     11        (VIOLATED)
fanout1289/X                             10     11        (VIOLATED)
fanout1293/X                             10     11        (VIOLATED)
fanout1295/X                             10     11        (VIOLATED)
fanout1297/X                             10     11        (VIOLATED)
fanout1299/X                             10     11        (VIOLATED)
fanout1300/X                             10     11        (VIOLATED)
fanout1360/X                             10     11        (VIOLATED)
fanout1366/X                             10     11        (VIOLATED)
fanout1390/X                             10     11        (VIOLATED)
fanout1418/X                             10     11        (VIOLATED)
fanout1423/X                             10     11        (VIOLATED)
fanout1426/X                             10     11        (VIOLATED)
fanout1503/X                             10     11        (VIOLATED)
fanout1544/X                             10     11        (VIOLATED)
fanout1553/X                             10     11        (VIOLATED)
fanout1565/X                             10     11        (VIOLATED)
fanout1600/X                             10     11        (VIOLATED)
fanout1601/X                             10     11        (VIOLATED)
fanout1608/X                             10     11        (VIOLATED)
fanout1614/X                             10     11        (VIOLATED)
fanout1643/X                             10     11        (VIOLATED)
fanout1705/X                             10     11        (VIOLATED)
fanout1735/X                             10     11        (VIOLATED)
fanout1740/X                             10     11        (VIOLATED)
fanout220/X                              10     11        (VIOLATED)
fanout246/X                              10     11        (VIOLATED)
fanout401/X                              10     11        (VIOLATED)
fanout414/X                              10     11        (VIOLATED)
fanout488/X                              10     11        (VIOLATED)
fanout500/X                              10     11        (VIOLATED)
fanout536/X                              10     11        (VIOLATED)
fanout538/X                              10     11        (VIOLATED)
fanout581/X                              10     11        (VIOLATED)
fanout598/X                              10     11        (VIOLATED)
fanout606/X                              10     11        (VIOLATED)
fanout613/X                              10     11        (VIOLATED)
fanout620/X                              10     11        (VIOLATED)
fanout628/X                              10     11        (VIOLATED)
fanout644/X                              10     11        (VIOLATED)
fanout668/X                              10     11        (VIOLATED)
fanout689/X                              10     11        (VIOLATED)
fanout690/X                              10     11        (VIOLATED)
fanout700/X                              10     11        (VIOLATED)
fanout710/X                              10     11        (VIOLATED)
fanout714/X                              10     11        (VIOLATED)
fanout720/X                              10     11        (VIOLATED)
fanout746/X                              10     11        (VIOLATED)
fanout762/X                              10     11        (VIOLATED)
fanout778/X                              10     11        (VIOLATED)
fanout788/X                              10     11        (VIOLATED)
fanout790/X                              10     11        (VIOLATED)
fanout796/X                              10     11        (VIOLATED)
fanout808/X                              10     11        (VIOLATED)
fanout809/X                              10     11        (VIOLATED)
fanout811/X                              10     11        (VIOLATED)
fanout828/X                              10     11        (VIOLATED)
fanout832/X                              10     11        (VIOLATED)
fanout834/X                              10     11        (VIOLATED)
fanout836/X                              10     11        (VIOLATED)
fanout846/X                              10     11        (VIOLATED)
fanout854/X                              10     11        (VIOLATED)
fanout874/X                              10     11        (VIOLATED)
fanout876/X                              10     11        (VIOLATED)
fanout878/X                              10     11        (VIOLATED)
fanout884/X                              10     11        (VIOLATED)
fanout904/X                              10     11        (VIOLATED)
fanout920/X                              10     11        (VIOLATED)
fanout923/X                              10     11        (VIOLATED)
fanout939/X                              10     11        (VIOLATED)
fanout944/X                              10     11        (VIOLATED)
fanout948/X                              10     11        (VIOLATED)
fanout964/X                              10     11        (VIOLATED)
fanout988/X                              10     11        (VIOLATED)

max capacitance

Pin                                        Limit         Cap       Slack
------------------------------------------------------------------------
clone91/X                               0.081492    0.158347   -0.076855 (VIOLATED)
fanout995/X                             0.200000    0.273345   -0.073345 (VIOLATED)
fanout1074/X                            0.200000    0.272382   -0.072382 (VIOLATED)
fanout1403/X                            0.200000    0.270520   -0.070520 (VIOLATED)
fanout1041/X                            0.200000    0.264963   -0.064963 (VIOLATED)
fanout1037/X                            0.200000    0.249693   -0.049693 (VIOLATED)
_22420_/Y                               0.200000    0.241610   -0.041610 (VIOLATED)
fanout1052/X                            0.200000    0.240193   -0.040193 (VIOLATED)
fanout1614/X                            0.200000    0.235613   -0.035613 (VIOLATED)
_21934_/X                               0.200000    0.231049   -0.031049 (VIOLATED)
fanout1504/X                            0.200000    0.225374   -0.025374 (VIOLATED)
fanout811/X                             0.200000    0.222732   -0.022732 (VIOLATED)
fanout808/X                             0.200000    0.219970   -0.019970 (VIOLATED)
fanout1031/X                            0.200000    0.213852   -0.013852 (VIOLATED)
clone85/X                               0.081492    0.091689   -0.010197 (VIOLATED)
fanout778/X                             0.200000    0.209125   -0.009125 (VIOLATED)
_34599_/X                               0.200000    0.207317   -0.007317 (VIOLATED)
hold100/X                               0.200000    0.207267   -0.007267 (VIOLATED)
clone52/X                               0.081492    0.087986   -0.006494 (VIOLATED)
fanout821/X                             0.200000    0.205229   -0.005229 (VIOLATED)
fanout980/X                             0.200000    0.204179   -0.004179 (VIOLATED)
fanout1045/X                            0.200000    0.203407   -0.003407 (VIOLATED)
fanout815/X                             0.200000    0.202258   -0.002258 (VIOLATED)



===========================================================================
report_parasitic_annotation -report_unannotated
============================================================================
Found 340 unannotated drivers.
 clk_2p4g
 rf_adc_q_in[0]
 rf_adc_q_in[10]
 rf_adc_q_in[11]
 rf_adc_q_in[12]
 rf_adc_q_in[13]
 rf_adc_q_in[14]
 rf_adc_q_in[15]
 rf_adc_q_in[1]
 rf_adc_q_in[2]
 rf_adc_q_in[3]
 rf_adc_q_in[4]
 rf_adc_q_in[5]
 rf_adc_q_in[6]
 rf_adc_q_in[7]
 rf_adc_q_in[8]
 rf_adc_q_in[9]
 _43579__2974/LO
 clkload0/Y
 clkload1/Y
 clkload10/Y
 clkload100/Y
 clkload101/Y
 clkload102/Y
 clkload103/Y
 clkload104/X
 clkload105/Y
 clkload106/Y
 clkload107/Y
 clkload108/Y
 clkload109/X
 clkload11/Y
 clkload110/Y
 clkload111/Y
 clkload112/Y
 clkload113/Y
 clkload114/Y
 clkload115/Y
 clkload116/Y
 clkload117/Y
 clkload118/Y
 clkload119/Y
 clkload12/Y
 clkload120/Y
 clkload121/Y
 clkload122/Y
 clkload123/Y
 clkload124/Y
 clkload125/Y
 clkload126/Y
 clkload127/Y
 clkload128/Y
 clkload129/Y
 clkload13/Y
 clkload130/Y
 clkload131/Y
 clkload132/X
 clkload133/Y
 clkload134/Y
 clkload135/X
 clkload136/Y
 clkload137/Y
 clkload138/Y
 clkload139/Y
 clkload14/X
 clkload140/Y
 clkload141/Y
 clkload142/X
 clkload143/Y
 clkload144/Y
 clkload145/Y
 clkload146/Y
 clkload147/Y
 clkload148/Y
 clkload149/X
 clkload15/Y
 clkload150/Y
 clkload151/X
 clkload152/Y
 clkload153/X
 clkload154/Y
 clkload155/Y
 clkload156/Y
 clkload157/Y
 clkload158/Y
 clkload159/Y
 clkload16/Y
 clkload160/Y
 clkload161/Y
 clkload162/Y
 clkload163/Y
 clkload164/Y
 clkload165/Y
 clkload166/Y
 clkload167/X
 clkload168/Y
 clkload169/Y
 clkload17/Y
 clkload170/Y
 clkload171/Y
 clkload172/Y
 clkload173/Y
 clkload174/Y
 clkload175/Y
 clkload176/Y
 clkload177/Y
 clkload178/Y
 clkload179/Y
 clkload18/Y
 clkload180/Y
 clkload181/Y
 clkload182/Y
 clkload183/Y
 clkload184/Y
 clkload185/X
 clkload186/X
 clkload187/Y
 clkload188/Y
 clkload189/Y
 clkload19/Y
 clkload190/Y
 clkload191/X
 clkload192/X
 clkload193/Y
 clkload194/Y
 clkload195/Y
 clkload196/Y
 clkload197/Y
 clkload198/Y
 clkload199/Y
 clkload2/Y
 clkload20/Y
 clkload200/X
 clkload201/Y
 clkload202/Y
 clkload203/Y
 clkload204/Y
 clkload205/Y
 clkload206/Y
 clkload207/Y
 clkload208/Y
 clkload209/Y
 clkload21/Y
 clkload210/X
 clkload211/Y
 clkload212/Y
 clkload213/Y
 clkload214/Y
 clkload215/Y
 clkload216/Y
 clkload217/Y
 clkload218/X
 clkload219/Y
 clkload22/Y
 clkload220/Y
 clkload221/Y
 clkload222/X
 clkload223/Y
 clkload224/Y
 clkload225/X
 clkload226/Y
 clkload227/Y
 clkload228/X
 clkload229/Y
 clkload23/Y
 clkload230/X
 clkload24/Y
 clkload25/Y
 clkload26/Y
 clkload27/Y
 clkload28/X
 clkload29/X
 clkload3/Y
 clkload30/Y
 clkload31/Y
 clkload32/Y
 clkload33/Y
 clkload34/Y
 clkload35/Y
 clkload36/Y
 clkload37/Y
 clkload38/Y
 clkload39/Y
 clkload4/X
 clkload40/Y
 clkload41/Y
 clkload42/Y
 clkload43/Y
 clkload44/Y
 clkload45/Y
 clkload46/Y
 clkload47/Y
 clkload48/Y
 clkload49/Y
 clkload5/Y
 clkload50/Y
 clkload51/Y
 clkload52/Y
 clkload53/X
 clkload54/Y
 clkload55/Y
 clkload56/Y
 clkload57/X
 clkload58/Y
 clkload59/Y
 clkload6/Y
 clkload60/X
 clkload61/X
 clkload62/X
 clkload63/Y
 clkload64/Y
 clkload65/Y
 clkload66/Y
 clkload67/Y
 clkload68/Y
 clkload69/Y
 clkload7/Y
 clkload70/Y
 clkload71/Y
 clkload72/Y
 clkload73/Y
 clkload74/Y
 clkload75/Y
 clkload76/Y
 clkload77/Y
 clkload78/Y
 clkload79/Y
 clkload8/X
 clkload80/X
 clkload81/Y
 clkload82/Y
 clkload83/X
 clkload84/X
 clkload85/Y
 clkload86/X
 clkload87/Y
 clkload88/Y
 clkload89/Y
 clkload9/X
 clkload90/Y
 clkload91/Y
 clkload92/Y
 clkload93/Y
 clkload94/Y
 clkload95/Y
 clkload96/Y
 clkload97/Y
 clkload98/Y
 clkload99/Y
 phase_099_top_integration_2883/HI
 phase_099_top_integration_2884/HI
 phase_099_top_integration_2885/HI
 phase_099_top_integration_2886/HI
 phase_099_top_integration_2887/HI
 phase_099_top_integration_2888/HI
 phase_099_top_integration_2889/HI
 phase_099_top_integration_2890/HI
 phase_099_top_integration_2891/HI
 phase_099_top_integration_2892/HI
 phase_099_top_integration_2893/HI
 phase_099_top_integration_2894/HI
 phase_099_top_integration_2895/HI
 phase_099_top_integration_2896/HI
 phase_099_top_integration_2897/HI
 phase_099_top_integration_2898/HI
 phase_099_top_integration_2899/HI
 phase_099_top_integration_2900/HI
 phase_099_top_integration_2901/HI
 phase_099_top_integration_2902/HI
 phase_099_top_integration_2903/HI
 phase_099_top_integration_2904/HI
 phase_099_top_integration_2905/HI
 phase_099_top_integration_2906/HI
 phase_099_top_integration_2907/HI
 phase_099_top_integration_2908/HI
 phase_099_top_integration_2909/HI
 phase_099_top_integration_2910/HI
 phase_099_top_integration_2911/HI
 phase_099_top_integration_2912/HI
 phase_099_top_integration_2913/HI
 phase_099_top_integration_2914/HI
 phase_099_top_integration_2915/HI
 phase_099_top_integration_2916/HI
 phase_099_top_integration_2917/HI
 phase_099_top_integration_2918/HI
 phase_099_top_integration_2919/HI
 phase_099_top_integration_2920/HI
 phase_099_top_integration_2921/HI
 phase_099_top_integration_2922/HI
 phase_099_top_integration_2923/HI
 phase_099_top_integration_2924/HI
 phase_099_top_integration_2925/HI
 phase_099_top_integration_2926/HI
 phase_099_top_integration_2927/HI
 phase_099_top_integration_2928/HI
 phase_099_top_integration_2929/HI
 phase_099_top_integration_2930/HI
 phase_099_top_integration_2931/HI
 phase_099_top_integration_2932/HI
 phase_099_top_integration_2933/HI
 phase_099_top_integration_2934/HI
 phase_099_top_integration_2935/HI
 phase_099_top_integration_2936/HI
 phase_099_top_integration_2937/HI
 phase_099_top_integration_2938/HI
 phase_099_top_integration_2939/HI
 phase_099_top_integration_2940/HI
 phase_099_top_integration_2941/HI
 phase_099_top_integration_2942/HI
 phase_099_top_integration_2943/HI
 phase_099_top_integration_2944/HI
 phase_099_top_integration_2945/HI
 phase_099_top_integration_2946/HI
 phase_099_top_integration_2947/HI
 phase_099_top_integration_2948/HI
 phase_099_top_integration_2949/HI
 phase_099_top_integration_2950/HI
 phase_099_top_integration_2951/HI
 phase_099_top_integration_2952/HI
 phase_099_top_integration_2953/HI
 phase_099_top_integration_2954/HI
 phase_099_top_integration_2955/HI
 phase_099_top_integration_2956/HI
 phase_099_top_integration_2957/HI
 phase_099_top_integration_2958/HI
 phase_099_top_integration_2959/HI
 phase_099_top_integration_2960/HI
 phase_099_top_integration_2961/HI
 phase_099_top_integration_2962/HI
 phase_099_top_integration_2963/HI
 phase_099_top_integration_2964/HI
 phase_099_top_integration_2965/HI
 phase_099_top_integration_2966/HI
 phase_099_top_integration_2967/HI
 phase_099_top_integration_2968/HI
 phase_099_top_integration_2969/HI
 phase_099_top_integration_2970/HI
 phase_099_top_integration_2971/HI
 phase_099_top_integration_2972/HI
 phase_099_top_integration_2973/HI
Found 0 partially unannotated drivers.

===========================================================================
max slew violation count 694
max fanout violation count 349
max cap violation count 23
============================================================================

===========================================================================
check_setup -verbose -unconstrained_endpoints -multiple_clock -no_clock -no_input_delay -loops -generated_clocks
===========================================================================
Warning: There are 92 unconstrained endpoints.
  module_status_flags_out[10]
  module_status_flags_out[11]
  module_status_flags_out[12]
  module_status_flags_out[14]
  module_status_flags_out[15]
  module_status_flags_out[16]
  module_status_flags_out[17]
  module_status_flags_out[18]
  module_status_flags_out[19]
  module_status_flags_out[21]
  module_status_flags_out[22]
  module_status_flags_out[23]
  module_status_flags_out[24]
  module_status_flags_out[25]
  module_status_flags_out[26]
  module_status_flags_out[27]
  module_status_flags_out[28]
  module_status_flags_out[29]
  module_status_flags_out[30]
  module_status_flags_out[31]
  module_status_flags_out[32]
  module_status_flags_out[33]
  module_status_flags_out[34]
  module_status_flags_out[35]
  module_status_flags_out[36]
  module_status_flags_out[37]
  module_status_flags_out[38]
  module_status_flags_out[39]
  module_status_flags_out[3]
  module_status_flags_out[40]
  module_status_flags_out[41]
  module_status_flags_out[42]
  module_status_flags_out[43]
  module_status_flags_out[44]
  module_status_flags_out[45]
  module_status_flags_out[46]
  module_status_flags_out[47]
  module_status_flags_out[48]
  module_status_flags_out[49]
  module_status_flags_out[4]
  module_status_flags_out[50]
  module_status_flags_out[51]
  module_status_flags_out[52]
  module_status_flags_out[53]
  module_status_flags_out[54]
  module_status_flags_out[55]
  module_status_flags_out[56]
  module_status_flags_out[57]
  module_status_flags_out[58]
  module_status_flags_out[59]
  module_status_flags_out[5]
  module_status_flags_out[60]
  module_status_flags_out[61]
  module_status_flags_out[62]
  module_status_flags_out[63]
  module_status_flags_out[64]
  module_status_flags_out[65]
  module_status_flags_out[66]
  module_status_flags_out[67]
  module_status_flags_out[68]
  module_status_flags_out[69]
  module_status_flags_out[6]
  module_status_flags_out[70]
  module_status_flags_out[71]
  module_status_flags_out[72]
  module_status_flags_out[73]
  module_status_flags_out[74]
  module_status_flags_out[75]
  module_status_flags_out[76]
  module_status_flags_out[77]
  module_status_flags_out[78]
  module_status_flags_out[79]
  module_status_flags_out[7]
  module_status_flags_out[80]
  module_status_flags_out[81]
  module_status_flags_out[82]
  module_status_flags_out[83]
  module_status_flags_out[84]
  module_status_flags_out[85]
  module_status_flags_out[86]
  module_status_flags_out[87]
  module_status_flags_out[88]
  module_status_flags_out[89]
  module_status_flags_out[90]
  module_status_flags_out[91]
  module_status_flags_out[92]
  module_status_flags_out[93]
  module_status_flags_out[94]
  module_status_flags_out[95]
  module_status_flags_out[96]
  module_status_flags_out[97]
  _43579_/D
