
===========================================================================
report_checks -unconstrained
===========================================================================
======================= max_ss_100C_1v60 Corner ===================================

Startpoint: rst_n (input port clocked by clk_dsp)
Endpoint: _44061_ (recovery check against rising-edge clock clk_dsp)
Path Group: asynchronous
Path Type: max

Fanout         Cap        Slew       Delay        Time   Description
---------------------------------------------------------------------------------------------
                                  0.000000    0.000000   clock clk_dsp (rise edge)
                                  0.000000    0.000000   clock network delay (propagated)
                                  1.000000    1.000000 ^ input external delay
     1    0.002527    0.030446    0.014386    1.014386 ^ rst_n (in)
                                                         rst_n (net)
                      0.030446    0.000000    1.014386 ^ hold102/A (sky130_fd_sc_hd__dlygate4sd3_1)
     1    0.002578    0.088940    1.020161    2.034548 ^ hold102/X (sky130_fd_sc_hd__dlygate4sd3_1)
                                                         net3075 (net)
                      0.088940    0.000119    2.034666 ^ input17/A (sky130_fd_sc_hd__buf_4)
     1    0.068909    0.311128    0.381565    2.416231 ^ input17/X (sky130_fd_sc_hd__buf_4)
                                                         net17 (net)
                      0.314351    0.025481    2.441712 ^ fanout2882/A (sky130_fd_sc_hd__buf_12)
     1    0.037222    0.090996    0.294547    2.736259 ^ fanout2882/X (sky130_fd_sc_hd__buf_12)
                                                         net2882 (net)
                      0.091898    0.006718    2.742977 ^ hold92/A (sky130_fd_sc_hd__buf_12)
     2    0.036325    0.087645    0.204259    2.947237 ^ hold92/X (sky130_fd_sc_hd__buf_12)
                                                         net3065 (net)
                      0.088139    0.005179    2.952415 ^ hold94/A (sky130_fd_sc_hd__buf_12)
     1    0.026848    0.072116    0.190271    3.142686 ^ hold94/X (sky130_fd_sc_hd__buf_12)
                                                         net3067 (net)
                      0.072676    0.004504    3.147190 ^ hold96/A (sky130_fd_sc_hd__buf_12)
     1    0.053974    0.114839    0.215300    3.362489 ^ hold96/X (sky130_fd_sc_hd__buf_12)
                                                         net3069 (net)
                      0.118368    0.015687    3.378177 ^ hold98/A (sky130_fd_sc_hd__buf_12)
     5    0.129197    0.239636    0.326868    3.705044 ^ hold98/X (sky130_fd_sc_hd__buf_12)
                                                         net3071 (net)
                      0.240753    0.013278    3.718322 ^ fanout2830/A (sky130_fd_sc_hd__buf_6)
     6    0.144517    0.451178    0.524328    4.242651 ^ fanout2830/X (sky130_fd_sc_hd__buf_6)
                                                         net2830 (net)
                      0.452304    0.018562    4.261212 ^ hold99/A (sky130_fd_sc_hd__dlygate4sd3_1)
     2    0.037641    0.579960    1.560616    5.821828 ^ hold99/X (sky130_fd_sc_hd__dlygate4sd3_1)
                                                         net3072 (net)
                      0.579981    0.004091    5.825919 ^ fanout2790/A (sky130_fd_sc_hd__buf_2)
     5    0.053741    0.417912    0.654741    6.480660 ^ fanout2790/X (sky130_fd_sc_hd__buf_2)
                                                         net2790 (net)
                      0.417926    0.002898    6.483557 ^ fanout2789/A (sky130_fd_sc_hd__buf_2)
     7    0.048150    0.376760    0.561256    7.044813 ^ fanout2789/X (sky130_fd_sc_hd__buf_2)
                                                         net2789 (net)
                      0.376763    0.001956    7.046770 ^ fanout2780/A (sky130_fd_sc_hd__clkbuf_4)
    10    0.049078    0.244785    0.511440    7.558209 ^ fanout2780/X (sky130_fd_sc_hd__clkbuf_4)
                                                         net2780 (net)
                      0.244812    0.002783    7.560992 ^ fanout2779/A (sky130_fd_sc_hd__clkbuf_4)
    10    0.044663    0.225233    0.441574    8.002566 ^ fanout2779/X (sky130_fd_sc_hd__clkbuf_4)
                                                         net2779 (net)
                      0.225253    0.002282    8.004848 ^ _44061_/RESET_B (sky130_fd_sc_hd__dfrtp_1)
                                              8.004848   data arrival time

                                  5.000000    5.000000   clock clk_dsp (rise edge)
                                  0.000000    5.000000   clock source latency
     2    0.166182    1.204470    0.879488    5.879488 ^ clk_dsp (in)
                                                         clk_dsp (net)
                      1.222134    0.000000    5.879488 ^ clkbuf_0_clk_dsp/A (sky130_fd_sc_hd__clkbuf_16)
     4    0.135570    0.240724    0.748480    6.627968 ^ clkbuf_0_clk_dsp/X (sky130_fd_sc_hd__clkbuf_16)
                                                         clknet_0_clk_dsp (net)
                      0.241285    0.010365    6.638333 ^ clkbuf_2_2_0_clk_dsp/A (sky130_fd_sc_hd__clkbuf_8)
     4    0.080813    0.230884    0.424049    7.062382 ^ clkbuf_2_2_0_clk_dsp/X (sky130_fd_sc_hd__clkbuf_8)
                                                         clknet_2_2_0_clk_dsp (net)
                      0.231382    0.008839    7.071221 ^ clkbuf_4_9_0_clk_dsp/A (sky130_fd_sc_hd__clkbuf_8)
     2    0.039676    0.129011    0.349907    7.421128 ^ clkbuf_4_9_0_clk_dsp/X (sky130_fd_sc_hd__clkbuf_8)
                                                         clknet_4_9_0_clk_dsp (net)
                      0.129050    0.002233    7.423361 ^ clkbuf_5_18__f_clk_dsp/A (sky130_fd_sc_hd__clkbuf_16)
     7    0.066257    0.129469    0.303880    7.727242 ^ clkbuf_5_18__f_clk_dsp/X (sky130_fd_sc_hd__clkbuf_16)
                                                         clknet_5_18__leaf_clk_dsp (net)
                      0.129696    0.003286    7.730527 ^ clkbuf_leaf_57_clk_dsp/A (sky130_fd_sc_hd__clkbuf_8)
    18    0.052907    0.160756    0.328048    8.058576 ^ clkbuf_leaf_57_clk_dsp/X (sky130_fd_sc_hd__clkbuf_8)
                                                         clknet_leaf_57_clk_dsp (net)
                      0.160797    0.002461    8.061036 ^ _44061_/CLK (sky130_fd_sc_hd__dfrtp_1)
                                 -0.250000    7.811037   clock uncertainty
                                  0.000000    7.811037   clock reconvergence pessimism
                                  0.435652    8.246689   library recovery time
                                              8.246689   data required time
---------------------------------------------------------------------------------------------
                                              8.246689   data required time
                                             -8.004848   data arrival time
---------------------------------------------------------------------------------------------
                                              0.241841   slack (MET)


Startpoint: _46159_ (rising edge-triggered flip-flop clocked by clk_dsp)
Endpoint: _46276_ (rising edge-triggered flip-flop clocked by clk_dsp)
Path Group: clk_dsp
Path Type: max

Fanout         Cap        Slew       Delay        Time   Description
---------------------------------------------------------------------------------------------
                                  0.000000    0.000000   clock clk_dsp (rise edge)
                                  0.000000    0.000000   clock source latency
     2    0.166182    1.204470    0.879488    0.879488 ^ clk_dsp (in)
                                                         clk_dsp (net)
                      1.222134    0.000000    0.879488 ^ clkbuf_0_clk_dsp/A (sky130_fd_sc_hd__clkbuf_16)
     4    0.135570    0.240724    0.748480    1.627968 ^ clkbuf_0_clk_dsp/X (sky130_fd_sc_hd__clkbuf_16)
                                                         clknet_0_clk_dsp (net)
                      0.241190    0.009560    1.637528 ^ clkbuf_2_3_0_clk_dsp/A (sky130_fd_sc_hd__clkbuf_8)
     4    0.079999    0.228936    0.422497    2.060025 ^ clkbuf_2_3_0_clk_dsp/X (sky130_fd_sc_hd__clkbuf_8)
                                                         clknet_2_3_0_clk_dsp (net)
                      0.230243    0.013996    2.074021 ^ clkbuf_4_15_0_clk_dsp/A (sky130_fd_sc_hd__clkbuf_8)
     2    0.057070    0.171145    0.380495    2.454516 ^ clkbuf_4_15_0_clk_dsp/X (sky130_fd_sc_hd__clkbuf_8)
                                                         clknet_4_15_0_clk_dsp (net)
                      0.171322    0.004933    2.459450 ^ clkbuf_5_30__f_clk_dsp/A (sky130_fd_sc_hd__clkbuf_16)
     9    0.120364    0.205980    0.378635    2.838084 ^ clkbuf_5_30__f_clk_dsp/X (sky130_fd_sc_hd__clkbuf_16)
                                                         clknet_5_30__leaf_clk_dsp (net)
                      0.206525    0.008634    2.846719 ^ clkbuf_leaf_144_clk_dsp/A (sky130_fd_sc_hd__clkbuf_8)
    11    0.043903    0.139085    0.346827    3.193546 ^ clkbuf_leaf_144_clk_dsp/X (sky130_fd_sc_hd__clkbuf_8)
                                                         clknet_leaf_144_clk_dsp (net)
                      0.139094    0.001339    3.194886 ^ _46159_/CLK (sky130_fd_sc_hd__dfrtp_1)
     4    0.022033    0.236233    0.926368    4.121253 v _46159_/Q (sky130_fd_sc_hd__dfrtp_1)
                                                         u_phase_009_fft.out_cnt[3] (net)
                      0.236236    0.001307    4.122561 v fanout1762/A (sky130_fd_sc_hd__buf_4)
     5    0.024950    0.085602    0.366660    4.489221 v fanout1762/X (sky130_fd_sc_hd__buf_4)
                                                         net1762 (net)
                      0.085668    0.001476    4.490697 v fanout1761/A (sky130_fd_sc_hd__buf_4)
    10    0.044259    0.122503    0.327897    4.818594 v fanout1761/X (sky130_fd_sc_hd__buf_4)
                                                         net1761 (net)
                      0.122586    0.002934    4.821528 v _34555_/A_N (sky130_fd_sc_hd__and4bb_1)
     1    0.019702    0.331272    0.727820    5.549348 ^ _34555_/X (sky130_fd_sc_hd__and4bb_1)
                                                         _08581_ (net)
                      0.331281    0.002204    5.551552 ^ fanout1258/A (sky130_fd_sc_hd__clkbuf_8)
     6    0.137646    0.373706    0.550073    6.101624 ^ fanout1258/X (sky130_fd_sc_hd__clkbuf_8)
                                                         net1258 (net)
                      0.379990    0.038857    6.140482 ^ fanout1254/A (sky130_fd_sc_hd__clkbuf_4)
    10    0.081089    0.386687    0.611170    6.751652 ^ fanout1254/X (sky130_fd_sc_hd__clkbuf_4)
                                                         net1254 (net)
                      0.387454    0.012843    6.764494 ^ _34557_/B (sky130_fd_sc_hd__and2_4)
     4    0.074015    0.354901    0.627908    7.392402 ^ _34557_/X (sky130_fd_sc_hd__and2_4)
                                                         _08583_ (net)
                      0.356249    0.016745    7.409147 ^ clone91/A (sky130_fd_sc_hd__clkbuf_1)
    10    0.189253    3.445076    2.630563   10.039710 ^ clone91/X (sky130_fd_sc_hd__clkbuf_1)
                                                         net3064 (net)
                      3.445104    0.008598   10.048307 ^ fanout921/A (sky130_fd_sc_hd__clkbuf_8)
    10    0.125875    0.374726    1.280957   11.329264 ^ fanout921/X (sky130_fd_sc_hd__clkbuf_8)
                                                         net921 (net)
                      0.379594    0.033168   11.362432 ^ _35023_/A2 (sky130_fd_sc_hd__a22o_1)
     1    0.003113    0.089072    0.384033   11.746466 ^ _35023_/X (sky130_fd_sc_hd__a22o_1)
                                                         _09049_ (net)
                      0.089072    0.000229   11.746695 ^ _35024_/C1 (sky130_fd_sc_hd__a211o_1)
     1    0.008480    0.139731    0.219567   11.966261 ^ _35024_/X (sky130_fd_sc_hd__a211o_1)
                                                         _09050_ (net)
                      0.139732    0.000723   11.966984 ^ _35025_/C1 (sky130_fd_sc_hd__a211o_1)
     1    0.006512    0.116166    0.223555   12.190539 ^ _35025_/X (sky130_fd_sc_hd__a211o_1)
                                                         _09051_ (net)
                      0.116166    0.000498   12.191038 ^ _35034_/C (sky130_fd_sc_hd__or4_1)
     1    0.018177    0.273498    0.346959   12.537997 ^ _35034_/X (sky130_fd_sc_hd__or4_1)
                                                         _09060_ (net)
                      0.273505    0.001716   12.539713 ^ _35035_/A3 (sky130_fd_sc_hd__o32a_4)
     2    0.104508    0.462621    0.665883   13.205596 ^ _35035_/X (sky130_fd_sc_hd__o32a_4)
                                                         _09061_ (net)
                      0.463806    0.017652   13.223248 ^ fanout248/A (sky130_fd_sc_hd__buf_6)
     7    0.170703    0.531931    0.644341   13.867589 ^ fanout248/X (sky130_fd_sc_hd__buf_6)
                                                         net248 (net)
                      0.532162    0.009460   13.877049 ^ fanout246/A (sky130_fd_sc_hd__buf_4)
    11    0.108889    0.477956    0.687557   14.564606 ^ fanout246/X (sky130_fd_sc_hd__buf_4)
                                                         net246 (net)
                      0.478128    0.007675   14.572281 ^ _35036_/A (sky130_fd_sc_hd__inv_2)
     2    0.077436    0.349431    0.465650   15.037930 v _35036_/Y (sky130_fd_sc_hd__inv_2)
                                                         _09062_ (net)
                      0.349444    0.001872   15.039803 v fanout229/A (sky130_fd_sc_hd__clkbuf_8)
    12    0.137848    0.259581    0.522146   15.561949 v fanout229/X (sky130_fd_sc_hd__clkbuf_8)
                                                         net229 (net)
                      0.278205    0.053831   15.615779 v _41275_/B (sky130_fd_sc_hd__nor3_1)
     3    0.011423    0.630229    0.662075   16.277855 ^ _41275_/Y (sky130_fd_sc_hd__nor3_1)
                                                         _15269_ (net)
                      0.630230    0.000668   16.278522 ^ _41277_/A (sky130_fd_sc_hd__nor2_1)
     2    0.006297    0.157925    0.310175   16.588697 v _41277_/Y (sky130_fd_sc_hd__nor2_1)
                                                         _15271_ (net)
                      0.157925    0.000311   16.589008 v _41278_/C (sky130_fd_sc_hd__and3_1)
     3    0.008693    0.118811    0.455966   17.044973 v _41278_/X (sky130_fd_sc_hd__and3_1)
                                                         _15272_ (net)
                      0.118811    0.000444   17.045418 v _41429_/A (sky130_fd_sc_hd__or2_1)
     2    0.007498    0.137340    0.567447   17.612865 v _41429_/X (sky130_fd_sc_hd__or2_1)
                                                         _15423_ (net)
                      0.137340    0.000535   17.613400 v _41436_/B (sky130_fd_sc_hd__xnor2_1)
     2    0.006771    0.148250    0.280055   17.893454 v _41436_/Y (sky130_fd_sc_hd__xnor2_1)
                                                         _15430_ (net)
                      0.148250    0.000291   17.893745 v _41588_/B (sky130_fd_sc_hd__or2_1)
     1    0.003730    0.105120    0.500066   18.393812 v _41588_/X (sky130_fd_sc_hd__or2_1)
                                                         _15582_ (net)
                      0.105120    0.000291   18.394102 v _41589_/B (sky130_fd_sc_hd__nand2_1)
     2    0.009023    0.160735    0.178540   18.572643 ^ _41589_/Y (sky130_fd_sc_hd__nand2_1)
                                                         _15583_ (net)
                      0.160735    0.000611   18.573254 ^ _41609_/C (sky130_fd_sc_hd__nand3_2)
     2    0.013083    0.207340    0.268498   18.841751 v _41609_/Y (sky130_fd_sc_hd__nand3_2)
                                                         _15603_ (net)
                      0.207404    0.000915   18.842667 v _41736_/A2 (sky130_fd_sc_hd__a211o_1)
     2    0.012279    0.170813    0.689624   19.532291 v _41736_/X (sky130_fd_sc_hd__a211o_1)
                                                         _15730_ (net)
                      0.170813    0.000451   19.532742 v _41769_/A2 (sky130_fd_sc_hd__a211o_1)
     2    0.014176    0.179257    0.692685   20.225428 v _41769_/X (sky130_fd_sc_hd__a211o_1)
                                                         _15763_ (net)
                      0.179257    0.000790   20.226217 v _41882_/A2 (sky130_fd_sc_hd__a21o_1)
     2    0.008004    0.100634    0.404018   20.630236 v _41882_/X (sky130_fd_sc_hd__a21o_1)
                                                         _15876_ (net)
                      0.100634    0.000444   20.630680 v _41884_/A2 (sky130_fd_sc_hd__a21o_1)
     3    0.008708    0.106329    0.376474   21.007154 v _41884_/X (sky130_fd_sc_hd__a21o_1)
                                                         _15878_ (net)
                      0.106330    0.000506   21.007660 v _41944_/C1 (sky130_fd_sc_hd__o211a_1)
     2    0.005685    0.097094    0.241448   21.249107 v _41944_/X (sky130_fd_sc_hd__o211a_1)
                                                         _15938_ (net)
                      0.097094    0.000208   21.249315 v _41948_/A (sky130_fd_sc_hd__nor3_1)
     3    0.009783    0.556498    0.561403   21.810719 ^ _41948_/Y (sky130_fd_sc_hd__nor3_1)
                                                         _15942_ (net)
                      0.556498    0.000478   21.811197 ^ max_cap71/A (sky130_fd_sc_hd__clkbuf_1)
     2    0.007504    0.159066    0.368415   22.179611 ^ max_cap71/X (sky130_fd_sc_hd__clkbuf_1)
                                                         net71 (net)
                      0.159066    0.000464   22.180075 ^ _42099_/A (sky130_fd_sc_hd__nor3_1)
     3    0.007369    0.123430    0.160084   22.340158 v _42099_/Y (sky130_fd_sc_hd__nor3_1)
                                                         _16093_ (net)
                      0.123430    0.000433   22.340591 v _42105_/A (sky130_fd_sc_hd__or3_1)
     3    0.007923    0.188301    0.937543   23.278135 v _42105_/X (sky130_fd_sc_hd__or3_1)
                                                         _16099_ (net)
                      0.188301    0.000419   23.278555 v _42114_/A (sky130_fd_sc_hd__nand2_1)
     1    0.005578    0.110591    0.172212   23.450768 ^ _42114_/Y (sky130_fd_sc_hd__nand2_1)
                                                         _16108_ (net)
                      0.110592    0.000421   23.451189 ^ _42253_/A (sky130_fd_sc_hd__xnor2_1)
     2    0.007444    0.158249    0.205882   23.657070 v _42253_/Y (sky130_fd_sc_hd__xnor2_1)
                                                         _16247_ (net)
                      0.158249    0.000432   23.657501 v _42257_/B (sky130_fd_sc_hd__xnor2_1)
     2    0.012364    0.497071    0.487443   24.144945 ^ _42257_/Y (sky130_fd_sc_hd__xnor2_1)
                                                         _16251_ (net)
                      0.497073    0.000989   24.145933 ^ _43311_/B (sky130_fd_sc_hd__xnor2_2)
     2    0.008068    0.244775    0.356110   24.502045 ^ _43311_/Y (sky130_fd_sc_hd__xnor2_2)
                                                         _17305_ (net)
                      0.244775    0.000535   24.502579 ^ _43312_/B1 (sky130_fd_sc_hd__o21ai_2)
     3    0.010846    0.126770    0.212077   24.714657 v _43312_/Y (sky130_fd_sc_hd__o21ai_2)
                                                         _17306_ (net)
                      0.126770    0.000558   24.715214 v _43313_/A1 (sky130_fd_sc_hd__a21o_1)
     3    0.014231    0.146138    0.398265   25.113478 v _43313_/X (sky130_fd_sc_hd__a21o_1)
                                                         _17307_ (net)
                      0.146141    0.000973   25.114452 v _43315_/A1 (sky130_fd_sc_hd__a21oi_4)
     3    0.017663    0.266726    0.319323   25.433775 ^ _43315_/Y (sky130_fd_sc_hd__a21oi_4)
                                                         _17309_ (net)
                      0.266731    0.001428   25.435204 ^ _43317_/A1 (sky130_fd_sc_hd__o21bai_4)
     3    0.012677    0.114188    0.220906   25.656109 v _43317_/Y (sky130_fd_sc_hd__o21bai_4)
                                                         _17311_ (net)
                      0.114189    0.000773   25.656881 v _43320_/A2 (sky130_fd_sc_hd__a21o_1)
     4    0.015598    0.156598    0.432348   26.089230 v _43320_/X (sky130_fd_sc_hd__a21o_1)
                                                         _17314_ (net)
                      0.156604    0.001210   26.090439 v _43321_/C (sky130_fd_sc_hd__and3b_1)
     3    0.008557    0.117174    0.451585   26.542025 v _43321_/X (sky130_fd_sc_hd__and3b_1)
                                                         _17315_ (net)
                      0.117175    0.000663   26.542686 v _43323_/A1 (sky130_fd_sc_hd__o31a_1)
     4    0.017618    0.202123    0.704000   27.246687 v _43323_/X (sky130_fd_sc_hd__o31a_1)
                                                         _17317_ (net)
                      0.202128    0.001362   27.248051 v _43335_/A1 (sky130_fd_sc_hd__a211oi_4)
     4    0.019105    0.465628    0.558961   27.807011 ^ _43335_/Y (sky130_fd_sc_hd__a211oi_4)
                                                         _17329_ (net)
                      0.465628    0.001300   27.808311 ^ _43344_/A3 (sky130_fd_sc_hd__o311ai_4)
     3    0.009985    0.193687    0.297058   28.105370 v _43344_/Y (sky130_fd_sc_hd__o311ai_4)
                                                         _17338_ (net)
                      0.193687    0.000595   28.105965 v _43345_/A1 (sky130_fd_sc_hd__a21o_1)
     4    0.012408    0.136484    0.414083   28.520048 v _43345_/X (sky130_fd_sc_hd__a21o_1)
                                                         _17339_ (net)
                      0.136485    0.000574   28.520622 v _43348_/C (sky130_fd_sc_hd__and3_1)
     1    0.004060    0.081683    0.405056   28.925676 v _43348_/X (sky130_fd_sc_hd__and3_1)
                                                         _17342_ (net)
                      0.081683    0.000250   28.925928 v _43349_/B (sky130_fd_sc_hd__or2_4)
     2    0.018161    0.114880    0.490758   29.416685 v _43349_/X (sky130_fd_sc_hd__or2_4)
                                                         _17343_ (net)
                      0.114889    0.001132   29.417816 v _43384_/A3 (sky130_fd_sc_hd__o31ai_4)
     3    0.035448    0.701739    0.643350   30.061167 ^ _43384_/Y (sky130_fd_sc_hd__o31ai_4)
                                                         _17378_ (net)
                      0.701791    0.004828   30.065994 ^ fanout62/A (sky130_fd_sc_hd__buf_6)
     5    0.037874    0.139569    0.454463   30.520458 ^ fanout62/X (sky130_fd_sc_hd__buf_6)
                                                         net62 (net)
                      0.139972    0.006445   30.526903 ^ _43388_/B1 (sky130_fd_sc_hd__a21oi_2)
     1    0.025609    0.224873    0.153186   30.680088 v _43388_/Y (sky130_fd_sc_hd__a21oi_2)
                                                         _17382_ (net)
                      0.224981    0.004032   30.684120 v _43389_/B1 (sky130_fd_sc_hd__a21oi_1)
     1    0.002682    0.170954    0.241879   30.926001 ^ _43389_/Y (sky130_fd_sc_hd__a21oi_1)
                                                         _02771_ (net)
                      0.170954    0.000174   30.926174 ^ _46276_/D (sky130_fd_sc_hd__dfrtp_4)
                                             30.926174   data arrival time

                                  5.000000    5.000000   clock clk_dsp (rise edge)
                                  0.000000    5.000000   clock source latency
     2    0.166182    1.204470    0.879488    5.879488 ^ clk_dsp (in)
                                                         clk_dsp (net)
                      1.222134    0.000000    5.879488 ^ clkbuf_0_clk_dsp/A (sky130_fd_sc_hd__clkbuf_16)
     4    0.135570    0.240724    0.748480    6.627968 ^ clkbuf_0_clk_dsp/X (sky130_fd_sc_hd__clkbuf_16)
                                                         clknet_0_clk_dsp (net)
                      0.241190    0.009559    6.637527 ^ clkbuf_2_3_0_clk_dsp/A (sky130_fd_sc_hd__clkbuf_8)
     4    0.079999    0.228936    0.422498    7.060025 ^ clkbuf_2_3_0_clk_dsp/X (sky130_fd_sc_hd__clkbuf_8)
                                                         clknet_2_3_0_clk_dsp (net)
                      0.230243    0.013996    7.074021 ^ clkbuf_4_15_0_clk_dsp/A (sky130_fd_sc_hd__clkbuf_8)
     2    0.057070    0.171145    0.380495    7.454516 ^ clkbuf_4_15_0_clk_dsp/X (sky130_fd_sc_hd__clkbuf_8)
                                                         clknet_4_15_0_clk_dsp (net)
                      0.171352    0.005277    7.459793 ^ clkbuf_5_31__f_clk_dsp/A (sky130_fd_sc_hd__clkbuf_16)
     8    0.124263    0.212812    0.377164    7.836957 ^ clkbuf_5_31__f_clk_dsp/X (sky130_fd_sc_hd__clkbuf_16)
                                                         clknet_5_31__leaf_clk_dsp (net)
                      0.219298    0.029293    7.866250 ^ clkbuf_leaf_135_clk_dsp/A (sky130_fd_sc_hd__clkbuf_8)
     9    0.028290    0.103605    0.322665    8.188915 ^ clkbuf_leaf_135_clk_dsp/X (sky130_fd_sc_hd__clkbuf_8)
                                                         clknet_leaf_135_clk_dsp (net)
                      0.103643    0.001866    8.190782 ^ _46276_/CLK (sky130_fd_sc_hd__dfrtp_4)
                                 -0.250000    7.940782   clock uncertainty
                                  0.000000    7.940782   clock reconvergence pessimism
                                 -0.156319    7.784462   library setup time
                                              7.784462   data required time
---------------------------------------------------------------------------------------------
                                              7.784462   data required time
                                            -30.926174   data arrival time
---------------------------------------------------------------------------------------------
                                            -23.141714   slack (VIOLATED)




===========================================================================
report_checks --slack_max -0.01
============================================================================
======================= max_ss_100C_1v60 Corner ===================================

Startpoint: _46159_ (rising edge-triggered flip-flop clocked by clk_dsp)
Endpoint: _46276_ (rising edge-triggered flip-flop clocked by clk_dsp)
Path Group: clk_dsp
Path Type: max

Fanout         Cap        Slew       Delay        Time   Description
---------------------------------------------------------------------------------------------
                                  0.000000    0.000000   clock clk_dsp (rise edge)
                                  0.000000    0.000000   clock source latency
     2    0.166182    1.204470    0.879488    0.879488 ^ clk_dsp (in)
                                                         clk_dsp (net)
                      1.222134    0.000000    0.879488 ^ clkbuf_0_clk_dsp/A (sky130_fd_sc_hd__clkbuf_16)
     4    0.135570    0.240724    0.748480    1.627968 ^ clkbuf_0_clk_dsp/X (sky130_fd_sc_hd__clkbuf_16)
                                                         clknet_0_clk_dsp (net)
                      0.241190    0.009560    1.637528 ^ clkbuf_2_3_0_clk_dsp/A (sky130_fd_sc_hd__clkbuf_8)
     4    0.079999    0.228936    0.422497    2.060025 ^ clkbuf_2_3_0_clk_dsp/X (sky130_fd_sc_hd__clkbuf_8)
                                                         clknet_2_3_0_clk_dsp (net)
                      0.230243    0.013996    2.074021 ^ clkbuf_4_15_0_clk_dsp/A (sky130_fd_sc_hd__clkbuf_8)
     2    0.057070    0.171145    0.380495    2.454516 ^ clkbuf_4_15_0_clk_dsp/X (sky130_fd_sc_hd__clkbuf_8)
                                                         clknet_4_15_0_clk_dsp (net)
                      0.171322    0.004933    2.459450 ^ clkbuf_5_30__f_clk_dsp/A (sky130_fd_sc_hd__clkbuf_16)
     9    0.120364    0.205980    0.378635    2.838084 ^ clkbuf_5_30__f_clk_dsp/X (sky130_fd_sc_hd__clkbuf_16)
                                                         clknet_5_30__leaf_clk_dsp (net)
                      0.206525    0.008634    2.846719 ^ clkbuf_leaf_144_clk_dsp/A (sky130_fd_sc_hd__clkbuf_8)
    11    0.043903    0.139085    0.346827    3.193546 ^ clkbuf_leaf_144_clk_dsp/X (sky130_fd_sc_hd__clkbuf_8)
                                                         clknet_leaf_144_clk_dsp (net)
                      0.139094    0.001339    3.194886 ^ _46159_/CLK (sky130_fd_sc_hd__dfrtp_1)
     4    0.022033    0.236233    0.926368    4.121253 v _46159_/Q (sky130_fd_sc_hd__dfrtp_1)
                                                         u_phase_009_fft.out_cnt[3] (net)
                      0.236236    0.001307    4.122561 v fanout1762/A (sky130_fd_sc_hd__buf_4)
     5    0.024950    0.085602    0.366660    4.489221 v fanout1762/X (sky130_fd_sc_hd__buf_4)
                                                         net1762 (net)
                      0.085668    0.001476    4.490697 v fanout1761/A (sky130_fd_sc_hd__buf_4)
    10    0.044259    0.122503    0.327897    4.818594 v fanout1761/X (sky130_fd_sc_hd__buf_4)
                                                         net1761 (net)
                      0.122586    0.002934    4.821528 v _34555_/A_N (sky130_fd_sc_hd__and4bb_1)
     1    0.019702    0.331272    0.727820    5.549348 ^ _34555_/X (sky130_fd_sc_hd__and4bb_1)
                                                         _08581_ (net)
                      0.331281    0.002204    5.551552 ^ fanout1258/A (sky130_fd_sc_hd__clkbuf_8)
     6    0.137646    0.373706    0.550073    6.101624 ^ fanout1258/X (sky130_fd_sc_hd__clkbuf_8)
                                                         net1258 (net)
                      0.379990    0.038857    6.140482 ^ fanout1254/A (sky130_fd_sc_hd__clkbuf_4)
    10    0.081089    0.386687    0.611170    6.751652 ^ fanout1254/X (sky130_fd_sc_hd__clkbuf_4)
                                                         net1254 (net)
                      0.387454    0.012843    6.764494 ^ _34557_/B (sky130_fd_sc_hd__and2_4)
     4    0.074015    0.354901    0.627908    7.392402 ^ _34557_/X (sky130_fd_sc_hd__and2_4)
                                                         _08583_ (net)
                      0.356249    0.016745    7.409147 ^ clone91/A (sky130_fd_sc_hd__clkbuf_1)
    10    0.189253    3.445076    2.630563   10.039710 ^ clone91/X (sky130_fd_sc_hd__clkbuf_1)
                                                         net3064 (net)
                      3.445104    0.008598   10.048307 ^ fanout921/A (sky130_fd_sc_hd__clkbuf_8)
    10    0.125875    0.374726    1.280957   11.329264 ^ fanout921/X (sky130_fd_sc_hd__clkbuf_8)
                                                         net921 (net)
                      0.379594    0.033168   11.362432 ^ _35023_/A2 (sky130_fd_sc_hd__a22o_1)
     1    0.003113    0.089072    0.384033   11.746466 ^ _35023_/X (sky130_fd_sc_hd__a22o_1)
                                                         _09049_ (net)
                      0.089072    0.000229   11.746695 ^ _35024_/C1 (sky130_fd_sc_hd__a211o_1)
     1    0.008480    0.139731    0.219567   11.966261 ^ _35024_/X (sky130_fd_sc_hd__a211o_1)
                                                         _09050_ (net)
                      0.139732    0.000723   11.966984 ^ _35025_/C1 (sky130_fd_sc_hd__a211o_1)
     1    0.006512    0.116166    0.223555   12.190539 ^ _35025_/X (sky130_fd_sc_hd__a211o_1)
                                                         _09051_ (net)
                      0.116166    0.000498   12.191038 ^ _35034_/C (sky130_fd_sc_hd__or4_1)
     1    0.018177    0.273498    0.346959   12.537997 ^ _35034_/X (sky130_fd_sc_hd__or4_1)
                                                         _09060_ (net)
                      0.273505    0.001716   12.539713 ^ _35035_/A3 (sky130_fd_sc_hd__o32a_4)
     2    0.104508    0.462621    0.665883   13.205596 ^ _35035_/X (sky130_fd_sc_hd__o32a_4)
                                                         _09061_ (net)
                      0.463806    0.017652   13.223248 ^ fanout248/A (sky130_fd_sc_hd__buf_6)
     7    0.170703    0.531931    0.644341   13.867589 ^ fanout248/X (sky130_fd_sc_hd__buf_6)
                                                         net248 (net)
                      0.532162    0.009460   13.877049 ^ fanout246/A (sky130_fd_sc_hd__buf_4)
    11    0.108889    0.477956    0.687557   14.564606 ^ fanout246/X (sky130_fd_sc_hd__buf_4)
                                                         net246 (net)
                      0.478128    0.007675   14.572281 ^ _35036_/A (sky130_fd_sc_hd__inv_2)
     2    0.077436    0.349431    0.465650   15.037930 v _35036_/Y (sky130_fd_sc_hd__inv_2)
                                                         _09062_ (net)
                      0.349444    0.001872   15.039803 v fanout229/A (sky130_fd_sc_hd__clkbuf_8)
    12    0.137848    0.259581    0.522146   15.561949 v fanout229/X (sky130_fd_sc_hd__clkbuf_8)
                                                         net229 (net)
                      0.278205    0.053831   15.615779 v _41275_/B (sky130_fd_sc_hd__nor3_1)
     3    0.011423    0.630229    0.662075   16.277855 ^ _41275_/Y (sky130_fd_sc_hd__nor3_1)
                                                         _15269_ (net)
                      0.630230    0.000668   16.278522 ^ _41277_/A (sky130_fd_sc_hd__nor2_1)
     2    0.006297    0.157925    0.310175   16.588697 v _41277_/Y (sky130_fd_sc_hd__nor2_1)
                                                         _15271_ (net)
                      0.157925    0.000311   16.589008 v _41278_/C (sky130_fd_sc_hd__and3_1)
     3    0.008693    0.118811    0.455966   17.044973 v _41278_/X (sky130_fd_sc_hd__and3_1)
                                                         _15272_ (net)
                      0.118811    0.000444   17.045418 v _41429_/A (sky130_fd_sc_hd__or2_1)
     2    0.007498    0.137340    0.567447   17.612865 v _41429_/X (sky130_fd_sc_hd__or2_1)
                                                         _15423_ (net)
                      0.137340    0.000535   17.613400 v _41436_/B (sky130_fd_sc_hd__xnor2_1)
     2    0.006771    0.148250    0.280055   17.893454 v _41436_/Y (sky130_fd_sc_hd__xnor2_1)
                                                         _15430_ (net)
                      0.148250    0.000291   17.893745 v _41588_/B (sky130_fd_sc_hd__or2_1)
     1    0.003730    0.105120    0.500066   18.393812 v _41588_/X (sky130_fd_sc_hd__or2_1)
                                                         _15582_ (net)
                      0.105120    0.000291   18.394102 v _41589_/B (sky130_fd_sc_hd__nand2_1)
     2    0.009023    0.160735    0.178540   18.572643 ^ _41589_/Y (sky130_fd_sc_hd__nand2_1)
                                                         _15583_ (net)
                      0.160735    0.000611   18.573254 ^ _41609_/C (sky130_fd_sc_hd__nand3_2)
     2    0.013083    0.207340    0.268498   18.841751 v _41609_/Y (sky130_fd_sc_hd__nand3_2)
                                                         _15603_ (net)
                      0.207404    0.000915   18.842667 v _41736_/A2 (sky130_fd_sc_hd__a211o_1)
     2    0.012279    0.170813    0.689624   19.532291 v _41736_/X (sky130_fd_sc_hd__a211o_1)
                                                         _15730_ (net)
                      0.170813    0.000451   19.532742 v _41769_/A2 (sky130_fd_sc_hd__a211o_1)
     2    0.014176    0.179257    0.692685   20.225428 v _41769_/X (sky130_fd_sc_hd__a211o_1)
                                                         _15763_ (net)
                      0.179257    0.000790   20.226217 v _41882_/A2 (sky130_fd_sc_hd__a21o_1)
     2    0.008004    0.100634    0.404018   20.630236 v _41882_/X (sky130_fd_sc_hd__a21o_1)
                                                         _15876_ (net)
                      0.100634    0.000444   20.630680 v _41884_/A2 (sky130_fd_sc_hd__a21o_1)
     3    0.008708    0.106329    0.376474   21.007154 v _41884_/X (sky130_fd_sc_hd__a21o_1)
                                                         _15878_ (net)
                      0.106330    0.000506   21.007660 v _41944_/C1 (sky130_fd_sc_hd__o211a_1)
     2    0.005685    0.097094    0.241448   21.249107 v _41944_/X (sky130_fd_sc_hd__o211a_1)
                                                         _15938_ (net)
                      0.097094    0.000208   21.249315 v _41948_/A (sky130_fd_sc_hd__nor3_1)
     3    0.009783    0.556498    0.561403   21.810719 ^ _41948_/Y (sky130_fd_sc_hd__nor3_1)
                                                         _15942_ (net)
                      0.556498    0.000478   21.811197 ^ max_cap71/A (sky130_fd_sc_hd__clkbuf_1)
     2    0.007504    0.159066    0.368415   22.179611 ^ max_cap71/X (sky130_fd_sc_hd__clkbuf_1)
                                                         net71 (net)
                      0.159066    0.000464   22.180075 ^ _42099_/A (sky130_fd_sc_hd__nor3_1)
     3    0.007369    0.123430    0.160084   22.340158 v _42099_/Y (sky130_fd_sc_hd__nor3_1)
                                                         _16093_ (net)
                      0.123430    0.000433   22.340591 v _42105_/A (sky130_fd_sc_hd__or3_1)
     3    0.007923    0.188301    0.937543   23.278135 v _42105_/X (sky130_fd_sc_hd__or3_1)
                                                         _16099_ (net)
                      0.188301    0.000419   23.278555 v _42114_/A (sky130_fd_sc_hd__nand2_1)
     1    0.005578    0.110591    0.172212   23.450768 ^ _42114_/Y (sky130_fd_sc_hd__nand2_1)
                                                         _16108_ (net)
                      0.110592    0.000421   23.451189 ^ _42253_/A (sky130_fd_sc_hd__xnor2_1)
     2    0.007444    0.158249    0.205882   23.657070 v _42253_/Y (sky130_fd_sc_hd__xnor2_1)
                                                         _16247_ (net)
                      0.158249    0.000432   23.657501 v _42257_/B (sky130_fd_sc_hd__xnor2_1)
     2    0.012364    0.497071    0.487443   24.144945 ^ _42257_/Y (sky130_fd_sc_hd__xnor2_1)
                                                         _16251_ (net)
                      0.497073    0.000989   24.145933 ^ _43311_/B (sky130_fd_sc_hd__xnor2_2)
     2    0.008068    0.244775    0.356110   24.502045 ^ _43311_/Y (sky130_fd_sc_hd__xnor2_2)
                                                         _17305_ (net)
                      0.244775    0.000535   24.502579 ^ _43312_/B1 (sky130_fd_sc_hd__o21ai_2)
     3    0.010846    0.126770    0.212077   24.714657 v _43312_/Y (sky130_fd_sc_hd__o21ai_2)
                                                         _17306_ (net)
                      0.126770    0.000558   24.715214 v _43313_/A1 (sky130_fd_sc_hd__a21o_1)
     3    0.014231    0.146138    0.398265   25.113478 v _43313_/X (sky130_fd_sc_hd__a21o_1)
                                                         _17307_ (net)
                      0.146141    0.000973   25.114452 v _43315_/A1 (sky130_fd_sc_hd__a21oi_4)
     3    0.017663    0.266726    0.319323   25.433775 ^ _43315_/Y (sky130_fd_sc_hd__a21oi_4)
                                                         _17309_ (net)
                      0.266731    0.001428   25.435204 ^ _43317_/A1 (sky130_fd_sc_hd__o21bai_4)
     3    0.012677    0.114188    0.220906   25.656109 v _43317_/Y (sky130_fd_sc_hd__o21bai_4)
                                                         _17311_ (net)
                      0.114189    0.000773   25.656881 v _43320_/A2 (sky130_fd_sc_hd__a21o_1)
     4    0.015598    0.156598    0.432348   26.089230 v _43320_/X (sky130_fd_sc_hd__a21o_1)
                                                         _17314_ (net)
                      0.156604    0.001210   26.090439 v _43321_/C (sky130_fd_sc_hd__and3b_1)
     3    0.008557    0.117174    0.451585   26.542025 v _43321_/X (sky130_fd_sc_hd__and3b_1)
                                                         _17315_ (net)
                      0.117175    0.000663   26.542686 v _43323_/A1 (sky130_fd_sc_hd__o31a_1)
     4    0.017618    0.202123    0.704000   27.246687 v _43323_/X (sky130_fd_sc_hd__o31a_1)
                                                         _17317_ (net)
                      0.202128    0.001362   27.248051 v _43335_/A1 (sky130_fd_sc_hd__a211oi_4)
     4    0.019105    0.465628    0.558961   27.807011 ^ _43335_/Y (sky130_fd_sc_hd__a211oi_4)
                                                         _17329_ (net)
                      0.465628    0.001300   27.808311 ^ _43344_/A3 (sky130_fd_sc_hd__o311ai_4)
     3    0.009985    0.193687    0.297058   28.105370 v _43344_/Y (sky130_fd_sc_hd__o311ai_4)
                                                         _17338_ (net)
                      0.193687    0.000595   28.105965 v _43345_/A1 (sky130_fd_sc_hd__a21o_1)
     4    0.012408    0.136484    0.414083   28.520048 v _43345_/X (sky130_fd_sc_hd__a21o_1)
                                                         _17339_ (net)
                      0.136485    0.000574   28.520622 v _43348_/C (sky130_fd_sc_hd__and3_1)
     1    0.004060    0.081683    0.405056   28.925676 v _43348_/X (sky130_fd_sc_hd__and3_1)
                                                         _17342_ (net)
                      0.081683    0.000250   28.925928 v _43349_/B (sky130_fd_sc_hd__or2_4)
     2    0.018161    0.114880    0.490758   29.416685 v _43349_/X (sky130_fd_sc_hd__or2_4)
                                                         _17343_ (net)
                      0.114889    0.001132   29.417816 v _43384_/A3 (sky130_fd_sc_hd__o31ai_4)
     3    0.035448    0.701739    0.643350   30.061167 ^ _43384_/Y (sky130_fd_sc_hd__o31ai_4)
                                                         _17378_ (net)
                      0.701791    0.004828   30.065994 ^ fanout62/A (sky130_fd_sc_hd__buf_6)
     5    0.037874    0.139569    0.454463   30.520458 ^ fanout62/X (sky130_fd_sc_hd__buf_6)
                                                         net62 (net)
                      0.139972    0.006445   30.526903 ^ _43388_/B1 (sky130_fd_sc_hd__a21oi_2)
     1    0.025609    0.224873    0.153186   30.680088 v _43388_/Y (sky130_fd_sc_hd__a21oi_2)
                                                         _17382_ (net)
                      0.224981    0.004032   30.684120 v _43389_/B1 (sky130_fd_sc_hd__a21oi_1)
     1    0.002682    0.170954    0.241879   30.926001 ^ _43389_/Y (sky130_fd_sc_hd__a21oi_1)
                                                         _02771_ (net)
                      0.170954    0.000174   30.926174 ^ _46276_/D (sky130_fd_sc_hd__dfrtp_4)
                                             30.926174   data arrival time

                                  5.000000    5.000000   clock clk_dsp (rise edge)
                                  0.000000    5.000000   clock source latency
     2    0.166182    1.204470    0.879488    5.879488 ^ clk_dsp (in)
                                                         clk_dsp (net)
                      1.222134    0.000000    5.879488 ^ clkbuf_0_clk_dsp/A (sky130_fd_sc_hd__clkbuf_16)
     4    0.135570    0.240724    0.748480    6.627968 ^ clkbuf_0_clk_dsp/X (sky130_fd_sc_hd__clkbuf_16)
                                                         clknet_0_clk_dsp (net)
                      0.241190    0.009559    6.637527 ^ clkbuf_2_3_0_clk_dsp/A (sky130_fd_sc_hd__clkbuf_8)
     4    0.079999    0.228936    0.422498    7.060025 ^ clkbuf_2_3_0_clk_dsp/X (sky130_fd_sc_hd__clkbuf_8)
                                                         clknet_2_3_0_clk_dsp (net)
                      0.230243    0.013996    7.074021 ^ clkbuf_4_15_0_clk_dsp/A (sky130_fd_sc_hd__clkbuf_8)
     2    0.057070    0.171145    0.380495    7.454516 ^ clkbuf_4_15_0_clk_dsp/X (sky130_fd_sc_hd__clkbuf_8)
                                                         clknet_4_15_0_clk_dsp (net)
                      0.171352    0.005277    7.459793 ^ clkbuf_5_31__f_clk_dsp/A (sky130_fd_sc_hd__clkbuf_16)
     8    0.124263    0.212812    0.377164    7.836957 ^ clkbuf_5_31__f_clk_dsp/X (sky130_fd_sc_hd__clkbuf_16)
                                                         clknet_5_31__leaf_clk_dsp (net)
                      0.219298    0.029293    7.866250 ^ clkbuf_leaf_135_clk_dsp/A (sky130_fd_sc_hd__clkbuf_8)
     9    0.028290    0.103605    0.322665    8.188915 ^ clkbuf_leaf_135_clk_dsp/X (sky130_fd_sc_hd__clkbuf_8)
                                                         clknet_leaf_135_clk_dsp (net)
                      0.103643    0.001866    8.190782 ^ _46276_/CLK (sky130_fd_sc_hd__dfrtp_4)
                                 -0.250000    7.940782   clock uncertainty
                                  0.000000    7.940782   clock reconvergence pessimism
                                 -0.156319    7.784462   library setup time
                                              7.784462   data required time
---------------------------------------------------------------------------------------------
                                              7.784462   data required time
                                            -30.926174   data arrival time
---------------------------------------------------------------------------------------------
                                            -23.141714   slack (VIOLATED)




===========================================================================
 report_check_types -max_slew -max_cap -max_fanout -violators
============================================================================
======================= max_ss_100C_1v60 Corner ===================================

max slew

Pin                                        Limit        Slew       Slack
------------------------------------------------------------------------
ANTENNA_601/DIODE                       0.750000    3.445447   -2.695447 (VIOLATED)
_34869_/A2                              0.750000    3.445448   -2.695448 (VIOLATED)
ANTENNA_602/DIODE                       0.750000    3.445265   -2.695265 (VIOLATED)
_35709_/A2                              0.750000    3.445266   -2.695266 (VIOLATED)
ANTENNA_604/DIODE                       0.750000    3.445225   -2.695225 (VIOLATED)
_36725_/A2                              0.750000    3.445226   -2.695226 (VIOLATED)
ANTENNA_603/DIODE                       0.750000    3.445218   -2.695218 (VIOLATED)
_36368_/A2                              0.750000    3.445219   -2.695219 (VIOLATED)
ANTENNA_605/DIODE                       0.750000    3.445103   -2.695103 (VIOLATED)
fanout921/A                             0.750000    3.445104   -2.695104 (VIOLATED)
clone91/X                               0.750000    3.445076   -2.695076 (VIOLATED)
_37891_/A2                              0.750000    2.034743   -1.284743 (VIOLATED)
_35769_/A2                              0.750000    2.034727   -1.284727 (VIOLATED)
_35193_/A2                              0.750000    2.034714   -1.284714 (VIOLATED)
_38052_/A2                              0.750000    2.034670   -1.284670 (VIOLATED)
_35900_/A2                              0.750000    2.034642   -1.284643 (VIOLATED)
clone85/X                               0.750000    2.034617   -1.284617 (VIOLATED)
_22815_/A                               0.750000    1.896596   -1.146596 (VIOLATED)
_22405_/B                               0.750000    1.896556   -1.146556 (VIOLATED)
_29546_/B1                              0.750000    1.896486   -1.146486 (VIOLATED)
_29547_/A                               0.750000    1.896486   -1.146486 (VIOLATED)
clone52/X                               0.750000    1.896460   -1.146460 (VIOLATED)
ANTENNA_164/DIODE                       0.750000    1.700082   -0.950082 (VIOLATED)
_24811_/C1                              0.750000    1.700081   -0.950081 (VIOLATED)
_23763_/B1_N                            0.750000    1.699673   -0.949673 (VIOLATED)
_23753_/Y                               0.750000    1.699660   -0.949660 (VIOLATED)
wire1265/A                              0.750000    1.519485   -0.769485 (VIOLATED)
fanout1264/A                            0.750000    1.519483   -0.769483 (VIOLATED)
_34549_/Y                               0.750000    1.519480   -0.769480 (VIOLATED)
_21904_/B                               0.750000    1.517015   -0.767015 (VIOLATED)
_24675_/A1                              0.750000    1.516530   -0.766530 (VIOLATED)
_24676_/A1                              0.750000    1.516522   -0.766522 (VIOLATED)
_25857_/A1                              0.750000    1.516521   -0.766521 (VIOLATED)
_24281_/A                               0.750000    1.516510   -0.766511 (VIOLATED)
clone3/X                                0.750000    1.516144   -0.766144 (VIOLATED)
_25836_/B1                              0.750000    1.461439   -0.711439 (VIOLATED)
ANTENNA_89/DIODE                        0.750000    1.461431   -0.711431 (VIOLATED)
fanout1155/A                            0.750000    1.460884   -0.710884 (VIOLATED)
fanout1158/A                            0.750000    1.460671   -0.710671 (VIOLATED)
_21984_/Y                               0.750000    1.460608   -0.710608 (VIOLATED)
_25607_/B1_N                            0.750000    1.443479   -0.693479 (VIOLATED)
ANTENNA_153/DIODE                       0.750000    1.443479   -0.693479 (VIOLATED)
_25427_/A2_N                            0.750000    1.443462   -0.693462 (VIOLATED)
ANTENNA_152/DIODE                       0.750000    1.443454   -0.693454 (VIOLATED)
_24890_/A2                              0.750000    1.443181   -0.693181 (VIOLATED)
_23155_/A2                              0.750000    1.443169   -0.693169 (VIOLATED)
_23154_/Y                               0.750000    1.443166   -0.693166 (VIOLATED)
_25540_/A2                              0.750000    1.426565   -0.676565 (VIOLATED)
_25529_/X                               0.750000    1.426478   -0.676478 (VIOLATED)
_22390_/C1                              0.750000    1.417019   -0.667019 (VIOLATED)
_22382_/X                               0.750000    1.416933   -0.666933 (VIOLATED)
_25264_/B1                              0.750000    1.391273   -0.641273 (VIOLATED)
_25244_/B1                              0.750000    1.391270   -0.641270 (VIOLATED)
fanout1026/A                            0.750000    1.391229   -0.641229 (VIOLATED)
_22557_/Y                               0.750000    1.391103   -0.641103 (VIOLATED)
fanout1178/A                            0.750000    1.374661   -0.624661 (VIOLATED)
_34620_/Y                               0.750000    1.374659   -0.624659 (VIOLATED)
_23644_/B1                              0.750000    1.369768   -0.619768 (VIOLATED)
_22976_/B1                              0.750000    1.369622   -0.619622 (VIOLATED)
_26160_/A_N                             0.750000    1.369473   -0.619473 (VIOLATED)
_22975_/Y                               0.750000    1.369462   -0.619462 (VIOLATED)
_24547_/B1                              0.750000    1.367479   -0.617479 (VIOLATED)
_23993_/B2                              0.750000    1.367463   -0.617463 (VIOLATED)
ANTENNA_122/DIODE                       0.750000    1.367462   -0.617462 (VIOLATED)
_22430_/C1                              0.750000    1.367438   -0.617438 (VIOLATED)
_22419_/Y                               0.750000    1.367420   -0.617420 (VIOLATED)
_42459_/B                               0.750000    1.322307   -0.572307 (VIOLATED)
_39148_/B                               0.750000    1.322304   -0.572304 (VIOLATED)
_39479_/B                               0.750000    1.322295   -0.572295 (VIOLATED)
_39678_/B1                              0.750000    1.322295   -0.572295 (VIOLATED)
_39666_/B                               0.750000    1.322293   -0.572293 (VIOLATED)
clone4/X                                0.750000    1.322270   -0.572270 (VIOLATED)
_25007_/B1                              0.750000    1.318094   -0.568094 (VIOLATED)
ANTENNA_631/DIODE                       0.750000    1.318092   -0.568092 (VIOLATED)
_24982_/A0                              0.750000    1.318037   -0.568037 (VIOLATED)
ANTENNA_87/DIODE                        0.750000    1.318034   -0.568034 (VIOLATED)
_25030_/A1                              0.750000    1.317877   -0.567877 (VIOLATED)
_26079_/A2                              0.750000    1.317815   -0.567815 (VIOLATED)
fanout1503/A                            0.750000    1.317425   -0.567425 (VIOLATED)
_21943_/Y                               0.750000    1.317342   -0.567342 (VIOLATED)
_24638_/A1                              0.750000    1.298081   -0.548081 (VIOLATED)
ANTENNA_637/DIODE                       0.750000    1.298074   -0.548074 (VIOLATED)
_24430_/A1                              0.750000    1.297872   -0.547872 (VIOLATED)
ANTENNA_636/DIODE                       0.750000    1.297744   -0.547744 (VIOLATED)
_23797_/A2_N                            0.750000    1.297247   -0.547247 (VIOLATED)
ANTENNA_107/DIODE                       0.750000    1.297101   -0.547101 (VIOLATED)
_22206_/A1                              0.750000    1.296582   -0.546582 (VIOLATED)
ANTENNA_106/DIODE                       0.750000    1.296564   -0.546564 (VIOLATED)
_22548_/B                               0.750000    1.296479   -0.546479 (VIOLATED)
_23656_/A2                              0.750000    1.296449   -0.546449 (VIOLATED)
_23432_/A3                              0.750000    1.296431   -0.546431 (VIOLATED)
fanout1469/A                            0.750000    1.296292   -0.546292 (VIOLATED)
_21974_/Y                               0.750000    1.296242   -0.546242 (VIOLATED)
_25592_/B1                              0.750000    1.295191   -0.545191 (VIOLATED)
ANTENNA_108/DIODE                       0.750000    1.295137   -0.545137 (VIOLATED)
_25029_/C1                              0.750000    1.294456   -0.544456 (VIOLATED)
ANTENNA_638/DIODE                       0.750000    1.294454   -0.544455 (VIOLATED)
_23511_/B2                              0.750000    1.294453   -0.544453 (VIOLATED)
_23320_/A1                              0.750000    1.292910   -0.542910 (VIOLATED)
_24840_/B2                              0.750000    1.292467   -0.542467 (VIOLATED)
_22194_/Y                               0.750000    1.292250   -0.542250 (VIOLATED)
_24430_/B2                              0.750000    1.287958   -0.537958 (VIOLATED)
ANTENNA_75/DIODE                        0.750000    1.287957   -0.537957 (VIOLATED)
_24634_/C1                              0.750000    1.287830   -0.537830 (VIOLATED)
_22190_/A                               0.750000    1.287715   -0.537715 (VIOLATED)
_23528_/B2                              0.750000    1.287677   -0.537677 (VIOLATED)
_25430_/A                               0.750000    1.287632   -0.537632 (VIOLATED)
_24704_/A                               0.750000    1.287323   -0.537323 (VIOLATED)
_25014_/A1                              0.750000    1.287130   -0.537130 (VIOLATED)
_23314_/A1                              0.750000    1.286995   -0.536995 (VIOLATED)
_21810_/Y                               0.750000    1.286960   -0.536960 (VIOLATED)
_35193_/B1                              0.750000    1.276253   -0.526253 (VIOLATED)
_38042_/A2                              0.750000    1.276244   -0.526244 (VIOLATED)
ANTENNA_781/DIODE                       0.750000    1.276243   -0.526243 (VIOLATED)
_34865_/A2                              0.750000    1.276237   -0.526237 (VIOLATED)
_34950_/A2                              0.750000    1.276235   -0.526235 (VIOLATED)
_36109_/A2                              0.750000    1.276221   -0.526221 (VIOLATED)
clone37/X                               0.750000    1.276123   -0.526123 (VIOLATED)
_24825_/A                               0.750000    1.266627   -0.516627 (VIOLATED)
_23311_/A2                              0.750000    1.266618   -0.516618 (VIOLATED)
_24691_/B                               0.750000    1.266519   -0.516519 (VIOLATED)
ANTENNA_136/DIODE                       0.750000    1.266516   -0.516516 (VIOLATED)
_22588_/Y                               0.750000    1.266474   -0.516474 (VIOLATED)
_26080_/A1                              0.750000    1.259362   -0.509362 (VIOLATED)
ANTENNA_640/DIODE                       0.750000    1.259360   -0.509360 (VIOLATED)
ANTENNA_641/DIODE                       0.750000    1.259359   -0.509359 (VIOLATED)
fanout1031/A                            0.750000    1.259104   -0.509104 (VIOLATED)
_22488_/Y                               0.750000    1.259039   -0.509039 (VIOLATED)
fanout677/A                             0.750000    1.254731   -0.504731 (VIOLATED)
fanout676/A                             0.750000    1.254699   -0.504699 (VIOLATED)
fanout674/A                             0.750000    1.254420   -0.504420 (VIOLATED)
fanout675/A                             0.750000    1.254122   -0.504122 (VIOLATED)
_32997_/Y                               0.750000    1.254091   -0.504091 (VIOLATED)
_22325_/B                               0.750000    1.241735   -0.491735 (VIOLATED)
ANTENNA_79/DIODE                        0.750000    1.241733   -0.491733 (VIOLATED)
_24164_/A1                              0.750000    1.241695   -0.491695 (VIOLATED)
ANTENNA_80/DIODE                        0.750000    1.241691   -0.491691 (VIOLATED)
_24099_/A                               0.750000    1.241625   -0.491625 (VIOLATED)
_21869_/C1                              0.750000    1.241609   -0.491609 (VIOLATED)
_21867_/B1                              0.750000    1.241606   -0.491606 (VIOLATED)
_24035_/A1                              0.750000    1.241594   -0.491594 (VIOLATED)
_24152_/A                               0.750000    1.241593   -0.491593 (VIOLATED)
_21857_/Y                               0.750000    1.241433   -0.491433 (VIOLATED)
_24911_/A2                              0.750000    1.241047   -0.491047 (VIOLATED)
ANTENNA_105/DIODE                       0.750000    1.241046   -0.491046 (VIOLATED)
_23504_/A2                              0.750000    1.241045   -0.491045 (VIOLATED)
ANTENNA_765/DIODE                       0.750000    1.241044   -0.491044 (VIOLATED)
_23559_/A2                              0.750000    1.240976   -0.490976 (VIOLATED)
fanout1079/A                            0.750000    1.240939   -0.490939 (VIOLATED)
_22171_/Y                               0.750000    1.240867   -0.490867 (VIOLATED)
fanout1570/A                            0.750000    1.231481   -0.481481 (VIOLATED)
ANTENNA_77/DIODE                        0.750000    1.231475   -0.481476 (VIOLATED)
fanout1569/A                            0.750000    1.231167   -0.481167 (VIOLATED)
_21842_/Y                               0.750000    1.231157   -0.481157 (VIOLATED)
_24749_/A2                              0.750000    1.230422   -0.480422 (VIOLATED)
_25459_/A1                              0.750000    1.229986   -0.479986 (VIOLATED)
_25318_/A1                              0.750000    1.229814   -0.479814 (VIOLATED)
_24423_/A                               0.750000    1.229481   -0.479481 (VIOLATED)
ANTENNA_85/DIODE                        0.750000    1.229460   -0.479460 (VIOLATED)
fanout1102/A                            0.750000    1.228998   -0.478998 (VIOLATED)
fanout1097/A                            0.750000    1.228707   -0.478707 (VIOLATED)
_22054_/Y                               0.750000    1.228692   -0.478692 (VIOLATED)
_22059_/B                               0.750000    1.227972   -0.477972 (VIOLATED)
_26309_/A                               0.750000    1.227379   -0.477379 (VIOLATED)
_23072_/A1                              0.750000    1.227377   -0.477377 (VIOLATED)
_27201_/A1                              0.750000    1.227377   -0.477377 (VIOLATED)
_23071_/Y                               0.750000    1.227339   -0.477339 (VIOLATED)
_22521_/B                               0.750000    1.225580   -0.475579 (VIOLATED)
ANTENNA_84/DIODE                        0.750000    1.225574   -0.475574 (VIOLATED)
_24553_/A1                              0.750000    1.223430   -0.473430 (VIOLATED)
_25816_/A1                              0.750000    1.223426   -0.473426 (VIOLATED)
_23729_/B2                              0.750000    1.223403   -0.473403 (VIOLATED)
_22338_/Y                               0.750000    1.223394   -0.473394 (VIOLATED)
clkbuf_0_clk_dsp/A                      0.750000    1.222134   -0.472134 (VIOLATED)
ANTENNA_176/DIODE                       0.750000    1.222080   -0.472080 (VIOLATED)
ANTENNA_83/DIODE                        0.750000    1.218012   -0.468012 (VIOLATED)
_22296_/B                               0.750000    1.217993   -0.467993 (VIOLATED)
_22297_/A3                              0.750000    1.216277   -0.466277 (VIOLATED)
_22700_/A                               0.750000    1.215843   -0.465843 (VIOLATED)
_22701_/A                               0.750000    1.215840   -0.465840 (VIOLATED)
_21853_/A                               0.750000    1.215831   -0.465831 (VIOLATED)
_24533_/A1                              0.750000    1.215734   -0.465734 (VIOLATED)
_22760_/B                               0.750000    1.215670   -0.465670 (VIOLATED)
_23915_/A2                              0.750000    1.215619   -0.465619 (VIOLATED)
_22761_/B                               0.750000    1.215618   -0.465618 (VIOLATED)
_23586_/B                               0.750000    1.215615   -0.465615 (VIOLATED)
_23022_/A2                              0.750000    1.215598   -0.465598 (VIOLATED)
_21829_/Y                               0.750000    1.215575   -0.465575 (VIOLATED)
_24846_/B                               0.750000    1.214905   -0.464905 (VIOLATED)
_25113_/B2                              0.750000    1.214884   -0.464884 (VIOLATED)
_21934_/X                               0.750000    1.214295   -0.464295 (VIOLATED)
clk_dsp                                 0.750000    1.204470   -0.454470 (VIOLATED)
fanout283/A                             0.750000    1.197689   -0.447689 (VIOLATED)
clone6/A                                0.750000    1.197681   -0.447681 (VIOLATED)
fanout282/A                             0.750000    1.197391   -0.447391 (VIOLATED)
_39520_/B1                              0.750000    1.197155   -0.447155 (VIOLATED)
_39201_/B                               0.750000    1.197073   -0.447073 (VIOLATED)
fanout987/A                             0.750000    1.196809   -0.446809 (VIOLATED)
fanout985/A                             0.750000    1.196789   -0.446789 (VIOLATED)
ANTENNA_16/DIODE                        0.750000    1.196788   -0.446788 (VIOLATED)
fanout281/A                             0.750000    1.196769   -0.446769 (VIOLATED)
fanout984/A                             0.750000    1.196676   -0.446676 (VIOLATED)
_32777_/Y                               0.750000    1.196571   -0.446571 (VIOLATED)
_37947_/Y                               0.750000    1.195602   -0.445602 (VIOLATED)
fanout1162/A                            0.750000    1.193690   -0.443690 (VIOLATED)
fanout1161/A                            0.750000    1.193626   -0.443626 (VIOLATED)
_21939_/Y                               0.750000    1.193565   -0.443565 (VIOLATED)
wire1229/A                              0.750000    1.178043   -0.428043 (VIOLATED)
_34567_/Y                               0.750000    1.178040   -0.428040 (VIOLATED)
fanout1228/A                            0.750000    1.178040   -0.428040 (VIOLATED)
_24622_/B1                              0.750000    1.175220   -0.425220 (VIOLATED)
ANTENNA_117/DIODE                       0.750000    1.175216   -0.425216 (VIOLATED)
_22391_/B1                              0.750000    1.175118   -0.425119 (VIOLATED)
ANTENNA_116/DIODE                       0.750000    1.175115   -0.425115 (VIOLATED)
_24259_/B2                              0.750000    1.174965   -0.424965 (VIOLATED)
_25816_/B2                              0.750000    1.174953   -0.424953 (VIOLATED)
_24553_/B2                              0.750000    1.174948   -0.424948 (VIOLATED)
_25655_/A2_N                            0.750000    1.174946   -0.424946 (VIOLATED)
fanout1171/A                            0.750000    1.174875   -0.424875 (VIOLATED)
_24879_/A1                              0.750000    1.174873   -0.424873 (VIOLATED)
_21885_/Y                               0.750000    1.174861   -0.424861 (VIOLATED)
_29566_/B2                              0.750000    1.174501   -0.424501 (VIOLATED)
_22368_/Y                               0.750000    1.174318   -0.424318 (VIOLATED)
fanout597/A                             0.750000    1.174281   -0.424281 (VIOLATED)
fanout595/A                             0.750000    1.174256   -0.424256 (VIOLATED)
fanout596/A                             0.750000    1.174163   -0.424163 (VIOLATED)
fanout594/A                             0.750000    1.174084   -0.424084 (VIOLATED)
_33952_/Y                               0.750000    1.174003   -0.424003 (VIOLATED)
_25519_/A1                              0.750000    1.171234   -0.421234 (VIOLATED)
_26110_/A2                              0.750000    1.171231   -0.421231 (VIOLATED)
_26167_/A1                              0.750000    1.171231   -0.421231 (VIOLATED)
_24884_/B1                              0.750000    1.171229   -0.421229 (VIOLATED)
_23487_/B1                              0.750000    1.171219   -0.421219 (VIOLATED)
_22602_/Y                               0.750000    1.171204   -0.421204 (VIOLATED)
fanout1224/A                            0.750000    1.159866   -0.409866 (VIOLATED)
_34569_/Y                               0.750000    1.159858   -0.409857 (VIOLATED)
max_cap1226/A                           0.750000    1.159858   -0.409857 (VIOLATED)
_22418_/A2                              0.750000    1.148271   -0.398271 (VIOLATED)
_25510_/A1                              0.750000    1.148239   -0.398240 (VIOLATED)
_25988_/B                               0.750000    1.148239   -0.398239 (VIOLATED)
_25387_/A2                              0.750000    1.148214   -0.398214 (VIOLATED)
_22413_/Y                               0.750000    1.148197   -0.398197 (VIOLATED)
fanout1088/A                            0.750000    1.147774   -0.397774 (VIOLATED)
fanout1087/A                            0.750000    1.147704   -0.397704 (VIOLATED)
_22086_/Y                               0.750000    1.147632   -0.397632 (VIOLATED)
fanout1609/A                            0.750000    1.145729   -0.395729 (VIOLATED)
ANTENNA_73/DIODE                        0.750000    1.145724   -0.395724 (VIOLATED)
fanout1608/A                            0.750000    1.145201   -0.395201 (VIOLATED)
fanout1612/A                            0.750000    1.144964   -0.394964 (VIOLATED)
_21806_/Y                               0.750000    1.144903   -0.394903 (VIOLATED)
_22980_/B                               0.750000    1.138832   -0.388833 (VIOLATED)
_23715_/A2                              0.750000    1.138830   -0.388830 (VIOLATED)
_24058_/A3                              0.750000    1.138830   -0.388830 (VIOLATED)
_24569_/A                               0.750000    1.138811   -0.388811 (VIOLATED)
_22760_/Y                               0.750000    1.138808   -0.388808 (VIOLATED)
_23495_/A2                              0.750000    1.137540   -0.387540 (VIOLATED)
_25074_/A2                              0.750000    1.137477   -0.387477 (VIOLATED)
_24699_/B2                              0.750000    1.137412   -0.387412 (VIOLATED)
_24772_/C                               0.750000    1.137409   -0.387409 (VIOLATED)
_24675_/B1                              0.750000    1.137103   -0.387103 (VIOLATED)
_24680_/A2                              0.750000    1.136863   -0.386863 (VIOLATED)
_23556_/B                               0.750000    1.136580   -0.386580 (VIOLATED)
_22414_/B                               0.750000    1.136569   -0.386569 (VIOLATED)
_22411_/Y                               0.750000    1.136548   -0.386548 (VIOLATED)
_24888_/A2_N                            0.750000    1.135337   -0.385337 (VIOLATED)
_26164_/B                               0.750000    1.135320   -0.385320 (VIOLATED)
_25109_/A                               0.750000    1.135313   -0.385313 (VIOLATED)
_24179_/B                               0.750000    1.135299   -0.385299 (VIOLATED)
_24793_/B1                              0.750000    1.135231   -0.385231 (VIOLATED)
_24769_/B1                              0.750000    1.135132   -0.385132 (VIOLATED)
_23128_/Y                               0.750000    1.135122   -0.385123 (VIOLATED)
fanout311/A                             0.750000    1.132673   -0.382673 (VIOLATED)
clone4/A                                0.750000    1.132638   -0.382638 (VIOLATED)
fanout308/A                             0.750000    1.132577   -0.382577 (VIOLATED)
_37259_/Y                               0.750000    1.132432   -0.382432 (VIOLATED)
fanout347/A                             0.750000    1.113022   -0.363022 (VIOLATED)
_36485_/Y                               0.750000    1.112750   -0.362750 (VIOLATED)
_24674_/A                               0.750000    1.112463   -0.362463 (VIOLATED)
_23182_/B                               0.750000    1.112457   -0.362457 (VIOLATED)
_24989_/A1                              0.750000    1.112456   -0.362457 (VIOLATED)
_22927_/Y                               0.750000    1.112435   -0.362435 (VIOLATED)
wire407/A                               0.750000    1.108248   -0.358248 (VIOLATED)
fanout403/A                             0.750000    1.108109   -0.358110 (VIOLATED)
_35350_/Y                               0.750000    1.107930   -0.357930 (VIOLATED)
_22658_/A1                              0.750000    1.091753   -0.341753 (VIOLATED)
_22641_/X                               0.750000    1.091638   -0.341639 (VIOLATED)
_24678_/B                               0.750000    1.086454   -0.336454 (VIOLATED)
_26031_/A3                              0.750000    1.086454   -0.336454 (VIOLATED)
_25053_/A3                              0.750000    1.086433   -0.336433 (VIOLATED)
_24606_/Y                               0.750000    1.086424   -0.336424 (VIOLATED)
fanout1502/A                            0.750000    1.085695   -0.335695 (VIOLATED)
fanout1497/A                            0.750000    1.085640   -0.335640 (VIOLATED)
_21950_/Y                               0.750000    1.085563   -0.335563 (VIOLATED)
_25012_/A2                              0.750000    1.085091   -0.335091 (VIOLATED)
_26129_/A2                              0.750000    1.085074   -0.335074 (VIOLATED)
_24875_/A0                              0.750000    1.084949   -0.334949 (VIOLATED)
ANTENNA_109/DIODE                       0.750000    1.084941   -0.334941 (VIOLATED)
_24775_/A1                              0.750000    1.084895   -0.334895 (VIOLATED)
_24615_/A3                              0.750000    1.084882   -0.334882 (VIOLATED)
_22224_/Y                               0.750000    1.084878   -0.334878 (VIOLATED)
_34941_/B1                              0.750000    1.080859   -0.330859 (VIOLATED)
ANTENNA_47/DIODE                        0.750000    1.080857   -0.330857 (VIOLATED)
_23226_/B2                              0.750000    1.080562   -0.330562 (VIOLATED)
_23456_/A                               0.750000    1.080550   -0.330550 (VIOLATED)
_24921_/A1                              0.750000    1.080545   -0.330545 (VIOLATED)
_24393_/B2                              0.750000    1.080496   -0.330496 (VIOLATED)
ANTENNA_102/DIODE                       0.750000    1.080492   -0.330492 (VIOLATED)
_36853_/A2                              0.750000    1.080479   -0.330479 (VIOLATED)
_25684_/A1                              0.750000    1.080468   -0.330468 (VIOLATED)
ANTENNA_50/DIODE                        0.750000    1.080454   -0.330454 (VIOLATED)
_24789_/B2                              0.750000    1.080446   -0.330446 (VIOLATED)
_23224_/B                               0.750000    1.080155   -0.330155 (VIOLATED)
_24684_/A1_N                            0.750000    1.080105   -0.330106 (VIOLATED)
ANTENNA_48/DIODE                        0.750000    1.080007   -0.330007 (VIOLATED)
_35882_/A2                              0.750000    1.079979   -0.329979 (VIOLATED)
_24136_/A                               0.750000    1.079952   -0.329952 (VIOLATED)
ANTENNA_101/DIODE                       0.750000    1.079950   -0.329950 (VIOLATED)
_22096_/Y                               0.750000    1.079369   -0.329369 (VIOLATED)
ANTENNA_51/DIODE                        0.750000    1.079144   -0.329144 (VIOLATED)
_37657_/A2                              0.750000    1.079142   -0.329142 (VIOLATED)
ANTENNA_49/DIODE                        0.750000    1.078098   -0.328098 (VIOLATED)
_36619_/A2                              0.750000    1.077932   -0.327932 (VIOLATED)
_37124_/A2                              0.750000    1.077896   -0.327895 (VIOLATED)
_37389_/A2                              0.750000    1.077640   -0.327640 (VIOLATED)
fanout861/A                             0.750000    1.077349   -0.327349 (VIOLATED)
_34599_/X                               0.750000    1.077040   -0.327041 (VIOLATED)
_25924_/B1                              0.750000    1.075722   -0.325722 (VIOLATED)
ANTENNA_144/DIODE                       0.750000    1.075717   -0.325717 (VIOLATED)
_26195_/A1_N                            0.750000    1.074180   -0.324180 (VIOLATED)
_22851_/Y                               0.750000    1.074138   -0.324138 (VIOLATED)
wire1527/A                              0.750000    1.073733   -0.323733 (VIOLATED)
_21910_/Y                               0.750000    1.073730   -0.323730 (VIOLATED)
fanout1526/A                            0.750000    1.073730   -0.323730 (VIOLATED)
_25060_/A2                              0.750000    1.071466   -0.321466 (VIOLATED)
_26163_/B                               0.750000    1.071393   -0.321393 (VIOLATED)
_24975_/A2                              0.750000    1.071130   -0.321130 (VIOLATED)
ANTENNA_149/DIODE                       0.750000    1.071129   -0.321129 (VIOLATED)
_23421_/A2                              0.750000    1.071091   -0.321091 (VIOLATED)
_23080_/Y                               0.750000    1.071019   -0.321019 (VIOLATED)
_26273_/B                               0.750000    1.069528   -0.319528 (VIOLATED)
_24671_/B                               0.750000    1.069524   -0.319524 (VIOLATED)
_26270_/B                               0.750000    1.069523   -0.319523 (VIOLATED)
_24670_/Y                               0.750000    1.069174   -0.319174 (VIOLATED)
fanout454/A                             0.750000    1.065466   -0.315466 (VIOLATED)
clone59/A                               0.750000    1.065263   -0.315263 (VIOLATED)
fanout450/A                             0.750000    1.064914   -0.314914 (VIOLATED)
_34931_/Y                               0.750000    1.063848   -0.313848 (VIOLATED)
_24815_/A                               0.750000    1.063420   -0.313420 (VIOLATED)
_24866_/A2                              0.750000    1.063277   -0.313277 (VIOLATED)
_23185_/B                               0.750000    1.063203   -0.313203 (VIOLATED)
_26146_/A                               0.750000    1.063057   -0.313057 (VIOLATED)
_25210_/A                               0.750000    1.063031   -0.313031 (VIOLATED)
ANTENNA_95/DIODE                        0.750000    1.063028   -0.313028 (VIOLATED)
_23455_/B1                              0.750000    1.062718   -0.312718 (VIOLATED)
_25438_/C1                              0.750000    1.062045   -0.312045 (VIOLATED)
_25479_/A1                              0.750000    1.061920   -0.311920 (VIOLATED)
_25726_/A1                              0.750000    1.061749   -0.311749 (VIOLATED)
_22072_/A                               0.750000    1.060752   -0.310752 (VIOLATED)
_22063_/Y                               0.750000    1.060663   -0.310663 (VIOLATED)
_24903_/A2                              0.750000    1.059222   -0.309222 (VIOLATED)
_24876_/B1_N                            0.750000    1.059218   -0.309218 (VIOLATED)
ANTENNA_151/DIODE                       0.750000    1.059198   -0.309198 (VIOLATED)
_26180_/B                               0.750000    1.059198   -0.309198 (VIOLATED)
_25002_/A                               0.750000    1.059047   -0.309047 (VIOLATED)
_23142_/B                               0.750000    1.059028   -0.309028 (VIOLATED)
_23141_/Y                               0.750000    1.059019   -0.309019 (VIOLATED)
_24316_/B1                              0.750000    1.053421   -0.303421 (VIOLATED)
_24315_/X                               0.750000    1.053072   -0.303072 (VIOLATED)
_22282_/C1                              0.750000    1.040387   -0.290387 (VIOLATED)
_22281_/Y                               0.750000    1.040376   -0.290377 (VIOLATED)
_26466_/A2                              0.750000    1.036953   -0.286953 (VIOLATED)
_23084_/B1                              0.750000    1.036952   -0.286952 (VIOLATED)
_26194_/B1                              0.750000    1.036948   -0.286948 (VIOLATED)
_23083_/Y                               0.750000    1.036943   -0.286943 (VIOLATED)
_24178_/A4                              0.750000    1.035616   -0.285616 (VIOLATED)
_23015_/C                               0.750000    1.035610   -0.285610 (VIOLATED)
_23232_/C                               0.750000    1.035600   -0.285600 (VIOLATED)
_23013_/Y                               0.750000    1.035597   -0.285597 (VIOLATED)
_22984_/A1                              0.750000    1.031827   -0.281827 (VIOLATED)
_22954_/X                               0.750000    1.031524   -0.281524 (VIOLATED)
_23736_/A1                              0.750000    1.026080   -0.276080 (VIOLATED)
_25646_/A1                              0.750000    1.026072   -0.276072 (VIOLATED)
_23737_/A1                              0.750000    1.026070   -0.276070 (VIOLATED)
_23754_/B                               0.750000    1.026065   -0.276065 (VIOLATED)
_22897_/A2                              0.750000    1.026062   -0.276062 (VIOLATED)
clone56/X                               0.750000    1.026052   -0.276052 (VIOLATED)
fanout1029/A                            0.750000    1.024318   -0.274318 (VIOLATED)
fanout1030/A                            0.750000    1.024308   -0.274308 (VIOLATED)
ANTENNA_135/DIODE                       0.750000    1.024307   -0.274307 (VIOLATED)
_22554_/Y                               0.750000    1.024246   -0.274246 (VIOLATED)
_24072_/B1                              0.750000    1.023354   -0.273354 (VIOLATED)
_24248_/A2                              0.750000    1.023347   -0.273347 (VIOLATED)
_24113_/A2                              0.750000    1.023292   -0.273293 (VIOLATED)
_22500_/C                               0.750000    1.023286   -0.273286 (VIOLATED)
_22125_/B1                              0.750000    1.023254   -0.273254 (VIOLATED)
_23866_/B1                              0.750000    1.023239   -0.273239 (VIOLATED)
_22340_/C                               0.750000    1.023230   -0.273230 (VIOLATED)
_22103_/Y                               0.750000    1.023228   -0.273228 (VIOLATED)
_21949_/A2                              0.750000    1.020528   -0.270528 (VIOLATED)
_22831_/A                               0.750000    1.020528   -0.270528 (VIOLATED)
_25308_/B                               0.750000    1.020527   -0.270527 (VIOLATED)
_21927_/Y                               0.750000    1.020504   -0.270504 (VIOLATED)
fanout228/A                             0.750000    1.018406   -0.268406 (VIOLATED)
_35077_/Y                               0.750000    1.018124   -0.268124 (VIOLATED)
_25203_/B1                              0.750000    1.017226   -0.267226 (VIOLATED)
_25457_/B1                              0.750000    1.017224   -0.267224 (VIOLATED)
_24711_/A1                              0.750000    1.017223   -0.267223 (VIOLATED)
_23848_/B                               0.750000    1.017213   -0.267213 (VIOLATED)
_25115_/A1                              0.750000    1.017197   -0.267197 (VIOLATED)
_25051_/A                               0.750000    1.017191   -0.267191 (VIOLATED)
_22422_/Y                               0.750000    1.017124   -0.267124 (VIOLATED)
_21910_/B                               0.750000    1.015895   -0.265895 (VIOLATED)
_22816_/A                               0.750000    1.015872   -0.265872 (VIOLATED)
_22787_/A2                              0.750000    1.015857   -0.265857 (VIOLATED)
_23214_/A                               0.750000    1.015847   -0.265847 (VIOLATED)
_22466_/B                               0.750000    1.015844   -0.265844 (VIOLATED)
clone50/X                               0.750000    1.015824   -0.265824 (VIOLATED)
_34959_/A2                              0.750000    1.008158   -0.258158 (VIOLATED)
ANTENNA_600/DIODE                       0.750000    1.007653   -0.257653 (VIOLATED)
_37902_/B1                              0.750000    1.007646   -0.257646 (VIOLATED)
_35729_/A2                              0.750000    1.007164   -0.257164 (VIOLATED)
ANTENNA_782/DIODE                       0.750000    1.007162   -0.257162 (VIOLATED)
_23432_/A2                              0.750000    1.007023   -0.257023 (VIOLATED)
fanout1566/A                            0.750000    1.007004   -0.257004 (VIOLATED)
_21861_/Y                               0.750000    1.006992   -0.256992 (VIOLATED)
_36857_/A2                              0.750000    1.006950   -0.256950 (VIOLATED)
_35806_/A2                              0.750000    1.006917   -0.256917 (VIOLATED)
clone62/X                               0.750000    1.006853   -0.256853 (VIOLATED)
fanout769/A                             0.750000    1.004504   -0.254504 (VIOLATED)
fanout768/A                             0.750000    1.004488   -0.254488 (VIOLATED)
fanout767/A                             0.750000    1.004485   -0.254485 (VIOLATED)
ANTENNA_12/DIODE                        0.750000    1.004483   -0.254483 (VIOLATED)
fanout766/A                             0.750000    1.004376   -0.254376 (VIOLATED)
_32422_/Y                               0.750000    1.004310   -0.254310 (VIOLATED)
fanout1072/A                            0.750000    1.003762   -0.253762 (VIOLATED)
fanout1069/A                            0.750000    1.003729   -0.253729 (VIOLATED)
_22192_/Y                               0.750000    1.003717   -0.253717 (VIOLATED)
_24015_/A_N                             0.750000    1.002059   -0.252059 (VIOLATED)
_22098_/A2                              0.750000    1.002054   -0.252054 (VIOLATED)
_23066_/A1                              0.750000    1.002053   -0.252053 (VIOLATED)
_22097_/Y                               0.750000    1.002043   -0.252043 (VIOLATED)
_25392_/A2                              0.750000    1.001312   -0.251312 (VIOLATED)
_22365_/B                               0.750000    1.001310   -0.251310 (VIOLATED)
_24319_/B                               0.750000    1.001263   -0.251263 (VIOLATED)
_22363_/Y                               0.750000    1.001246   -0.251246 (VIOLATED)
_22011_/B                               0.750000    1.000636   -0.250636 (VIOLATED)
_22089_/B1                              0.750000    1.000610   -0.250610 (VIOLATED)
_22076_/A                               0.750000    1.000592   -0.250592 (VIOLATED)
_22079_/C1                              0.750000    1.000585   -0.250585 (VIOLATED)
_22255_/B1                              0.750000    1.000558   -0.250559 (VIOLATED)
_23902_/A1                              0.750000    1.000557   -0.250557 (VIOLATED)
_21812_/Y                               0.750000    1.000549   -0.250549 (VIOLATED)
_22804_/B                               0.750000    1.000438   -0.250438 (VIOLATED)
_24227_/A1_N                            0.750000    1.000435   -0.250435 (VIOLATED)
_25029_/A2                              0.750000    1.000432   -0.250432 (VIOLATED)
_22470_/Y                               0.750000    1.000416   -0.250416 (VIOLATED)
_24597_/A2                              0.750000    0.994489   -0.244489 (VIOLATED)
_25556_/A2                              0.750000    0.994486   -0.244486 (VIOLATED)
_24595_/Y                               0.750000    0.994483   -0.244483 (VIOLATED)
_22718_/C1                              0.750000    0.993832   -0.243832 (VIOLATED)
ANTENNA_138/DIODE                       0.750000    0.993831   -0.243831 (VIOLATED)
ANTENNA_139/DIODE                       0.750000    0.993831   -0.243831 (VIOLATED)
_22704_/X                               0.750000    0.993479   -0.243479 (VIOLATED)
_24172_/A2                              0.750000    0.993389   -0.243389 (VIOLATED)
_23429_/A2                              0.750000    0.993357   -0.243357 (VIOLATED)
_23420_/B                               0.750000    0.993339   -0.243339 (VIOLATED)
_26004_/A1                              0.750000    0.993337   -0.243337 (VIOLATED)
_23391_/A2                              0.750000    0.993313   -0.243313 (VIOLATED)
_23343_/B                               0.750000    0.993272   -0.243272 (VIOLATED)
_25456_/A2                              0.750000    0.993218   -0.243218 (VIOLATED)
_23341_/Y                               0.750000    0.993200   -0.243200 (VIOLATED)
_25644_/B2                              0.750000    0.990674   -0.240674 (VIOLATED)
_22296_/A                               0.750000    0.990674   -0.240674 (VIOLATED)
_22284_/B                               0.750000    0.990671   -0.240671 (VIOLATED)
_24395_/A1                              0.750000    0.990668   -0.240668 (VIOLATED)
clone24/X                               0.750000    0.990656   -0.240656 (VIOLATED)
_25058_/A                               0.750000    0.988897   -0.238897 (VIOLATED)
fanout1511/A                            0.750000    0.988893   -0.238893 (VIOLATED)
_24140_/A3                              0.750000    0.988885   -0.238885 (VIOLATED)
_21932_/Y                               0.750000    0.988873   -0.238873 (VIOLATED)
fanout1076/A                            0.750000    0.987562   -0.237562 (VIOLATED)
fanout1075/A                            0.750000    0.987560   -0.237560 (VIOLATED)
_22187_/Y                               0.750000    0.987528   -0.237528 (VIOLATED)
_23903_/A2                              0.750000    0.984706   -0.234706 (VIOLATED)
ANTENNA_145/DIODE                       0.750000    0.984705   -0.234705 (VIOLATED)
_22892_/B2                              0.750000    0.984501   -0.234501 (VIOLATED)
_22891_/X                               0.750000    0.984482   -0.234482 (VIOLATED)
_25661_/A2                              0.750000    0.983941   -0.233941 (VIOLATED)
_25399_/B1                              0.750000    0.983935   -0.233935 (VIOLATED)
_22970_/A2_N                            0.750000    0.983898   -0.233898 (VIOLATED)
_22754_/A2                              0.750000    0.983897   -0.233897 (VIOLATED)
_22752_/Y                               0.750000    0.983874   -0.233874 (VIOLATED)
fanout1892/A                            0.750000    0.981223   -0.231223 (VIOLATED)
ANTENNA_193/DIODE                       0.750000    0.981222   -0.231222 (VIOLATED)
_34342_/A1                              0.750000    0.980445   -0.230445 (VIOLATED)
fanout1899/A                            0.750000    0.980281   -0.230281 (VIOLATED)
_25166_/B                               0.750000    0.980180   -0.230180 (VIOLATED)
_26000_/A3                              0.750000    0.980166   -0.230166 (VIOLATED)
_24274_/A2                              0.750000    0.980077   -0.230077 (VIOLATED)
_22811_/A3                              0.750000    0.980053   -0.230053 (VIOLATED)
_22808_/Y                               0.750000    0.980050   -0.230050 (VIOLATED)
ANTENNA_185/DIODE                       0.750000    0.979971   -0.229971 (VIOLATED)
ANTENNA_187/DIODE                       0.750000    0.979971   -0.229971 (VIOLATED)
ANTENNA_189/DIODE                       0.750000    0.979971   -0.229971 (VIOLATED)
ANTENNA_191/DIODE                       0.750000    0.979971   -0.229971 (VIOLATED)
ANTENNA_183/DIODE                       0.750000    0.979970   -0.229970 (VIOLATED)
_32191_/B2                              0.750000    0.979967   -0.229967 (VIOLATED)
ANTENNA_182/DIODE                       0.750000    0.979967   -0.229967 (VIOLATED)
ANTENNA_184/DIODE                       0.750000    0.979967   -0.229967 (VIOLATED)
ANTENNA_186/DIODE                       0.750000    0.979965   -0.229965 (VIOLATED)
ANTENNA_188/DIODE                       0.750000    0.979963   -0.229963 (VIOLATED)
ANTENNA_190/DIODE                       0.750000    0.979961   -0.229961 (VIOLATED)
ANTENNA_192/DIODE                       0.750000    0.979959   -0.229959 (VIOLATED)
_44165_/Q                               0.750000    0.979864   -0.229864 (VIOLATED)
_43572_/D                               0.750000    0.979806   -0.229806 (VIOLATED)
_23523_/C                               0.750000    0.979640   -0.229640 (VIOLATED)
_22835_/B                               0.750000    0.979638   -0.229638 (VIOLATED)
_22918_/B                               0.750000    0.979611   -0.229611 (VIOLATED)
_22834_/A                               0.750000    0.979603   -0.229603 (VIOLATED)
_24662_/A2                              0.750000    0.979597   -0.229597 (VIOLATED)
_23653_/C                               0.750000    0.979595   -0.229595 (VIOLATED)
_21916_/Y                               0.750000    0.979589   -0.229589 (VIOLATED)
_28605_/Y                               0.750000    0.978966   -0.228966 (VIOLATED)
fanout486/A                             0.750000    0.976767   -0.226767 (VIOLATED)
fanout484/A                             0.750000    0.976705   -0.226705 (VIOLATED)
ANTENNA_59/DIODE                        0.750000    0.976705   -0.226705 (VIOLATED)
fanout485/A                             0.750000    0.976703   -0.226703 (VIOLATED)
fanout483/A                             0.750000    0.976686   -0.226686 (VIOLATED)
_34791_/Y                               0.750000    0.976654   -0.226654 (VIOLATED)
_22907_/A1                              0.750000    0.975094   -0.225094 (VIOLATED)
_22899_/X                               0.750000    0.974860   -0.224860 (VIOLATED)
_23486_/B1                              0.750000    0.974576   -0.224576 (VIOLATED)
_23485_/X                               0.750000    0.974132   -0.224132 (VIOLATED)
fanout261/A                             0.750000    0.973805   -0.223805 (VIOLATED)
ANTENNA_61/DIODE                        0.750000    0.973801   -0.223801 (VIOLATED)
_34872_/Y                               0.750000    0.973645   -0.223645 (VIOLATED)
_25655_/A1_N                            0.750000    0.966291   -0.216291 (VIOLATED)
_25654_/Y                               0.750000    0.966273   -0.216273 (VIOLATED)
_22823_/B                               0.750000    0.964285   -0.214285 (VIOLATED)
_25385_/A1                              0.750000    0.964283   -0.214283 (VIOLATED)
max_cap1412/A                           0.750000    0.964262   -0.214262 (VIOLATED)
_22146_/Y                               0.750000    0.964259   -0.214259 (VIOLATED)
_25206_/B                               0.750000    0.963785   -0.213785 (VIOLATED)
_25207_/A2                              0.750000    0.963751   -0.213751 (VIOLATED)
_25684_/A2                              0.750000    0.963658   -0.213658 (VIOLATED)
_24789_/B1                              0.750000    0.963582   -0.213582 (VIOLATED)
_25812_/A1                              0.750000    0.963442   -0.213442 (VIOLATED)
_24805_/B1                              0.750000    0.963373   -0.213373 (VIOLATED)
_23115_/B                               0.750000    0.963358   -0.213358 (VIOLATED)
_24774_/B                               0.750000    0.963332   -0.213332 (VIOLATED)
_23114_/Y                               0.750000    0.963304   -0.213304 (VIOLATED)
_23452_/B                               0.750000    0.962957   -0.212957 (VIOLATED)
_22020_/Y                               0.750000    0.962216   -0.212216 (VIOLATED)
_26171_/A2                              0.750000    0.952673   -0.202673 (VIOLATED)
_23504_/A3                              0.750000    0.952596   -0.202596 (VIOLATED)
_25196_/B                               0.750000    0.952570   -0.202570 (VIOLATED)
_26099_/A1                              0.750000    0.952521   -0.202521 (VIOLATED)
_23477_/A2                              0.750000    0.952504   -0.202504 (VIOLATED)
_22429_/A3                              0.750000    0.952445   -0.202445 (VIOLATED)
_22424_/Y                               0.750000    0.952402   -0.202402 (VIOLATED)
_22732_/A1                              0.750000    0.948976   -0.198976 (VIOLATED)
_24567_/A_N                             0.750000    0.948949   -0.198949 (VIOLATED)
_21884_/A2                              0.750000    0.948914   -0.198914 (VIOLATED)
_25942_/B1                              0.750000    0.948905   -0.198905 (VIOLATED)
_25934_/B1                              0.750000    0.948882   -0.198882 (VIOLATED)
_21871_/Y                               0.750000    0.948871   -0.198871 (VIOLATED)
_23882_/A1                              0.750000    0.948423   -0.198423 (VIOLATED)
_24288_/A1                              0.750000    0.948416   -0.198416 (VIOLATED)
_25228_/A0                              0.750000    0.948386   -0.198386 (VIOLATED)
_25891_/A2                              0.750000    0.948384   -0.198384 (VIOLATED)
_23679_/B2                              0.750000    0.948381   -0.198381 (VIOLATED)
_22869_/A                               0.750000    0.948349   -0.198349 (VIOLATED)
_22868_/Y                               0.750000    0.948335   -0.198335 (VIOLATED)
_24860_/A                               0.750000    0.946159   -0.196159 (VIOLATED)
_25109_/D                               0.750000    0.946159   -0.196160 (VIOLATED)
_24674_/B                               0.750000    0.946152   -0.196152 (VIOLATED)
_24794_/C                               0.750000    0.946148   -0.196148 (VIOLATED)
_24673_/Y                               0.750000    0.946139   -0.196139 (VIOLATED)
_41543_/B                               0.750000    0.941546   -0.191546 (VIOLATED)
_37985_/B                               0.750000    0.941541   -0.191541 (VIOLATED)
_38595_/B                               0.750000    0.941538   -0.191538 (VIOLATED)
_38877_/B                               0.750000    0.941538   -0.191538 (VIOLATED)
clone59/X                               0.750000    0.941538   -0.191538 (VIOLATED)
wire218/A                               0.750000    0.939263   -0.189263 (VIOLATED)
_35271_/Y                               0.750000    0.938945   -0.188945 (VIOLATED)
_24996_/C1                              0.750000    0.938708   -0.188708 (VIOLATED)
_24898_/B1                              0.750000    0.938690   -0.188690 (VIOLATED)
fanout1037/A                            0.750000    0.938677   -0.188678 (VIOLATED)
_22335_/Y                               0.750000    0.938642   -0.188642 (VIOLATED)
ANTENNA_409/DIODE                       0.750000    0.933138   -0.183138 (VIOLATED)
_24954_/B                               0.750000    0.933137   -0.183137 (VIOLATED)
_25118_/A1                              0.750000    0.932942   -0.182942 (VIOLATED)
ANTENNA_411/DIODE                       0.750000    0.932930   -0.182930 (VIOLATED)
_24222_/A1                              0.750000    0.932524   -0.182524 (VIOLATED)
ANTENNA_407/DIODE                       0.750000    0.932520   -0.182520 (VIOLATED)
ANTENNA_408/DIODE                       0.750000    0.932516   -0.182516 (VIOLATED)
ANTENNA_410/DIODE                       0.750000    0.932387   -0.182387 (VIOLATED)
fanout254/A                             0.750000    0.932384   -0.182384 (VIOLATED)
_24964_/A2                              0.750000    0.932315   -0.182315 (VIOLATED)
_34977_/Y                               0.750000    0.931189   -0.181189 (VIOLATED)
fanout1057/A                            0.750000    0.930061   -0.180061 (VIOLATED)
_22490_/A1                              0.750000    0.930052   -0.180052 (VIOLATED)
fanout1058/X                            0.750000    0.930006   -0.180006 (VIOLATED)
_22494_/B1                              0.750000    0.927471   -0.177471 (VIOLATED)
_22493_/Y                               0.750000    0.927467   -0.177467 (VIOLATED)
_22023_/A2                              0.750000    0.925925   -0.175925 (VIOLATED)
_21905_/B                               0.750000    0.925908   -0.175908 (VIOLATED)
_22845_/C                               0.750000    0.925722   -0.175722 (VIOLATED)
_23030_/C                               0.750000    0.925504   -0.175504 (VIOLATED)
_23466_/C                               0.750000    0.925347   -0.175347 (VIOLATED)
_24395_/A2                              0.750000    0.925078   -0.175078 (VIOLATED)
_22637_/B                               0.750000    0.925043   -0.175043 (VIOLATED)
_21903_/X                               0.750000    0.924868   -0.174868 (VIOLATED)
fanout701/A                             0.750000    0.922008   -0.172008 (VIOLATED)
fanout700/A                             0.750000    0.921912   -0.171912 (VIOLATED)
ANTENNA_611/DIODE                       0.750000    0.921902   -0.171902 (VIOLATED)
_23175_/A                               0.750000    0.921732   -0.171732 (VIOLATED)
_25436_/A1                              0.750000    0.921723   -0.171723 (VIOLATED)
_22758_/A2                              0.750000    0.921722   -0.171722 (VIOLATED)
_23336_/A2                              0.750000    0.921716   -0.171716 (VIOLATED)
_25682_/A1                              0.750000    0.921681   -0.171681 (VIOLATED)
_22808_/A                               0.750000    0.921662   -0.171662 (VIOLATED)
_21923_/Y                               0.750000    0.921621   -0.171621 (VIOLATED)
fanout698/A                             0.750000    0.920860   -0.170860 (VIOLATED)
fanout699/A                             0.750000    0.920791   -0.170791 (VIOLATED)
_32861_/Y                               0.750000    0.920599   -0.170599 (VIOLATED)
_22438_/C                               0.750000    0.920509   -0.170509 (VIOLATED)
_22325_/C                               0.750000    0.920491   -0.170491 (VIOLATED)
_22882_/A3                              0.750000    0.920481   -0.170481 (VIOLATED)
_22887_/A2                              0.750000    0.920475   -0.170475 (VIOLATED)
_22519_/B                               0.750000    0.920473   -0.170473 (VIOLATED)
_22248_/Y                               0.750000    0.920463   -0.170463 (VIOLATED)
_27230_/A2                              0.750000    0.917417   -0.167417 (VIOLATED)
_26251_/A2                              0.750000    0.917411   -0.167411 (VIOLATED)
_27332_/A3                              0.750000    0.917410   -0.167410 (VIOLATED)
_24894_/C                               0.750000    0.917406   -0.167406 (VIOLATED)
_26230_/A3                              0.750000    0.917403   -0.167403 (VIOLATED)
_24942_/A3                              0.750000    0.917369   -0.167369 (VIOLATED)
_26221_/A3                              0.750000    0.917355   -0.167355 (VIOLATED)
_24893_/Y                               0.750000    0.916999   -0.166999 (VIOLATED)
_25210_/B                               0.750000    0.910303   -0.160303 (VIOLATED)
_23458_/A2                              0.750000    0.910250   -0.160250 (VIOLATED)
_24600_/A1                              0.750000    0.910232   -0.160232 (VIOLATED)
_25327_/C1                              0.750000    0.910129   -0.160129 (VIOLATED)
_22782_/B1                              0.750000    0.910115   -0.160115 (VIOLATED)
_25479_/A2                              0.750000    0.910114   -0.160114 (VIOLATED)
_25438_/B1                              0.750000    0.910110   -0.160110 (VIOLATED)
_24691_/C                               0.750000    0.910085   -0.160085 (VIOLATED)
_24178_/A2                              0.750000    0.910082   -0.160082 (VIOLATED)
_22777_/Y                               0.750000    0.910074   -0.160074 (VIOLATED)
_23582_/A1                              0.750000    0.908931   -0.158931 (VIOLATED)
_23335_/A2                              0.750000    0.908872   -0.158872 (VIOLATED)
_22476_/A3                              0.750000    0.908870   -0.158870 (VIOLATED)
_22332_/A2                              0.750000    0.908866   -0.158866 (VIOLATED)
_25308_/C                               0.750000    0.908849   -0.158849 (VIOLATED)
_22314_/Y                               0.750000    0.908843   -0.158843 (VIOLATED)
_24992_/A2                              0.750000    0.907424   -0.157424 (VIOLATED)
_24778_/B                               0.750000    0.907387   -0.157387 (VIOLATED)
_24777_/Y                               0.750000    0.907384   -0.157384 (VIOLATED)
clone18/A                               0.750000    0.903255   -0.153255 (VIOLATED)
ANTENNA_655/DIODE                       0.750000    0.903254   -0.153254 (VIOLATED)
fanout2417/A                            0.750000    0.903193   -0.153193 (VIOLATED)
_21842_/A2                              0.750000    0.903022   -0.153022 (VIOLATED)
fanout2418/A                            0.750000    0.902881   -0.152881 (VIOLATED)
clone52/A                               0.750000    0.902598   -0.152598 (VIOLATED)
fanout2424/A                            0.750000    0.902527   -0.152527 (VIOLATED)
_43512_/Q                               0.750000    0.902436   -0.152437 (VIOLATED)
_37005_/C                               0.750000    0.901181   -0.151181 (VIOLATED)
_37003_/Y                               0.750000    0.901180   -0.151180 (VIOLATED)
_37078_/A2                              0.750000    0.901180   -0.151180 (VIOLATED)
_23716_/B                               0.750000    0.898430   -0.148430 (VIOLATED)
_23715_/Y                               0.750000    0.898422   -0.148422 (VIOLATED)
_23490_/B1                              0.750000    0.894926   -0.144926 (VIOLATED)
_25110_/A2                              0.750000    0.894893   -0.144893 (VIOLATED)
_23002_/A2_N                            0.750000    0.894876   -0.144876 (VIOLATED)
_23217_/B2                              0.750000    0.894872   -0.144872 (VIOLATED)
_23219_/A3                              0.750000    0.894829   -0.144829 (VIOLATED)
_23218_/A_N                             0.750000    0.894825   -0.144825 (VIOLATED)
_26054_/B2                              0.750000    0.894825   -0.144825 (VIOLATED)
_26157_/A2                              0.750000    0.894818   -0.144818 (VIOLATED)
_23205_/B                               0.750000    0.894781   -0.144781 (VIOLATED)
_22817_/Y                               0.750000    0.894745   -0.144745 (VIOLATED)
_25112_/C                               0.750000    0.892474   -0.142474 (VIOLATED)
_26152_/A_N                             0.750000    0.892463   -0.142463 (VIOLATED)
_24725_/C1                              0.750000    0.892450   -0.142450 (VIOLATED)
_23263_/Y                               0.750000    0.892449   -0.142449 (VIOLATED)
_24874_/A2                              0.750000    0.892285   -0.142285 (VIOLATED)
_23267_/B                               0.750000    0.892205   -0.142205 (VIOLATED)
_23321_/B                               0.750000    0.892185   -0.142185 (VIOLATED)
_26135_/A3                              0.750000    0.891894   -0.141894 (VIOLATED)
_36989_/B1                              0.750000    0.891880   -0.141880 (VIOLATED)
_40326_/C                               0.750000    0.891834   -0.141834 (VIOLATED)
_38661_/A                               0.750000    0.891812   -0.141812 (VIOLATED)
_38665_/B2                              0.750000    0.891808   -0.141808 (VIOLATED)
_41489_/A                               0.750000    0.891805   -0.141805 (VIOLATED)
_24982_/A1                              0.750000    0.891556   -0.141556 (VIOLATED)
_24971_/B1                              0.750000    0.891535   -0.141535 (VIOLATED)
_35037_/Y                               0.750000    0.891489   -0.141489 (VIOLATED)
_23268_/B                               0.750000    0.891470   -0.141470 (VIOLATED)
_23255_/B1                              0.750000    0.890836   -0.140836 (VIOLATED)
_22960_/B                               0.750000    0.890200   -0.140200 (VIOLATED)
_22959_/B                               0.750000    0.890158   -0.140159 (VIOLATED)
_22957_/Y                               0.750000    0.890019   -0.140019 (VIOLATED)
_23046_/C                               0.750000    0.889790   -0.139790 (VIOLATED)
_23042_/Y                               0.750000    0.889778   -0.139778 (VIOLATED)
_21815_/A                               0.750000    0.888364   -0.138364 (VIOLATED)
_22001_/A                               0.750000    0.888337   -0.138337 (VIOLATED)
_21872_/C_N                             0.750000    0.888323   -0.138323 (VIOLATED)
_21999_/B                               0.750000    0.888303   -0.138303 (VIOLATED)
_21813_/A                               0.750000    0.888281   -0.138281 (VIOLATED)
clone18/X                               0.750000    0.888264   -0.138264 (VIOLATED)
_25675_/A1                              0.750000    0.884347   -0.134347 (VIOLATED)
_25677_/B1                              0.750000    0.884346   -0.134346 (VIOLATED)
_25996_/C                               0.750000    0.884305   -0.134305 (VIOLATED)
_23387_/B                               0.750000    0.884302   -0.134302 (VIOLATED)
_23961_/A2                              0.750000    0.884301   -0.134301 (VIOLATED)
_24175_/B1                              0.750000    0.884271   -0.134271 (VIOLATED)
_23234_/Y                               0.750000    0.884052   -0.134052 (VIOLATED)
_25348_/A2                              0.750000    0.876944   -0.126944 (VIOLATED)
_25760_/A2                              0.750000    0.876938   -0.126938 (VIOLATED)
_25902_/A_N                             0.750000    0.876933   -0.126933 (VIOLATED)
_24099_/Y                               0.750000    0.876931   -0.126931 (VIOLATED)
wire200/A                               0.750000    0.874047   -0.124047 (VIOLATED)
_25134_/Y                               0.750000    0.874044   -0.124045 (VIOLATED)
_24826_/A2                              0.750000    0.872986   -0.122986 (VIOLATED)
ANTENNA_93/DIODE                        0.750000    0.872983   -0.122983 (VIOLATED)
_24610_/B                               0.750000    0.872951   -0.122951 (VIOLATED)
ANTENNA_92/DIODE                        0.750000    0.872949   -0.122949 (VIOLATED)
_22157_/A                               0.750000    0.872818   -0.122818 (VIOLATED)
ANTENNA_91/DIODE                        0.750000    0.872818   -0.122818 (VIOLATED)
_22040_/Y                               0.750000    0.872784   -0.122784 (VIOLATED)
_23149_/B                               0.750000    0.871840   -0.121840 (VIOLATED)
_24990_/B                               0.750000    0.871835   -0.121835 (VIOLATED)
_23147_/B                               0.750000    0.871802   -0.121802 (VIOLATED)
_24835_/A1                              0.750000    0.871776   -0.121776 (VIOLATED)
_23483_/A1                              0.750000    0.871668   -0.121668 (VIOLATED)
_24842_/A1_N                            0.750000    0.871657   -0.121657 (VIOLATED)
_23151_/A2                              0.750000    0.871594   -0.121594 (VIOLATED)
_26064_/A2                              0.750000    0.871433   -0.121433 (VIOLATED)
_23289_/C                               0.750000    0.871423   -0.121423 (VIOLATED)
_23144_/Y                               0.750000    0.871386   -0.121386 (VIOLATED)
_22492_/A2                              0.750000    0.869967   -0.119967 (VIOLATED)
ANTENNA_132/DIODE                       0.750000    0.869964   -0.119964 (VIOLATED)
_23476_/B1                              0.750000    0.869805   -0.119805 (VIOLATED)
_26084_/B1                              0.750000    0.869625   -0.119625 (VIOLATED)
_23302_/B                               0.750000    0.869524   -0.119524 (VIOLATED)
_22491_/Y                               0.750000    0.869266   -0.119266 (VIOLATED)
_22399_/B1                              0.750000    0.867907   -0.117907 (VIOLATED)
fanout1081/A                            0.750000    0.867887   -0.117887 (VIOLATED)
_22144_/Y                               0.750000    0.867883   -0.117883 (VIOLATED)
_24469_/C                               0.750000    0.866345   -0.116345 (VIOLATED)
_24431_/Y                               0.750000    0.866335   -0.116335 (VIOLATED)
_23752_/A3                              0.750000    0.855667   -0.105667 (VIOLATED)
_24135_/B                               0.750000    0.855662   -0.105662 (VIOLATED)
_24126_/A1                              0.750000    0.855653   -0.105653 (VIOLATED)
_24248_/B1                              0.750000    0.855642   -0.105642 (VIOLATED)
_23751_/Y                               0.750000    0.855618   -0.105618 (VIOLATED)
_34650_/B1                              0.750000    0.854548   -0.104548 (VIOLATED)
ANTENNA_619/DIODE                       0.750000    0.854542   -0.104542 (VIOLATED)
ANTENNA_54/DIODE                        0.750000    0.853334   -0.103334 (VIOLATED)
fanout825/A                             0.750000    0.853323   -0.103323 (VIOLATED)
_24350_/A1                              0.750000    0.853226   -0.103226 (VIOLATED)
_36211_/B1                              0.750000    0.853038   -0.103038 (VIOLATED)
_37664_/A2                              0.750000    0.852871   -0.102871 (VIOLATED)
_34618_/X                               0.750000    0.852725   -0.102725 (VIOLATED)
_24347_/X                               0.750000    0.852708   -0.102708 (VIOLATED)
_22913_/B                               0.750000    0.852052   -0.102052 (VIOLATED)
_24368_/A2                              0.750000    0.852051   -0.102051 (VIOLATED)
_22912_/B                               0.750000    0.852043   -0.102043 (VIOLATED)
_22062_/Y                               0.750000    0.852041   -0.102041 (VIOLATED)
_22725_/A                               0.750000    0.851882   -0.101882 (VIOLATED)
fanout1154/A                            0.750000    0.851870   -0.101871 (VIOLATED)
_21986_/Y                               0.750000    0.851865   -0.101865 (VIOLATED)
_36756_/C                               0.750000    0.851240   -0.101240 (VIOLATED)
_36754_/Y                               0.750000    0.851238   -0.101239 (VIOLATED)
_36816_/A2                              0.750000    0.851238   -0.101239 (VIOLATED)
_23753_/A                               0.750000    0.851105   -0.101105 (VIOLATED)
_23813_/C1                              0.750000    0.851007   -0.101007 (VIOLATED)
_25340_/B2                              0.750000    0.850867   -0.100867 (VIOLATED)
_23925_/B2                              0.750000    0.850845   -0.100845 (VIOLATED)
fanout631/A                             0.750000    0.850278   -0.100278 (VIOLATED)
ANTENNA_28/DIODE                        0.750000    0.850272   -0.100272 (VIOLATED)
fanout633/A                             0.750000    0.850195   -0.100195 (VIOLATED)
_24069_/C1                              0.750000    0.849969   -0.099969 (VIOLATED)
_23762_/D1                              0.750000    0.849867   -0.099867 (VIOLATED)
ANTENNA_760/DIODE                       0.750000    0.849865   -0.099865 (VIOLATED)
fanout632/A                             0.750000    0.849825   -0.099825 (VIOLATED)
fanout630/A                             0.750000    0.849580   -0.099580 (VIOLATED)
_33201_/Y                               0.750000    0.849540   -0.099540 (VIOLATED)
fanout2176/A                            0.750000    0.848407   -0.098407 (VIOLATED)
fanout2177/X                            0.750000    0.848373   -0.098373 (VIOLATED)
_23297_/B1                              0.750000    0.846443   -0.096443 (VIOLATED)
_24737_/B                               0.750000    0.846438   -0.096438 (VIOLATED)
_24791_/B                               0.750000    0.846374   -0.096374 (VIOLATED)
ANTENNA_86/DIODE                        0.750000    0.846372   -0.096372 (VIOLATED)
_25068_/A1                              0.750000    0.846325   -0.096325 (VIOLATED)
_24699_/A2                              0.750000    0.846299   -0.096299 (VIOLATED)
_21936_/Y                               0.750000    0.846280   -0.096280 (VIOLATED)
_26165_/B                               0.750000    0.844687   -0.094687 (VIOLATED)
ANTENNA_172/DIODE                       0.750000    0.844686   -0.094686 (VIOLATED)
_24914_/D                               0.750000    0.844540   -0.094540 (VIOLATED)
_26208_/B1                              0.750000    0.844535   -0.094535 (VIOLATED)
_24913_/Y                               0.750000    0.844529   -0.094529 (VIOLATED)
fanout995/A                             0.750000    0.843722   -0.093722 (VIOLATED)
_32726_/Y                               0.750000    0.843697   -0.093697 (VIOLATED)
_24316_/Y                               0.750000    0.841259   -0.091259 (VIOLATED)
_24470_/A2                              0.750000    0.841259   -0.091259 (VIOLATED)
_23045_/B1                              0.750000    0.840515   -0.090515 (VIOLATED)
_23044_/X                               0.750000    0.840467   -0.090467 (VIOLATED)
_23831_/A1                              0.750000    0.840280   -0.090280 (VIOLATED)
_23827_/Y                               0.750000    0.840276   -0.090276 (VIOLATED)
_24938_/B                               0.750000    0.839947   -0.089947 (VIOLATED)
_24897_/B                               0.750000    0.839938   -0.089938 (VIOLATED)
_24896_/Y                               0.750000    0.839924   -0.089924 (VIOLATED)
_24711_/B2                              0.750000    0.835056   -0.085056 (VIOLATED)
_25508_/B                               0.750000    0.835055   -0.085055 (VIOLATED)
_25507_/A2                              0.750000    0.835055   -0.085055 (VIOLATED)
_24739_/A2                              0.750000    0.835041   -0.085041 (VIOLATED)
_25503_/A2                              0.750000    0.834972   -0.084972 (VIOLATED)
_23545_/B                               0.750000    0.834907   -0.084907 (VIOLATED)
_23988_/A3                              0.750000    0.834907   -0.084907 (VIOLATED)
_23493_/Y                               0.750000    0.834871   -0.084871 (VIOLATED)
_24884_/A3                              0.750000    0.834829   -0.084829 (VIOLATED)
_23151_/B1                              0.750000    0.834828   -0.084828 (VIOLATED)
_24286_/A2                              0.750000    0.834824   -0.084824 (VIOLATED)
_23150_/Y                               0.750000    0.834821   -0.084821 (VIOLATED)
_25191_/B1                              0.750000    0.833899   -0.083899 (VIOLATED)
_25189_/Y                               0.750000    0.833892   -0.083892 (VIOLATED)
_26119_/A2                              0.750000    0.832925   -0.082925 (VIOLATED)
_23141_/B                               0.750000    0.832916   -0.082916 (VIOLATED)
_23483_/B2                              0.750000    0.832880   -0.082880 (VIOLATED)
_23848_/A                               0.750000    0.832764   -0.082764 (VIOLATED)
_22491_/A                               0.750000    0.832721   -0.082721 (VIOLATED)
_26218_/A2                              0.750000    0.832708   -0.082708 (VIOLATED)
_22345_/Y                               0.750000    0.832678   -0.082678 (VIOLATED)
_22161_/A2                              0.750000    0.831779   -0.081779 (VIOLATED)
_22447_/B                               0.750000    0.831762   -0.081762 (VIOLATED)
_25265_/A2                              0.750000    0.831762   -0.081762 (VIOLATED)
_23007_/A1                              0.750000    0.831751   -0.081751 (VIOLATED)
_23604_/A1                              0.750000    0.831747   -0.081747 (VIOLATED)
_22323_/A                               0.750000    0.831745   -0.081745 (VIOLATED)
_23618_/A2                              0.750000    0.831740   -0.081740 (VIOLATED)
_22322_/A                               0.750000    0.831739   -0.081739 (VIOLATED)
_25273_/A1                              0.750000    0.831699   -0.081699 (VIOLATED)
_22135_/Y                               0.750000    0.831680   -0.081680 (VIOLATED)
_23046_/B                               0.750000    0.831402   -0.081402 (VIOLATED)
_23040_/Y                               0.750000    0.831395   -0.081395 (VIOLATED)
_24887_/B2                              0.750000    0.831064   -0.081064 (VIOLATED)
_24705_/B1                              0.750000    0.831044   -0.081044 (VIOLATED)
_24181_/B2                              0.750000    0.831027   -0.081027 (VIOLATED)
_22795_/Y                               0.750000    0.831007   -0.081007 (VIOLATED)
_25185_/B                               0.750000    0.830539   -0.080540 (VIOLATED)
_22810_/B1                              0.750000    0.830538   -0.080538 (VIOLATED)
_23840_/A2                              0.750000    0.830458   -0.080458 (VIOLATED)
_22765_/Y                               0.750000    0.830417   -0.080417 (VIOLATED)
_35638_/B                               0.750000    0.827898   -0.077898 (VIOLATED)
_40252_/A2                              0.750000    0.827896   -0.077896 (VIOLATED)
_40102_/B1                              0.750000    0.827851   -0.077851 (VIOLATED)
_41003_/A                               0.750000    0.827613   -0.077613 (VIOLATED)
ANTENNA_68/DIODE                        0.750000    0.827610   -0.077610 (VIOLATED)
ANTENNA_69/DIODE                        0.750000    0.827536   -0.077536 (VIOLATED)
_35618_/Y                               0.750000    0.827106   -0.077106 (VIOLATED)
_22466_/Y                               0.750000    0.826391   -0.076391 (VIOLATED)
_22602_/B                               0.750000    0.826391   -0.076391 (VIOLATED)
max_cap1400/A                           0.750000    0.826391   -0.076391 (VIOLATED)
_21947_/B                               0.750000    0.826155   -0.076155 (VIOLATED)
_22929_/A                               0.750000    0.826044   -0.076044 (VIOLATED)
_22601_/B                               0.750000    0.825685   -0.075685 (VIOLATED)
ANTENNA_747/DIODE                       0.750000    0.825681   -0.075681 (VIOLATED)
fanout273/A                             0.750000    0.824291   -0.074291 (VIOLATED)
_38288_/Y                               0.750000    0.824198   -0.074198 (VIOLATED)
_23519_/A                               0.750000    0.823709   -0.073709 (VIOLATED)
_23520_/B2                              0.750000    0.823688   -0.073688 (VIOLATED)
_22483_/A2                              0.750000    0.823577   -0.073577 (VIOLATED)
_25165_/A                               0.750000    0.823572   -0.073572 (VIOLATED)
_25992_/B                               0.750000    0.823571   -0.073571 (VIOLATED)
_22480_/Y                               0.750000    0.823567   -0.073567 (VIOLATED)
_22043_/B                               0.750000    0.823527   -0.073527 (VIOLATED)
_23953_/B2                              0.750000    0.823058   -0.073058 (VIOLATED)
ANTENNA_539/DIODE                       0.750000    0.823049   -0.073050 (VIOLATED)
_24279_/A                               0.750000    0.822999   -0.072999 (VIOLATED)
_22164_/B                               0.750000    0.822833   -0.072833 (VIOLATED)
ANTENNA_538/DIODE                       0.750000    0.822828   -0.072828 (VIOLATED)
_24712_/B2                              0.750000    0.822822   -0.072822 (VIOLATED)
_26094_/B2                              0.750000    0.822821   -0.072821 (VIOLATED)
_24677_/A1                              0.750000    0.822724   -0.072724 (VIOLATED)
_22042_/Y                               0.750000    0.822506   -0.072507 (VIOLATED)
_23214_/B                               0.750000    0.821955   -0.071956 (VIOLATED)
_26128_/A2                              0.750000    0.821903   -0.071903 (VIOLATED)
_24986_/A3                              0.750000    0.821870   -0.071870 (VIOLATED)
_26169_/B1                              0.750000    0.821855   -0.071855 (VIOLATED)
_24830_/A1                              0.750000    0.821829   -0.071829 (VIOLATED)
_24801_/A3                              0.750000    0.821746   -0.071746 (VIOLATED)
ANTENNA_156/DIODE                       0.750000    0.821741   -0.071741 (VIOLATED)
_25769_/B                               0.750000    0.821196   -0.071196 (VIOLATED)
_25332_/A3                              0.750000    0.820875   -0.070875 (VIOLATED)
ANTENNA_157/DIODE                       0.750000    0.820873   -0.070873 (VIOLATED)
_23207_/X                               0.750000    0.820701   -0.070701 (VIOLATED)
_22417_/B                               0.750000    0.820551   -0.070551 (VIOLATED)
_22416_/B                               0.750000    0.820548   -0.070548 (VIOLATED)
_23845_/B                               0.750000    0.820547   -0.070547 (VIOLATED)
_25184_/B1                              0.750000    0.820538   -0.070538 (VIOLATED)
_22415_/Y                               0.750000    0.820529   -0.070529 (VIOLATED)
_22765_/B1                              0.750000    0.820313   -0.070313 (VIOLATED)
_22767_/B1                              0.750000    0.820310   -0.070310 (VIOLATED)
_24443_/A2                              0.750000    0.820106   -0.070106 (VIOLATED)
_22764_/X                               0.750000    0.820097   -0.070097 (VIOLATED)
_24629_/B2                              0.750000    0.820003   -0.070003 (VIOLATED)
_24204_/A1                              0.750000    0.819914   -0.069914 (VIOLATED)
_26041_/A2                              0.750000    0.818611   -0.068611 (VIOLATED)
_23411_/B                               0.750000    0.818609   -0.068609 (VIOLATED)
_26020_/A1                              0.750000    0.818602   -0.068602 (VIOLATED)
_23410_/Y                               0.750000    0.818596   -0.068596 (VIOLATED)
_22013_/A1                              0.750000    0.818421   -0.068421 (VIOLATED)
_23712_/A2                              0.750000    0.818272   -0.068272 (VIOLATED)
_22131_/C                               0.750000    0.818272   -0.068272 (VIOLATED)
_23622_/A1                              0.750000    0.818247   -0.068247 (VIOLATED)
_23613_/C_N                             0.750000    0.818203   -0.068203 (VIOLATED)
_25289_/B                               0.750000    0.818173   -0.068173 (VIOLATED)
_22164_/C_N                             0.750000    0.818156   -0.068156 (VIOLATED)
_22399_/A3                              0.750000    0.818151   -0.068151 (VIOLATED)
_22935_/A2                              0.750000    0.818151   -0.068151 (VIOLATED)
_22130_/Y                               0.750000    0.818071   -0.068071 (VIOLATED)
_25946_/A1                              0.750000    0.817196   -0.067196 (VIOLATED)
ANTENNA_540/DIODE                       0.750000    0.817194   -0.067194 (VIOLATED)
_24387_/B1                              0.750000    0.816750   -0.066750 (VIOLATED)
fanout1504/X                            0.750000    0.816548   -0.066548 (VIOLATED)
_23253_/B1                              0.750000    0.813650   -0.063650 (VIOLATED)
_25203_/A2_N                            0.750000    0.813649   -0.063649 (VIOLATED)
_26142_/A2                              0.750000    0.813641   -0.063641 (VIOLATED)
_25123_/A2                              0.750000    0.813630   -0.063630 (VIOLATED)
_24895_/B                               0.750000    0.813630   -0.063630 (VIOLATED)
_25119_/B1                              0.750000    0.813615   -0.063615 (VIOLATED)
_23149_/Y                               0.750000    0.813613   -0.063613 (VIOLATED)
_24616_/B1                              0.750000    0.810745   -0.060745 (VIOLATED)
_24615_/X                               0.750000    0.810733   -0.060733 (VIOLATED)
_24230_/B1                              0.750000    0.810462   -0.060462 (VIOLATED)
_23654_/Y                               0.750000    0.810452   -0.060452 (VIOLATED)
_22905_/A2                              0.750000    0.810217   -0.060217 (VIOLATED)
_25343_/B                               0.750000    0.810213   -0.060213 (VIOLATED)
_24537_/C                               0.750000    0.810210   -0.060210 (VIOLATED)
_22932_/C                               0.750000    0.810210   -0.060210 (VIOLATED)
_25663_/A2                              0.750000    0.810206   -0.060206 (VIOLATED)
_22295_/A2                              0.750000    0.810205   -0.060205 (VIOLATED)
_22294_/Y                               0.750000    0.810198   -0.060198 (VIOLATED)
_34561_/A                               0.750000    0.808807   -0.058807 (VIOLATED)
_34727_/B                               0.750000    0.808802   -0.058802 (VIOLATED)
_34701_/B                               0.750000    0.808772   -0.058772 (VIOLATED)
_34682_/B                               0.750000    0.808771   -0.058771 (VIOLATED)
_34522_/B                               0.750000    0.808763   -0.058763 (VIOLATED)
_34820_/A2                              0.750000    0.808756   -0.058756 (VIOLATED)
_34519_/Y                               0.750000    0.808751   -0.058751 (VIOLATED)
_24374_/A                               0.750000    0.808476   -0.058476 (VIOLATED)
_22904_/B                               0.750000    0.808471   -0.058471 (VIOLATED)
_24140_/A2                              0.750000    0.808441   -0.058441 (VIOLATED)
_24281_/B                               0.750000    0.808419   -0.058419 (VIOLATED)
_25174_/A1                              0.750000    0.808417   -0.058417 (VIOLATED)
_23443_/B1                              0.750000    0.808403   -0.058403 (VIOLATED)
_25354_/A                               0.750000    0.808392   -0.058392 (VIOLATED)
_23280_/A                               0.750000    0.808390   -0.058390 (VIOLATED)
_22316_/B                               0.750000    0.808390   -0.058390 (VIOLATED)
_22168_/C                               0.750000    0.808387   -0.058387 (VIOLATED)
_24280_/B                               0.750000    0.808377   -0.058377 (VIOLATED)
_22614_/B                               0.750000    0.808374   -0.058374 (VIOLATED)
_22996_/B1                              0.750000    0.808364   -0.058364 (VIOLATED)
_23522_/A                               0.750000    0.808338   -0.058338 (VIOLATED)
_22620_/B                               0.750000    0.808337   -0.058337 (VIOLATED)
_22167_/Y                               0.750000    0.808334   -0.058335 (VIOLATED)
_23523_/B                               0.750000    0.808325   -0.058325 (VIOLATED)
_21912_/Y                               0.750000    0.808279   -0.058279 (VIOLATED)
_23092_/A2                              0.750000    0.807499   -0.057499 (VIOLATED)
_23612_/C                               0.750000    0.807470   -0.057470 (VIOLATED)
ANTENNA_416/DIODE                       0.750000    0.807459   -0.057459 (VIOLATED)
_26153_/A2                              0.750000    0.807412   -0.057412 (VIOLATED)
_23490_/A2                              0.750000    0.807296   -0.057296 (VIOLATED)
_24793_/A2                              0.750000    0.807062   -0.057062 (VIOLATED)
_23111_/B                               0.750000    0.807060   -0.057060 (VIOLATED)
_23090_/Y                               0.750000    0.807033   -0.057033 (VIOLATED)
ANTENNA_417/DIODE                       0.750000    0.806819   -0.056819 (VIOLATED)
_24625_/A3                              0.750000    0.806811   -0.056811 (VIOLATED)
_22189_/C1                              0.750000    0.806179   -0.056180 (VIOLATED)
_25868_/A                               0.750000    0.805824   -0.055824 (VIOLATED)
_23631_/B1                              0.750000    0.805564   -0.055564 (VIOLATED)
_25223_/C1                              0.750000    0.804606   -0.054606 (VIOLATED)
ANTENNA_381/DIODE                       0.750000    0.804555   -0.054555 (VIOLATED)
_25221_/A1                              0.750000    0.804262   -0.054262 (VIOLATED)
_23688_/B1_N                            0.750000    0.804234   -0.054234 (VIOLATED)
_25785_/A2                              0.750000    0.804084   -0.054084 (VIOLATED)
_24247_/B1_N                            0.750000    0.803584   -0.053584 (VIOLATED)
_23687_/Y                               0.750000    0.803316   -0.053317 (VIOLATED)
wire358/A                               0.750000    0.802349   -0.052349 (VIOLATED)
_36239_/Y                               0.750000    0.802243   -0.052243 (VIOLATED)
_25294_/A2_N                            0.750000    0.802191   -0.052191 (VIOLATED)
ANTENNA_382/DIODE                       0.750000    0.802190   -0.052191 (VIOLATED)
_23176_/A3                              0.750000    0.801863   -0.051863 (VIOLATED)
_26111_/A1                              0.750000    0.801854   -0.051854 (VIOLATED)
_24998_/A2                              0.750000    0.801841   -0.051841 (VIOLATED)
_24804_/B                               0.750000    0.801820   -0.051820 (VIOLATED)
_25109_/B                               0.750000    0.801785   -0.051785 (VIOLATED)
_24788_/B1                              0.750000    0.801779   -0.051779 (VIOLATED)
_23174_/Y                               0.750000    0.801772   -0.051772 (VIOLATED)
fanout1420/A                            0.750000    0.801646   -0.051646 (VIOLATED)
_23935_/A3                              0.750000    0.801603   -0.051603 (VIOLATED)
_23931_/Y                               0.750000    0.801595   -0.051595 (VIOLATED)
fanout1421/A                            0.750000    0.801560   -0.051560 (VIOLATED)
_22115_/Y                               0.750000    0.801548   -0.051548 (VIOLATED)
_23612_/A                               0.750000    0.800742   -0.050742 (VIOLATED)
_22374_/A1                              0.750000    0.800736   -0.050736 (VIOLATED)
_22373_/A1                              0.750000    0.800697   -0.050697 (VIOLATED)
_22882_/A2                              0.750000    0.800674   -0.050674 (VIOLATED)
_24625_/A1                              0.750000    0.800603   -0.050603 (VIOLATED)
_22873_/B                               0.750000    0.800538   -0.050538 (VIOLATED)
_23714_/A1                              0.750000    0.800494   -0.050494 (VIOLATED)
_26173_/A1                              0.750000    0.800482   -0.050482 (VIOLATED)
_22189_/B1                              0.750000    0.800466   -0.050466 (VIOLATED)
_21952_/Y                               0.750000    0.800442   -0.050442 (VIOLATED)
fanout1506/A                            0.750000    0.800441   -0.050441 (VIOLATED)
max_cap1507/A                           0.750000    0.800407   -0.050407 (VIOLATED)
_21935_/Y                               0.750000    0.800400   -0.050400 (VIOLATED)
_26144_/A2                              0.750000    0.800174   -0.050174 (VIOLATED)
_24864_/B                               0.750000    0.800118   -0.050118 (VIOLATED)
_26135_/A2                              0.750000    0.799963   -0.049963 (VIOLATED)
_23090_/B                               0.750000    0.799627   -0.049627 (VIOLATED)
_22975_/B                               0.750000    0.799606   -0.049606 (VIOLATED)
ANTENNA_716/DIODE                       0.750000    0.799579   -0.049579 (VIOLATED)
_24776_/A2                              0.750000    0.799459   -0.049459 (VIOLATED)
_25509_/A1                              0.750000    0.799248   -0.049248 (VIOLATED)
_25327_/B1                              0.750000    0.799229   -0.049229 (VIOLATED)
_24178_/A3                              0.750000    0.799214   -0.049214 (VIOLATED)
_22815_/Y                               0.750000    0.799084   -0.049084 (VIOLATED)
_41328_/B1                              0.750000    0.798772   -0.048772 (VIOLATED)
_41498_/D                               0.750000    0.798758   -0.048758 (VIOLATED)
clone26/A                               0.750000    0.798740   -0.048740 (VIOLATED)
fanout317/A                             0.750000    0.798524   -0.048525 (VIOLATED)
_23315_/B                               0.750000    0.798477   -0.048477 (VIOLATED)
fanout315/A                             0.750000    0.798295   -0.048295 (VIOLATED)
_23311_/A3                              0.750000    0.798271   -0.048271 (VIOLATED)
_23120_/B                               0.750000    0.798268   -0.048268 (VIOLATED)
_37141_/Y                               0.750000    0.798264   -0.048264 (VIOLATED)
_24981_/A2                              0.750000    0.798246   -0.048246 (VIOLATED)
ANTENNA_383/DIODE                       0.750000    0.798033   -0.048033 (VIOLATED)
_25559_/A                               0.750000    0.798032   -0.048032 (VIOLATED)
_23478_/A2                              0.750000    0.797955   -0.047955 (VIOLATED)
_23423_/A                               0.750000    0.797805   -0.047805 (VIOLATED)
_25116_/A1                              0.750000    0.797781   -0.047781 (VIOLATED)
_25075_/A2                              0.750000    0.797750   -0.047750 (VIOLATED)
_23269_/A1_N                            0.750000    0.797738   -0.047738 (VIOLATED)
_23574_/B1                              0.750000    0.797730   -0.047730 (VIOLATED)
_22790_/B                               0.750000    0.797447   -0.047447 (VIOLATED)
_22789_/Y                               0.750000    0.797393   -0.047393 (VIOLATED)
_22595_/B                               0.750000    0.797199   -0.047199 (VIOLATED)
_25959_/A1                              0.750000    0.797089   -0.047089 (VIOLATED)
ANTENNA_384/DIODE                       0.750000    0.797082   -0.047082 (VIOLATED)
_25695_/B1                              0.750000    0.797051   -0.047051 (VIOLATED)
fanout1600/A                            0.750000    0.796995   -0.046995 (VIOLATED)
fanout1601/A                            0.750000    0.796896   -0.046896 (VIOLATED)
fanout1602/A                            0.750000    0.796417   -0.046417 (VIOLATED)
_21808_/Y                               0.750000    0.796404   -0.046404 (VIOLATED)
_25783_/A                               0.750000    0.796240   -0.046240 (VIOLATED)
ANTENNA_738/DIODE                       0.750000    0.796234   -0.046234 (VIOLATED)
_25963_/A                               0.750000    0.796083   -0.046083 (VIOLATED)
_24707_/A1                              0.750000    0.795983   -0.045983 (VIOLATED)
_24706_/A                               0.750000    0.795982   -0.045982 (VIOLATED)
_23836_/A2                              0.750000    0.795862   -0.045862 (VIOLATED)
_23557_/A2                              0.750000    0.795857   -0.045857 (VIOLATED)
_22843_/A2                              0.750000    0.795844   -0.045844 (VIOLATED)
_22844_/A2                              0.750000    0.795839   -0.045839 (VIOLATED)
_23278_/A                               0.750000    0.795801   -0.045801 (VIOLATED)
_22615_/Y                               0.750000    0.795794   -0.045794 (VIOLATED)
_23689_/B2                              0.750000    0.795598   -0.045598 (VIOLATED)
_25247_/B2                              0.750000    0.795585   -0.045585 (VIOLATED)
_25265_/B1                              0.750000    0.795268   -0.045268 (VIOLATED)
_24443_/C1                              0.750000    0.794852   -0.044852 (VIOLATED)
_25799_/B1                              0.750000    0.794179   -0.044179 (VIOLATED)
ANTENNA_739/DIODE                       0.750000    0.794106   -0.044106 (VIOLATED)
_25909_/A1                              0.750000    0.793259   -0.043259 (VIOLATED)
_23307_/A2                              0.750000    0.793138   -0.043138 (VIOLATED)
ANTENNA_415/DIODE                       0.750000    0.793135   -0.043135 (VIOLATED)
_25946_/A2                              0.750000    0.792410   -0.042410 (VIOLATED)
fanout1402/A                            0.750000    0.792410   -0.042410 (VIOLATED)
_24381_/B                               0.750000    0.792403   -0.042403 (VIOLATED)
_22119_/Y                               0.750000    0.792395   -0.042395 (VIOLATED)
_24082_/B                               0.750000    0.792395   -0.042395 (VIOLATED)
_27236_/A2                              0.750000    0.792165   -0.042165 (VIOLATED)
_23231_/A                               0.750000    0.792164   -0.042164 (VIOLATED)
_26251_/B1                              0.750000    0.792160   -0.042160 (VIOLATED)
_27332_/A1                              0.750000    0.792158   -0.042158 (VIOLATED)
_25638_/B1                              0.750000    0.792156   -0.042156 (VIOLATED)
ANTENNA_737/DIODE                       0.750000    0.792153   -0.042153 (VIOLATED)
_24894_/A                               0.750000    0.792152   -0.042152 (VIOLATED)
_26230_/A1                              0.750000    0.792145   -0.042145 (VIOLATED)
_24942_/A1                              0.750000    0.792122   -0.042122 (VIOLATED)
_26221_/A1                              0.750000    0.792117   -0.042117 (VIOLATED)
_43575_/D                               0.750000    0.792090   -0.042090 (VIOLATED)
_28715_/Y                               0.750000    0.791947   -0.041947 (VIOLATED)
_22280_/A2                              0.750000    0.791914   -0.041914 (VIOLATED)
ANTENNA_414/DIODE                       0.750000    0.791905   -0.041905 (VIOLATED)
_24232_/A1                              0.750000    0.791764   -0.041764 (VIOLATED)
fanout1073/A                            0.750000    0.791669   -0.041669 (VIOLATED)
_24142_/A1                              0.750000    0.791635   -0.041635 (VIOLATED)
_23230_/Y                               0.750000    0.791501   -0.041501 (VIOLATED)
fanout1134/A                            0.750000    0.791415   -0.041415 (VIOLATED)
fanout1074/X                            0.750000    0.791412   -0.041412 (VIOLATED)
ANTENNA_421/DIODE                       0.750000    0.791411   -0.041411 (VIOLATED)
fanout1403/X                            0.750000    0.791385   -0.041386 (VIOLATED)
fanout1136/A                            0.750000    0.791311   -0.041311 (VIOLATED)
ANTENNA_422/DIODE                       0.750000    0.791307   -0.041307 (VIOLATED)
fanout1125/A                            0.750000    0.791166   -0.041166 (VIOLATED)
ANTENNA_719/DIODE                       0.750000    0.791164   -0.041164 (VIOLATED)
ANTENNA_718/DIODE                       0.750000    0.791062   -0.041062 (VIOLATED)
fanout1124/A                            0.750000    0.791058   -0.041058 (VIOLATED)
fanout1127/A                            0.750000    0.791040   -0.041040 (VIOLATED)
_25949_/A1                              0.750000    0.791019   -0.041019 (VIOLATED)
fanout1132/A                            0.750000    0.790660   -0.040660 (VIOLATED)
fanout1137/X                            0.750000    0.790628   -0.040628 (VIOLATED)
_22799_/C1                              0.750000    0.788485   -0.038485 (VIOLATED)
_22770_/Y                               0.750000    0.788479   -0.038479 (VIOLATED)
_26176_/A1                              0.750000    0.786879   -0.036879 (VIOLATED)
_24957_/B                               0.750000    0.786877   -0.036878 (VIOLATED)
_23187_/B1                              0.750000    0.786863   -0.036863 (VIOLATED)
_23185_/Y                               0.750000    0.786859   -0.036859 (VIOLATED)
_25123_/A3                              0.750000    0.786748   -0.036748 (VIOLATED)
_23214_/Y                               0.750000    0.786746   -0.036746 (VIOLATED)
_23216_/B2                              0.750000    0.786746   -0.036746 (VIOLATED)
_26126_/B1                              0.750000    0.786746   -0.036746 (VIOLATED)
_24200_/A2                              0.750000    0.786056   -0.036056 (VIOLATED)
_23686_/B                               0.750000    0.786048   -0.036048 (VIOLATED)
_23721_/A1                              0.750000    0.786041   -0.036041 (VIOLATED)
_22840_/Y                               0.750000    0.786039   -0.036039 (VIOLATED)
_41841_/A2                              0.750000    0.785014   -0.035014 (VIOLATED)
_40762_/B1                              0.750000    0.785006   -0.035006 (VIOLATED)
_40763_/D                               0.750000    0.785006   -0.035006 (VIOLATED)
_41041_/C                               0.750000    0.785003   -0.035003 (VIOLATED)
clone11/X                               0.750000    0.784798   -0.034798 (VIOLATED)
_23886_/B                               0.750000    0.784452   -0.034452 (VIOLATED)
_23882_/Y                               0.750000    0.784444   -0.034444 (VIOLATED)
_25190_/A1_N                            0.750000    0.784071   -0.034071 (VIOLATED)
_24714_/B2                              0.750000    0.784011   -0.034011 (VIOLATED)
_25064_/A2                              0.750000    0.783983   -0.033983 (VIOLATED)
_25118_/A2                              0.750000    0.783850   -0.033850 (VIOLATED)
_24839_/A1                              0.750000    0.783848   -0.033848 (VIOLATED)
_24951_/B                               0.750000    0.783821   -0.033821 (VIOLATED)
_22779_/Y                               0.750000    0.783707   -0.033707 (VIOLATED)
_22645_/B1                              0.750000    0.780687   -0.030687 (VIOLATED)
_22644_/B                               0.750000    0.780651   -0.030651 (VIOLATED)
ANTENNA_76/DIODE                        0.750000    0.780646   -0.030646 (VIOLATED)
_22307_/A                               0.750000    0.780596   -0.030596 (VIOLATED)
_22627_/B                               0.750000    0.780530   -0.030530 (VIOLATED)
_21881_/C1                              0.750000    0.780523   -0.030523 (VIOLATED)
_22362_/B                               0.750000    0.780516   -0.030516 (VIOLATED)
_22091_/C1                              0.750000    0.780404   -0.030404 (VIOLATED)
_22101_/B1                              0.750000    0.780105   -0.030105 (VIOLATED)
_23410_/A                               0.750000    0.780043   -0.030043 (VIOLATED)
_21814_/X                               0.750000    0.779804   -0.029804 (VIOLATED)
wire439/A                               0.750000    0.778761   -0.028761 (VIOLATED)
_35197_/Y                               0.750000    0.778689   -0.028689 (VIOLATED)
_22053_/C                               0.750000    0.777640   -0.027640 (VIOLATED)
ANTENNA_94/DIODE                        0.750000    0.777640   -0.027640 (VIOLATED)
_24795_/A                               0.750000    0.777615   -0.027615 (VIOLATED)
_23751_/A                               0.750000    0.777601   -0.027601 (VIOLATED)
_22052_/Y                               0.750000    0.777591   -0.027591 (VIOLATED)
ANTENNA_65/DIODE                        0.750000    0.777180   -0.027180 (VIOLATED)
_40784_/A2_N                            0.750000    0.777180   -0.027180 (VIOLATED)
_40022_/B_N                             0.750000    0.777180   -0.027180 (VIOLATED)
ANTENNA_64/DIODE                        0.750000    0.777179   -0.027179 (VIOLATED)
_35401_/B                               0.750000    0.777177   -0.027177 (VIOLATED)
_35405_/A2_N                            0.750000    0.777174   -0.027174 (VIOLATED)
_35402_/B                               0.750000    0.777134   -0.027134 (VIOLATED)
_35397_/Y                               0.750000    0.777063   -0.027063 (VIOLATED)
fanout1040/A                            0.750000    0.776753   -0.026753 (VIOLATED)
ANTENNA_706/DIODE                       0.750000    0.776751   -0.026751 (VIOLATED)
fanout1039/A                            0.750000    0.776718   -0.026718 (VIOLATED)
fanout1041/X                            0.750000    0.776585   -0.026585 (VIOLATED)
_25715_/A2                              0.750000    0.775735   -0.025735 (VIOLATED)
_25696_/Y                               0.750000    0.775724   -0.025724 (VIOLATED)
_35404_/A3                              0.750000    0.775579   -0.025579 (VIOLATED)
_35396_/A                               0.750000    0.775564   -0.025564 (VIOLATED)
_40021_/B                               0.750000    0.775538   -0.025538 (VIOLATED)
_35394_/Y                               0.750000    0.775532   -0.025532 (VIOLATED)
_21948_/A                               0.750000    0.775270   -0.025270 (VIOLATED)
_24851_/A1                              0.750000    0.775267   -0.025267 (VIOLATED)
_35998_/A2                              0.750000    0.775265   -0.025265 (VIOLATED)
ANTENNA_39/DIODE                        0.750000    0.775261   -0.025261 (VIOLATED)
_25112_/A                               0.750000    0.775253   -0.025253 (VIOLATED)
_26154_/B                               0.750000    0.775223   -0.025223 (VIOLATED)
_22598_/C1                              0.750000    0.775205   -0.025205 (VIOLATED)
_21947_/Y                               0.750000    0.775192   -0.025192 (VIOLATED)
_37392_/A2                              0.750000    0.774695   -0.024695 (VIOLATED)
fanout909/A                             0.750000    0.774573   -0.024573 (VIOLATED)
fanout910/A                             0.750000    0.774320   -0.024320 (VIOLATED)
_34568_/X                               0.750000    0.774280   -0.024280 (VIOLATED)
_22962_/A3                              0.750000    0.773634   -0.023634 (VIOLATED)
_22959_/Y                               0.750000    0.773618   -0.023618 (VIOLATED)
_25044_/C                               0.750000    0.773618   -0.023618 (VIOLATED)
ANTENNA_140/DIODE                       0.750000    0.773303   -0.023303 (VIOLATED)
_22717_/D                               0.750000    0.773303   -0.023303 (VIOLATED)
_22716_/Y                               0.750000    0.773297   -0.023297 (VIOLATED)
_26316_/A                               0.750000    0.773024   -0.023024 (VIOLATED)
_26322_/A1                              0.750000    0.773021   -0.023021 (VIOLATED)
_24671_/A                               0.750000    0.773019   -0.023019 (VIOLATED)
_24471_/A                               0.750000    0.773019   -0.023019 (VIOLATED)
_23656_/B1                              0.750000    0.772810   -0.022810 (VIOLATED)
_24064_/A1                              0.750000    0.772809   -0.022809 (VIOLATED)
_21898_/Y                               0.750000    0.772786   -0.022786 (VIOLATED)
max_cap1530/A                           0.750000    0.772786   -0.022786 (VIOLATED)
_23996_/Y                               0.750000    0.772774   -0.022774 (VIOLATED)
_41326_/B                               0.750000    0.772500   -0.022500 (VIOLATED)
_27646_/A2                              0.750000    0.772469   -0.022469 (VIOLATED)
fanout153/A                             0.750000    0.772466   -0.022466 (VIOLATED)
_27237_/Y                               0.750000    0.772462   -0.022462 (VIOLATED)
fanout296/A                             0.750000    0.772412   -0.022412 (VIOLATED)
fanout294/A                             0.750000    0.772313   -0.022313 (VIOLATED)
_37671_/Y                               0.750000    0.772286   -0.022286 (VIOLATED)
_26154_/C                               0.750000    0.771936   -0.021936 (VIOLATED)
_24837_/B1                              0.750000    0.771935   -0.021935 (VIOLATED)
_22598_/B1                              0.750000    0.771927   -0.021927 (VIOLATED)
_24723_/B                               0.750000    0.771925   -0.021925 (VIOLATED)
_22597_/Y                               0.750000    0.771923   -0.021923 (VIOLATED)
_24794_/B                               0.750000    0.771028   -0.021028 (VIOLATED)
_25078_/C                               0.750000    0.771028   -0.021028 (VIOLATED)
_25333_/A2                              0.750000    0.771026   -0.021026 (VIOLATED)
_24725_/B1                              0.750000    0.771025   -0.021025 (VIOLATED)
_23257_/Y                               0.750000    0.771024   -0.021024 (VIOLATED)
_23163_/B                               0.750000    0.770522   -0.020522 (VIOLATED)
_24976_/A2                              0.750000    0.770520   -0.020520 (VIOLATED)
_24999_/A2                              0.750000    0.770513   -0.020513 (VIOLATED)
_26141_/A2                              0.750000    0.770510   -0.020510 (VIOLATED)
_23164_/B                               0.750000    0.770505   -0.020505 (VIOLATED)
_23162_/Y                               0.750000    0.770499   -0.020499 (VIOLATED)
_23061_/B                               0.750000    0.769580   -0.019580 (VIOLATED)
_22993_/B                               0.750000    0.769575   -0.019575 (VIOLATED)
_23938_/B                               0.750000    0.769569   -0.019569 (VIOLATED)
_23989_/A2                              0.750000    0.769509   -0.019509 (VIOLATED)
_22378_/Y                               0.750000    0.769504   -0.019505 (VIOLATED)
_36740_/A2                              0.750000    0.766878   -0.016878 (VIOLATED)
_36738_/C                               0.750000    0.766876   -0.016876 (VIOLATED)
_36988_/B                               0.750000    0.766871   -0.016871 (VIOLATED)
_38489_/B                               0.750000    0.766859   -0.016859 (VIOLATED)
_37824_/B                               0.750000    0.766857   -0.016857 (VIOLATED)
clone87/X                               0.750000    0.766850   -0.016850 (VIOLATED)
_22474_/B1                              0.750000    0.766457   -0.016458 (VIOLATED)
_23037_/C                               0.750000    0.766456   -0.016456 (VIOLATED)
_22469_/Y                               0.750000    0.766454   -0.016454 (VIOLATED)
max_cap1399/A                           0.750000    0.766454   -0.016454 (VIOLATED)
_29161_/B1                              0.750000    0.765832   -0.015832 (VIOLATED)
_29162_/B                               0.750000    0.765819   -0.015819 (VIOLATED)
_29160_/Y                               0.750000    0.765806   -0.015806 (VIOLATED)
_26114_/A1                              0.750000    0.764536   -0.014536 (VIOLATED)
_26003_/Y                               0.750000    0.764530   -0.014530 (VIOLATED)
_22305_/A2                              0.750000    0.764148   -0.014148 (VIOLATED)
_23870_/B                               0.750000    0.764142   -0.014142 (VIOLATED)
_24258_/B2                              0.750000    0.764141   -0.014141 (VIOLATED)
_22304_/Y                               0.750000    0.764138   -0.014138 (VIOLATED)
_25467_/A2                              0.750000    0.763630   -0.013630 (VIOLATED)
_25503_/A1                              0.750000    0.763629   -0.013630 (VIOLATED)
_22786_/B                               0.750000    0.763623   -0.013623 (VIOLATED)
_23500_/B                               0.750000    0.763618   -0.013618 (VIOLATED)
_22468_/Y                               0.750000    0.763609   -0.013609 (VIOLATED)
_22857_/C                               0.750000    0.763403   -0.013403 (VIOLATED)
_25546_/C                               0.750000    0.763396   -0.013396 (VIOLATED)
_25446_/A3                              0.750000    0.763380   -0.013380 (VIOLATED)
_25395_/B_N                             0.750000    0.763377   -0.013377 (VIOLATED)
_22559_/A                               0.750000    0.763301   -0.013301 (VIOLATED)
_22576_/A                               0.750000    0.763230   -0.013230 (VIOLATED)
_22556_/Y                               0.750000    0.763175   -0.013175 (VIOLATED)
_23245_/B                               0.750000    0.762527   -0.012527 (VIOLATED)
_23437_/B                               0.750000    0.762527   -0.012527 (VIOLATED)
_23856_/B                               0.750000    0.762527   -0.012527 (VIOLATED)
_22446_/Y                               0.750000    0.762523   -0.012523 (VIOLATED)
_22982_/B1                              0.750000    0.762335   -0.012335 (VIOLATED)
_22976_/Y                               0.750000    0.762314   -0.012314 (VIOLATED)
fanout1282/A                            0.750000    0.760231   -0.010231 (VIOLATED)
ANTENNA_36/DIODE                        0.750000    0.760230   -0.010230 (VIOLATED)
fanout1281/A                            0.750000    0.760113   -0.010113 (VIOLATED)
fanout1283/A                            0.750000    0.760112   -0.010112 (VIOLATED)
ANTENNA_615/DIODE                       0.750000    0.760112   -0.010112 (VIOLATED)
_34542_/Y                               0.750000    0.760073   -0.010073 (VIOLATED)
_25104_/B                               0.750000    0.759927   -0.009927 (VIOLATED)
_25022_/A2                              0.750000    0.759917   -0.009917 (VIOLATED)
_24818_/B                               0.750000    0.759915   -0.009915 (VIOLATED)
_24817_/B                               0.750000    0.759911   -0.009911 (VIOLATED)
_25123_/B1                              0.750000    0.759909   -0.009909 (VIOLATED)
_26082_/A                               0.750000    0.759856   -0.009857 (VIOLATED)
_24816_/Y                               0.750000    0.759816   -0.009816 (VIOLATED)
_22264_/B                               0.750000    0.759728   -0.009728 (VIOLATED)
ANTENNA_110/DIODE                       0.750000    0.759681   -0.009681 (VIOLATED)
_22606_/C                               0.750000    0.759677   -0.009677 (VIOLATED)
_22415_/B                               0.750000    0.759510   -0.009510 (VIOLATED)
_23286_/C                               0.750000    0.759505   -0.009505 (VIOLATED)
_25350_/B                               0.750000    0.758754   -0.008754 (VIOLATED)
_24072_/C1                              0.750000    0.758739   -0.008739 (VIOLATED)
_24105_/A                               0.750000    0.758730   -0.008730 (VIOLATED)
_22262_/X                               0.750000    0.758637   -0.008637 (VIOLATED)
_35807_/A2                              0.750000    0.755000   -0.005000 (VIOLATED)
ANTENNA_618/DIODE                       0.750000    0.754999   -0.004999 (VIOLATED)
fanout894/A                             0.750000    0.754770   -0.004770 (VIOLATED)
_37861_/B1                              0.750000    0.754711   -0.004711 (VIOLATED)
fanout892/A                             0.750000    0.754701   -0.004701 (VIOLATED)
ANTENNA_42/DIODE                        0.750000    0.754698   -0.004698 (VIOLATED)
fanout893/A                             0.750000    0.754631   -0.004631 (VIOLATED)
ANTENNA_43/DIODE                        0.750000    0.754619   -0.004619 (VIOLATED)
_25130_/A2                              0.750000    0.754609   -0.004609 (VIOLATED)
_23192_/Y                               0.750000    0.754594   -0.004594 (VIOLATED)
_24794_/A                               0.750000    0.754594   -0.004594 (VIOLATED)
_40027_/A1                              0.750000    0.754577   -0.004577 (VIOLATED)
_40024_/B                               0.750000    0.754573   -0.004573 (VIOLATED)
_37860_/Y                               0.750000    0.754549   -0.004549 (VIOLATED)
_39934_/B                               0.750000    0.754427   -0.004428 (VIOLATED)
_39933_/B                               0.750000    0.754427   -0.004427 (VIOLATED)
_39932_/Y                               0.750000    0.754424   -0.004424 (VIOLATED)
_34581_/X                               0.750000    0.754232   -0.004232 (VIOLATED)
_25620_/A                               0.750000    0.754069   -0.004069 (VIOLATED)
_24450_/A1                              0.750000    0.754063   -0.004063 (VIOLATED)
_24445_/Y                               0.750000    0.754062   -0.004062 (VIOLATED)
_43567_/D                               0.750000    0.751574   -0.001574 (VIOLATED)
ANTENNA_4/DIODE                         0.750000    0.751573   -0.001573 (VIOLATED)
ANTENNA_2/DIODE                         0.750000    0.751573   -0.001573 (VIOLATED)
ANTENNA_3/DIODE                         0.750000    0.751572   -0.001572 (VIOLATED)
ANTENNA_5/DIODE                         0.750000    0.751572   -0.001572 (VIOLATED)
_28328_/X                               0.750000    0.751517   -0.001517 (VIOLATED)
_40869_/Y                               0.750000    0.751452   -0.001452 (VIOLATED)
_40870_/A2                              0.750000    0.751452   -0.001452 (VIOLATED)
_40876_/C1                              0.750000    0.751452   -0.001452 (VIOLATED)
max_cap68/A                             0.750000    0.751452   -0.001452 (VIOLATED)

max fanout

Pin                                   Limit Fanout  Slack
---------------------------------------------------------
clkbuf_leaf_236_clk_dsp/X                10     23    -13 (VIOLATED)
clkbuf_leaf_37_clk_dsp/X                 10     23    -13 (VIOLATED)
clkbuf_leaf_11_clk_dsp/X                 10     22    -12 (VIOLATED)
clkbuf_leaf_24_clk_dsp/X                 10     22    -12 (VIOLATED)
clkbuf_leaf_255_clk_dsp/X                10     22    -12 (VIOLATED)
clkbuf_leaf_60_clk_dsp/X                 10     22    -12 (VIOLATED)
clkbuf_leaf_157_clk_dsp/X                10     21    -11 (VIOLATED)
clkbuf_leaf_160_clk_dsp/X                10     21    -11 (VIOLATED)
clkbuf_leaf_38_clk_dsp/X                 10     21    -11 (VIOLATED)
clkbuf_leaf_158_clk_dsp/X                10     20    -10 (VIOLATED)
clkbuf_leaf_167_clk_dsp/X                10     20    -10 (VIOLATED)
clkbuf_leaf_168_clk_dsp/X                10     20    -10 (VIOLATED)
clkbuf_leaf_197_clk_dsp/X                10     20    -10 (VIOLATED)
fanout1216/X                             10     20    -10 (VIOLATED)
clkbuf_leaf_152_clk_dsp/X                10     19     -9 (VIOLATED)
clkbuf_leaf_196_clk_dsp/X                10     19     -9 (VIOLATED)
clkbuf_leaf_20_clk_dsp/X                 10     19     -9 (VIOLATED)
clkbuf_leaf_237_clk_dsp/X                10     19     -9 (VIOLATED)
clkbuf_leaf_201_clk_dsp/X                10     18     -8 (VIOLATED)
clkbuf_leaf_21_clk_dsp/X                 10     18     -8 (VIOLATED)
clkbuf_leaf_220_clk_dsp/X                10     18     -8 (VIOLATED)
clkbuf_leaf_224_clk_dsp/X                10     18     -8 (VIOLATED)
clkbuf_leaf_57_clk_dsp/X                 10     18     -8 (VIOLATED)
clkbuf_leaf_129_clk_dsp/X                10     17     -7 (VIOLATED)
clkbuf_leaf_130_clk_dsp/X                10     17     -7 (VIOLATED)
clkbuf_leaf_153_clk_dsp/X                10     17     -7 (VIOLATED)
clkbuf_leaf_195_clk_dsp/X                10     17     -7 (VIOLATED)
clkbuf_leaf_219_clk_dsp/X                10     17     -7 (VIOLATED)
clkbuf_leaf_223_clk_dsp/X                10     17     -7 (VIOLATED)
clkbuf_leaf_242_clk_dsp/X                10     17     -7 (VIOLATED)
clkbuf_leaf_27_clk_dsp/X                 10     17     -7 (VIOLATED)
clkbuf_leaf_31_clk_dsp/X                 10     17     -7 (VIOLATED)
clkbuf_leaf_33_clk_dsp/X                 10     17     -7 (VIOLATED)
clkbuf_leaf_53_clk_dsp/X                 10     17     -7 (VIOLATED)
clkbuf_leaf_54_clk_dsp/X                 10     17     -7 (VIOLATED)
clkbuf_leaf_69_clk_dsp/X                 10     17     -7 (VIOLATED)
clkbuf_leaf_74_clk_dsp/X                 10     17     -7 (VIOLATED)
clkbuf_leaf_78_clk_dsp/X                 10     17     -7 (VIOLATED)
fanout1052/X                             10     17     -7 (VIOLATED)
_44165_/Q                                10     16     -6 (VIOLATED)
clkbuf_leaf_125_clk_dsp/X                10     16     -6 (VIOLATED)
clkbuf_leaf_155_clk_dsp/X                10     16     -6 (VIOLATED)
clkbuf_leaf_156_clk_dsp/X                10     16     -6 (VIOLATED)
clkbuf_leaf_163_clk_dsp/X                10     16     -6 (VIOLATED)
clkbuf_leaf_186_clk_dsp/X                10     16     -6 (VIOLATED)
clkbuf_leaf_188_clk_dsp/X                10     16     -6 (VIOLATED)
clkbuf_leaf_193_clk_dsp/X                10     16     -6 (VIOLATED)
clkbuf_leaf_202_clk_dsp/X                10     16     -6 (VIOLATED)
clkbuf_leaf_204_clk_dsp/X                10     16     -6 (VIOLATED)
clkbuf_leaf_210_clk_dsp/X                10     16     -6 (VIOLATED)
clkbuf_leaf_213_clk_dsp/X                10     16     -6 (VIOLATED)
clkbuf_leaf_232_clk_dsp/X                10     16     -6 (VIOLATED)
clkbuf_leaf_234_clk_dsp/X                10     16     -6 (VIOLATED)
clkbuf_leaf_26_clk_dsp/X                 10     16     -6 (VIOLATED)
clkbuf_leaf_39_clk_dsp/X                 10     16     -6 (VIOLATED)
clkbuf_leaf_40_clk_dsp/X                 10     16     -6 (VIOLATED)
clkbuf_leaf_48_clk_dsp/X                 10     16     -6 (VIOLATED)
clkbuf_leaf_49_clk_dsp/X                 10     16     -6 (VIOLATED)
clkbuf_leaf_70_clk_dsp/X                 10     16     -6 (VIOLATED)
clkbuf_leaf_73_clk_dsp/X                 10     16     -6 (VIOLATED)
clkbuf_leaf_79_clk_dsp/X                 10     16     -6 (VIOLATED)
fanout1240/X                             10     16     -6 (VIOLATED)
fanout980/X                              10     16     -6 (VIOLATED)
_22194_/Y                                10     15     -5 (VIOLATED)
clkbuf_leaf_120_clk_dsp/X                10     15     -5 (VIOLATED)
clkbuf_leaf_124_clk_dsp/X                10     15     -5 (VIOLATED)
clkbuf_leaf_127_clk_dsp/X                10     15     -5 (VIOLATED)
clkbuf_leaf_128_clk_dsp/X                10     15     -5 (VIOLATED)
clkbuf_leaf_159_clk_dsp/X                10     15     -5 (VIOLATED)
clkbuf_leaf_165_clk_dsp/X                10     15     -5 (VIOLATED)
clkbuf_leaf_174_clk_dsp/X                10     15     -5 (VIOLATED)
clkbuf_leaf_191_clk_dsp/X                10     15     -5 (VIOLATED)
clkbuf_leaf_203_clk_dsp/X                10     15     -5 (VIOLATED)
clkbuf_leaf_226_clk_dsp/X                10     15     -5 (VIOLATED)
clkbuf_leaf_229_clk_dsp/X                10     15     -5 (VIOLATED)
clkbuf_leaf_230_clk_dsp/X                10     15     -5 (VIOLATED)
clkbuf_leaf_238_clk_dsp/X                10     15     -5 (VIOLATED)
clkbuf_leaf_243_clk_dsp/X                10     15     -5 (VIOLATED)
clkbuf_leaf_25_clk_dsp/X                 10     15     -5 (VIOLATED)
clkbuf_leaf_36_clk_dsp/X                 10     15     -5 (VIOLATED)
clkbuf_leaf_47_clk_dsp/X                 10     15     -5 (VIOLATED)
clkbuf_leaf_58_clk_dsp/X                 10     15     -5 (VIOLATED)
clkbuf_leaf_61_clk_dsp/X                 10     15     -5 (VIOLATED)
clkbuf_leaf_9_clk_dsp/X                  10     15     -5 (VIOLATED)
fanout1041/X                             10     15     -5 (VIOLATED)
fanout1043/X                             10     15     -5 (VIOLATED)
fanout1046/X                             10     15     -5 (VIOLATED)
fanout1074/X                             10     15     -5 (VIOLATED)
fanout1197/X                             10     15     -5 (VIOLATED)
fanout1560/X                             10     15     -5 (VIOLATED)
fanout818/X                              10     15     -5 (VIOLATED)
clkbuf_leaf_171_clk_dsp/X                10     14     -4 (VIOLATED)
clkbuf_leaf_172_clk_dsp/X                10     14     -4 (VIOLATED)
clkbuf_leaf_17_clk_dsp/X                 10     14     -4 (VIOLATED)
clkbuf_leaf_184_clk_dsp/X                10     14     -4 (VIOLATED)
clkbuf_leaf_199_clk_dsp/X                10     14     -4 (VIOLATED)
clkbuf_leaf_19_clk_dsp/X                 10     14     -4 (VIOLATED)
clkbuf_leaf_209_clk_dsp/X                10     14     -4 (VIOLATED)
clkbuf_leaf_214_clk_dsp/X                10     14     -4 (VIOLATED)
clkbuf_leaf_221_clk_dsp/X                10     14     -4 (VIOLATED)
clkbuf_leaf_239_clk_dsp/X                10     14     -4 (VIOLATED)
clkbuf_leaf_248_clk_dsp/X                10     14     -4 (VIOLATED)
clkbuf_leaf_250_clk_dsp/X                10     14     -4 (VIOLATED)
clkbuf_leaf_45_clk_dsp/X                 10     14     -4 (VIOLATED)
clkbuf_leaf_46_clk_dsp/X                 10     14     -4 (VIOLATED)
clkbuf_leaf_56_clk_dsp/X                 10     14     -4 (VIOLATED)
clkbuf_leaf_62_clk_dsp/X                 10     14     -4 (VIOLATED)
fanout1026/X                             10     14     -4 (VIOLATED)
fanout1087/X                             10     14     -4 (VIOLATED)
fanout1227/X                             10     14     -4 (VIOLATED)
fanout1504/X                             10     14     -4 (VIOLATED)
fanout1723/X                             10     14     -4 (VIOLATED)
fanout732/X                              10     14     -4 (VIOLATED)
_21749_/Y                                10     13     -3 (VIOLATED)
_21934_/X                                10     13     -3 (VIOLATED)
_34599_/X                                10     13     -3 (VIOLATED)
clkbuf_5_25__f_clk_dsp/X                 10     13     -3 (VIOLATED)
clkbuf_leaf_10_clk_dsp/X                 10     13     -3 (VIOLATED)
clkbuf_leaf_111_clk_dsp/X                10     13     -3 (VIOLATED)
clkbuf_leaf_123_clk_dsp/X                10     13     -3 (VIOLATED)
clkbuf_leaf_13_clk_dsp/X                 10     13     -3 (VIOLATED)
clkbuf_leaf_150_clk_dsp/X                10     13     -3 (VIOLATED)
clkbuf_leaf_154_clk_dsp/X                10     13     -3 (VIOLATED)
clkbuf_leaf_177_clk_dsp/X                10     13     -3 (VIOLATED)
clkbuf_leaf_189_clk_dsp/X                10     13     -3 (VIOLATED)
clkbuf_leaf_18_clk_dsp/X                 10     13     -3 (VIOLATED)
clkbuf_leaf_198_clk_dsp/X                10     13     -3 (VIOLATED)
clkbuf_leaf_205_clk_dsp/X                10     13     -3 (VIOLATED)
clkbuf_leaf_206_clk_dsp/X                10     13     -3 (VIOLATED)
clkbuf_leaf_217_clk_dsp/X                10     13     -3 (VIOLATED)
clkbuf_leaf_222_clk_dsp/X                10     13     -3 (VIOLATED)
clkbuf_leaf_225_clk_dsp/X                10     13     -3 (VIOLATED)
clkbuf_leaf_22_clk_dsp/X                 10     13     -3 (VIOLATED)
clkbuf_leaf_240_clk_dsp/X                10     13     -3 (VIOLATED)
clkbuf_leaf_241_clk_dsp/X                10     13     -3 (VIOLATED)
clkbuf_leaf_247_clk_dsp/X                10     13     -3 (VIOLATED)
clkbuf_leaf_249_clk_dsp/X                10     13     -3 (VIOLATED)
clkbuf_leaf_253_clk_dsp/X                10     13     -3 (VIOLATED)
clkbuf_leaf_32_clk_dsp/X                 10     13     -3 (VIOLATED)
clkbuf_leaf_35_clk_dsp/X                 10     13     -3 (VIOLATED)
clkbuf_leaf_41_clk_dsp/X                 10     13     -3 (VIOLATED)
clkbuf_leaf_42_clk_dsp/X                 10     13     -3 (VIOLATED)
clkbuf_leaf_51_clk_dsp/X                 10     13     -3 (VIOLATED)
clkbuf_leaf_55_clk_dsp/X                 10     13     -3 (VIOLATED)
clkbuf_leaf_68_clk_dsp/X                 10     13     -3 (VIOLATED)
clkbuf_leaf_72_clk_dsp/X                 10     13     -3 (VIOLATED)
clkbuf_leaf_77_clk_dsp/X                 10     13     -3 (VIOLATED)
clkbuf_leaf_95_clk_dsp/X                 10     13     -3 (VIOLATED)
fanout1028/X                             10     13     -3 (VIOLATED)
fanout1045/X                             10     13     -3 (VIOLATED)
fanout1147/X                             10     13     -3 (VIOLATED)
fanout1155/X                             10     13     -3 (VIOLATED)
fanout1251/X                             10     13     -3 (VIOLATED)
fanout1276/X                             10     13     -3 (VIOLATED)
fanout1403/X                             10     13     -3 (VIOLATED)
fanout1413/X                             10     13     -3 (VIOLATED)
fanout2875/X                             10     13     -3 (VIOLATED)
fanout742/X                              10     13     -3 (VIOLATED)
fanout839/X                              10     13     -3 (VIOLATED)
fanout937/X                              10     13     -3 (VIOLATED)
clkbuf_leaf_119_clk_dsp/X                10     12     -2 (VIOLATED)
clkbuf_leaf_121_clk_dsp/X                10     12     -2 (VIOLATED)
clkbuf_leaf_12_clk_dsp/X                 10     12     -2 (VIOLATED)
clkbuf_leaf_145_clk_dsp/X                10     12     -2 (VIOLATED)
clkbuf_leaf_149_clk_dsp/X                10     12     -2 (VIOLATED)
clkbuf_leaf_162_clk_dsp/X                10     12     -2 (VIOLATED)
clkbuf_leaf_164_clk_dsp/X                10     12     -2 (VIOLATED)
clkbuf_leaf_170_clk_dsp/X                10     12     -2 (VIOLATED)
clkbuf_leaf_173_clk_dsp/X                10     12     -2 (VIOLATED)
clkbuf_leaf_212_clk_dsp/X                10     12     -2 (VIOLATED)
clkbuf_leaf_215_clk_dsp/X                10     12     -2 (VIOLATED)
clkbuf_leaf_218_clk_dsp/X                10     12     -2 (VIOLATED)
clkbuf_leaf_233_clk_dsp/X                10     12     -2 (VIOLATED)
clkbuf_leaf_235_clk_dsp/X                10     12     -2 (VIOLATED)
clkbuf_leaf_254_clk_dsp/X                10     12     -2 (VIOLATED)
clkbuf_leaf_30_clk_dsp/X                 10     12     -2 (VIOLATED)
clkbuf_leaf_4_clk_dsp/X                  10     12     -2 (VIOLATED)
clkbuf_leaf_52_clk_dsp/X                 10     12     -2 (VIOLATED)
clkbuf_leaf_59_clk_dsp/X                 10     12     -2 (VIOLATED)
clkbuf_leaf_71_clk_dsp/X                 10     12     -2 (VIOLATED)
clkbuf_leaf_76_clk_dsp/X                 10     12     -2 (VIOLATED)
clkbuf_leaf_7_clk_dsp/X                  10     12     -2 (VIOLATED)
clkbuf_leaf_91_clk_dsp/X                 10     12     -2 (VIOLATED)
clkbuf_leaf_94_clk_dsp/X                 10     12     -2 (VIOLATED)
clkbuf_leaf_98_clk_dsp/X                 10     12     -2 (VIOLATED)
fanout1048/X                             10     12     -2 (VIOLATED)
fanout1050/X                             10     12     -2 (VIOLATED)
fanout1161/X                             10     12     -2 (VIOLATED)
fanout1177/X                             10     12     -2 (VIOLATED)
fanout1192/X                             10     12     -2 (VIOLATED)
fanout1237/X                             10     12     -2 (VIOLATED)
fanout1248/X                             10     12     -2 (VIOLATED)
fanout1261/X                             10     12     -2 (VIOLATED)
fanout1267/X                             10     12     -2 (VIOLATED)
fanout1424/X                             10     12     -2 (VIOLATED)
fanout1459/X                             10     12     -2 (VIOLATED)
fanout1511/X                             10     12     -2 (VIOLATED)
fanout1558/X                             10     12     -2 (VIOLATED)
fanout1730/X                             10     12     -2 (VIOLATED)
fanout1739/X                             10     12     -2 (VIOLATED)
fanout1846/X                             10     12     -2 (VIOLATED)
fanout229/X                              10     12     -2 (VIOLATED)
fanout632/X                              10     12     -2 (VIOLATED)
fanout664/X                              10     12     -2 (VIOLATED)
fanout688/X                              10     12     -2 (VIOLATED)
fanout706/X                              10     12     -2 (VIOLATED)
fanout708/X                              10     12     -2 (VIOLATED)
fanout770/X                              10     12     -2 (VIOLATED)
fanout815/X                              10     12     -2 (VIOLATED)
fanout845/X                              10     12     -2 (VIOLATED)
fanout849/X                              10     12     -2 (VIOLATED)
fanout857/X                              10     12     -2 (VIOLATED)
fanout877/X                              10     12     -2 (VIOLATED)
fanout881/X                              10     12     -2 (VIOLATED)
fanout915/X                              10     12     -2 (VIOLATED)
fanout956/X                              10     12     -2 (VIOLATED)
fanout974/X                              10     12     -2 (VIOLATED)
_21772_/Y                                10     11        (VIOLATED)
_21926_/X                                10     11        (VIOLATED)
_22063_/Y                                10     11        (VIOLATED)
_22096_/Y                                10     11        (VIOLATED)
_22467_/X                                10     11        (VIOLATED)
_22758_/X                                10     11        (VIOLATED)
clkbuf_5_14__f_clk_dsp/X                 10     11        (VIOLATED)
clkbuf_5_24__f_clk_dsp/X                 10     11        (VIOLATED)
clkbuf_5_26__f_clk_dsp/X                 10     11        (VIOLATED)
clkbuf_5_8__f_clk_dsp/X                  10     11        (VIOLATED)
clkbuf_5_9__f_clk_dsp/X                  10     11        (VIOLATED)
clkbuf_leaf_0_clk_dsp/X                  10     11        (VIOLATED)
clkbuf_leaf_109_clk_dsp/X                10     11        (VIOLATED)
clkbuf_leaf_115_clk_dsp/X                10     11        (VIOLATED)
clkbuf_leaf_116_clk_dsp/X                10     11        (VIOLATED)
clkbuf_leaf_132_clk_dsp/X                10     11        (VIOLATED)
clkbuf_leaf_134_clk_dsp/X                10     11        (VIOLATED)
clkbuf_leaf_144_clk_dsp/X                10     11        (VIOLATED)
clkbuf_leaf_179_clk_dsp/X                10     11        (VIOLATED)
clkbuf_leaf_190_clk_dsp/X                10     11        (VIOLATED)
clkbuf_leaf_194_clk_dsp/X                10     11        (VIOLATED)
clkbuf_leaf_208_clk_dsp/X                10     11        (VIOLATED)
clkbuf_leaf_228_clk_dsp/X                10     11        (VIOLATED)
clkbuf_leaf_231_clk_dsp/X                10     11        (VIOLATED)
clkbuf_leaf_246_clk_dsp/X                10     11        (VIOLATED)
clkbuf_leaf_67_clk_dsp/X                 10     11        (VIOLATED)
clkbuf_leaf_75_clk_dsp/X                 10     11        (VIOLATED)
fanout1004/X                             10     11        (VIOLATED)
fanout1010/X                             10     11        (VIOLATED)
fanout1013/X                             10     11        (VIOLATED)
fanout1016/X                             10     11        (VIOLATED)
fanout1027/X                             10     11        (VIOLATED)
fanout1032/X                             10     11        (VIOLATED)
fanout1037/X                             10     11        (VIOLATED)
fanout1058/X                             10     11        (VIOLATED)
fanout1075/X                             10     11        (VIOLATED)
fanout1138/X                             10     11        (VIOLATED)
fanout1148/X                             10     11        (VIOLATED)
fanout1156/X                             10     11        (VIOLATED)
fanout1169/X                             10     11        (VIOLATED)
fanout1181/X                             10     11        (VIOLATED)
fanout1186/X                             10     11        (VIOLATED)
fanout1191/X                             10     11        (VIOLATED)
fanout1196/X                             10     11        (VIOLATED)
fanout1200/X                             10     11        (VIOLATED)
fanout1202/X                             10     11        (VIOLATED)
fanout1208/X                             10     11        (VIOLATED)
fanout1217/X                             10     11        (VIOLATED)
fanout1224/X                             10     11        (VIOLATED)
fanout1234/X                             10     11        (VIOLATED)
fanout1242/X                             10     11        (VIOLATED)
fanout1244/X                             10     11        (VIOLATED)
fanout1245/X                             10     11        (VIOLATED)
fanout1263/X                             10     11        (VIOLATED)
fanout1264/X                             10     11        (VIOLATED)
fanout1269/X                             10     11        (VIOLATED)
fanout1279/X                             10     11        (VIOLATED)
fanout1282/X                             10     11        (VIOLATED)
fanout1285/X                             10     11        (VIOLATED)
fanout1289/X                             10     11        (VIOLATED)
fanout1293/X                             10     11        (VIOLATED)
fanout1295/X                             10     11        (VIOLATED)
fanout1297/X                             10     11        (VIOLATED)
fanout1299/X                             10     11        (VIOLATED)
fanout1300/X                             10     11        (VIOLATED)
fanout1360/X                             10     11        (VIOLATED)
fanout1366/X                             10     11        (VIOLATED)
fanout1390/X                             10     11        (VIOLATED)
fanout1418/X                             10     11        (VIOLATED)
fanout1423/X                             10     11        (VIOLATED)
fanout1426/X                             10     11        (VIOLATED)
fanout1503/X                             10     11        (VIOLATED)
fanout1544/X                             10     11        (VIOLATED)
fanout1553/X                             10     11        (VIOLATED)
fanout1565/X                             10     11        (VIOLATED)
fanout1600/X                             10     11        (VIOLATED)
fanout1601/X                             10     11        (VIOLATED)
fanout1608/X                             10     11        (VIOLATED)
fanout1614/X                             10     11        (VIOLATED)
fanout1643/X                             10     11        (VIOLATED)
fanout1705/X                             10     11        (VIOLATED)
fanout1735/X                             10     11        (VIOLATED)
fanout1740/X                             10     11        (VIOLATED)
fanout220/X                              10     11        (VIOLATED)
fanout246/X                              10     11        (VIOLATED)
fanout401/X                              10     11        (VIOLATED)
fanout414/X                              10     11        (VIOLATED)
fanout488/X                              10     11        (VIOLATED)
fanout500/X                              10     11        (VIOLATED)
fanout536/X                              10     11        (VIOLATED)
fanout538/X                              10     11        (VIOLATED)
fanout581/X                              10     11        (VIOLATED)
fanout598/X                              10     11        (VIOLATED)
fanout606/X                              10     11        (VIOLATED)
fanout613/X                              10     11        (VIOLATED)
fanout620/X                              10     11        (VIOLATED)
fanout628/X                              10     11        (VIOLATED)
fanout644/X                              10     11        (VIOLATED)
fanout668/X                              10     11        (VIOLATED)
fanout689/X                              10     11        (VIOLATED)
fanout690/X                              10     11        (VIOLATED)
fanout700/X                              10     11        (VIOLATED)
fanout710/X                              10     11        (VIOLATED)
fanout714/X                              10     11        (VIOLATED)
fanout720/X                              10     11        (VIOLATED)
fanout746/X                              10     11        (VIOLATED)
fanout762/X                              10     11        (VIOLATED)
fanout778/X                              10     11        (VIOLATED)
fanout788/X                              10     11        (VIOLATED)
fanout790/X                              10     11        (VIOLATED)
fanout796/X                              10     11        (VIOLATED)
fanout808/X                              10     11        (VIOLATED)
fanout809/X                              10     11        (VIOLATED)
fanout811/X                              10     11        (VIOLATED)
fanout828/X                              10     11        (VIOLATED)
fanout832/X                              10     11        (VIOLATED)
fanout834/X                              10     11        (VIOLATED)
fanout836/X                              10     11        (VIOLATED)
fanout846/X                              10     11        (VIOLATED)
fanout854/X                              10     11        (VIOLATED)
fanout874/X                              10     11        (VIOLATED)
fanout876/X                              10     11        (VIOLATED)
fanout878/X                              10     11        (VIOLATED)
fanout884/X                              10     11        (VIOLATED)
fanout904/X                              10     11        (VIOLATED)
fanout920/X                              10     11        (VIOLATED)
fanout923/X                              10     11        (VIOLATED)
fanout939/X                              10     11        (VIOLATED)
fanout944/X                              10     11        (VIOLATED)
fanout948/X                              10     11        (VIOLATED)
fanout964/X                              10     11        (VIOLATED)
fanout988/X                              10     11        (VIOLATED)

max capacitance

Pin                                        Limit         Cap       Slack
------------------------------------------------------------------------
fanout1403/X                            0.200000    0.323751   -0.123751 (VIOLATED)
fanout1074/X                            0.200000    0.322202   -0.122202 (VIOLATED)
fanout1041/X                            0.200000    0.315772   -0.115772 (VIOLATED)
fanout995/X                             0.200000    0.312221   -0.112221 (VIOLATED)
clone91/X                               0.081492    0.189253   -0.107761 (VIOLATED)
fanout1037/X                            0.200000    0.289707   -0.089707 (VIOLATED)
_22420_/Y                               0.200000    0.287813   -0.087813 (VIOLATED)
fanout1052/X                            0.200000    0.285711   -0.085711 (VIOLATED)
fanout1614/X                            0.200000    0.277511   -0.077511 (VIOLATED)
_21934_/X                               0.200000    0.274260   -0.074260 (VIOLATED)
fanout811/X                             0.200000    0.265879   -0.065879 (VIOLATED)
fanout1504/X                            0.200000    0.264917   -0.064917 (VIOLATED)
fanout808/X                             0.200000    0.258783   -0.058783 (VIOLATED)
fanout1031/X                            0.200000    0.249391   -0.049391 (VIOLATED)
hold100/X                               0.200000    0.246632   -0.046632 (VIOLATED)
fanout778/X                             0.200000    0.244546   -0.044546 (VIOLATED)
_34599_/X                               0.200000    0.241865   -0.041865 (VIOLATED)
fanout1045/X                            0.200000    0.239658   -0.039658 (VIOLATED)
fanout815/X                             0.200000    0.239243   -0.039243 (VIOLATED)
fanout980/X                             0.200000    0.238269   -0.038269 (VIOLATED)
fanout1566/X                            0.200000    0.237137   -0.037137 (VIOLATED)
fanout821/X                             0.200000    0.236970   -0.036970 (VIOLATED)
fanout1511/X                            0.200000    0.236612   -0.036612 (VIOLATED)
_22195_/Y                               0.200000    0.235953   -0.035953 (VIOLATED)
fanout1087/X                            0.200000    0.233731   -0.033731 (VIOLATED)
_21811_/Y                               0.200000    0.233460   -0.033460 (VIOLATED)
fanout1426/X                            0.200000    0.231771   -0.031771 (VIOLATED)
_21810_/Y                               0.200000    0.231673   -0.031673 (VIOLATED)
_22194_/Y                               0.200000    0.231526   -0.031526 (VIOLATED)
fanout732/X                             0.200000    0.231004   -0.031004 (VIOLATED)
fanout963/X                             0.200000    0.230825   -0.030825 (VIOLATED)
clone85/X                               0.081492    0.111321   -0.029829 (VIOLATED)
fanout750/X                             0.200000    0.229792   -0.029792 (VIOLATED)
fanout994/X                             0.200000    0.229187   -0.029187 (VIOLATED)
fanout668/X                             0.200000    0.227661   -0.027661 (VIOLATED)
fanout877/X                             0.200000    0.226580   -0.026580 (VIOLATED)
fanout1123/X                            0.200000    0.226550   -0.026550 (VIOLATED)
fanout879/X                             0.200000    0.225332   -0.025332 (VIOLATED)
fanout920/X                             0.200000    0.225080   -0.025080 (VIOLATED)
_44165_/Q                               0.200000    0.224937   -0.024937 (VIOLATED)
fanout860/X                             0.200000    0.223615   -0.023615 (VIOLATED)
clone52/X                               0.081492    0.103496   -0.022004 (VIOLATED)
fanout878/X                             0.200000    0.220894   -0.020894 (VIOLATED)
fanout1723/X                            0.200000    0.218785   -0.018785 (VIOLATED)
fanout1058/X                            0.200000    0.215423   -0.015423 (VIOLATED)
fanout1608/X                            0.200000    0.214755   -0.014755 (VIOLATED)
fanout1029/X                            0.200000    0.214395   -0.014395 (VIOLATED)
fanout1155/X                            0.200000    0.213921   -0.013921 (VIOLATED)
fanout1616/X                            0.200000    0.213653   -0.013653 (VIOLATED)
fanout1066/X                            0.200000    0.212925   -0.012925 (VIOLATED)
_23753_/Y                               0.086070    0.098660   -0.012590 (VIOLATED)
fanout686/X                             0.200000    0.212400   -0.012400 (VIOLATED)
_22339_/Y                               0.200000    0.211975   -0.011975 (VIOLATED)
fanout1873/X                            0.200000    0.211808   -0.011808 (VIOLATED)
fanout944/X                             0.200000    0.211662   -0.011662 (VIOLATED)
fanout1517/X                            0.200000    0.211534   -0.011534 (VIOLATED)
fanout801/X                             0.200000    0.211430   -0.011430 (VIOLATED)
fanout760/X                             0.200000    0.210964   -0.010964 (VIOLATED)
fanout1049/X                            0.200000    0.210805   -0.010805 (VIOLATED)
_22368_/Y                               0.200000    0.210595   -0.010595 (VIOLATED)
fanout960/X                             0.200000    0.210480   -0.010480 (VIOLATED)
fanout962/X                             0.200000    0.208716   -0.008716 (VIOLATED)
fanout602/X                             0.200000    0.208565   -0.008565 (VIOLATED)
fanout598/X                             0.200000    0.207862   -0.007862 (VIOLATED)
fanout1004/X                            0.200000    0.206689   -0.006689 (VIOLATED)
fanout702/X                             0.200000    0.206144   -0.006144 (VIOLATED)
_43512_/Q                               0.200000    0.206080   -0.006080 (VIOLATED)
fanout865/X                             0.200000    0.205365   -0.005365 (VIOLATED)
fanout722/X                             0.200000    0.204994   -0.004994 (VIOLATED)
fanout766/X                             0.200000    0.204147   -0.004147 (VIOLATED)
clone3/X                                0.181284    0.185330   -0.004046 (VIOLATED)
fanout613/X                             0.200000    0.204019   -0.004019 (VIOLATED)
fanout1503/X                            0.200000    0.203649   -0.003649 (VIOLATED)
fanout788/X                             0.200000    0.202848   -0.002848 (VIOLATED)
fanout741/X                             0.200000    0.202638   -0.002638 (VIOLATED)
fanout974/X                             0.200000    0.202384   -0.002384 (VIOLATED)
fanout1420/X                            0.200000    0.202036   -0.002036 (VIOLATED)
fanout964/X                             0.200000    0.201967   -0.001967 (VIOLATED)
fanout839/X                             0.200000    0.201880   -0.001880 (VIOLATED)
fanout1450/X                            0.200000    0.201811   -0.001811 (VIOLATED)
fanout594/X                             0.200000    0.201694   -0.001694 (VIOLATED)
fanout873/X                             0.200000    0.201450   -0.001450 (VIOLATED)
fanout932/X                             0.200000    0.201357   -0.001357 (VIOLATED)
_34549_/Y                               0.018321    0.019397   -0.001076 (VIOLATED)
fanout2413/X                            0.200000    0.201075   -0.001075 (VIOLATED)
fanout642/X                             0.200000    0.200928   -0.000928 (VIOLATED)
fanout915/X                             0.200000    0.200438   -0.000438 (VIOLATED)
fanout762/X                             0.200000    0.200015   -0.000015 (VIOLATED)



===========================================================================
report_parasitic_annotation -report_unannotated
============================================================================
Found 340 unannotated drivers.
 clk_2p4g
 rf_adc_q_in[0]
 rf_adc_q_in[10]
 rf_adc_q_in[11]
 rf_adc_q_in[12]
 rf_adc_q_in[13]
 rf_adc_q_in[14]
 rf_adc_q_in[15]
 rf_adc_q_in[1]
 rf_adc_q_in[2]
 rf_adc_q_in[3]
 rf_adc_q_in[4]
 rf_adc_q_in[5]
 rf_adc_q_in[6]
 rf_adc_q_in[7]
 rf_adc_q_in[8]
 rf_adc_q_in[9]
 _43579__2974/LO
 clkload0/Y
 clkload1/Y
 clkload10/Y
 clkload100/Y
 clkload101/Y
 clkload102/Y
 clkload103/Y
 clkload104/X
 clkload105/Y
 clkload106/Y
 clkload107/Y
 clkload108/Y
 clkload109/X
 clkload11/Y
 clkload110/Y
 clkload111/Y
 clkload112/Y
 clkload113/Y
 clkload114/Y
 clkload115/Y
 clkload116/Y
 clkload117/Y
 clkload118/Y
 clkload119/Y
 clkload12/Y
 clkload120/Y
 clkload121/Y
 clkload122/Y
 clkload123/Y
 clkload124/Y
 clkload125/Y
 clkload126/Y
 clkload127/Y
 clkload128/Y
 clkload129/Y
 clkload13/Y
 clkload130/Y
 clkload131/Y
 clkload132/X
 clkload133/Y
 clkload134/Y
 clkload135/X
 clkload136/Y
 clkload137/Y
 clkload138/Y
 clkload139/Y
 clkload14/X
 clkload140/Y
 clkload141/Y
 clkload142/X
 clkload143/Y
 clkload144/Y
 clkload145/Y
 clkload146/Y
 clkload147/Y
 clkload148/Y
 clkload149/X
 clkload15/Y
 clkload150/Y
 clkload151/X
 clkload152/Y
 clkload153/X
 clkload154/Y
 clkload155/Y
 clkload156/Y
 clkload157/Y
 clkload158/Y
 clkload159/Y
 clkload16/Y
 clkload160/Y
 clkload161/Y
 clkload162/Y
 clkload163/Y
 clkload164/Y
 clkload165/Y
 clkload166/Y
 clkload167/X
 clkload168/Y
 clkload169/Y
 clkload17/Y
 clkload170/Y
 clkload171/Y
 clkload172/Y
 clkload173/Y
 clkload174/Y
 clkload175/Y
 clkload176/Y
 clkload177/Y
 clkload178/Y
 clkload179/Y
 clkload18/Y
 clkload180/Y
 clkload181/Y
 clkload182/Y
 clkload183/Y
 clkload184/Y
 clkload185/X
 clkload186/X
 clkload187/Y
 clkload188/Y
 clkload189/Y
 clkload19/Y
 clkload190/Y
 clkload191/X
 clkload192/X
 clkload193/Y
 clkload194/Y
 clkload195/Y
 clkload196/Y
 clkload197/Y
 clkload198/Y
 clkload199/Y
 clkload2/Y
 clkload20/Y
 clkload200/X
 clkload201/Y
 clkload202/Y
 clkload203/Y
 clkload204/Y
 clkload205/Y
 clkload206/Y
 clkload207/Y
 clkload208/Y
 clkload209/Y
 clkload21/Y
 clkload210/X
 clkload211/Y
 clkload212/Y
 clkload213/Y
 clkload214/Y
 clkload215/Y
 clkload216/Y
 clkload217/Y
 clkload218/X
 clkload219/Y
 clkload22/Y
 clkload220/Y
 clkload221/Y
 clkload222/X
 clkload223/Y
 clkload224/Y
 clkload225/X
 clkload226/Y
 clkload227/Y
 clkload228/X
 clkload229/Y
 clkload23/Y
 clkload230/X
 clkload24/Y
 clkload25/Y
 clkload26/Y
 clkload27/Y
 clkload28/X
 clkload29/X
 clkload3/Y
 clkload30/Y
 clkload31/Y
 clkload32/Y
 clkload33/Y
 clkload34/Y
 clkload35/Y
 clkload36/Y
 clkload37/Y
 clkload38/Y
 clkload39/Y
 clkload4/X
 clkload40/Y
 clkload41/Y
 clkload42/Y
 clkload43/Y
 clkload44/Y
 clkload45/Y
 clkload46/Y
 clkload47/Y
 clkload48/Y
 clkload49/Y
 clkload5/Y
 clkload50/Y
 clkload51/Y
 clkload52/Y
 clkload53/X
 clkload54/Y
 clkload55/Y
 clkload56/Y
 clkload57/X
 clkload58/Y
 clkload59/Y
 clkload6/Y
 clkload60/X
 clkload61/X
 clkload62/X
 clkload63/Y
 clkload64/Y
 clkload65/Y
 clkload66/Y
 clkload67/Y
 clkload68/Y
 clkload69/Y
 clkload7/Y
 clkload70/Y
 clkload71/Y
 clkload72/Y
 clkload73/Y
 clkload74/Y
 clkload75/Y
 clkload76/Y
 clkload77/Y
 clkload78/Y
 clkload79/Y
 clkload8/X
 clkload80/X
 clkload81/Y
 clkload82/Y
 clkload83/X
 clkload84/X
 clkload85/Y
 clkload86/X
 clkload87/Y
 clkload88/Y
 clkload89/Y
 clkload9/X
 clkload90/Y
 clkload91/Y
 clkload92/Y
 clkload93/Y
 clkload94/Y
 clkload95/Y
 clkload96/Y
 clkload97/Y
 clkload98/Y
 clkload99/Y
 phase_099_top_integration_2883/HI
 phase_099_top_integration_2884/HI
 phase_099_top_integration_2885/HI
 phase_099_top_integration_2886/HI
 phase_099_top_integration_2887/HI
 phase_099_top_integration_2888/HI
 phase_099_top_integration_2889/HI
 phase_099_top_integration_2890/HI
 phase_099_top_integration_2891/HI
 phase_099_top_integration_2892/HI
 phase_099_top_integration_2893/HI
 phase_099_top_integration_2894/HI
 phase_099_top_integration_2895/HI
 phase_099_top_integration_2896/HI
 phase_099_top_integration_2897/HI
 phase_099_top_integration_2898/HI
 phase_099_top_integration_2899/HI
 phase_099_top_integration_2900/HI
 phase_099_top_integration_2901/HI
 phase_099_top_integration_2902/HI
 phase_099_top_integration_2903/HI
 phase_099_top_integration_2904/HI
 phase_099_top_integration_2905/HI
 phase_099_top_integration_2906/HI
 phase_099_top_integration_2907/HI
 phase_099_top_integration_2908/HI
 phase_099_top_integration_2909/HI
 phase_099_top_integration_2910/HI
 phase_099_top_integration_2911/HI
 phase_099_top_integration_2912/HI
 phase_099_top_integration_2913/HI
 phase_099_top_integration_2914/HI
 phase_099_top_integration_2915/HI
 phase_099_top_integration_2916/HI
 phase_099_top_integration_2917/HI
 phase_099_top_integration_2918/HI
 phase_099_top_integration_2919/HI
 phase_099_top_integration_2920/HI
 phase_099_top_integration_2921/HI
 phase_099_top_integration_2922/HI
 phase_099_top_integration_2923/HI
 phase_099_top_integration_2924/HI
 phase_099_top_integration_2925/HI
 phase_099_top_integration_2926/HI
 phase_099_top_integration_2927/HI
 phase_099_top_integration_2928/HI
 phase_099_top_integration_2929/HI
 phase_099_top_integration_2930/HI
 phase_099_top_integration_2931/HI
 phase_099_top_integration_2932/HI
 phase_099_top_integration_2933/HI
 phase_099_top_integration_2934/HI
 phase_099_top_integration_2935/HI
 phase_099_top_integration_2936/HI
 phase_099_top_integration_2937/HI
 phase_099_top_integration_2938/HI
 phase_099_top_integration_2939/HI
 phase_099_top_integration_2940/HI
 phase_099_top_integration_2941/HI
 phase_099_top_integration_2942/HI
 phase_099_top_integration_2943/HI
 phase_099_top_integration_2944/HI
 phase_099_top_integration_2945/HI
 phase_099_top_integration_2946/HI
 phase_099_top_integration_2947/HI
 phase_099_top_integration_2948/HI
 phase_099_top_integration_2949/HI
 phase_099_top_integration_2950/HI
 phase_099_top_integration_2951/HI
 phase_099_top_integration_2952/HI
 phase_099_top_integration_2953/HI
 phase_099_top_integration_2954/HI
 phase_099_top_integration_2955/HI
 phase_099_top_integration_2956/HI
 phase_099_top_integration_2957/HI
 phase_099_top_integration_2958/HI
 phase_099_top_integration_2959/HI
 phase_099_top_integration_2960/HI
 phase_099_top_integration_2961/HI
 phase_099_top_integration_2962/HI
 phase_099_top_integration_2963/HI
 phase_099_top_integration_2964/HI
 phase_099_top_integration_2965/HI
 phase_099_top_integration_2966/HI
 phase_099_top_integration_2967/HI
 phase_099_top_integration_2968/HI
 phase_099_top_integration_2969/HI
 phase_099_top_integration_2970/HI
 phase_099_top_integration_2971/HI
 phase_099_top_integration_2972/HI
 phase_099_top_integration_2973/HI
Found 0 partially unannotated drivers.

===========================================================================
max slew violation count 1324
max fanout violation count 349
max cap violation count 88
============================================================================

===========================================================================
check_setup -verbose -unconstrained_endpoints -multiple_clock -no_clock -no_input_delay -loops -generated_clocks
===========================================================================
Warning: There are 92 unconstrained endpoints.
  module_status_flags_out[10]
  module_status_flags_out[11]
  module_status_flags_out[12]
  module_status_flags_out[14]
  module_status_flags_out[15]
  module_status_flags_out[16]
  module_status_flags_out[17]
  module_status_flags_out[18]
  module_status_flags_out[19]
  module_status_flags_out[21]
  module_status_flags_out[22]
  module_status_flags_out[23]
  module_status_flags_out[24]
  module_status_flags_out[25]
  module_status_flags_out[26]
  module_status_flags_out[27]
  module_status_flags_out[28]
  module_status_flags_out[29]
  module_status_flags_out[30]
  module_status_flags_out[31]
  module_status_flags_out[32]
  module_status_flags_out[33]
  module_status_flags_out[34]
  module_status_flags_out[35]
  module_status_flags_out[36]
  module_status_flags_out[37]
  module_status_flags_out[38]
  module_status_flags_out[39]
  module_status_flags_out[3]
  module_status_flags_out[40]
  module_status_flags_out[41]
  module_status_flags_out[42]
  module_status_flags_out[43]
  module_status_flags_out[44]
  module_status_flags_out[45]
  module_status_flags_out[46]
  module_status_flags_out[47]
  module_status_flags_out[48]
  module_status_flags_out[49]
  module_status_flags_out[4]
  module_status_flags_out[50]
  module_status_flags_out[51]
  module_status_flags_out[52]
  module_status_flags_out[53]
  module_status_flags_out[54]
  module_status_flags_out[55]
  module_status_flags_out[56]
  module_status_flags_out[57]
  module_status_flags_out[58]
  module_status_flags_out[59]
  module_status_flags_out[5]
  module_status_flags_out[60]
  module_status_flags_out[61]
  module_status_flags_out[62]
  module_status_flags_out[63]
  module_status_flags_out[64]
  module_status_flags_out[65]
  module_status_flags_out[66]
  module_status_flags_out[67]
  module_status_flags_out[68]
  module_status_flags_out[69]
  module_status_flags_out[6]
  module_status_flags_out[70]
  module_status_flags_out[71]
  module_status_flags_out[72]
  module_status_flags_out[73]
  module_status_flags_out[74]
  module_status_flags_out[75]
  module_status_flags_out[76]
  module_status_flags_out[77]
  module_status_flags_out[78]
  module_status_flags_out[79]
  module_status_flags_out[7]
  module_status_flags_out[80]
  module_status_flags_out[81]
  module_status_flags_out[82]
  module_status_flags_out[83]
  module_status_flags_out[84]
  module_status_flags_out[85]
  module_status_flags_out[86]
  module_status_flags_out[87]
  module_status_flags_out[88]
  module_status_flags_out[89]
  module_status_flags_out[90]
  module_status_flags_out[91]
  module_status_flags_out[92]
  module_status_flags_out[93]
  module_status_flags_out[94]
  module_status_flags_out[95]
  module_status_flags_out[96]
  module_status_flags_out[97]
  _43579_/D
