
===========================================================================
Violator List
============================================================================
[hold in-reg] rf_adc_i_in[6] -> _43781_/D : -0.732083
[hold in-reg] rf_adc_i_in[7] -> _43782_/D : -0.672546
[hold in-reg] rf_adc_i_in[8] -> _43783_/D : -0.671658
[hold in-reg] rf_adc_i_in[12] -> _43788_/D : -0.658491
[hold in-reg] rf_adc_i_in[11] -> _43787_/D : -0.644806
[hold in-reg] rf_adc_i_in[5] -> _43780_/D : -0.618741
[hold in-reg] rf_adc_i_in[3] -> _43778_/D : -0.586736
[hold in-reg] rf_adc_i_in[4] -> _43779_/D : -0.584807
[hold in-reg] rf_adc_i_in[1] -> _43776_/D : -0.582877
[hold in-reg] rf_adc_i_in[1] -> _43777_/D : -0.578325
[hold in-reg] rf_adc_i_in[8] -> _43784_/D : -0.567277
[hold in-reg] rf_adc_i_in[9] -> _43785_/D : -0.431421
[hold in-reg] rf_adc_i_in[11] -> _43786_/D : -0.397558
[hold in-reg] rf_adc_i_in[0] -> _43775_/D : -0.377898
[hold in-reg] rf_adc_i_in[15] -> _43799_/D : -0.331635
[hold in-reg] rf_adc_i_in[13] -> _43789_/D : -0.286799
[hold in-reg] rf_adc_i_in[14] -> _43790_/D : -0.276887
[hold in-reg] rf_adc_i_in[15] -> _43798_/D : -0.174524
[hold in-reg] rf_adc_i_in[15] -> _43797_/D : -0.161439
[hold in-reg] rf_adc_i_in[15] -> _43802_/D : -0.100038
[hold in-reg] rf_adc_i_in[15] -> _43801_/D : -0.058834
[hold in-reg] rf_adc_i_in[14] -> _43791_/D : -0.044500
[setup reg-reg] _46159_/Q -> _46276_/D : -23.141714
[setup reg-reg] _46159_/Q -> _46277_/D : -23.141022
[setup reg-reg] _46159_/Q -> _46283_/D : -23.137169
[setup reg-reg] _46159_/Q -> _46279_/D : -23.136040
[setup reg-reg] _46159_/Q -> _46282_/D : -23.131985
[setup reg-reg] _46159_/Q -> _46290_/D : -23.104523
[setup reg-reg] _46159_/Q -> _46278_/D : -23.102512
[setup reg-reg] _46159_/Q -> _46286_/D : -23.083763
[setup reg-reg] _46159_/Q -> _46288_/D : -23.081018
[setup reg-reg] _46159_/Q -> _46280_/D : -23.075657
[setup reg-reg] _46159_/Q -> _46285_/D : -23.073565
[setup reg-reg] _46159_/Q -> _46281_/D : -23.073351
[setup reg-reg] _46159_/Q -> _46284_/D : -23.068371
[setup reg-reg] _46159_/Q -> _46287_/D : -23.050669
[setup reg-reg] _46159_/Q -> _46289_/D : -22.933111
[setup reg-reg] _46159_/Q -> _46248_/D : -22.786280
[setup reg-reg] _46159_/Q -> _46249_/D : -22.769722
[setup reg-reg] _46159_/Q -> _46243_/D : -22.769058
[setup reg-reg] _46159_/Q -> _46247_/D : -22.765272
[setup reg-reg] _46159_/Q -> _46244_/D : -22.755995
[setup reg-reg] _46159_/Q -> _46245_/D : -22.751198
[setup reg-reg] _46159_/Q -> _46246_/D : -22.748392
[setup reg-reg] _43517_/Q -> _43595_/D : -22.737558
[setup reg-reg] _43517_/Q -> _43577_/D : -22.686459
[setup reg-reg] _43517_/Q -> _43578_/D : -22.676945
[setup reg-reg] _46159_/Q -> _46256_/D : -22.662640
[setup reg-reg] _43517_/Q -> _43594_/D : -22.640524
[setup reg-reg] _46159_/Q -> _46254_/D : -22.620901
[setup reg-reg] _46159_/Q -> _46255_/D : -22.595148
[setup reg-reg] _46159_/Q -> _46257_/D : -22.569265
[setup reg-reg] _46159_/Q -> _46251_/D : -22.541479
[setup reg-reg] _46159_/Q -> _46253_/D : -22.540451
[setup reg-reg] _43517_/Q -> _43576_/D : -22.537893
[setup reg-reg] _46159_/Q -> _46252_/D : -22.528748
[setup reg-reg] _46159_/Q -> _46250_/D : -22.512228
[setup reg-reg] _46159_/Q -> _46258_/D : -22.416950
[setup reg-reg] _43517_/Q -> _43591_/D : -22.369225
[setup reg-reg] _43517_/Q -> _43593_/D : -22.319387
[setup reg-reg] _46159_/Q -> _46291_/D : -22.187019
[setup reg-reg] _43517_/Q -> _43575_/D : -22.171179
[setup reg-reg] _43517_/Q -> _43592_/D : -22.133354
[setup reg-reg] _43517_/Q -> _43574_/D : -21.975607
[setup reg-reg] _43517_/Q -> _43588_/D : -21.937645
[setup reg-reg] _43517_/Q -> _43590_/D : -21.931122
[setup reg-reg] _43517_/Q -> _43572_/D : -21.879398
[setup reg-reg] _43517_/Q -> _43589_/D : -21.862104
[setup reg-reg] _43517_/Q -> _43587_/D : -21.662210
[setup reg-reg] _43517_/Q -> _43573_/D : -21.653912
[setup reg-reg] _43517_/Q -> _43571_/D : -21.382910
[setup reg-reg] _43517_/Q -> _43586_/D : -21.381495
[setup reg-reg] _43517_/Q -> _43585_/D : -20.980207
[setup reg-reg] _43517_/Q -> _43570_/D : -20.865191
[setup reg-reg] _43517_/Q -> _43569_/D : -20.856028
[setup reg-reg] _43517_/Q -> _43568_/D : -20.727030
[setup reg-reg] _43517_/Q -> _43567_/D : -20.379478
[setup reg-reg] _43517_/Q -> _43584_/D : -20.304760
[setup reg-reg] _43517_/Q -> _43583_/D : -19.977964
[setup reg-reg] _43517_/Q -> _43566_/D : -19.922522
[setup reg-reg] _43517_/Q -> _43582_/D : -19.881042
[setup reg-reg] _43517_/Q -> _43565_/D : -19.712679
[setup reg-reg] _43517_/Q -> _43581_/D : -19.679863
[setup reg-reg] _43517_/Q -> _43564_/D : -19.186453
[setup reg-reg] _43517_/Q -> _43580_/D : -18.514442
[setup reg-reg] _43517_/Q -> _43563_/D : -18.465916
[setup reg-reg] _44010_/Q -> _44006_/D : -11.635825
[setup reg-reg] _44010_/Q -> _44005_/D : -11.324319
[setup reg-reg] _44010_/Q -> _44004_/D : -11.020928
[setup reg-reg] _44010_/Q -> _44003_/D : -10.706553
[setup reg-reg] _44091_/Q -> _44129_/D : -10.511490
[setup reg-reg] _43580_/Q -> _43802_/D : -10.471526
[setup reg-reg] _44091_/Q -> _44128_/D : -10.382725
[setup reg-reg] _44010_/Q -> _44002_/D : -10.339488
[setup reg-reg] _44091_/Q -> _44126_/D : -10.048032
[setup reg-reg] _43580_/Q -> _43801_/D : -10.009011
[setup reg-reg] _44091_/Q -> _44127_/D : -10.000477
[setup reg-reg] _44010_/Q -> _44001_/D : -10.000360
[setup reg-reg] _44091_/Q -> _44125_/D : -9.874322
[setup reg-reg] _43580_/Q -> _43800_/D : -9.723867
[setup reg-reg] _44091_/Q -> _44124_/D : -9.582071
[setup reg-reg] _44010_/Q -> _44000_/D : -9.556271
[setup reg-reg] _44010_/Q -> _43999_/D : -9.179830
[setup reg-reg] _43580_/Q -> _43798_/D : -9.049695
[setup reg-reg] _44091_/Q -> _44123_/D : -8.968388
[setup reg-reg] _44010_/Q -> _43998_/D : -8.872857
[setup reg-reg] _43580_/Q -> _43799_/D : -8.840567
[setup reg-reg] _43580_/Q -> _43797_/D : -8.637974
[setup reg-reg] _44010_/Q -> _43997_/D : -8.578339
[setup reg-reg] _44091_/Q -> _44122_/D : -8.377337
[setup reg-reg] _44010_/Q -> _43996_/D : -8.313672
[setup reg-reg] _44091_/Q -> _44121_/D : -8.278522
[setup reg-reg] _44179_/Q -> _43751_/D : -8.203053
[setup reg-reg] _43580_/Q -> _43796_/D : -8.201754
[setup reg-reg] _44010_/Q -> _43994_/D : -8.025506
[setup reg-reg] _43725_/Q -> _43723_/D : -8.000988
[setup reg-reg] _44091_/Q -> _44120_/D : -7.981960
[setup reg-reg] _44179_/Q -> _43750_/D : -7.891297
[setup reg-reg] _44010_/Q -> _43995_/D : -7.855745
[setup reg-reg] _43580_/Q -> _43795_/D : -7.822051
[setup reg-reg] _43725_/Q -> _43722_/D : -7.786836
[setup reg-reg] _44091_/Q -> _44119_/D : -7.763421
[setup reg-reg] _44179_/Q -> _43749_/D : -7.520970
[setup reg-reg] _44091_/Q -> _44118_/D : -7.414275
[setup reg-reg] _43725_/Q -> _43721_/D : -7.410989
[setup reg-reg] _43580_/Q -> _43794_/D : -7.409011
[setup reg-reg] _44091_/Q -> _44117_/D : -7.183711
[setup reg-reg] _43805_/Q -> _44205_/D : -7.179694
[setup reg-reg] _43805_/Q -> _43831_/D : -7.133171
[setup reg-reg] _43805_/Q -> _43830_/D : -7.077741
[setup reg-reg] _44179_/Q -> _43748_/D : -7.067235
[setup reg-reg] _43805_/Q -> _44204_/D : -7.047456
[setup reg-reg] _44010_/Q -> _43993_/D : -7.030003
[setup reg-reg] _43580_/Q -> _43793_/D : -7.023006
[setup reg-reg] _44010_/Q -> _43992_/D : -7.012928
[setup reg-reg] _43725_/Q -> _43720_/D : -6.958967
[setup reg-reg] _44091_/Q -> _44116_/D : -6.937543
[setup reg-reg] _43597_/Q -> _43695_/D : -6.843396
[setup reg-reg] _43805_/Q -> _44203_/D : -6.825652
[setup reg-reg] _44179_/Q -> _43747_/D : -6.791277
[setup reg-reg] _43805_/Q -> _43829_/D : -6.751765
[setup reg-reg] _44010_/Q -> _43991_/D : -6.671443
[setup reg-reg] _43725_/Q -> _43719_/D : -6.632368
[setup reg-reg] _43597_/Q -> _43694_/D : -6.601576
[setup reg-reg] _43580_/Q -> _43792_/D : -6.587729
[setup reg-reg] _44091_/Q -> _44114_/D : -6.538318
[setup reg-reg] _43805_/Q -> _44202_/D : -6.490684
[setup reg-reg] _43805_/Q -> _43828_/D : -6.454956
[setup reg-reg] _44091_/Q -> _44115_/D : -6.392918
[setup reg-reg] _44179_/Q -> _43746_/D : -6.382873
[setup reg-reg] _43725_/Q -> _43718_/D : -6.274791
[setup reg-reg] _43597_/Q -> _43693_/D : -6.180105
[setup reg-reg] _43580_/Q -> _43790_/D : -6.143103
[setup reg-reg] _44179_/Q -> _43745_/D : -6.135036
[setup reg-reg] _44091_/Q -> _44113_/D : -6.132043
[setup reg-reg] _43580_/Q -> _43789_/D : -6.064475
[setup reg-reg] _43805_/Q -> _44201_/D : -6.061348
[setup reg-reg] _43580_/Q -> _43791_/D : -6.043067
[setup reg-reg] _43725_/Q -> _43717_/D : -6.040545
[setup reg-reg] _43805_/Q -> _43827_/D : -5.935379
[setup reg-reg] _43805_/Q -> _44200_/D : -5.911645
[setup reg-reg] _43597_/Q -> _43692_/D : -5.889931
[setup reg-reg] _44010_/Q -> _43990_/D : -5.885782
[setup reg-reg] _43805_/Q -> _43826_/D : -5.866959
[setup reg-reg] _44179_/Q -> _43744_/D : -5.734514
[setup reg-reg] _43597_/Q -> _43691_/D : -5.725697
[setup reg-reg] _43805_/Q -> _44199_/D : -5.693810
[setup reg-reg] _44091_/Q -> _44112_/D : -5.614512
[setup reg-reg] _43725_/Q -> _43716_/D : -5.614174
[setup reg-reg] _43805_/Q -> _43825_/D : -5.603841
[setup reg-reg] _44010_/Q -> _43988_/D : -5.498065
[setup reg-reg] _44010_/Q -> _43989_/D : -5.427713
[setup reg-reg] _44179_/Q -> _43743_/D : -5.420098
[setup reg-reg] _43597_/Q -> _43690_/D : -5.357832
[setup reg-reg] _43805_/Q -> _44198_/D : -5.346776
[setup reg-reg] _44091_/Q -> _44111_/D : -5.281540
[setup reg-reg] _43725_/Q -> _43715_/D : -5.268601
[setup reg-reg] _43805_/Q -> _43824_/D : -5.257502
[setup reg-reg] _43580_/Q -> _43788_/D : -5.124946
[setup reg-reg] _43805_/Q -> _44197_/D : -5.096302
[setup reg-reg] _43805_/Q -> _43823_/D : -5.011511
[setup reg-reg] _44179_/Q -> _43742_/D : -4.963211
[setup reg-reg] _44010_/Q -> _43987_/D : -4.946599
[setup reg-reg] _43725_/Q -> _43714_/D : -4.885610
[setup reg-reg] _43597_/Q -> _43689_/D : -4.873420
[setup reg-reg] _43805_/Q -> _44196_/D : -4.810467
[setup reg-reg] _44010_/Q -> _43986_/D : -4.792119
[setup reg-reg] _44091_/Q -> _44110_/D : -4.728604
[setup reg-reg] _43805_/Q -> _43822_/D : -4.705105
[setup reg-reg] _43580_/Q -> _43787_/D : -4.703359
[setup reg-reg] _44179_/Q -> _43741_/D : -4.691875
[setup reg-reg] _43495_/Q -> _43525_/D : -4.618480
[setup reg-reg] _43580_/Q -> _43786_/D : -4.569263
[setup reg-reg] _43725_/Q -> _43713_/D : -4.529057
[setup reg-reg] _43495_/Q -> _43522_/D : -4.527736
[setup reg-reg] _44091_/Q -> _44109_/D : -4.512567
[setup reg-reg] _43805_/Q -> _43821_/D : -4.461837
[setup reg-reg] _43495_/Q -> _43524_/D : -4.454717
[setup reg-reg] _43913_/Q -> _44024_/D : -4.433906
[setup reg-reg] _43597_/Q -> _43688_/D : -4.371941
[setup reg-reg] _44010_/Q -> _43985_/D : -4.362173
[setup reg-reg] _43805_/Q -> _44195_/D : -4.355783
[setup reg-reg] _44179_/Q -> _43740_/D : -4.254509
[setup reg-reg] _43597_/Q -> _43687_/D : -4.232440
[setup reg-reg] _44091_/Q -> _44108_/D : -4.224638
[setup reg-reg] _43725_/Q -> _43712_/D : -4.189647
[setup reg-reg] _43805_/Q -> _44194_/D : -4.179128
[setup reg-reg] _43495_/Q -> _43523_/D : -4.173026
[setup reg-reg] _43580_/Q -> _43785_/D : -4.147500
[setup reg-reg] _43805_/Q -> _43820_/D : -4.142484
[setup reg-reg] _43495_/Q -> _43518_/D : -4.126726
[setup reg-reg] _43913_/Q -> _44023_/D : -4.020514
[setup reg-reg] _43495_/Q -> _43521_/D : -3.996526
[setup reg-reg] _43495_/Q -> _43517_/D : -3.988379
[setup reg-reg] _43495_/Q -> _43520_/D : -3.955992
[setup reg-reg] _44091_/Q -> _44107_/D : -3.949707
[setup reg-reg] _43913_/Q -> _44025_/D : -3.925885
[setup reg-reg] _43805_/Q -> _44193_/D : -3.925551
[setup reg-reg] _43805_/Q -> _43819_/D : -3.895840
[setup reg-reg] _43725_/Q -> _43711_/D : -3.891435
[setup reg-reg] _44010_/Q -> _43984_/D : -3.852062
[setup reg-reg] _44179_/Q -> _43739_/D : -3.851166
[setup reg-reg] _43580_/Q -> _43784_/D : -3.782320
[setup reg-reg] _43597_/Q -> _43686_/D : -3.725943
[setup reg-reg] _43495_/Q -> _43516_/D : -3.669877
[setup reg-reg] _44091_/Q -> _44106_/D : -3.652247
[setup reg-reg] _43725_/Q -> _43710_/D : -3.633498
[setup reg-reg] _43495_/Q -> _43519_/D : -3.612601
[setup reg-reg] _43805_/Q -> _43818_/D : -3.540564
[setup reg-reg] _43805_/Q -> _44192_/D : -3.490762
[setup reg-reg] _44179_/Q -> _43738_/D : -3.458578
[setup reg-reg] _43495_/Q -> _43515_/D : -3.417255
[setup reg-reg] _43597_/Q -> _43685_/D : -3.407804
[setup reg-reg] _46340_/Q -> _43557_/D : -3.401348
[setup reg-reg] _43725_/Q -> _43709_/D : -3.384125
[setup reg-reg] _44091_/Q -> _44105_/D : -3.288552
[setup reg-reg] _43580_/Q -> _43783_/D : -3.196226
[setup reg-reg] _44179_/Q -> _43737_/D : -3.134659
[setup reg-reg] _43495_/Q -> _43514_/D : -3.094023
[setup reg-reg] _43597_/Q -> _43684_/D : -3.034855
[setup reg-reg] _43913_/Q -> _44022_/D : -3.010949
[setup reg-reg] _46340_/Q -> _43556_/D : -3.004292
[setup reg-reg] _44010_/Q -> _43983_/D : -2.986319
[setup reg-reg] _43495_/Q -> _43513_/D : -2.876053
[setup reg-reg] _43725_/Q -> _43708_/D : -2.859903
[setup reg-reg] _44091_/Q -> _44104_/D : -2.854989
[setup reg-reg] _44179_/Q -> _43736_/D : -2.841327
[setup reg-reg] _46344_/Q -> _43541_/D : -2.789253
[setup reg-reg] _44179_/Q -> _44191_/D : -2.700813
[setup reg-reg] _46340_/Q -> _43555_/D : -2.690371
[setup reg-reg] _43597_/Q -> _43683_/D : -2.686059
[setup reg-reg] _43913_/Q -> _44021_/D : -2.667090
[setup reg-reg] _44012_/Q -> _43982_/D : -2.664981
[setup reg-reg] _43580_/Q -> _43782_/D : -2.641115
[setup reg-reg] _46344_/Q -> _43540_/D : -2.524629
[setup reg-reg] _44179_/Q -> _43735_/D : -2.520920
[setup reg-reg] _44091_/Q -> _44103_/D : -2.490257
[setup reg-reg] _43805_/Q -> _43816_/D : -2.471063
[setup reg-reg] _44179_/Q -> _44190_/D : -2.429587
[setup reg-reg] _43597_/Q -> _43682_/D : -2.424478
[setup reg-reg] _43805_/Q -> _43817_/D : -2.401903
[setup reg-reg] _43495_/Q -> _43512_/D : -2.392870
[setup reg-reg] _44179_/Q -> _43734_/D : -2.268483
[setup reg-reg] _46340_/Q -> _43554_/D : -2.252912
[setup reg-reg] _44012_/Q -> _43981_/D : -2.214438
[setup reg-reg] _46344_/Q -> _43539_/D : -2.134838
[setup reg-reg] _44091_/Q -> _44102_/D : -2.129763
[setup reg-reg] _43725_/Q -> _43707_/D : -2.126796
[setup reg-reg] _43495_/Q -> _43511_/D : -2.126279
[setup reg-reg] _43580_/Q -> _43781_/D : -2.061103
[setup reg-reg] _44179_/Q -> _44189_/D : -2.045964
[setup reg-reg] _46340_/Q -> _43553_/D : -1.973264
[setup reg-reg] _43913_/Q -> _44020_/D : -1.962980
[setup reg-reg] _46344_/Q -> _43538_/D : -1.944781
[setup reg-reg] _46117_/Q -> _44568_/D : -1.934183
[setup reg-reg] _43495_/Q -> _43510_/D : -1.905571
[setup reg-reg] _43597_/Q -> _43681_/D : -1.896694
[setup reg-reg] _44179_/Q -> _43733_/D : -1.862186
[setup reg-reg] _44179_/Q -> _44188_/D : -1.757679
[setup reg-reg] _44091_/Q -> _44101_/D : -1.751350
[setup reg-reg] _46117_/Q -> _44572_/D : -1.729148
[setup reg-reg] _43805_/Q -> _43815_/D : -1.682869
[setup reg-reg] _43725_/Q -> _43706_/D : -1.645539
[setup reg-reg] _46117_/Q -> _46091_/D : -1.622160
[setup reg-reg] _43913_/Q -> _44019_/D : -1.616587
[setup reg-reg] _46117_/Q -> _44571_/D : -1.615355
[setup reg-reg] _46117_/Q -> _44567_/D : -1.614143
[setup reg-reg] _46344_/Q -> _43537_/D : -1.604732
[setup reg-reg] _46117_/Q -> _44573_/D : -1.596880
[setup reg-reg] _46117_/Q -> _44577_/D : -1.592560
[setup reg-reg] _43580_/Q -> _43780_/D : -1.585015
[setup reg-reg] _46117_/Q -> _44566_/D : -1.584716
[setup reg-reg] _46117_/Q -> _46088_/D : -1.582188
[setup reg-reg] _46117_/Q -> _44576_/D : -1.571089
[setup reg-reg] _46117_/Q -> _44534_/D : -1.570140
[setup reg-reg] _46120_/Q -> _44376_/D : -1.563556
[setup reg-reg] _46120_/Q -> _44375_/D : -1.557558
[setup reg-reg] _46120_/Q -> _44380_/D : -1.551429
[setup reg-reg] _46340_/Q -> _43552_/D : -1.525335
[setup reg-reg] _43495_/Q -> _43509_/D : -1.516492
[setup reg-reg] _46120_/Q -> _45461_/D : -1.486002
[setup reg-reg] _46344_/Q -> _43536_/D : -1.478194
[setup reg-reg] _46120_/Q -> _44384_/D : -1.472398
[setup reg-reg] _46120_/Q -> _44379_/D : -1.468338
[setup reg-reg] _46120_/Q -> _44945_/D : -1.467607
[setup reg-reg] _46120_/Q -> _45471_/D : -1.466358
[setup reg-reg] _46120_/Q -> _45320_/D : -1.465161
[setup reg-reg] _43597_/Q -> _43680_/D : -1.460440
[setup reg-reg] _46120_/Q -> _45317_/D : -1.455442
[setup reg-reg] _46120_/Q -> _45475_/D : -1.453908
[setup reg-reg] _46117_/Q -> _44538_/D : -1.452048
[setup reg-reg] _46120_/Q -> _45465_/D : -1.448899
[setup reg-reg] _46117_/Q -> _45240_/D : -1.448643
[setup reg-reg] _46120_/Q -> _45327_/D : -1.447965
[setup reg-reg] _46120_/Q -> _44402_/D : -1.441086
[setup reg-reg] _46120_/Q -> _45476_/D : -1.439119
[setup reg-reg] _46120_/Q -> _45300_/D : -1.437982
[setup reg-reg] _46117_/Q -> _44539_/D : -1.436684
[setup reg-reg] _46120_/Q -> _44948_/D : -1.434418
[setup reg-reg] _46120_/Q -> _45325_/D : -1.431756
[setup reg-reg] _46120_/Q -> _45473_/D : -1.430447
[setup reg-reg] _46120_/Q -> _45326_/D : -1.429501
[setup reg-reg] _46120_/Q -> _45474_/D : -1.427953
[setup reg-reg] _46120_/Q -> _44374_/D : -1.427164
[setup reg-reg] _46120_/Q -> _45318_/D : -1.426602
[setup reg-reg] _46120_/Q -> _44396_/D : -1.425132
[setup reg-reg] _46120_/Q -> _45319_/D : -1.424628
[setup reg-reg] _46117_/Q -> _44533_/D : -1.421802
[setup reg-reg] _46120_/Q -> _45322_/D : -1.418850
[setup reg-reg] _46120_/Q -> _44404_/D : -1.414271
[setup reg-reg] _46120_/Q -> _44381_/D : -1.413611
[setup reg-reg] _46120_/Q -> _44389_/D : -1.413398
[setup reg-reg] _46120_/Q -> _44399_/D : -1.412255
[setup reg-reg] _44091_/Q -> _44100_/D : -1.409971
[setup reg-reg] _44179_/Q -> _44187_/D : -1.407069
[setup reg-reg] _46117_/Q -> _44545_/D : -1.406264
[setup reg-reg] _46120_/Q -> _45297_/D : -1.405507
[setup reg-reg] _46117_/Q -> _44548_/D : -1.403742
[setup reg-reg] _46117_/Q -> _45243_/D : -1.402341
[setup reg-reg] _46120_/Q -> _44401_/D : -1.401107
[setup reg-reg] _46120_/Q -> _44329_/D : -1.398895
[setup reg-reg] _46120_/Q -> _45472_/D : -1.397382
[setup reg-reg] _46120_/Q -> _44398_/D : -1.392772
[setup reg-reg] _46120_/Q -> _46059_/D : -1.389012
[setup reg-reg] _46120_/Q -> _44403_/D : -1.386925
[setup reg-reg] _46120_/Q -> _44327_/D : -1.383060
[setup reg-reg] _46120_/Q -> _44373_/D : -1.382959
[setup reg-reg] _46120_/Q -> _44382_/D : -1.380980
[setup reg-reg] _46120_/Q -> _46056_/D : -1.378946
[setup reg-reg] _46117_/Q -> _45252_/D : -1.371853
[setup reg-reg] _46120_/Q -> _46067_/D : -1.369769
[setup reg-reg] _46117_/Q -> _44547_/D : -1.369000
[setup reg-reg] _46120_/Q -> _46061_/D : -1.363541
[setup reg-reg] _46120_/Q -> _46066_/D : -1.362570
[setup reg-reg] _46120_/Q -> _46054_/D : -1.356738
[setup reg-reg] _46120_/Q -> _46055_/D : -1.355962
[setup reg-reg] _46120_/Q -> _46057_/D : -1.355621
[setup reg-reg] _46120_/Q -> _46064_/D : -1.351229
[setup reg-reg] _46120_/Q -> _46062_/D : -1.351137
[setup reg-reg] _46120_/Q -> _46053_/D : -1.349840
[setup reg-reg] _46120_/Q -> _44521_/D : -1.343837
[setup reg-reg] _46120_/Q -> _44522_/D : -1.343596
[setup reg-reg] _46120_/Q -> _46063_/D : -1.342421
[setup reg-reg] _46120_/Q -> _44383_/D : -1.342415
[setup reg-reg] _46120_/Q -> _44525_/D : -1.341215
[setup reg-reg] _43495_/Q -> _43508_/D : -1.338376
[setup reg-reg] _46120_/Q -> _46060_/D : -1.337644
[setup reg-reg] _46120_/Q -> _46068_/D : -1.331848
[setup reg-reg] _46120_/Q -> _44520_/D : -1.327265
[setup reg-reg] _46120_/Q -> _44519_/D : -1.312182
[setup reg-reg] _43805_/Q -> _43814_/D : -1.305551
[setup reg-reg] _43913_/Q -> _44018_/D : -1.290557
[setup reg-reg] _46120_/Q -> _44517_/D : -1.274174
[setup reg-reg] _46120_/Q -> _46058_/D : -1.270190
[setup reg-reg] _46120_/Q -> _45945_/D : -1.267388
[setup reg-reg] _46117_/Q -> _45820_/D : -1.259492
[setup reg-reg] _46120_/Q -> _44524_/D : -1.257513
[setup reg-reg] _46120_/Q -> _45674_/D : -1.246275
[setup reg-reg] _46120_/Q -> _45944_/D : -1.238091
[setup reg-reg] _46117_/Q -> _45814_/D : -1.233202
[setup reg-reg] _46117_/Q -> _45817_/D : -1.231607
[setup reg-reg] _46117_/Q -> _44286_/D : -1.231555
[setup reg-reg] _46120_/Q -> _45952_/D : -1.230999
[setup reg-reg] _46120_/Q -> _44530_/D : -1.229338
[setup reg-reg] _46120_/Q -> _45950_/D : -1.226419
[setup reg-reg] _46120_/Q -> _44532_/D : -1.226328
[setup reg-reg] _46120_/Q -> _46065_/D : -1.218132
[setup reg-reg] _46120_/Q -> _45949_/D : -1.216832
[setup reg-reg] _46117_/Q -> _45821_/D : -1.210893
[setup reg-reg] _46117_/Q -> _45822_/D : -1.206604
[setup reg-reg] _46117_/Q -> _45816_/D : -1.202109
[setup reg-reg] _46120_/Q -> _44531_/D : -1.200703
[setup reg-reg] _46117_/Q -> _45815_/D : -1.199416
[setup reg-reg] _46120_/Q -> _44526_/D : -1.197122
[setup reg-out] _44223_/Q -> module_status_flags_out[1] : -1.195860
[setup reg-reg] _46120_/Q -> _45946_/D : -1.193207
[setup reg-reg] _46120_/Q -> _44527_/D : -1.181342
[setup reg-reg] _46120_/Q -> _45943_/D : -1.171212
[setup reg-reg] _46117_/Q -> _45818_/D : -1.170577
[setup reg-reg] _46159_/Q -> _46161_/D : -1.162023
[setup reg-reg] _46120_/Q -> _45941_/D : -1.148679
[setup reg-reg] _46117_/Q -> _45819_/D : -1.148394
[setup reg-reg] _46120_/Q -> _45947_/D : -1.144307
[setup reg-reg] _46340_/Q -> _43551_/D : -1.139219
[setup reg-reg] _43803_/Q -> _43960_/D : -1.115722
[setup reg-reg] _43725_/Q -> _43705_/D : -1.112786
[setup reg-reg] _46344_/Q -> _43535_/D : -1.099198
[setup reg-reg] _43803_/Q -> _43945_/D : -1.094801
[setup reg-reg] _46120_/Q -> _45975_/D : -1.086033
[setup reg-reg] _46117_/Q -> _44863_/D : -1.085859
[setup reg-reg] _46120_/Q -> _45974_/D : -1.076947
[setup reg-reg] _43803_/Q -> _44221_/D : -1.069184
[setup reg-reg] _46117_/Q -> _44855_/D : -1.068239
[setup reg-reg] _46120_/Q -> _45976_/D : -1.063857
[setup reg-reg] _46117_/Q -> _45687_/D : -1.060728
[setup reg-reg] _43803_/Q -> _44161_/D : -1.051419
[setup reg-reg] _44223_/Q -> _45093_/D : -1.049874
[setup reg-reg] _46117_/Q -> _44859_/D : -1.046407
[setup reg-reg] _46117_/Q -> _44856_/D : -1.043408
[setup reg-reg] _46117_/Q -> _45699_/D : -1.040303
[setup reg-reg] _44223_/Q -> _45097_/D : -1.038420
[setup reg-reg] _46117_/Q -> _45730_/D : -1.037691
[setup reg-reg] _44223_/Q -> _45100_/D : -1.030571
[setup reg-reg] _43803_/Q -> _43894_/D : -1.028943
[setup reg-reg] _46120_/Q -> _45979_/D : -1.028771
[setup reg-reg] _44223_/Q -> _45105_/D : -1.027898
[setup reg-reg] _43803_/Q -> _44040_/D : -1.027605
[setup reg-reg] _44010_/Q -> _43980_/D : -1.025355
[setup reg-reg] _46117_/Q -> _44861_/D : -1.025196
[setup reg-reg] _46120_/Q -> _44784_/D : -1.022515
[setup reg-reg] _46117_/Q -> _44857_/D : -1.018973
[setup reg-reg] _44223_/Q -> _45560_/D : -1.017180
[setup reg-reg] _44223_/Q -> _45563_/D : -1.014342
[setup reg-reg] _46117_/Q -> _44853_/D : -1.011675
[setup reg-reg] _46117_/Q -> _44866_/D : -1.011662
[setup reg-reg] _46117_/Q -> _44867_/D : -1.011521
[setup reg-reg] _44223_/Q -> _45585_/D : -1.006446
[setup reg-reg] _46117_/Q -> _46094_/D : -1.006095
[setup reg-reg] _46120_/Q -> _44786_/D : -1.004056
[setup reg-reg] _44223_/Q -> _45588_/D : -1.004023
[setup reg-reg] _46117_/Q -> _46087_/D : -1.003526
[setup reg-reg] _46120_/Q -> _46125_/D : -1.000015
[setup reg-reg] _44223_/Q -> _44901_/D : -0.998702
[setup reg-reg] _46117_/Q -> _46096_/D : -0.998701
[setup reg-reg] _46117_/Q -> _44862_/D : -0.998664
[setup reg-reg] _44223_/Q -> _45433_/D : -0.996069
[setup reg-reg] _44223_/Q -> _45108_/D : -0.994479
[setup reg-reg] _46120_/Q -> _44780_/D : -0.994474
[setup reg-reg] _44114_/Q -> _44170_/D : -0.994301
[setup reg-reg] _46117_/Q -> _46089_/D : -0.993629
[setup reg-reg] _44223_/Q -> _45153_/D : -0.992959
[setup reg-reg] _44223_/Q -> _45107_/D : -0.991408
[setup reg-reg] _46117_/Q -> _45700_/D : -0.989320
[setup reg-reg] _44114_/Q -> _44174_/D : -0.989299
[setup reg-reg] _46120_/Q -> _44775_/D : -0.988718
[setup reg-reg] _46120_/Q -> _44774_/D : -0.988476
[setup reg-reg] _46117_/Q -> _46213_/D : -0.987886
[setup reg-reg] _46120_/Q -> _44939_/D : -0.987463
[setup reg-reg] _44223_/Q -> _45106_/D : -0.987319
[setup reg-reg] _46120_/Q -> _44783_/D : -0.986723
[setup reg-reg] _46117_/Q -> _45723_/D : -0.985394
[setup reg-reg] _46117_/Q -> _44854_/D : -0.983763
[setup reg-reg] _46120_/Q -> _44773_/D : -0.982000
[setup reg-reg] _46117_/Q -> _46217_/D : -0.980762
[setup reg-reg] _44114_/Q -> _44169_/D : -0.980706
[setup reg-reg] _44114_/Q -> _44171_/D : -0.980658
[setup reg-reg] _46117_/Q -> _44860_/D : -0.980330
[setup reg-reg] _46117_/Q -> _46092_/D : -0.979362
[setup reg-reg] _44223_/Q -> _45103_/D : -0.979295
[setup reg-reg] _46120_/Q -> _44785_/D : -0.978249
[setup reg-reg] _46117_/Q -> _45724_/D : -0.978033
[setup reg-reg] _46117_/Q -> _45726_/D : -0.977140
[setup reg-reg] _46117_/Q -> _46097_/D : -0.975450
[setup reg-reg] _46117_/Q -> _45728_/D : -0.974001
[setup reg-reg] _46120_/Q -> _46137_/D : -0.971816
[setup reg-reg] _44223_/Q -> _45567_/D : -0.971784
[setup reg-reg] _46117_/Q -> _45731_/D : -0.971784
[setup reg-reg] _44223_/Q -> _45430_/D : -0.971608
[setup reg-reg] _46117_/Q -> _44569_/D : -0.971512
[setup reg-reg] _44114_/Q -> _44164_/D : -0.971221
[setup reg-reg] _46117_/Q -> _45692_/D : -0.971220
[setup reg-reg] _46117_/Q -> _45729_/D : -0.970987
[setup reg-reg] _46117_/Q -> _44579_/D : -0.970963
[setup reg-reg] _46117_/Q -> _46085_/D : -0.970220
[setup reg-reg] _46117_/Q -> _46093_/D : -0.970034
[setup reg-reg] _44223_/Q -> _45566_/D : -0.969525
[setup reg-reg] _44223_/Q -> _44916_/D : -0.969390
[setup reg-reg] _46120_/Q -> _44782_/D : -0.968311
[setup reg-reg] _46117_/Q -> _46218_/D : -0.967990
[setup reg-reg] _44114_/Q -> _44163_/D : -0.967849
[setup reg-reg] _46117_/Q -> _44864_/D : -0.966826
[setup reg-reg] _44223_/Q -> _45557_/D : -0.966717
[setup reg-reg] _46117_/Q -> _45720_/D : -0.966581
[setup reg-reg] _44223_/Q -> _44302_/D : -0.965461
[setup reg-reg] _46117_/Q -> _46210_/D : -0.965366
[setup reg-reg] _44223_/Q -> _45558_/D : -0.965285
[setup reg-reg] _46117_/Q -> _45725_/D : -0.965056
[setup reg-reg] _46117_/Q -> _46099_/D : -0.965040
[setup reg-reg] _46117_/Q -> _45685_/D : -0.964930
[setup reg-reg] _46120_/Q -> _45715_/D : -0.961578
[setup reg-reg] _46120_/Q -> _44779_/D : -0.961253
[setup reg-reg] _44223_/Q -> _44908_/D : -0.959068
[setup reg-reg] _46117_/Q -> _45698_/D : -0.958820
[setup reg-reg] _44114_/Q -> _44165_/D : -0.958521
[setup reg-reg] _44091_/Q -> _44099_/D : -0.958420
[setup reg-reg] _46117_/Q -> _46095_/D : -0.958196
[setup reg-reg] _44223_/Q -> _44914_/D : -0.956843
[setup reg-reg] _44223_/Q -> _45436_/D : -0.956750
[setup reg-reg] _43803_/Q -> _43879_/D : -0.956433
[setup reg-reg] _46120_/Q -> _44787_/D : -0.955941
[setup reg-reg] _46120_/Q -> _44385_/D : -0.955583
[setup reg-reg] _44223_/Q -> _45439_/D : -0.955032
[setup reg-reg] _44114_/Q -> _44162_/D : -0.954606
[setup reg-reg] _46120_/Q -> _45714_/D : -0.954000
[setup reg-reg] _46117_/Q -> _46215_/D : -0.952492
[setup reg-reg] _46120_/Q -> _45982_/D : -0.952081
[setup reg-reg] _44223_/Q -> _45437_/D : -0.951824
[setup reg-reg] _44114_/Q -> _44168_/D : -0.951788
[setup reg-reg] _46117_/Q -> _46086_/D : -0.951660
[setup reg-reg] _46120_/Q -> _44778_/D : -0.951230
[setup reg-reg] _44223_/Q -> _45559_/D : -0.951133
[setup reg-reg] _46120_/Q -> _44936_/D : -0.951030
[setup reg-reg] _46120_/Q -> _45323_/D : -0.950759
[setup reg-reg] _44223_/Q -> _44915_/D : -0.950742
[setup reg-reg] _43803_/Q -> _44076_/D : -0.949369
[setup reg-reg] _46120_/Q -> _44781_/D : -0.948534
[setup reg-reg] _46120_/Q -> _44777_/D : -0.948398
[setup reg-reg] _44223_/Q -> _44913_/D : -0.947399
[setup reg-reg] _46117_/Q -> _45727_/D : -0.946535
[setup reg-reg] _46117_/Q -> _45717_/D : -0.946287
[setup reg-reg] _44223_/Q -> _44905_/D : -0.945145
[setup reg-reg] _46117_/Q -> _45722_/D : -0.944969
[setup reg-reg] _46117_/Q -> _46100_/D : -0.944929
[setup reg-reg] _44223_/Q -> _44911_/D : -0.944921
[setup reg-reg] _46117_/Q -> _46222_/D : -0.944619
[setup reg-reg] _44114_/Q -> _44176_/D : -0.944553
[setup reg-reg] _44114_/Q -> _44166_/D : -0.944453
[setup reg-reg] _44223_/Q -> _45429_/D : -0.943754
[setup reg-reg] _44114_/Q -> _44172_/D : -0.943706
[setup reg-reg] _44114_/Q -> _44167_/D : -0.943540
[setup reg-reg] _44223_/Q -> _45156_/D : -0.943203
[setup reg-reg] _46117_/Q -> _46098_/D : -0.941712
[setup reg-reg] _46120_/Q -> _44776_/D : -0.940955
[setup reg-reg] _44179_/Q -> _44186_/D : -0.940331
[setup reg-reg] _46120_/Q -> _46135_/D : -0.936778
[setup reg-reg] _46117_/Q -> _46219_/D : -0.935543
[setup reg-reg] _44223_/Q -> _45438_/D : -0.935323
[setup reg-reg] _44223_/Q -> _44873_/D : -0.933547
[setup reg-reg] _44114_/Q -> _44175_/D : -0.933333
[setup reg-reg] _44114_/Q -> _44173_/D : -0.932786
[setup reg-reg] _46117_/Q -> _45718_/D : -0.932781
[setup reg-reg] _46120_/Q -> _45328_/D : -0.932237
[setup reg-reg] _44223_/Q -> _44878_/D : -0.931652
[setup reg-reg] _44223_/Q -> _44297_/D : -0.930580
[setup reg-reg] _46120_/Q -> _45977_/D : -0.930470
[setup reg-reg] _46117_/Q -> _46216_/D : -0.927807
[setup reg-reg] _46117_/Q -> _46212_/D : -0.927187
[setup reg-reg] _46120_/Q -> _46138_/D : -0.927183
[setup reg-reg] _46117_/Q -> _45721_/D : -0.925470
[setup reg-reg] _46120_/Q -> _45716_/D : -0.925275
[setup reg-reg] _46120_/Q -> _45922_/D : -0.923925
[setup reg-reg] _46120_/Q -> _44942_/D : -0.923461
[setup reg-reg] _46117_/Q -> _46214_/D : -0.923268
[setup reg-reg] _46120_/Q -> _46123_/D : -0.921891
[setup reg-reg] _44223_/Q -> _45562_/D : -0.921143
[setup reg-reg] _46120_/Q -> _44940_/D : -0.920476
[setup reg-reg] _46117_/Q -> _46223_/D : -0.919291
[setup reg-reg] _46120_/Q -> _45708_/D : -0.918464
[setup reg-reg] _46120_/Q -> _45986_/D : -0.918132
[setup reg-reg] _46117_/Q -> _46221_/D : -0.917117
[setup reg-reg] _46117_/Q -> _45719_/D : -0.916555
[setup reg-reg] _46120_/Q -> _45467_/D : -0.914841
[setup reg-reg] _46120_/Q -> _46134_/D : -0.914385
[setup reg-reg] _46120_/Q -> _45464_/D : -0.914181
[setup reg-reg] _46120_/Q -> _45978_/D : -0.914080
[setup reg-reg] _46120_/Q -> _44935_/D : -0.913916
[setup reg-reg] _46120_/Q -> _44946_/D : -0.913720
[setup reg-reg] _46117_/Q -> _44570_/D : -0.912873
[setup reg-reg] _46120_/Q -> _45981_/D : -0.909768
[setup reg-reg] _46120_/Q -> _46128_/D : -0.909645
[setup reg-reg] _46117_/Q -> _46211_/D : -0.909618
[setup reg-reg] _46120_/Q -> _45712_/D : -0.909179
[setup reg-reg] _46120_/Q -> _45988_/D : -0.907129
[setup reg-reg] _46117_/Q -> _44578_/D : -0.905994
[setup reg-reg] _46117_/Q -> _44580_/D : -0.905201
[setup reg-reg] _46120_/Q -> _45984_/D : -0.904387
[setup reg-reg] _46117_/Q -> _44574_/D : -0.904357
[setup reg-reg] _46120_/Q -> _45985_/D : -0.904118
[setup reg-reg] _46120_/Q -> _45329_/D : -0.903643
[setup reg-reg] _46117_/Q -> _46011_/D : -0.902739
[setup reg-reg] _46120_/Q -> _44944_/D : -0.902578
[setup reg-reg] _46120_/Q -> _45330_/D : -0.902379
[setup reg-reg] _46120_/Q -> _44934_/D : -0.901713
[setup reg-reg] _46120_/Q -> _46126_/D : -0.900353
[setup reg-reg] _46120_/Q -> _45920_/D : -0.898540
[setup reg-reg] _46120_/Q -> _46127_/D : -0.897803
[setup reg-reg] _46120_/Q -> _45973_/D : -0.897509
[setup reg-reg] _46340_/Q -> _43550_/D : -0.897484
[setup reg-reg] _46117_/Q -> _44565_/D : -0.896977
[setup reg-reg] _46120_/Q -> _45912_/D : -0.895956
[setup reg-reg] _46120_/Q -> _44943_/D : -0.894977
[setup reg-reg] _46120_/Q -> _45466_/D : -0.894273
[setup reg-reg] _46120_/Q -> _46133_/D : -0.892994
[setup reg-reg] _46120_/Q -> _45324_/D : -0.891115
[setup reg-reg] _43776_/Q -> _43813_/D : -0.891007
[setup reg-reg] _46120_/Q -> _44788_/D : -0.889666
[setup reg-reg] _46120_/Q -> _45704_/D : -0.886431
[setup reg-reg] _46120_/Q -> _44937_/D : -0.884419
[setup reg-reg] _46120_/Q -> _44325_/D : -0.883413
[setup reg-reg] _46120_/Q -> _46130_/D : -0.882957
[setup reg-reg] _46117_/Q -> _46090_/D : -0.881809
[setup reg-reg] _46120_/Q -> _46136_/D : -0.881220
[setup reg-reg] _46120_/Q -> _45911_/D : -0.880988
[setup reg-reg] _46120_/Q -> _46132_/D : -0.880901
[setup reg-reg] _43913_/Q -> _44017_/D : -0.879969
[setup reg-reg] _44223_/Q -> _44303_/D : -0.879960
[setup reg-reg] _46120_/Q -> _45713_/D : -0.879007
[setup reg-reg] _46117_/Q -> _45695_/D : -0.877833
[setup reg-reg] _46117_/Q -> _44536_/D : -0.877355
[setup reg-reg] _44179_/Q -> _43732_/D : -0.874288
[setup reg-reg] _46120_/Q -> _44947_/D : -0.874191
[setup reg-reg] _46120_/Q -> _45987_/D : -0.873517
[setup reg-reg] _46117_/Q -> _45688_/D : -0.872872
[setup reg-reg] _46120_/Q -> _46129_/D : -0.871114
[setup reg-reg] _46120_/Q -> _45331_/D : -0.869815
[setup reg-reg] _46120_/Q -> _44933_/D : -0.869174
[setup reg-reg] _46120_/Q -> _45980_/D : -0.868621
[setup reg-reg] _46120_/Q -> _45918_/D : -0.868429
[setup reg-reg] _46120_/Q -> _45707_/D : -0.868244
[setup reg-reg] _46120_/Q -> _44378_/D : -0.866849
[setup reg-reg] _46117_/Q -> _45696_/D : -0.866668
[setup reg-reg] _46120_/Q -> _46124_/D : -0.865789
[setup reg-reg] _46117_/Q -> _45693_/D : -0.864893
[setup reg-reg] _46120_/Q -> _45917_/D : -0.864598
[setup reg-reg] _46120_/Q -> _45296_/D : -0.863666
[setup reg-reg] _46117_/Q -> _46005_/D : -0.861096
[setup reg-reg] _46120_/Q -> _45909_/D : -0.859601
[setup reg-reg] _46120_/Q -> _45321_/D : -0.859600
[setup reg-reg] _46120_/Q -> _45462_/D : -0.859524
[setup reg-reg] _46117_/Q -> _45697_/D : -0.859177
[setup reg-reg] _46117_/Q -> _45690_/D : -0.858891
[setup reg-reg] _46120_/Q -> _45701_/D : -0.858713
[setup reg-reg] _46120_/Q -> _45921_/D : -0.857967
[setup reg-reg] _46120_/Q -> _44332_/D : -0.855308
[setup reg-reg] _44223_/Q -> _46336_/D : -0.853460
[setup reg-reg] _46120_/Q -> _45710_/D : -0.852001
[setup reg-reg] _46117_/Q -> _44575_/D : -0.851720
[setup reg-reg] _46120_/Q -> _44330_/D : -0.849553
[setup reg-reg] _44223_/Q -> _46112_/D : -0.848914
[setup reg-reg] _46120_/Q -> _44388_/D : -0.848687
[setup reg-reg] _46120_/Q -> _45299_/D : -0.847875
[setup reg-reg] _46120_/Q -> _44938_/D : -0.847378
[setup reg-reg] _46117_/Q -> _46008_/D : -0.847295
[setup reg-reg] _46120_/Q -> _44387_/D : -0.847084
[setup reg-reg] _46120_/Q -> _45910_/D : -0.846914
[setup reg-reg] _46120_/Q -> _45706_/D : -0.844605
[setup reg-reg] _46117_/Q -> _46007_/D : -0.844407
[setup reg-reg] _46120_/Q -> _44941_/D : -0.843456
[setup reg-reg] _46120_/Q -> _45923_/D : -0.841503
[setup reg-reg] _46117_/Q -> _46015_/D : -0.839968
[setup reg-reg] _46120_/Q -> _44333_/D : -0.838960
[setup reg-reg] _46120_/Q -> _45292_/D : -0.838592
[setup reg-reg] _46120_/Q -> _45915_/D : -0.837954
[setup reg-reg] _46120_/Q -> _44386_/D : -0.837756
[setup reg-reg] _46120_/Q -> _45983_/D : -0.837167
[setup reg-reg] _46120_/Q -> _45924_/D : -0.836914
[setup reg-reg] _46120_/Q -> _45291_/D : -0.836658
[setup reg-reg] _46117_/Q -> _45251_/D : -0.836018
[setup reg-reg] _46117_/Q -> _44343_/D : -0.833541
[setup reg-reg] _46120_/Q -> _45913_/D : -0.833013
[setup reg-reg] _46117_/Q -> _44344_/D : -0.832133
[setup reg-reg] _46120_/Q -> _44336_/D : -0.829274
[setup reg-reg] _46120_/Q -> _44340_/D : -0.828692
[setup reg-reg] _46120_/Q -> _44393_/D : -0.828327
[setup reg-reg] _46117_/Q -> _46014_/D : -0.827881
[setup reg-reg] _44223_/Q -> _46106_/D : -0.826940
[setup reg-reg] _46117_/Q -> _45694_/D : -0.826000
[setup in-reg] rst_n -> _44013_/D : -0.825409
[setup reg-reg] _44223_/Q -> _46104_/D : -0.823127
[setup reg-reg] _46117_/Q -> _46018_/D : -0.823085
[setup reg-reg] _46120_/Q -> _45298_/D : -0.822910
[setup reg-reg] _46117_/Q -> _46013_/D : -0.822416
[setup reg-reg] _46120_/Q -> _45703_/D : -0.821576
[setup reg-reg] _46120_/Q -> _44335_/D : -0.821350
[setup reg-reg] _46120_/Q -> _44397_/D : -0.820404
[setup reg-reg] _46117_/Q -> _46006_/D : -0.818393
[setup reg-reg] _46120_/Q -> _45711_/D : -0.818080
[setup reg-reg] _46117_/Q -> _45691_/D : -0.817724
[setup reg-reg] _44223_/Q -> _46109_/D : -0.817360
[setup reg-reg] _44223_/Q -> _44714_/D : -0.816529
[setup reg-reg] _46117_/Q -> _46019_/D : -0.816073
[setup reg-reg] _43725_/Q -> _43704_/D : -0.815763
[setup reg-reg] _46117_/Q -> _45686_/D : -0.815295
[setup reg-reg] _44223_/Q -> _46110_/D : -0.814986
[setup reg-reg] _46120_/Q -> _45470_/D : -0.814642
[setup reg-reg] _44223_/Q -> _46113_/D : -0.813492
[setup reg-reg] _46117_/Q -> _44487_/D : -0.811368
[setup reg-reg] _46120_/Q -> _45709_/D : -0.810609
[setup reg-reg] _46120_/Q -> _44334_/D : -0.810461
[setup reg-reg] _46117_/Q -> _45247_/D : -0.809734
[setup reg-reg] _46120_/Q -> _45295_/D : -0.809491
[setup reg-reg] _46117_/Q -> _44490_/D : -0.806439
[setup reg-reg] _46120_/Q -> _46131_/D : -0.803789
[setup reg-reg] _46120_/Q -> _44328_/D : -0.800306
[setup reg-reg] _46120_/Q -> _45702_/D : -0.799212
[setup reg-reg] _46117_/Q -> _45363_/D : -0.798881
[setup reg-reg] _46117_/Q -> _44496_/D : -0.798545
[setup reg-reg] _46120_/Q -> _44331_/D : -0.798216
[setup reg-reg] _46117_/Q -> _44485_/D : -0.797653
[setup reg-reg] _46120_/Q -> _45285_/D : -0.796393
[setup reg-reg] _44223_/Q -> _46108_/D : -0.796375
[setup reg-reg] _46120_/Q -> _45288_/D : -0.794663
[setup reg-reg] _46117_/Q -> _44493_/D : -0.792953
[setup reg-reg] _46117_/Q -> _45248_/D : -0.791717
[setup reg-reg] _46117_/Q -> _45362_/D : -0.791498
[setup reg-reg] _46117_/Q -> _45250_/D : -0.791368
[setup reg-reg] _46117_/Q -> _46016_/D : -0.791184
[setup reg-reg] _44223_/Q -> _46103_/D : -0.790660
[setup reg-reg] _46117_/Q -> _46009_/D : -0.790476
[setup reg-reg] _46117_/Q -> _44489_/D : -0.790251
[setup reg-reg] _46117_/Q -> _44858_/D : -0.790073
[setup reg-reg] _46117_/Q -> _44492_/D : -0.789956
[setup reg-out] _44226_/Q -> module_status_flags_out[9] : -0.789112
[setup reg-reg] _46120_/Q -> _45294_/D : -0.789048
[setup reg-reg] _46117_/Q -> _45249_/D : -0.787564
[setup reg-reg] _44223_/Q -> _46107_/D : -0.787369
[setup reg-reg] _46117_/Q -> _46017_/D : -0.787330
[setup reg-reg] _46117_/Q -> _45355_/D : -0.785951
[setup reg-reg] _46120_/Q -> _45705_/D : -0.785657
[setup reg-reg] _46120_/Q -> _44326_/D : -0.784593
[setup reg-reg] _46120_/Q -> _45293_/D : -0.782281
[setup reg-reg] _46117_/Q -> _45246_/D : -0.781708
[setup reg-reg] _46117_/Q -> _45995_/D : -0.780585
[setup reg-reg] _44223_/Q -> _46195_/D : -0.779388
[setup reg-reg] _46117_/Q -> _44495_/D : -0.779205
[setup reg-reg] _46117_/Q -> _44491_/D : -0.778073
[setup reg-reg] _46117_/Q -> _44535_/D : -0.776439
[setup reg-reg] _44223_/Q -> _46200_/D : -0.773054
[setup reg-reg] _46117_/Q -> _45244_/D : -0.771539
[setup reg-reg] _46117_/Q -> _45400_/D : -0.771471
[setup reg-reg] _46117_/Q -> _45352_/D : -0.771188
[setup reg-reg] _46117_/Q -> _44245_/D : -0.770167
[setup reg-reg] _43495_/Q -> _43507_/D : -0.769639
[setup reg-reg] _46117_/Q -> _45360_/D : -0.768512
[setup reg-reg] _46120_/Q -> _45290_/D : -0.768187
[setup reg-reg] _46117_/Q -> _45361_/D : -0.766303
[setup reg-reg] _46117_/Q -> _45358_/D : -0.765397
[setup reg-reg] _46120_/Q -> _44648_/D : -0.765197
[setup reg-reg] _46117_/Q -> _45359_/D : -0.764105
[setup reg-reg] _46120_/Q -> _45287_/D : -0.762003
[setup reg-reg] _46117_/Q -> _46012_/D : -0.761437
[setup reg-reg] _46159_/Q -> _46242_/D : -0.760116
[setup reg-reg] _46117_/Q -> _45241_/D : -0.759271
[setup reg-reg] _46117_/Q -> _44488_/D : -0.758169
[setup reg-reg] _46117_/Q -> _45353_/D : -0.757585
[setup reg-reg] _46120_/Q -> _45286_/D : -0.756438
[setup reg-reg] _46117_/Q -> _45351_/D : -0.756314
[setup reg-reg] _46117_/Q -> _46010_/D : -0.754815
[setup reg-reg] _46117_/Q -> _45350_/D : -0.754717
[setup reg-reg] _46120_/Q -> _44400_/D : -0.753903
[setup reg-reg] _46117_/Q -> _45994_/D : -0.752228
[setup reg-out] _44225_/Q -> module_status_flags_out[8] : -0.751994
[setup reg-reg] _46117_/Q -> _45990_/D : -0.751967
[setup reg-reg] _46120_/Q -> _44391_/D : -0.749429
[setup reg-reg] _44223_/Q -> _46332_/D : -0.749036
[setup reg-reg] _46117_/Q -> _44541_/D : -0.744744
[setup reg-reg] _46117_/Q -> _44486_/D : -0.742499
[setup reg-reg] _46117_/Q -> _44497_/D : -0.740887
[setup reg-reg] _46117_/Q -> _45239_/D : -0.737911
[setup reg-reg] _46117_/Q -> _44249_/D : -0.737190
[setup reg-reg] _46120_/Q -> _45289_/D : -0.735726
[setup reg-reg] _44223_/Q -> _45752_/D : -0.734256
[setup reg-reg] _46117_/Q -> _44258_/D : -0.733196
[setup reg-reg] _46117_/Q -> _45245_/D : -0.732773
[setup reg-reg] _46117_/Q -> _45356_/D : -0.732229
[setup reg-reg] _46117_/Q -> _44540_/D : -0.731141
[setup reg-reg] _46117_/Q -> _45989_/D : -0.730954
[setup reg-reg] _46117_/Q -> _45991_/D : -0.730116
[setup reg-reg] _44223_/Q -> _46325_/D : -0.728778
[setup reg-reg] _46120_/Q -> _44647_/D : -0.728312
[setup reg-reg] _46117_/Q -> _45364_/D : -0.727849
[setup reg-reg] _43803_/Q -> _43866_/D : -0.727821
[setup reg-reg] _46117_/Q -> _45349_/D : -0.727543
[setup reg-reg] _44223_/Q -> _46335_/D : -0.727313
[setup reg-reg] _46117_/Q -> _44544_/D : -0.727177
[setup reg-reg] _46117_/Q -> _45357_/D : -0.725412
[setup reg-reg] _46117_/Q -> _44546_/D : -0.725002
[setup reg-reg] _46117_/Q -> _44494_/D : -0.724453
[setup reg-reg] _43495_/Q -> _43506_/D : -0.721619
[setup reg-reg] _46117_/Q -> _44250_/D : -0.720369
[setup reg-reg] _46120_/Q -> _44652_/D : -0.720278
[setup reg-reg] _46117_/Q -> _44259_/D : -0.711851
[setup reg-reg] _44223_/Q -> _46330_/D : -0.710930
[setup reg-reg] _46120_/Q -> _45525_/D : -0.707980
[setup reg-reg] _46120_/Q -> _44649_/D : -0.707839
[setup reg-reg] _46117_/Q -> _45999_/D : -0.706407
[setup reg-reg] _46117_/Q -> _44352_/D : -0.705808
[setup reg-reg] _46117_/Q -> _44342_/D : -0.701455
[setup reg-reg] _46117_/Q -> _44253_/D : -0.701413
[setup reg-reg] _46117_/Q -> _45997_/D : -0.701138
[setup reg-reg] _46117_/Q -> _44345_/D : -0.700428
[setup reg-reg] _46117_/Q -> _44247_/D : -0.699351
[setup reg-reg] _46117_/Q -> _44248_/D : -0.699309
[setup reg-reg] _46117_/Q -> _44260_/D : -0.698294
[setup reg-reg] _46117_/Q -> _44341_/D : -0.698294
[setup reg-reg] _46117_/Q -> _44257_/D : -0.697809
[setup reg-reg] _43913_/Q -> _44016_/D : -0.697731
[setup reg-reg] _46117_/Q -> _44542_/D : -0.696838
[setup reg-reg] _46117_/Q -> _44256_/D : -0.696820
[setup reg-reg] _44223_/Q -> _45761_/D : -0.695984
[setup reg-reg] _46120_/Q -> _45528_/D : -0.695565
[setup reg-reg] _44223_/Q -> _46265_/D : -0.693777
[setup reg-reg] _46117_/Q -> _44543_/D : -0.693039
[setup reg-reg] _46117_/Q -> _45993_/D : -0.690424
[setup reg-reg] _46117_/Q -> _44349_/D : -0.690295
[setup reg-reg] _43803_/Q -> _43918_/D : -0.685830
[setup reg-reg] _43803_/Q -> _43838_/D : -0.685541
[setup reg-reg] _46117_/Q -> _45874_/D : -0.685477
[setup reg-reg] _44223_/Q -> _46209_/D : -0.685144
[setup reg-reg] _44223_/Q -> _46270_/D : -0.683920
[setup reg-reg] _44223_/Q -> _44586_/D : -0.683848
[setup reg-reg] _46117_/Q -> _44255_/D : -0.683716
[setup reg-reg] _44223_/Q -> _44615_/D : -0.682833
[setup reg-reg] _46120_/Q -> _45526_/D : -0.682699
[setup reg-reg] _46120_/Q -> _45531_/D : -0.681943
[setup reg-reg] _44223_/Q -> _44617_/D : -0.678842
[setup reg-reg] _46120_/Q -> _44654_/D : -0.675882
[setup reg-reg] _44223_/Q -> _46326_/D : -0.674907
[setup reg-reg] _46117_/Q -> _44254_/D : -0.673116
[setup reg-reg] _46117_/Q -> _45875_/D : -0.673046
[setup reg-reg] _46117_/Q -> _45996_/D : -0.673018
[setup reg-reg] _44223_/Q -> _44635_/D : -0.670586
[setup reg-reg] _44223_/Q -> _46329_/D : -0.669755
[setup reg-reg] _46117_/Q -> _44968_/D : -0.668369
[setup reg-reg] _46117_/Q -> _45354_/D : -0.667629
[setup reg-reg] _44223_/Q -> _45755_/D : -0.666548
[setup reg-reg] _44223_/Q -> _44621_/D : -0.665986
[setup reg-reg] _43803_/Q -> _44218_/D : -0.665832
[setup reg-reg] _46117_/Q -> _44972_/D : -0.665556
[setup reg-reg] _46120_/Q -> _44528_/D : -0.663575
[setup reg-reg] _46120_/Q -> _45681_/D : -0.662968
[setup reg-reg] _46117_/Q -> _45866_/D : -0.662936
[setup reg-reg] _46120_/Q -> _44651_/D : -0.662583
[setup reg-reg] _44223_/Q -> _46333_/D : -0.660406
[setup reg-reg] _44223_/Q -> _46275_/D : -0.660392
[setup reg-reg] _43803_/Q -> _43930_/D : -0.658633
[setup reg-reg] _46120_/Q -> _45680_/D : -0.657566
[setup reg-reg] _46117_/Q -> _44978_/D : -0.657000
[setup reg-reg] _44223_/Q -> _46273_/D : -0.656813
[setup reg-reg] _44223_/Q -> _44632_/D : -0.655128
[setup reg-reg] _44223_/Q -> _45764_/D : -0.652553
[setup reg-reg] _44223_/Q -> _46274_/D : -0.650925
[setup reg-reg] _46120_/Q -> _44650_/D : -0.650910
[setup reg-reg] _46120_/Q -> _45530_/D : -0.650073
[setup reg-reg] _44223_/Q -> _44614_/D : -0.649721
[setup reg-reg] _46117_/Q -> _45869_/D : -0.648172
[setup reg-reg] _46117_/Q -> _45862_/D : -0.646398
[setup reg-reg] _46117_/Q -> _44455_/D : -0.646311
[setup reg-reg] _46117_/Q -> _44977_/D : -0.645971
[setup reg-reg] _46120_/Q -> _45682_/D : -0.644578
[setup reg-reg] _46117_/Q -> _44348_/D : -0.644489
[setup reg-reg] _43580_/Q -> _43779_/D : -0.644393
[setup reg-reg] _43803_/Q -> _44082_/D : -0.643300
[setup reg-reg] _43803_/Q -> _44208_/D : -0.642737
[setup reg-reg] _43803_/Q -> _43901_/D : -0.641832
[setup reg-reg] _46117_/Q -> _44976_/D : -0.640390
[setup reg-reg] _46117_/Q -> _45864_/D : -0.639300
[setup reg-reg] _46117_/Q -> _45867_/D : -0.638536
[setup reg-reg] _46117_/Q -> _44252_/D : -0.638269
[setup reg-reg] _44223_/Q -> _44623_/D : -0.638180
[setup reg-reg] _43803_/Q -> _43876_/D : -0.637805
[setup reg-reg] _46117_/Q -> _44974_/D : -0.637140
[setup reg-reg] _44223_/Q -> _44618_/D : -0.636415
[setup reg-reg] _44223_/Q -> _44613_/D : -0.636405
[setup reg-reg] _44223_/Q -> _46271_/D : -0.634888
[setup reg-reg] _46117_/Q -> _44971_/D : -0.634490
[setup reg-reg] _46117_/Q -> _44967_/D : -0.634119
[setup reg-reg] _46120_/Q -> _44529_/D : -0.633186
[setup reg-reg] _46120_/Q -> _45678_/D : -0.632739
[setup reg-reg] _46117_/Q -> _45861_/D : -0.632290
[setup reg-reg] _43803_/Q -> _43967_/D : -0.631673
[setup reg-reg] _43580_/Q -> _43776_/D : -0.630927
[setup reg-reg] _46120_/Q -> _45538_/D : -0.630668
[setup reg-reg] _46117_/Q -> _44353_/D : -0.630256
[setup reg-reg] _46120_/Q -> _45540_/D : -0.629368
[setup reg-reg] _46117_/Q -> _44251_/D : -0.629367
[setup reg-reg] _46117_/Q -> _45863_/D : -0.629199
[setup reg-reg] _46117_/Q -> _44246_/D : -0.628539
[setup reg-reg] _46117_/Q -> _44979_/D : -0.628367
[setup reg-reg] _44223_/Q -> _46199_/D : -0.627549
[setup reg-reg] _43803_/Q -> _43961_/D : -0.627330
[setup reg-reg] _46120_/Q -> _45677_/D : -0.626948
[setup reg-reg] _46120_/Q -> _44660_/D : -0.626354
[setup reg-reg] _46117_/Q -> _44980_/D : -0.625380
[setup reg-reg] _46117_/Q -> _45405_/D : -0.625270
[setup reg-reg] _46120_/Q -> _44658_/D : -0.625040
[setup reg-reg] _43803_/Q -> _43933_/D : -0.623478
[setup reg-reg] _46120_/Q -> _44656_/D : -0.623370
[setup reg-reg] _46120_/Q -> _45683_/D : -0.623298
[setup reg-reg] _46117_/Q -> _45872_/D : -0.622931
[setup reg-reg] _46120_/Q -> _45534_/D : -0.622554
[setup reg-reg] _44223_/Q -> _46201_/D : -0.621636
[setup reg-reg] _46117_/Q -> _44965_/D : -0.621382
[setup reg-reg] _46120_/Q -> _45670_/D : -0.621131
[setup reg-reg] _44223_/Q -> _44616_/D : -0.621044
[setup reg-reg] _46120_/Q -> _45532_/D : -0.620984
[setup reg-reg] _46120_/Q -> _45951_/D : -0.620967
[setup reg-reg] _46117_/Q -> _45865_/D : -0.620879
[setup reg-reg] _46117_/Q -> _45397_/D : -0.620035
[setup reg-reg] _46117_/Q -> _44973_/D : -0.619599
[setup reg-reg] _46120_/Q -> _44518_/D : -0.619114
[setup reg-reg] _43803_/Q -> _43934_/D : -0.618492
[setup reg-reg] _44223_/Q -> _46235_/D : -0.616715
[setup reg-reg] _43803_/Q -> _44050_/D : -0.616283
[setup reg-reg] _46117_/Q -> _45873_/D : -0.616173
[setup reg-reg] _46120_/Q -> _45535_/D : -0.615930
[setup reg-reg] _46117_/Q -> _44282_/D : -0.615709
[setup reg-reg] _46120_/Q -> _45163_/D : -0.615700
[setup reg-reg] _46120_/Q -> _45539_/D : -0.615285
[setup reg-reg] _44223_/Q -> _45803_/D : -0.612960
[setup reg-reg] _46120_/Q -> _45537_/D : -0.612432
[setup reg-reg] _44223_/Q -> _44644_/D : -0.611839
[setup reg-reg] _46120_/Q -> _44645_/D : -0.611393
[setup reg-reg] _43803_/Q -> _43950_/D : -0.610370
[setup reg-reg] _46117_/Q -> _44346_/D : -0.610114
[setup reg-reg] _46120_/Q -> _45673_/D : -0.609416
[setup reg-reg] _46117_/Q -> _45409_/D : -0.609173
[setup reg-reg] _46120_/Q -> _45536_/D : -0.608745
[setup reg-reg] _43803_/Q -> _43962_/D : -0.608265
[setup reg-reg] _44223_/Q -> _44446_/D : -0.608186
[setup reg-reg] _44223_/Q -> _46208_/D : -0.607965
[setup reg-reg] _46120_/Q -> _44657_/D : -0.607169
[setup reg-reg] _46117_/Q -> _45403_/D : -0.606985
[setup reg-reg] _46117_/Q -> _45823_/D : -0.606176
[setup reg-reg] _46120_/Q -> _45669_/D : -0.605757
[setup reg-reg] _46120_/Q -> _44655_/D : -0.605066
[setup reg-reg] _44223_/Q -> _45498_/D : -0.603966
[setup reg-reg] _46117_/Q -> _45401_/D : -0.602713
[setup reg-reg] _46120_/Q -> _45953_/D : -0.602393
[setup reg-reg] _46117_/Q -> _45398_/D : -0.601959
[setup reg-reg] _44223_/Q -> _44474_/D : -0.601710
[setup reg-reg] _46117_/Q -> _45408_/D : -0.601328
[setup reg-reg] _46120_/Q -> _45676_/D : -0.601284
[setup reg-reg] _46120_/Q -> _45671_/D : -0.601084
[setup reg-reg] _46120_/Q -> _45527_/D : -0.600787
[setup reg-reg] _46120_/Q -> _45679_/D : -0.600224
[setup reg-reg] _46120_/Q -> _44659_/D : -0.599462
[setup reg-reg] _46120_/Q -> _44823_/D : -0.599456
[setup reg-reg] _46120_/Q -> _45533_/D : -0.598993
[setup reg-reg] _46117_/Q -> _44347_/D : -0.598621
[setup reg-reg] _43803_/Q -> _43868_/D : -0.598345
[setup reg-reg] _44223_/Q -> _44444_/D : -0.598326
[setup reg-reg] _44223_/Q -> _46204_/D : -0.597750
[setup reg-reg] _46117_/Q -> _45406_/D : -0.596438
[setup reg-reg] _46120_/Q -> _44653_/D : -0.595916
[setup reg-reg] _43803_/Q -> _43965_/D : -0.595114
[setup reg-reg] _43803_/Q -> _44077_/D : -0.594007
[setup reg-reg] _46120_/Q -> _45529_/D : -0.593066
[setup reg-reg] _46120_/Q -> _45956_/D : -0.592997
[setup reg-reg] _44223_/Q -> _44442_/D : -0.592843
[setup reg-reg] _44223_/Q -> _45570_/D : -0.592542
[setup reg-reg] _43803_/Q -> _43900_/D : -0.592427
[setup reg-reg] _46117_/Q -> _45412_/D : -0.592419
[setup reg-reg] _46117_/Q -> _44355_/D : -0.589235
[setup reg-reg] _44223_/Q -> _44445_/D : -0.589056
[setup reg-reg] _44223_/Q -> _44890_/D : -0.588865
[setup reg-reg] _43803_/Q -> _43854_/D : -0.587394
[setup reg-reg] _46117_/Q -> _44285_/D : -0.585239
[setup reg-reg] _46117_/Q -> _45826_/D : -0.584830
[setup reg-reg] _46120_/Q -> _44821_/D : -0.584736
[setup reg-reg] _46120_/Q -> _45672_/D : -0.584299
[setup reg-reg] _44091_/Q -> _44098_/D : -0.584159
[setup reg-reg] _44223_/Q -> _45629_/D : -0.583586
[setup reg-reg] _44223_/Q -> _44438_/D : -0.583242
[setup reg-reg] _44223_/Q -> _44440_/D : -0.583134
[setup reg-reg] _46120_/Q -> _44523_/D : -0.581401
[setup reg-reg] _44223_/Q -> _45584_/D : -0.579789
[setup reg-reg] _44179_/Q -> _44185_/D : -0.579073
[setup reg-reg] _43803_/Q -> _43947_/D : -0.578548
[setup reg-reg] _44223_/Q -> _44472_/D : -0.577472
[setup reg-reg] _44223_/Q -> _44619_/D : -0.574691
[setup reg-reg] _46117_/Q -> _45411_/D : -0.574574
[setup reg-reg] _44223_/Q -> _45633_/D : -0.574547
[setup reg-reg] _43803_/Q -> _43899_/D : -0.574442
[setup reg-reg] _46117_/Q -> _44284_/D : -0.573982
[setup reg-reg] _44223_/Q -> _44481_/D : -0.572723
[setup reg-reg] _43580_/Q -> _43778_/D : -0.572143
[setup reg-reg] _43803_/Q -> _44045_/D : -0.570688
[setup reg-reg] _46117_/Q -> _45876_/D : -0.570459
[setup reg-reg] _46117_/Q -> _44283_/D : -0.569354
[setup reg-reg] _46117_/Q -> _45825_/D : -0.568829
[setup reg-reg] _44223_/Q -> _44477_/D : -0.567160
[setup reg-out] _44227_/Q -> module_status_flags_out[13] : -0.566370
[setup reg-reg] _46120_/Q -> _45948_/D : -0.565625
[setup reg-reg] _46117_/Q -> _44966_/D : -0.563587
[setup reg-reg] _46120_/Q -> _45157_/D : -0.562745
[setup reg-reg] _44223_/Q -> _44480_/D : -0.562681
[setup reg-reg] _46117_/Q -> _45407_/D : -0.562586
[setup reg-reg] _44223_/Q -> _45627_/D : -0.561956
[setup reg-reg] _44223_/Q -> _45800_/D : -0.561495
[setup reg-reg] _44223_/Q -> _45624_/D : -0.560962
[setup reg-out] _44228_/Q -> module_status_flags_out[20] : -0.560785
[setup reg-reg] _46117_/Q -> _45399_/D : -0.560569
[setup reg-reg] _46117_/Q -> _45827_/D : -0.560347
[setup reg-reg] _43803_/Q -> _43931_/D : -0.560052
[setup reg-reg] _44223_/Q -> _45587_/D : -0.559539
[setup reg-reg] _44223_/Q -> _44299_/D : -0.559159
[setup reg-reg] _46117_/Q -> _45402_/D : -0.559104
[setup reg-reg] _46117_/Q -> _44354_/D : -0.558690
[setup reg-reg] _44223_/Q -> _44439_/D : -0.558470
[setup reg-reg] _46120_/Q -> _44830_/D : -0.558290
[setup reg-reg] _44223_/Q -> _44443_/D : -0.556117
[setup reg-reg] _46117_/Q -> _44975_/D : -0.555705
[setup reg-reg] _46117_/Q -> _44277_/D : -0.554458
[setup reg-reg] _46117_/Q -> _45410_/D : -0.554313
[setup reg-reg] _46117_/Q -> _44351_/D : -0.553779
[setup reg-reg] _44223_/Q -> _45623_/D : -0.553471
[setup reg-reg] _46120_/Q -> _45158_/D : -0.552896
[setup reg-reg] _44223_/Q -> _45797_/D : -0.552845
[setup reg-reg] _44223_/Q -> _45586_/D : -0.551629
[setup reg-reg] _44223_/Q -> _45630_/D : -0.551598
[setup reg-reg] _44223_/Q -> _44294_/D : -0.551382
[setup reg-reg] _46120_/Q -> _45542_/D : -0.550980
[setup reg-reg] _44223_/Q -> _45628_/D : -0.550735
[setup reg-reg] _43803_/Q -> _43946_/D : -0.550536
[setup reg-reg] _46117_/Q -> _44278_/D : -0.549373
[setup reg-reg] _46117_/Q -> _44356_/D : -0.549038
[setup reg-reg] _44223_/Q -> _44448_/D : -0.548568
[setup reg-reg] _44223_/Q -> _45577_/D : -0.548320
[setup reg-reg] _44223_/Q -> _45805_/D : -0.546346
[setup reg-reg] _44223_/Q -> _44295_/D : -0.546327
[setup reg-reg] _46344_/Q -> _43534_/D : -0.544578
[setup reg-reg] _44223_/Q -> _45569_/D : -0.544200
[setup reg-reg] _46120_/Q -> _45552_/D : -0.543744
[setup reg-out] _43558_/Q -> chip_ready_out : -0.542819
[setup reg-reg] _44223_/Q -> _45801_/D : -0.542819
[setup reg-reg] _46117_/Q -> _44281_/D : -0.542477
[setup reg-reg] _46120_/Q -> _45165_/D : -0.542094
[setup reg-reg] _46120_/Q -> _44646_/D : -0.541671
[setup reg-out] _43529_/Q -> rf_dac_i_out[3] : -0.541462
[setup reg-out] _43530_/Q -> rf_dac_i_out[4] : -0.540701
[setup reg-out] _43533_/Q -> rf_dac_i_out[7] : -0.540697
[setup reg-out] _43532_/Q -> rf_dac_i_out[6] : -0.540310
[setup reg-out] _43531_/Q -> rf_dac_i_out[5] : -0.539692
[setup reg-reg] _46117_/Q -> _45517_/D : -0.539291
[setup reg-reg] _44223_/Q -> _45806_/D : -0.537729
[setup reg-reg] _46117_/Q -> _45643_/D : -0.537249
[setup reg-reg] _46117_/Q -> _44969_/D : -0.536319
[setup reg-reg] _44223_/Q -> _45804_/D : -0.535406
[setup reg-reg] _44223_/Q -> _45626_/D : -0.534524
[setup reg-reg] _46117_/Q -> _45824_/D : -0.533306
[setup reg-reg] _46117_/Q -> _44280_/D : -0.531611
[setup reg-reg] _44223_/Q -> _45798_/D : -0.530094
[setup reg-reg] _44223_/Q -> _45274_/D : -0.530030
[setup reg-reg] _46120_/Q -> _45159_/D : -0.529696
[setup in-reg] rst_n -> _44015_/D : -0.529264
[setup reg-reg] _46120_/Q -> _45544_/D : -0.527490
[setup reg-reg] _46120_/Q -> _45675_/D : -0.527193
[setup reg-reg] _46120_/Q -> _46076_/D : -0.526747
[setup reg-reg] _46117_/Q -> _45518_/D : -0.525925
[setup reg-reg] _46120_/Q -> _45549_/D : -0.525445
[setup reg-reg] _46117_/Q -> _44291_/D : -0.525108
[setup reg-reg] _46117_/Q -> _44279_/D : -0.524863
[setup reg-reg] _46120_/Q -> _44826_/D : -0.524406
[setup reg-reg] _44223_/Q -> _45581_/D : -0.524248
[setup reg-reg] _46120_/Q -> _45547_/D : -0.523808
[setup reg-reg] _46120_/Q -> _45543_/D : -0.522695
[setup reg-reg] _44223_/Q -> _44475_/D : -0.520815
[setup reg-reg] _46117_/Q -> _44288_/D : -0.519504
[setup reg-out] _43540_/Q -> rf_dac_i_out[14] : -0.519183
[setup reg-out] _43541_/Q -> rf_dac_i_out[15] : -0.518647
[setup reg-reg] _46117_/Q -> _44292_/D : -0.518435
[setup reg-reg] _44223_/Q -> _45622_/D : -0.518411
[setup reg-out] _43526_/Q -> rf_dac_i_out[0] : -0.518241
[setup reg-out] _43539_/Q -> rf_dac_i_out[13] : -0.518120
[setup reg-reg] _46120_/Q -> _44424_/D : -0.518056
[setup reg-reg] _46117_/Q -> _45638_/D : -0.517207
[setup reg-reg] _44223_/Q -> _44874_/D : -0.516916
[setup reg-reg] _44223_/Q -> _44478_/D : -0.515920
[setup reg-reg] _46120_/Q -> _44930_/D : -0.515879
[setup reg-reg] _46120_/Q -> _45160_/D : -0.515569
[setup reg-reg] _46120_/Q -> _45166_/D : -0.515448
[setup reg-reg] _46120_/Q -> _44425_/D : -0.515056
[setup reg-reg] _46120_/Q -> _45942_/D : -0.514264
[setup reg-reg] _44223_/Q -> _44470_/D : -0.514219
[setup reg-reg] _44223_/Q -> _45580_/D : -0.513433
[setup in-reg] rst_n -> _44014_/D : -0.513061
[setup reg-reg] _43803_/Q -> _43845_/D : -0.509696
[setup reg-reg] _46120_/Q -> _46082_/D : -0.509440
[setup reg-reg] _46120_/Q -> _46080_/D : -0.509247
[setup reg-reg] _43803_/Q -> _44075_/D : -0.509053
[setup reg-reg] _46120_/Q -> _45164_/D : -0.507568
[setup reg-reg] _46120_/Q -> _46075_/D : -0.506869
[setup reg-reg] _46117_/Q -> _45813_/D : -0.506393
[setup reg-reg] _44223_/Q -> _45582_/D : -0.506221
[setup reg-reg] _46120_/Q -> _45167_/D : -0.506012
[setup reg-reg] _44223_/Q -> _45579_/D : -0.504762
[setup reg-reg] _46120_/Q -> _45969_/D : -0.504611
[setup reg-reg] _44179_/Q -> _43731_/D : -0.504560
[setup reg-reg] _46117_/Q -> _45404_/D : -0.504530
[setup reg-reg] _46120_/Q -> _45170_/D : -0.504333
[setup reg-reg] _46120_/Q -> _45555_/D : -0.504272
[setup reg-reg] _46120_/Q -> _45970_/D : -0.502348
[setup reg-reg] _46120_/Q -> _46081_/D : -0.501597
[setup reg-reg] _46120_/Q -> _45967_/D : -0.501314
[setup reg-reg] _43803_/Q -> _44026_/D : -0.500624
[setup reg-reg] _44223_/Q -> _45799_/D : -0.500443
[setup reg-out] _43535_/Q -> rf_dac_i_out[9] : -0.500232
[setup reg-reg] _46117_/Q -> _45645_/D : -0.499887
[setup reg-reg] _46120_/Q -> _45541_/D : -0.499233
[setup reg-reg] _43803_/Q -> _44057_/D : -0.498961
[setup reg-out] _43534_/Q -> rf_dac_i_out[8] : -0.497859
[setup in-reg] rst_n -> _44012_/D : -0.497157
[setup reg-out] _43528_/Q -> rf_dac_i_out[2] : -0.496846
[setup reg-out] _43527_/Q -> rf_dac_i_out[1] : -0.496149
[setup reg-reg] _43803_/Q -> _43895_/D : -0.495533
[setup reg-reg] _44223_/Q -> _44883_/D : -0.495526
[setup reg-reg] _46117_/Q -> _45644_/D : -0.494843
[setup reg-reg] _46120_/Q -> _44836_/D : -0.494609
[setup reg-reg] _43803_/Q -> _44087_/D : -0.494321
[setup reg-reg] _46120_/Q -> _44834_/D : -0.493996
[setup reg-reg] _46120_/Q -> _44924_/D : -0.493960
[setup reg-reg] _44223_/Q -> _44881_/D : -0.493085
[setup reg-reg] _46117_/Q -> _45646_/D : -0.492128
[setup reg-reg] _46117_/Q -> _45650_/D : -0.491497
[setup reg-reg] _46120_/Q -> _44430_/D : -0.490959
[setup reg-reg] _44223_/Q -> _45576_/D : -0.489997
[setup reg-reg] _46120_/Q -> _45959_/D : -0.489908
[setup reg-out] _43537_/Q -> rf_dac_i_out[11] : -0.489775
[setup reg-reg] _46117_/Q -> _45637_/D : -0.488724
[setup reg-reg] _46120_/Q -> _44931_/D : -0.488718
[setup reg-reg] _46117_/Q -> _45649_/D : -0.488079
[setup reg-reg] _44223_/Q -> _45565_/D : -0.488011
[setup reg-reg] _44223_/Q -> _45802_/D : -0.486453
[setup reg-reg] _44223_/Q -> _45568_/D : -0.486132
[setup reg-out] _43536_/Q -> rf_dac_i_out[10] : -0.486070
[setup reg-out] _43538_/Q -> rf_dac_i_out[12] : -0.485797
[setup reg-reg] _44223_/Q -> _44473_/D : -0.485529
[setup reg-reg] _46120_/Q -> _44560_/D : -0.484143
[setup reg-reg] _46120_/Q -> _46069_/D : -0.483729
[setup reg-reg] _44223_/Q -> _45095_/D : -0.483678
[setup reg-reg] _46120_/Q -> _45971_/D : -0.482958
[setup reg-reg] _46120_/Q -> _44563_/D : -0.482884
[setup reg-reg] _46120_/Q -> _45545_/D : -0.482785
[setup reg-reg] _46120_/Q -> _44551_/D : -0.482673
[setup reg-reg] _43774_/Q -> _43625_/D : -0.482555
[setup reg-reg] _43774_/Q -> _43624_/D : -0.482470
[setup reg-reg] _46117_/Q -> _45641_/D : -0.480465
[setup reg-reg] _46117_/Q -> _44287_/D : -0.480272
[setup reg-reg] _46120_/Q -> _44929_/D : -0.480028
[setup reg-reg] _46117_/Q -> _45639_/D : -0.479989
[setup reg-reg] _46117_/Q -> _45640_/D : -0.479848
[setup reg-reg] _43803_/Q -> _43832_/D : -0.479728
[setup reg-reg] _46117_/Q -> _45648_/D : -0.479083
[setup reg-reg] _44223_/Q -> _45564_/D : -0.478907
[setup reg-reg] _46117_/Q -> _45647_/D : -0.478255
[setup reg-reg] _46120_/Q -> _45172_/D : -0.478001
[setup reg-reg] _46117_/Q -> _45651_/D : -0.477963
[setup reg-reg] _44223_/Q -> _44879_/D : -0.477478
[setup reg-reg] _44223_/Q -> _45483_/D : -0.476343
[setup reg-reg] _46117_/Q -> _44970_/D : -0.476280
[setup reg-reg] _44223_/Q -> _45480_/D : -0.476203
[setup reg-reg] _44223_/Q -> _44876_/D : -0.475766
[setup reg-reg] _44223_/Q -> _45442_/D : -0.475160
[setup reg-reg] _44223_/Q -> _45561_/D : -0.474715
[setup reg-reg] _46120_/Q -> _45168_/D : -0.474568
[setup reg-reg] _44223_/Q -> _45571_/D : -0.472821
[setup reg-reg] _46120_/Q -> _46072_/D : -0.471481
[setup reg-reg] _44223_/Q -> _44307_/D : -0.470633
[setup reg-reg] _46120_/Q -> _44825_/D : -0.470114
[setup reg-reg] _46120_/Q -> _45548_/D : -0.469981
[setup reg-reg] _43774_/Q -> _43626_/D : -0.467749
[setup reg-reg] _44223_/Q -> _45575_/D : -0.467535
[setup reg-reg] _46120_/Q -> _44552_/D : -0.467450
[setup reg-reg] _46120_/Q -> _44832_/D : -0.467374
[setup reg-reg] _46120_/Q -> _45161_/D : -0.466830
[setup reg-reg] _46120_/Q -> _45553_/D : -0.466610
[setup reg-reg] _44223_/Q -> _44723_/D : -0.466398
[setup reg-reg] _46120_/Q -> _44835_/D : -0.466025
[setup reg-reg] _46120_/Q -> _45964_/D : -0.465673
[setup reg-reg] _46120_/Q -> _44921_/D : -0.465649
[setup reg-reg] _46120_/Q -> _45968_/D : -0.465328
[setup reg-reg] _46120_/Q -> _46078_/D : -0.465230
[setup reg-reg] _44223_/Q -> _45574_/D : -0.464876
[setup reg-reg] _44223_/Q -> _44882_/D : -0.464242
[setup reg-reg] _46120_/Q -> _45966_/D : -0.463741
[setup reg-reg] _46120_/Q -> _44923_/D : -0.462547
[setup reg-reg] _46120_/Q -> _46073_/D : -0.461020
[setup reg-reg] _44223_/Q -> _44877_/D : -0.459901
[setup reg-reg] _46120_/Q -> _45171_/D : -0.459857
[setup reg-reg] _46120_/Q -> _44556_/D : -0.459794
[setup reg-reg] _44223_/Q -> _45478_/D : -0.458727
[setup reg-reg] _44223_/Q -> _45490_/D : -0.456436
[setup reg-reg] _44223_/Q -> _45441_/D : -0.456332
[setup reg-reg] _46120_/Q -> _44562_/D : -0.455788
[setup reg-reg] _44223_/Q -> _45431_/D : -0.454671
[setup reg-reg] _46117_/Q -> _45514_/D : -0.454132
[setup reg-reg] _46120_/Q -> _44549_/D : -0.453418
[setup reg-reg] _44223_/Q -> _46315_/D : -0.451842
[setup reg-reg] _43776_/Q -> _43812_/D : -0.451689
[setup reg-reg] _46120_/Q -> _45554_/D : -0.450970
[setup reg-reg] _44223_/Q -> _45098_/D : -0.450830
[setup reg-reg] _46120_/Q -> _46070_/D : -0.449996
[setup reg-reg] _46120_/Q -> _44553_/D : -0.449453
[setup reg-reg] _46120_/Q -> _46083_/D : -0.448671
[setup reg-reg] _44223_/Q -> _44871_/D : -0.448342
[setup reg-reg] _46120_/Q -> _44558_/D : -0.447282
[setup reg-reg] _44223_/Q -> _44875_/D : -0.447028
[setup reg-reg] _44223_/Q -> _45486_/D : -0.446589
[setup reg-reg] _46120_/Q -> _46077_/D : -0.445894
[setup reg-reg] _46117_/Q -> _45524_/D : -0.445884
[setup reg-reg] _46120_/Q -> _44928_/D : -0.444973
[setup reg-reg] _46120_/Q -> _44926_/D : -0.444238
[setup reg-reg] _44223_/Q -> _46319_/D : -0.443803
[setup reg-reg] _44223_/Q -> _44306_/D : -0.443644
[setup reg-reg] _46120_/Q -> _46084_/D : -0.443229
[setup reg-reg] _46120_/Q -> _44833_/D : -0.442584
[setup reg-reg] _46120_/Q -> _44925_/D : -0.442573
[setup reg-reg] _44223_/Q -> _44305_/D : -0.442421
[setup reg-reg] _46120_/Q -> _44828_/D : -0.441023
[setup reg-reg] _44223_/Q -> _45481_/D : -0.441005
[setup reg-reg] _46120_/Q -> _45169_/D : -0.440688
[setup reg-reg] _44223_/Q -> _46312_/D : -0.440679
[setup reg-reg] _44223_/Q -> _45102_/D : -0.439630
[setup reg-reg] _46120_/Q -> _44564_/D : -0.439560
[setup reg-reg] _46120_/Q -> _44918_/D : -0.439324
[setup reg-reg] _44223_/Q -> _45477_/D : -0.439240
[setup reg-reg] _43774_/Q -> _43627_/D : -0.439053
[setup reg-reg] _46120_/Q -> _46079_/D : -0.438138
[setup reg-reg] _44223_/Q -> _46323_/D : -0.438013
[setup reg-reg] _46120_/Q -> _44920_/D : -0.437931
[setup reg-reg] _46120_/Q -> _46071_/D : -0.437931
[setup reg-reg] _46120_/Q -> _45546_/D : -0.437125
[setup reg-reg] _44223_/Q -> _45573_/D : -0.436653
[setup reg-reg] _44223_/Q -> _45583_/D : -0.435796
[setup reg-reg] _46120_/Q -> _44561_/D : -0.434457
[setup reg-reg] _44223_/Q -> _45443_/D : -0.434090
[setup reg-reg] _44223_/Q -> _45434_/D : -0.434016
[setup reg-reg] _46120_/Q -> _44831_/D : -0.433983
[setup reg-reg] _44223_/Q -> _45492_/D : -0.433440
[setup reg-reg] _44223_/Q -> _44722_/D : -0.431695
[setup reg-out] _43542_/Q -> rf_dac_q_out[0] : -0.429983
[setup reg-reg] _44223_/Q -> _45440_/D : -0.429800
[setup reg-reg] _44223_/Q -> _45485_/D : -0.429192
[setup reg-out] _43545_/Q -> rf_dac_q_out[3] : -0.429130
[setup reg-reg] _44223_/Q -> _45488_/D : -0.428662
[setup reg-reg] _46117_/Q -> _45511_/D : -0.428216
[setup reg-reg] _46120_/Q -> _46074_/D : -0.426650
[setup reg-reg] _44223_/Q -> _45096_/D : -0.426581
[setup reg-reg] _44223_/Q -> _46310_/D : -0.425576
[setup reg-reg] _44223_/Q -> _46311_/D : -0.424784
[setup reg-out] _43557_/Q -> rf_dac_q_out[15] : -0.424684
[setup reg-reg] _44223_/Q -> _44715_/D : -0.424642
[setup reg-reg] _44223_/Q -> _46313_/D : -0.424537
[setup reg-out] _43546_/Q -> rf_dac_q_out[4] : -0.424355
[setup reg-reg] _46117_/Q -> _45067_/D : -0.423170
[setup reg-reg] _46120_/Q -> _44932_/D : -0.423023
[setup reg-reg] _46120_/Q -> _44421_/D : -0.422767
[setup reg-reg] _46120_/Q -> _44919_/D : -0.422695
[setup reg-reg] _44223_/Q -> _45487_/D : -0.421586
[setup reg-reg] _46120_/Q -> _45960_/D : -0.421573
[setup reg-reg] _44223_/Q -> _44298_/D : -0.421471
[setup reg-reg] _46117_/Q -> _45061_/D : -0.420990
[setup reg-reg] _44223_/Q -> _45104_/D : -0.419956
[setup reg-reg] _44223_/Q -> _45484_/D : -0.419898
[setup reg-reg] _44223_/Q -> _45432_/D : -0.419125
[setup reg-reg] _44223_/Q -> _45479_/D : -0.418328
[setup reg-reg] _44223_/Q -> _44362_/D : -0.417866
[setup reg-out] _43556_/Q -> rf_dac_q_out[14] : -0.417771
[setup reg-out] _43552_/Q -> rf_dac_q_out[10] : -0.416893
[setup reg-out] _43543_/Q -> rf_dac_q_out[1] : -0.416587
[setup reg-reg] _46120_/Q -> _44559_/D : -0.416557
[setup reg-reg] _44223_/Q -> _44717_/D : -0.416415
[setup reg-out] _43553_/Q -> rf_dac_q_out[11] : -0.415832
[setup reg-reg] _46120_/Q -> _45556_/D : -0.414831
[setup reg-reg] _46120_/Q -> _44917_/D : -0.414537
[setup reg-reg] _44223_/Q -> _46309_/D : -0.414339
[setup reg-reg] _44223_/Q -> _46314_/D : -0.413531
[setup reg-out] _43547_/Q -> rf_dac_q_out[5] : -0.413376
[setup reg-reg] _44223_/Q -> _44870_/D : -0.413241
[setup reg-reg] _46120_/Q -> _44554_/D : -0.412728
[setup reg-reg] _44223_/Q -> _46316_/D : -0.412625
[setup reg-out] _43548_/Q -> rf_dac_q_out[6] : -0.411339
[setup reg-out] _43544_/Q -> rf_dac_q_out[2] : -0.411122
[setup reg-reg] _46117_/Q -> _45509_/D : -0.410357
[setup reg-reg] _44223_/Q -> _44716_/D : -0.409970
[setup reg-out] _43554_/Q -> rf_dac_q_out[12] : -0.409569
[setup reg-reg] _46120_/Q -> _44555_/D : -0.409405
[setup reg-reg] _44223_/Q -> _46317_/D : -0.409305
[setup reg-reg] _44223_/Q -> _44721_/D : -0.409284
[setup reg-reg] _46120_/Q -> _45551_/D : -0.409070
[setup reg-out] _43549_/Q -> rf_dac_q_out[7] : -0.408858
[setup reg-reg] _46120_/Q -> _44927_/D : -0.408852
[setup reg-reg] _44223_/Q -> _45435_/D : -0.406331
[setup reg-reg] _46117_/Q -> _45064_/D : -0.405703
[setup reg-reg] _44223_/Q -> _44872_/D : -0.404540
[setup reg-reg] _44223_/Q -> _44368_/D : -0.404514
[setup reg-reg] _44223_/Q -> _46318_/D : -0.404317
[setup reg-reg] _44223_/Q -> _44308_/D : -0.403746
[setup reg-reg] _44223_/Q -> _45444_/D : -0.403055
[setup reg-reg] _46340_/Q -> _43549_/D : -0.401808
[setup reg-reg] _46117_/Q -> _45062_/D : -0.401262
[setup reg-reg] _44223_/Q -> _45491_/D : -0.400367
[setup reg-reg] _46120_/Q -> _44829_/D : -0.400056
[setup reg-out] _43551_/Q -> rf_dac_q_out[9] : -0.400024
[setup reg-out] _43555_/Q -> rf_dac_q_out[13] : -0.399406
[setup reg-reg] _46120_/Q -> _44557_/D : -0.399084
[setup reg-reg] _44223_/Q -> _44720_/D : -0.397801
[setup reg-reg] _46120_/Q -> _44427_/D : -0.396568
[setup reg-reg] _44223_/Q -> _44712_/D : -0.396303
[setup reg-reg] _44223_/Q -> _44713_/D : -0.396229
[setup reg-reg] _44223_/Q -> _46114_/D : -0.396087
[setup reg-reg] _46117_/Q -> _45069_/D : -0.394948
[setup reg-reg] _44223_/Q -> _45155_/D : -0.394757
[setup reg-reg] _44223_/Q -> _45857_/D : -0.393821
[setup reg-reg] _46117_/Q -> _45071_/D : -0.393573
[setup reg-reg] _44223_/Q -> _44710_/D : -0.393011
[setup reg-reg] _44223_/Q -> _44293_/D : -0.392791
[setup reg-reg] _46120_/Q -> _44433_/D : -0.392306
[setup reg-reg] _44223_/Q -> _45489_/D : -0.392112
[setup reg-reg] _46120_/Q -> _45469_/D : -0.391530
[setup reg-reg] _43495_/Q -> _43505_/D : -0.390587
[setup reg-reg] _46120_/Q -> _44422_/D : -0.388546
[setup reg-out] _43550_/Q -> rf_dac_q_out[8] : -0.387855
[setup reg-reg] _44223_/Q -> _45890_/D : -0.387130
[setup reg-reg] _46120_/Q -> _44423_/D : -0.387056
[setup reg-reg] _46120_/Q -> _44426_/D : -0.386095
[setup reg-reg] _44223_/Q -> _45884_/D : -0.385471
[setup reg-reg] _44223_/Q -> _44709_/D : -0.385347
[setup reg-reg] _44223_/Q -> _45887_/D : -0.384381
[setup reg-reg] _46117_/Q -> _45063_/D : -0.383776
[setup reg-reg] _44223_/Q -> _45150_/D : -0.383613
[setup reg-reg] _44223_/Q -> _45147_/D : -0.383582
[setup reg-reg] _44223_/Q -> _44365_/D : -0.383412
[setup reg-reg] _46117_/Q -> _45065_/D : -0.382844
[setup reg-reg] _46117_/Q -> _45066_/D : -0.381661
[setup reg-reg] _44223_/Q -> _46102_/D : -0.380686
[setup reg-reg] _46120_/Q -> _44824_/D : -0.379545
[setup reg-reg] _46117_/Q -> _45523_/D : -0.378595
[setup reg-reg] _44223_/Q -> _45144_/D : -0.377198
[setup reg-reg] _44223_/Q -> _44369_/D : -0.377042
[setup reg-reg] _44223_/Q -> _45891_/D : -0.376078
[setup reg-reg] _46120_/Q -> _45550_/D : -0.375068
[setup reg-reg] _44223_/Q -> _46116_/D : -0.373928
[setup reg-reg] _44223_/Q -> _46101_/D : -0.373621
[setup reg-reg] _46120_/Q -> _44550_/D : -0.372777
[setup reg-reg] _46120_/Q -> _44429_/D : -0.370778
[setup reg-reg] _44223_/Q -> _45888_/D : -0.370323
[setup reg-reg] _46120_/Q -> _44432_/D : -0.370108
[setup reg-reg] _44223_/Q -> _44366_/D : -0.369456
[setup reg-reg] _44223_/Q -> _44711_/D : -0.368275
[setup reg-reg] _44223_/Q -> _44719_/D : -0.366931
[setup reg-reg] _44223_/Q -> _45877_/D : -0.366799
[setup reg-reg] _46120_/Q -> _44434_/D : -0.366330
[setup reg-reg] _46120_/Q -> _44436_/D : -0.364602
[setup reg-reg] _44223_/Q -> _45482_/D : -0.363465
[setup reg-reg] _46120_/Q -> _44922_/D : -0.363444
[setup reg-reg] _46120_/Q -> _44435_/D : -0.362351
[setup reg-reg] _44223_/Q -> _45143_/D : -0.361193
[setup reg-reg] _44223_/Q -> _45141_/D : -0.360428
[setup reg-reg] _44223_/Q -> _44364_/D : -0.360330
[setup reg-reg] _46117_/Q -> _45134_/D : -0.359705
[setup reg-reg] _46120_/Q -> _44428_/D : -0.358929
[setup reg-reg] _46117_/Q -> _45652_/D : -0.358788
[setup reg-reg] _44223_/Q -> _46105_/D : -0.358126
[setup reg-reg] _44223_/Q -> _45878_/D : -0.357623
[setup reg-reg] _44223_/Q -> _44309_/D : -0.357001
[setup reg-reg] _46120_/Q -> _45963_/D : -0.355915
[setup reg-reg] _46120_/Q -> _44822_/D : -0.355272
[setup reg-reg] _46120_/Q -> _45972_/D : -0.353636
[setup reg-reg] _44223_/Q -> _44363_/D : -0.350621
[setup reg-reg] _46117_/Q -> _45642_/D : -0.350139
[setup reg-reg] _44223_/Q -> _44360_/D : -0.348697
[setup reg-reg] _46117_/Q -> _45522_/D : -0.348239
[setup reg-reg] _44223_/Q -> _45142_/D : -0.346032
[setup reg-reg] _46120_/Q -> _44827_/D : -0.345698
[setup reg-reg] _46117_/Q -> _45513_/D : -0.345663
[setup reg-reg] _46117_/Q -> _45689_/D : -0.345178
[setup reg-reg] _44223_/Q -> _44904_/D : -0.344889
[setup reg-reg] _46120_/Q -> _45162_/D : -0.344704
[setup reg-reg] _44223_/Q -> _45146_/D : -0.344315
[setup reg-reg] _44223_/Q -> _46197_/D : -0.340376
[setup reg-reg] _44223_/Q -> _45845_/D : -0.340173
[setup reg-reg] _44223_/Q -> _45148_/D : -0.339867
[setup reg-reg] _44223_/Q -> _44358_/D : -0.338652
[setup reg-reg] _46117_/Q -> _44865_/D : -0.338533
[setup reg-reg] _44223_/Q -> _45151_/D : -0.338000
[setup reg-reg] _44223_/Q -> _45881_/D : -0.336057
[setup reg-reg] _44223_/Q -> _45149_/D : -0.335781
[setup reg-reg] _44223_/Q -> _45853_/D : -0.335059
[setup reg-reg] _44223_/Q -> _44951_/D : -0.332798
[setup reg-reg] _46117_/Q -> _45520_/D : -0.331837
[setup reg-reg] _44223_/Q -> _44903_/D : -0.327398
[setup reg-reg] _46120_/Q -> _44503_/D : -0.327172
[setup reg-reg] _44223_/Q -> _45856_/D : -0.325175
[setup reg-reg] _46120_/Q -> _44431_/D : -0.323563
[setup reg-reg] _44223_/Q -> _44718_/D : -0.321762
[setup reg-reg] _44223_/Q -> _45145_/D : -0.321680
[setup reg-reg] _46117_/Q -> _46224_/D : -0.320764
[setup reg-reg] _44223_/Q -> _44700_/D : -0.320321
[setup reg-reg] _44223_/Q -> _45889_/D : -0.319440
[setup reg-reg] _46117_/Q -> _45521_/D : -0.318104
[setup reg-reg] _44223_/Q -> _45882_/D : -0.316940
[setup reg-reg] _44223_/Q -> _44906_/D : -0.316276
[setup reg-reg] _44223_/Q -> _45879_/D : -0.315407
[setup reg-reg] _44223_/Q -> _45154_/D : -0.314630
[setup reg-reg] _44223_/Q -> _45152_/D : -0.313763
[setup reg-reg] _44223_/Q -> _44955_/D : -0.311826
[setup reg-reg] _44223_/Q -> _45854_/D : -0.311385
[setup reg-reg] _44223_/Q -> _45859_/D : -0.311262
[setup reg-reg] _44223_/Q -> _44910_/D : -0.310432
[setup reg-reg] _46117_/Q -> _45519_/D : -0.310304
[setup reg-reg] _44223_/Q -> _44701_/D : -0.309230
[setup reg-reg] _44223_/Q -> _44367_/D : -0.308740
[setup reg-reg] _44223_/Q -> _44324_/D : -0.307977
[setup reg-reg] _44223_/Q -> _44912_/D : -0.307180
[setup reg-reg] _44223_/Q -> _44361_/D : -0.306804
[setup reg-reg] _43803_/Q -> _46304_/D : -0.305139
[setup reg-reg] _46117_/Q -> _44868_/D : -0.304532
[setup reg-reg] _44223_/Q -> _44703_/D : -0.304372
[setup reg-reg] _44223_/Q -> _46196_/D : -0.303156
[setup reg-reg] _46120_/Q -> _44339_/D : -0.302777
[setup reg-reg] _46117_/Q -> _45512_/D : -0.302097
[setup reg-reg] _46117_/Q -> _45515_/D : -0.300868
[setup reg-reg] _44223_/Q -> _45860_/D : -0.299494
[setup reg-reg] _44223_/Q -> _44370_/D : -0.299186
[setup reg-reg] _44223_/Q -> _46324_/D : -0.298846
[setup reg-reg] _44223_/Q -> _44696_/D : -0.298153
[setup reg-reg] _44223_/Q -> _45858_/D : -0.296106
[setup reg-reg] _44223_/Q -> _46149_/D : -0.295956
[setup reg-reg] _46117_/Q -> _45732_/D : -0.294939
[setup reg-reg] _46120_/Q -> _45962_/D : -0.293484
[setup reg-reg] _44223_/Q -> _44693_/D : -0.292011
[setup reg-reg] _44223_/Q -> _45855_/D : -0.290559
[setup reg-reg] _44223_/Q -> _45892_/D : -0.289791
[setup reg-reg] _44223_/Q -> _44317_/D : -0.287927
[setup reg-reg] _46117_/Q -> _45516_/D : -0.287666
[setup reg-reg] _44223_/Q -> _44359_/D : -0.286557
[setup reg-reg] _44223_/Q -> _44694_/D : -0.285364
[setup reg-reg] _44223_/Q -> _44372_/D : -0.283906
[setup reg-reg] _43803_/Q -> _44215_/D : -0.282378
[setup reg-reg] _44223_/Q -> _44705_/D : -0.281887
[setup reg-reg] _44223_/Q -> _44371_/D : -0.281386
[setup reg-reg] _44223_/Q -> _46338_/D : -0.280690
[setup reg-reg] _43803_/Q -> _44086_/D : -0.279536
[setup reg-reg] _44223_/Q -> _44697_/D : -0.278746
[setup reg-reg] _46117_/Q -> _45510_/D : -0.277216
[setup reg-reg] _44223_/Q -> _44357_/D : -0.276103
[setup reg-reg] _46120_/Q -> _44502_/D : -0.275373
[setup reg-reg] _44223_/Q -> _46337_/D : -0.274659
[setup reg-reg] _46120_/Q -> _44509_/D : -0.274143
[setup reg-reg] _44223_/Q -> _44704_/D : -0.273681
[setup reg-reg] _44223_/Q -> _46331_/D : -0.271470
[setup reg-reg] _46117_/Q -> _46225_/D : -0.268826
[setup reg-reg] _44223_/Q -> _46154_/D : -0.268236
[setup reg-reg] _44223_/Q -> _44695_/D : -0.266763
[setup reg-reg] _44223_/Q -> _46152_/D : -0.266081
[setup reg-reg] _44223_/Q -> _46327_/D : -0.264645
[setup reg-reg] _46120_/Q -> _44504_/D : -0.263128
[setup reg-reg] _44223_/Q -> _46148_/D : -0.262551
[setup reg-reg] _44223_/Q -> _44594_/D : -0.260297
[setup reg-reg] _44223_/Q -> _46151_/D : -0.259415
[setup reg-reg] _44223_/Q -> _44319_/D : -0.259369
[setup reg-reg] _44223_/Q -> _46144_/D : -0.258940
[setup reg-reg] _46117_/Q -> _45768_/D : -0.257202
[setup reg-reg] _44223_/Q -> _44595_/D : -0.257155
[setup reg-reg] _44223_/Q -> _45846_/D : -0.256823
[setup reg-reg] _44223_/Q -> _46147_/D : -0.255806
[setup reg-reg] _43803_/Q -> _44217_/D : -0.255003
[setup reg-reg] _43803_/Q -> _46298_/D : -0.254611
[setup reg-reg] _46120_/Q -> _44507_/D : -0.253469
[setup reg-reg] _44223_/Q -> _45847_/D : -0.253451
[setup reg-reg] _44223_/Q -> _44590_/D : -0.252784
[setup reg-reg] _44223_/Q -> _44320_/D : -0.251457
[setup reg-reg] _44223_/Q -> _46141_/D : -0.251220
[setup reg-reg] _44223_/Q -> _46334_/D : -0.249811
[setup reg-reg] _44223_/Q -> _46263_/D : -0.249702
[setup reg-reg] _44223_/Q -> _44707_/D : -0.249533
[setup reg-reg] _43803_/Q -> _44083_/D : -0.248165
[setup reg-reg] _44223_/Q -> _44318_/D : -0.247488
[setup reg-reg] _43803_/Q -> _44038_/D : -0.245707
[setup reg-reg] _44223_/Q -> _45008_/D : -0.245255
[setup reg-reg] _46117_/Q -> _46220_/D : -0.244493
[setup reg-reg] _44223_/Q -> _45852_/D : -0.244444
[setup reg-reg] _44223_/Q -> _46155_/D : -0.244391
[setup reg-reg] _46159_/Q -> _46160_/D : -0.243996
[setup reg-reg] _44223_/Q -> _45333_/D : -0.243533
[setup reg-reg] _44223_/Q -> _44706_/D : -0.243449
[setup reg-reg] _43803_/Q -> _44085_/D : -0.242928
[setup reg-reg] _43495_/Q -> _43504_/D : -0.242784
[setup reg-reg] _44223_/Q -> _46146_/D : -0.241521
[setup reg-reg] _43803_/Q -> _43843_/D : -0.241349
[setup reg-reg] _46117_/Q -> _45767_/D : -0.240288
[setup reg-reg] _44223_/Q -> _44314_/D : -0.239757
[setup reg-reg] _46120_/Q -> _44338_/D : -0.239076
[setup reg-reg] _44223_/Q -> _45001_/D : -0.238981
[setup reg-reg] _44223_/Q -> _46145_/D : -0.238362
[setup reg-reg] _43803_/Q -> _43841_/D : -0.237465
[setup reg-reg] _44223_/Q -> _45848_/D : -0.237018
[setup reg-reg] _44223_/Q -> _45345_/D : -0.234811
[setup reg-reg] _44223_/Q -> _46143_/D : -0.233023
[setup reg-reg] _44223_/Q -> _44315_/D : -0.232220
[setup reg-reg] _46120_/Q -> _45332_/D : -0.232197
[setup reg-reg] _44223_/Q -> _45849_/D : -0.230576
[setup reg-reg] _43803_/Q -> _43836_/D : -0.230422
[setup reg-reg] _44223_/Q -> _44310_/D : -0.229842
[setup reg-reg] _44223_/Q -> _44596_/D : -0.228511
[setup reg-reg] _46120_/Q -> _45468_/D : -0.228336
[setup reg-reg] _43803_/Q -> _43939_/D : -0.228233
[setup reg-reg] _43803_/Q -> _43922_/D : -0.227208
[setup reg-reg] _44223_/Q -> _44312_/D : -0.226867
[setup reg-reg] _44223_/Q -> _44588_/D : -0.226128
[setup reg-reg] _44223_/Q -> _44587_/D : -0.225239
[setup reg-reg] _44223_/Q -> _46339_/D : -0.225051
[setup reg-reg] _46117_/Q -> _45766_/D : -0.224597
[setup reg-reg] _43803_/Q -> _43888_/D : -0.222778
[setup reg-reg] _44223_/Q -> _44950_/D : -0.222358
[setup reg-reg] _44223_/Q -> _44699_/D : -0.221804
[setup reg-reg] _44223_/Q -> _44997_/D : -0.221398
[setup reg-reg] _46117_/Q -> _45773_/D : -0.220727
[setup reg-reg] _44223_/Q -> _44311_/D : -0.220340
[setup reg-reg] _44223_/Q -> _44708_/D : -0.220255
[setup reg-reg] _44223_/Q -> _45003_/D : -0.220237
[setup reg-reg] _44223_/Q -> _45413_/D : -0.219526
[setup reg-reg] _44223_/Q -> _46142_/D : -0.219396
[setup reg-reg] _44223_/Q -> _46140_/D : -0.218802
[setup reg-reg] _44223_/Q -> _45012_/D : -0.218788
[setup reg-reg] _44223_/Q -> _44999_/D : -0.217447
[setup reg-reg] _43803_/Q -> _44139_/D : -0.217328
[setup in-reg] rst_n -> _44009_/D : -0.217183
[setup reg-reg] _43803_/Q -> _44158_/D : -0.216911
[setup reg-reg] _44223_/Q -> _44589_/D : -0.216533
[setup reg-reg] _44223_/Q -> _45000_/D : -0.215580
[setup reg-reg] _43803_/Q -> _44070_/D : -0.215077
[setup reg-reg] _43803_/Q -> _43954_/D : -0.214222
[setup reg-reg] _44223_/Q -> _45010_/D : -0.214205
[setup reg-reg] _46120_/Q -> _44337_/D : -0.212715
[setup reg-reg] _44223_/Q -> _45343_/D : -0.212681
[setup reg-reg] _44223_/Q -> _45421_/D : -0.212644
[setup reg-reg] _44223_/Q -> _45420_/D : -0.211603
[setup reg-reg] _44223_/Q -> _44702_/D : -0.209988
[setup reg-reg] _44223_/Q -> _44592_/D : -0.207697
[setup reg-reg] _44223_/Q -> _45005_/D : -0.207025
[setup reg-reg] _44223_/Q -> _44313_/D : -0.206817
[setup reg-reg] _43803_/Q -> _43957_/D : -0.206462
[setup reg-reg] _43803_/Q -> _43878_/D : -0.206315
[setup reg-reg] _44223_/Q -> _45337_/D : -0.205590
[setup reg-reg] _46120_/Q -> _45914_/D : -0.205115
[setup reg-reg] _44223_/Q -> _44698_/D : -0.205092
[setup reg-reg] _44223_/Q -> _45009_/D : -0.204379
[setup reg-reg] _46120_/Q -> _45919_/D : -0.203630
[setup reg-reg] _46120_/Q -> _45463_/D : -0.203425
[setup reg-reg] _44223_/Q -> _45006_/D : -0.202651
[setup reg-reg] _44223_/Q -> _45850_/D : -0.202048
[setup reg-reg] _44223_/Q -> _44952_/D : -0.201863
[setup reg-reg] _44223_/Q -> _44631_/D : -0.201386
[setup reg-reg] _43803_/Q -> _44035_/D : -0.201175
[setup reg-reg] _43803_/Q -> _43842_/D : -0.200956
[setup reg-reg] _46120_/Q -> _45214_/D : -0.200806
[setup reg-reg] _44179_/Q -> _44184_/D : -0.200805
[setup reg-reg] _43803_/Q -> _44052_/D : -0.200704
[setup reg-reg] _44223_/Q -> _45348_/D : -0.199823
[setup reg-reg] _44223_/Q -> _46328_/D : -0.199574
[setup reg-reg] _44223_/Q -> _45507_/D : -0.197772
[setup reg-reg] _44223_/Q -> _45347_/D : -0.197470
[setup in-reg] rst_n -> _44010_/D : -0.196471
[setup reg-reg] _44223_/Q -> _45004_/D : -0.195803
[setup reg-reg] _44223_/Q -> _45346_/D : -0.195745
[setup reg-reg] _46120_/Q -> _45916_/D : -0.195493
[setup reg-reg] _44223_/Q -> _44585_/D : -0.195162
[setup reg-reg] _44223_/Q -> _44593_/D : -0.194775
[setup reg-reg] _46120_/Q -> _46029_/D : -0.193828
[setup reg-reg] _44223_/Q -> _45418_/D : -0.192875
[setup reg-reg] _43803_/Q -> _44037_/D : -0.192243
[setup reg-reg] _43803_/Q -> _44068_/D : -0.191224
[setup reg-reg] _46120_/Q -> _46032_/D : -0.190110
[setup reg-reg] _46120_/Q -> _44377_/D : -0.189729
[setup reg-reg] _43803_/Q -> _44211_/D : -0.189003
[setup reg-reg] _44223_/Q -> _44998_/D : -0.188161
[setup reg-reg] _46120_/Q -> _45218_/D : -0.187781
[setup reg-reg] _44223_/Q -> _44642_/D : -0.187151
[setup reg-reg] _44223_/Q -> _45503_/D : -0.187085
[setup reg-reg] _43579_/Q -> _43775_/D : -0.187023
[setup reg-reg] _43803_/Q -> _43856_/D : -0.186981
[setup reg-out] _44224_/Q -> module_status_flags_out[2] : -0.186708
[setup reg-reg] _44223_/Q -> _45002_/D : -0.186441
[setup reg-reg] _43803_/Q -> _44155_/D : -0.185741
[setup reg-reg] _46117_/Q -> _44500_/D : -0.184913
[setup reg-reg] _44223_/Q -> _45414_/D : -0.184383
[setup reg-reg] _44223_/Q -> _45851_/D : -0.183964
[setup reg-reg] _44223_/Q -> _45341_/D : -0.183356
[setup reg-reg] _44223_/Q -> _44958_/D : -0.183064
[setup reg-reg] _44223_/Q -> _45011_/D : -0.182612
[setup reg-reg] _44223_/Q -> _45502_/D : -0.181958
[setup reg-reg] _44223_/Q -> _45340_/D : -0.181488
[setup reg-reg] _44223_/Q -> _44626_/D : -0.179083
[setup reg-reg] _46120_/Q -> _44505_/D : -0.178388
[setup reg-reg] _44223_/Q -> _44627_/D : -0.178148
[setup reg-reg] _44223_/Q -> _44638_/D : -0.177358
[setup reg-reg] _43803_/Q -> _44160_/D : -0.177327
[setup reg-reg] _44223_/Q -> _45007_/D : -0.177316
[setup reg-reg] _43803_/Q -> _43905_/D : -0.177021
[setup reg-reg] _44223_/Q -> _45338_/D : -0.176629
[setup reg-reg] _44223_/Q -> _44639_/D : -0.176515
[setup reg-reg] _44223_/Q -> _44581_/D : -0.175669
[setup reg-reg] _46120_/Q -> _45205_/D : -0.175436
[setup reg-reg] _44223_/Q -> _44636_/D : -0.175424
[setup reg-out] _44222_/Q -> module_status_flags_out[0] : -0.174445
[setup reg-reg] _46120_/Q -> _46028_/D : -0.173433
[setup reg-reg] _46120_/Q -> _46026_/D : -0.173038
[setup reg-reg] _44223_/Q -> _44640_/D : -0.172788
[setup reg-reg] _44091_/Q -> _44097_/D : -0.171942
[setup reg-reg] _44223_/Q -> _44963_/D : -0.171550
[setup reg-reg] _44223_/Q -> _45505_/D : -0.171180
[setup reg-reg] _44179_/Q -> _43730_/D : -0.171084
[setup in-reg] rst_n -> _44011_/D : -0.169616
[setup reg-reg] _46120_/Q -> _46031_/D : -0.168789
[setup reg-reg] _44223_/Q -> _45426_/D : -0.168717
[setup reg-reg] _43803_/Q -> _43864_/D : -0.168499
[setup reg-reg] _46120_/Q -> _45212_/D : -0.167334
[setup reg-reg] _44223_/Q -> _45423_/D : -0.166990
[setup reg-reg] _46120_/Q -> _46035_/D : -0.166876
[setup reg-reg] _43803_/Q -> _44081_/D : -0.166815
[setup reg-reg] _46120_/Q -> _46034_/D : -0.164386
[setup reg-reg] _46120_/Q -> _44681_/D : -0.163921
[setup reg-reg] _46120_/Q -> _46023_/D : -0.161944
[setup reg-reg] _44223_/Q -> _45334_/D : -0.161577
[setup reg-reg] _43803_/Q -> _44214_/D : -0.161221
[setup reg-reg] _46120_/Q -> _46030_/D : -0.161034
[setup reg-reg] _44223_/Q -> _44953_/D : -0.160953
[setup reg-reg] _46120_/Q -> _45219_/D : -0.160435
[setup reg-reg] _44223_/Q -> _45899_/D : -0.160259
[setup reg-reg] _44223_/Q -> _44641_/D : -0.160205
[setup reg-reg] _43803_/Q -> _44031_/D : -0.160164
[setup reg-reg] _43803_/Q -> _44049_/D : -0.159446
[setup reg-reg] _43803_/Q -> _43907_/D : -0.159196
[setup reg-reg] _44223_/Q -> _45427_/D : -0.158842
[setup reg-reg] _43580_/Q -> _43777_/D : -0.158741
[setup reg-reg] _44223_/Q -> _44441_/D : -0.158263
[setup reg-reg] _43803_/Q -> _43862_/D : -0.157859
[setup reg-reg] _44223_/Q -> _45415_/D : -0.157519
[setup reg-reg] _44223_/Q -> _45425_/D : -0.156847
[setup reg-reg] _44223_/Q -> _44961_/D : -0.156530
[setup reg-reg] _44223_/Q -> _46165_/D : -0.156471
[setup reg-reg] _44223_/Q -> _45506_/D : -0.155693
[setup reg-reg] _46120_/Q -> _45216_/D : -0.155482
[setup reg-reg] _44223_/Q -> _45895_/D : -0.154897
[setup reg-reg] _43803_/Q -> _43858_/D : -0.154425
[setup reg-reg] _46120_/Q -> _45217_/D : -0.153353
[setup reg-reg] _44223_/Q -> _45504_/D : -0.153243
[setup reg-reg] _44223_/Q -> _45501_/D : -0.152338
[setup reg-reg] _44223_/Q -> _45494_/D : -0.152120
[setup reg-reg] _43803_/Q -> _44159_/D : -0.151689
[setup reg-reg] _46117_/Q -> _44499_/D : -0.151378
[setup reg-reg] _44223_/Q -> _45894_/D : -0.151368
[setup reg-reg] _44223_/Q -> _45896_/D : -0.151057
[setup reg-reg] _43803_/Q -> _43839_/D : -0.150833
[setup reg-reg] _44223_/Q -> _45901_/D : -0.150071
[setup reg-reg] _44223_/Q -> _46179_/D : -0.149421
[setup reg-reg] _44223_/Q -> _46268_/D : -0.149337
[setup reg-reg] _43803_/Q -> _43885_/D : -0.149172
[setup reg-reg] _44223_/Q -> _45042_/D : -0.148924
[setup reg-reg] _46120_/Q -> _46027_/D : -0.148825
[setup reg-reg] _44223_/Q -> _45500_/D : -0.147705
[setup reg-reg] _43803_/Q -> _43848_/D : -0.147224
[setup reg-reg] _44223_/Q -> _44625_/D : -0.146973
[setup reg-reg] _44223_/Q -> _45508_/D : -0.146474
[setup reg-reg] _46120_/Q -> _46022_/D : -0.145516
[setup reg-reg] _43803_/Q -> _43861_/D : -0.145444
[setup reg-reg] _43803_/Q -> _44048_/D : -0.144746
[setup reg-reg] _44223_/Q -> _45032_/D : -0.143703
[setup reg-reg] _44223_/Q -> _46261_/D : -0.143633
[setup reg-reg] _44223_/Q -> _46181_/D : -0.142300
[setup reg-reg] _44223_/Q -> _45417_/D : -0.142231
[setup reg-reg] _44223_/Q -> _44886_/D : -0.141450
[setup reg-reg] _46117_/Q -> _46020_/D : -0.141440
[setup reg-reg] _44223_/Q -> _45342_/D : -0.141371
[setup reg-reg] _44223_/Q -> _44959_/D : -0.140628
[setup reg-reg] _44223_/Q -> _44620_/D : -0.140585
[setup reg-reg] _44223_/Q -> _44451_/D : -0.140147
[setup reg-reg] _44223_/Q -> _44624_/D : -0.139871
[setup reg-reg] _44223_/Q -> _46231_/D : -0.139648
[setup reg-reg] _43803_/Q -> _43877_/D : -0.139137
[setup reg-reg] _46120_/Q -> _44513_/D : -0.138319
[setup reg-reg] _46120_/Q -> _44506_/D : -0.137994
[setup reg-reg] _44223_/Q -> _45424_/D : -0.137431
[setup reg-reg] _46120_/Q -> _46033_/D : -0.135793
[setup reg-reg] _44223_/Q -> _44885_/D : -0.134894
[setup reg-reg] _43803_/Q -> _43874_/D : -0.134794
[setup reg-reg] _46120_/Q -> _46021_/D : -0.134778
[setup reg-reg] _44223_/Q -> _44891_/D : -0.134487
[setup reg-reg] _44223_/Q -> _44634_/D : -0.134345
[setup reg-reg] _44223_/Q -> _46194_/D : -0.134015
[setup reg-reg] _44223_/Q -> _44449_/D : -0.133534
[setup reg-reg] _46120_/Q -> _45220_/D : -0.133031
[setup reg-reg] _44223_/Q -> _44637_/D : -0.132513
[setup reg-reg] _44223_/Q -> _44667_/D : -0.132402
[setup reg-reg] _44223_/Q -> _44897_/D : -0.132079
[setup reg-reg] _46120_/Q -> _44516_/D : -0.131842
[setup reg-reg] _43725_/Q -> _43703_/D : -0.131404
[setup reg-reg] _44223_/Q -> _46202_/D : -0.131195
[setup reg-reg] _46117_/Q -> _44498_/D : -0.131008
[setup reg-reg] _43757_/Q -> _43754_/D : -0.130985
[setup reg-reg] _43803_/Q -> _43903_/D : -0.130299
[setup reg-reg] _44223_/Q -> _46206_/D : -0.128918
[setup reg-reg] _44223_/Q -> _44437_/D : -0.127797
[setup reg-reg] _44223_/Q -> _44957_/D : -0.127698
[setup reg-reg] _44223_/Q -> _44450_/D : -0.127095
[setup reg-reg] _44223_/Q -> _44643_/D : -0.126953
[setup reg-reg] _44223_/Q -> _45422_/D : -0.126041
[setup reg-reg] _44223_/Q -> _46164_/D : -0.125786
[setup reg-reg] _43803_/Q -> _43904_/D : -0.125282
[setup reg-reg] _43803_/Q -> _43936_/D : -0.124990
[setup reg-reg] _46120_/Q -> _46025_/D : -0.124682
[setup reg-reg] _43803_/Q -> _43896_/D : -0.124613
[setup reg-reg] _44223_/Q -> _46262_/D : -0.124023
[setup reg-reg] _44223_/Q -> _46185_/D : -0.123066
[setup reg-reg] _44223_/Q -> _46207_/D : -0.122469
[setup reg-reg] _46117_/Q -> _46002_/D : -0.122316
[setup reg-reg] _44223_/Q -> _46266_/D : -0.119877
[setup reg-reg] _44223_/Q -> _44669_/D : -0.119210
[setup reg-reg] _44223_/Q -> _46180_/D : -0.117874
[setup reg-reg] _44223_/Q -> _44452_/D : -0.117455
[setup reg-reg] _46117_/Q -> _44843_/D : -0.117433
[setup reg-reg] _44223_/Q -> _44956_/D : -0.116924
[setup reg-reg] _46120_/Q -> _44677_/D : -0.116849
[setup reg-reg] _44223_/Q -> _44622_/D : -0.116035
[setup reg-reg] _44223_/Q -> _46264_/D : -0.115496
[setup reg-reg] _43803_/Q -> _43968_/D : -0.115342
[setup in-reg] rst_n -> _43976_/D : -0.115238
[setup reg-reg] _44223_/Q -> _45636_/D : -0.115059
[setup reg-reg] _44223_/Q -> _45030_/D : -0.114826
[setup reg-reg] _44223_/Q -> _46163_/D : -0.114174
[setup reg-reg] _44223_/Q -> _45373_/D : -0.112671
[setup reg-reg] _46120_/Q -> _44512_/D : -0.112377
[setup reg-reg] _44223_/Q -> _46189_/D : -0.111794
[setup reg-reg] _44223_/Q -> _45749_/D : -0.111691
[setup reg-reg] _46117_/Q -> _45772_/D : -0.111666
[setup in-reg] rst_n -> _43978_/D : -0.110591
[setup reg-reg] _44223_/Q -> _44796_/D : -0.110528
[setup reg-reg] _44223_/Q -> _44798_/D : -0.110473
[setup reg-reg] _46117_/Q -> _45770_/D : -0.109352
[setup reg-reg] _44223_/Q -> _46184_/D : -0.109025
[setup reg-reg] _44223_/Q -> _44900_/D : -0.108905
[setup reg-reg] _44223_/Q -> _45750_/D : -0.107766
[setup reg-reg] _46120_/Q -> _46024_/D : -0.107369
[setup reg-reg] _44223_/Q -> _44799_/D : -0.107250
[setup reg-reg] _43803_/Q -> _43837_/D : -0.107151
[setup reg-reg] _44223_/Q -> _46045_/D : -0.106787
[setup reg-reg] _44223_/Q -> _45634_/D : -0.106752
[setup reg-reg] _44223_/Q -> _45751_/D : -0.106546
[setup reg-reg] _44223_/Q -> _45635_/D : -0.106501
[setup reg-reg] _44223_/Q -> _46267_/D : -0.104929
[setup reg-reg] _44223_/Q -> _44954_/D : -0.104689
[setup reg-reg] _46120_/Q -> _44515_/D : -0.104488
[setup reg-reg] _44223_/Q -> _45034_/D : -0.103305
[setup reg-reg] _44223_/Q -> _46166_/D : -0.103115
[setup reg-reg] _44223_/Q -> _44662_/D : -0.101670
[setup reg-reg] _46120_/Q -> _44510_/D : -0.101009
[setup in-reg] rst_n -> _43977_/D : -0.100028
[setup reg-reg] _44223_/Q -> _44671_/D : -0.099705
[setup reg-reg] _44223_/Q -> _46205_/D : -0.098776
[setup reg-reg] _44223_/Q -> _44666_/D : -0.097357
[setup reg-reg] _44223_/Q -> _45495_/D : -0.097025
[setup reg-reg] _44223_/Q -> _46203_/D : -0.096048
[setup reg-reg] _44223_/Q -> _44794_/D : -0.095653
[setup reg-reg] _44223_/Q -> _45758_/D : -0.095314
[setup reg-reg] _44223_/Q -> _44674_/D : -0.095130
[setup reg-reg] _44223_/Q -> _46238_/D : -0.095065
[setup reg-reg] _44223_/Q -> _45372_/D : -0.094487
[setup reg-reg] _44223_/Q -> _44670_/D : -0.093931
[setup reg-reg] _44223_/Q -> _45753_/D : -0.093829
[setup reg-reg] _46120_/Q -> _44514_/D : -0.093658
[setup reg-reg] _44223_/Q -> _44894_/D : -0.093515
[setup reg-reg] _44223_/Q -> _45762_/D : -0.093300
[setup reg-reg] _43776_/Q -> _43811_/D : -0.093062
[setup reg-reg] _46117_/Q -> _45998_/D : -0.092545
[setup reg-reg] _44223_/Q -> _46272_/D : -0.092186
[setup reg-reg] _44223_/Q -> _44964_/D : -0.091897
[setup reg-reg] _43803_/Q -> _43953_/D : -0.091603
[setup reg-reg] _44223_/Q -> _45023_/D : -0.089779
[setup reg-reg] _46120_/Q -> _46036_/D : -0.089125
[setup reg-reg] _43803_/Q -> _43853_/D : -0.088473
[setup reg-reg] _46120_/Q -> _45211_/D : -0.088151
[setup reg-reg] _46120_/Q -> _45209_/D : -0.087630
[setup reg-reg] _44223_/Q -> _44672_/D : -0.087329
[setup reg-reg] _44223_/Q -> _46187_/D : -0.087293
[setup reg-reg] _44223_/Q -> _45416_/D : -0.087206
[setup reg-reg] _46120_/Q -> _44501_/D : -0.086051
[setup reg-reg] _44223_/Q -> _45037_/D : -0.086002
[setup reg-reg] _44223_/Q -> _46186_/D : -0.085889
[setup reg-reg] _44223_/Q -> _45763_/D : -0.084718
[setup reg-reg] _44223_/Q -> _44887_/D : -0.083893
[setup reg-reg] _44223_/Q -> _44296_/D : -0.083608
[setup reg-reg] _44223_/Q -> _44668_/D : -0.083022
[setup reg-reg] _44223_/Q -> _44800_/D : -0.082934
[setup reg-reg] _44223_/Q -> _45419_/D : -0.082912
[setup reg-reg] _46117_/Q -> _44458_/D : -0.082869
[setup reg-reg] _44223_/Q -> _45756_/D : -0.082279
[setup reg-reg] _44223_/Q -> _45625_/D : -0.081976
[setup reg-reg] _44223_/Q -> _46183_/D : -0.081961
[setup reg-reg] _44223_/Q -> _45902_/D : -0.081807
[setup reg-reg] _44223_/Q -> _44962_/D : -0.081696
[setup reg-reg] _44223_/Q -> _44676_/D : -0.081362
[setup reg-reg] _44223_/Q -> _45375_/D : -0.080612
[setup reg-reg] _44223_/Q -> _44447_/D : -0.079655
[setup reg-reg] _44223_/Q -> _46234_/D : -0.078725
[setup reg-reg] _44223_/Q -> _45025_/D : -0.078353
[setup reg-reg] _43774_/Q -> _43609_/D : -0.077947
[setup reg-reg] _46117_/Q -> _45777_/D : -0.077677
[setup reg-reg] _44223_/Q -> _44661_/D : -0.076783
[setup reg-reg] _44223_/Q -> _45038_/D : -0.076737
[setup reg-reg] _44223_/Q -> _44803_/D : -0.075403
[setup reg-reg] _44223_/Q -> _45039_/D : -0.075361
[setup reg-reg] _44223_/Q -> _44665_/D : -0.074516
[setup reg-reg] _46120_/Q -> _44392_/D : -0.074163
[setup reg-reg] _46120_/Q -> _44508_/D : -0.073810
[setup reg-reg] _44223_/Q -> _45041_/D : -0.073733
[setup reg-reg] _44223_/Q -> _45760_/D : -0.073577
[setup reg-reg] _44223_/Q -> _45376_/D : -0.072993
[setup reg-reg] _46117_/Q -> _46000_/D : -0.072487
[setup reg-reg] _44223_/Q -> _44628_/D : -0.071871
[setup reg-reg] _46117_/Q -> _45779_/D : -0.070227
[setup reg-reg] _44223_/Q -> _45379_/D : -0.069483
[setup reg-reg] _46117_/Q -> _44537_/D : -0.068911
[setup reg-reg] _46117_/Q -> _45765_/D : -0.068805
[setup reg-reg] _46120_/Q -> _44395_/D : -0.068204
[setup reg-reg] _46117_/Q -> _46003_/D : -0.067387
[setup reg-reg] _46120_/Q -> _44680_/D : -0.066827
[setup reg-reg] _44223_/Q -> _44663_/D : -0.066784
[setup reg-reg] _44223_/Q -> _45428_/D : -0.066015
[setup reg-reg] _44223_/Q -> _45191_/D : -0.065490
[setup reg-reg] _46120_/Q -> _44686_/D : -0.065285
[setup reg-reg] _43803_/Q -> _44042_/D : -0.065245
[setup reg-reg] _43774_/Q -> _43608_/D : -0.065244
[setup reg-reg] _44223_/Q -> _46237_/D : -0.064287
[setup reg-reg] _44223_/Q -> _44888_/D : -0.064171
[setup reg-reg] _46120_/Q -> _44394_/D : -0.063738
[setup reg-reg] _44223_/Q -> _44791_/D : -0.063609
[setup reg-reg] _46117_/Q -> _45242_/D : -0.062998
[setup reg-reg] _46117_/Q -> _44840_/D : -0.062255
[setup reg-reg] _44223_/Q -> _45015_/D : -0.062151
[setup reg-reg] _44223_/Q -> _45370_/D : -0.061764
[setup reg-reg] _46117_/Q -> _45771_/D : -0.060846
[setup reg-reg] _44223_/Q -> _44664_/D : -0.059394
[setup reg-reg] _44223_/Q -> _45365_/D : -0.059340
[setup reg-reg] _44223_/Q -> _44675_/D : -0.059051
[setup reg-reg] _44223_/Q -> _45043_/D : -0.057777
[setup reg-reg] _44223_/Q -> _44797_/D : -0.057583
[setup reg-reg] _44223_/Q -> _44898_/D : -0.057444
[setup reg-reg] _46117_/Q -> _45238_/D : -0.057309
[setup reg-reg] _44223_/Q -> _46260_/D : -0.056978
[setup reg-reg] _46117_/Q -> _44464_/D : -0.056962
[setup reg-reg] _44223_/Q -> _44896_/D : -0.056585
[setup reg-reg] _46117_/Q -> _45992_/D : -0.056140
[setup reg-reg] _44223_/Q -> _45033_/D : -0.056094
[setup reg-reg] _44223_/Q -> _45024_/D : -0.055633
[setup reg-reg] _44223_/Q -> _45603_/D : -0.055313
[setup reg-reg] _46117_/Q -> _45780_/D : -0.054936
[setup reg-reg] _44223_/Q -> _45022_/D : -0.054308
[setup reg-reg] _44223_/Q -> _45026_/D : -0.054079
[setup reg-reg] _44223_/Q -> _46241_/D : -0.053473
[setup reg-reg] _44223_/Q -> _44949_/D : -0.053309
[setup reg-reg] _44223_/Q -> _45040_/D : -0.053200
[setup reg-reg] _44223_/Q -> _45031_/D : -0.052975
[setup reg-reg] _43774_/Q -> _43645_/D : -0.052728
[setup reg-reg] _44223_/Q -> _45906_/D : -0.052089
[setup reg-reg] _44223_/Q -> _45378_/D : -0.052000
[setup reg-reg] _44223_/Q -> _46228_/D : -0.051666
[setup reg-reg] _44223_/Q -> _44899_/D : -0.050204
[setup reg-reg] _44223_/Q -> _46240_/D : -0.050042
[setup reg-reg] _44223_/Q -> _45200_/D : -0.049942
[setup reg-reg] _46120_/Q -> _45210_/D : -0.049605
[setup reg-reg] _44223_/Q -> _44895_/D : -0.049235
[setup reg-reg] _46117_/Q -> _44852_/D : -0.048022
[setup reg-reg] _44223_/Q -> _44801_/D : -0.047939
[setup reg-reg] _46117_/Q -> _44850_/D : -0.047827
[setup reg-reg] _44223_/Q -> _44960_/D : -0.047714
[setup reg-reg] _44223_/Q -> _44892_/D : -0.045765
[setup reg-reg] _44223_/Q -> _46233_/D : -0.045417
[setup reg-reg] _44223_/Q -> _46178_/D : -0.044929
[setup reg-reg] _46120_/Q -> _45215_/D : -0.044439
[setup reg-reg] _46117_/Q -> _45237_/D : -0.043595
[setup reg-reg] _44223_/Q -> _45377_/D : -0.043041
[setup reg-reg] _43774_/Q -> _43644_/D : -0.042373
[setup reg-reg] _46120_/Q -> _45213_/D : -0.040244
[setup reg-reg] _44223_/Q -> _45591_/D : -0.039917
[setup reg-reg] _44223_/Q -> _45621_/D : -0.039526
[setup reg-reg] _44223_/Q -> _44673_/D : -0.039315
[setup reg-reg] _46120_/Q -> _45272_/D : -0.038916
[setup reg-reg] _43774_/Q -> _43597_/D : -0.037900
[setup reg-reg] _44223_/Q -> _46229_/D : -0.036695
[setup reg-reg] _44223_/Q -> _46162_/D : -0.036353
[setup reg-reg] _44223_/Q -> _44802_/D : -0.036303
[setup reg-reg] _44223_/Q -> _45029_/D : -0.036207
[setup reg-reg] _46120_/Q -> _44390_/D : -0.035691
[setup reg-reg] _46120_/Q -> _45206_/D : -0.035512
[setup reg-reg] _46117_/Q -> _45774_/D : -0.035453
[setup reg-reg] _43579_/Q -> _43807_/D : -0.035135
[setup reg-reg] _44223_/Q -> _45257_/D : -0.034345
[setup reg-reg] _46344_/Q -> _43533_/D : -0.034254
[setup reg-reg] _46120_/Q -> _44685_/D : -0.034144
[setup reg-reg] _44223_/Q -> _45898_/D : -0.033882
[setup reg-reg] _44223_/Q -> _45632_/D : -0.033111
[setup reg-reg] _44223_/Q -> _45189_/D : -0.032919
[setup reg-reg] _46117_/Q -> _44849_/D : -0.031721
[setup reg-reg] _44223_/Q -> _44893_/D : -0.031558
[setup reg-reg] _44223_/Q -> _45036_/D : -0.031109
[setup reg-reg] _46117_/Q -> _44839_/D : -0.030667
[setup reg-reg] _46117_/Q -> _44851_/D : -0.030401
[setup reg-reg] _44223_/Q -> _46182_/D : -0.030195
[setup reg-reg] _46120_/Q -> _44684_/D : -0.030010
[setup reg-reg] _44223_/Q -> _45754_/D : -0.029877
[setup reg-reg] _43774_/Q -> _43598_/D : -0.029127
[setup reg-reg] _44223_/Q -> _44790_/D : -0.029116
[setup reg-reg] _44223_/Q -> _45192_/D : -0.028865
[setup reg-reg] _43774_/Q -> _43640_/D : -0.028112
[setup reg-reg] _44223_/Q -> _45903_/D : -0.027731
[setup reg-reg] _44223_/Q -> _44792_/D : -0.026096
[setup reg-reg] _44223_/Q -> _45374_/D : -0.025509
[setup reg-reg] _43774_/Q -> _43596_/D : -0.024979
[setup reg-reg] _44223_/Q -> _44795_/D : -0.024944
[setup reg-reg] _44223_/Q -> _46232_/D : -0.024891
[setup reg-reg] _46117_/Q -> _44460_/D : -0.024069
[setup reg-reg] _46117_/Q -> _44841_/D : -0.023729
[setup reg-reg] _46117_/Q -> _44848_/D : -0.023270
[setup reg-reg] _44223_/Q -> _46190_/D : -0.022791
[setup reg-reg] _44223_/Q -> _44869_/D : -0.022390
[setup reg-reg] _44223_/Q -> _45601_/D : -0.022103
[setup reg-reg] _44223_/Q -> _45602_/D : -0.021897
[setup reg-reg] _46117_/Q -> _44844_/D : -0.020621
[setup reg-reg] _44223_/Q -> _44789_/D : -0.020454
[setup reg-reg] _43774_/Q -> _43629_/D : -0.020450
[setup reg-reg] _44223_/Q -> _45044_/D : -0.020335
[setup reg-reg] _44223_/Q -> _44793_/D : -0.020085
[setup reg-reg] _46120_/Q -> _44689_/D : -0.019871
[setup reg-reg] _44223_/Q -> _45665_/D : -0.019823
[setup reg-reg] _44223_/Q -> _46226_/D : -0.019347
[setup reg-reg] _44223_/Q -> _45366_/D : -0.018628
[setup reg-reg] _46117_/Q -> _44465_/D : -0.016607
[setup reg-reg] _46120_/Q -> _45207_/D : -0.016477
[setup reg-reg] _44223_/Q -> _46236_/D : -0.016180
[setup reg-reg] _46120_/Q -> _44679_/D : -0.016010
[setup reg-reg] _46117_/Q -> _45778_/D : -0.015760
[setup reg-reg] _44223_/Q -> _45893_/D : -0.015634
[setup reg-reg] _44223_/Q -> _45193_/D : -0.014949
[setup reg-reg] _44223_/Q -> _45203_/D : -0.014296
[setup reg-reg] _44223_/Q -> _45897_/D : -0.014016
[setup reg-reg] _44223_/Q -> _45020_/D : -0.013655
[setup reg-reg] _44223_/Q -> _45667_/D : -0.013536
[setup reg-reg] _46117_/Q -> _44453_/D : -0.012536
[setup reg-reg] _44223_/Q -> _45387_/D : -0.012198
[setup reg-reg] _44223_/Q -> _44804_/D : -0.011973
[setup reg-reg] _46117_/Q -> _46001_/D : -0.011175
[setup reg-reg] _44223_/Q -> _45449_/D : -0.011013
[setup reg-reg] _44223_/Q -> _45197_/D : -0.010041
[setup reg-reg] _44223_/Q -> _46227_/D : -0.009604
[setup reg-reg] _46117_/Q -> _44466_/D : -0.009570
[setup reg-reg] _44223_/Q -> _45035_/D : -0.009499
[setup reg-reg] _44223_/Q -> _45900_/D : -0.009231
[setup reg-reg] _46117_/Q -> _44846_/D : -0.008852
[setup reg-reg] _46117_/Q -> _44461_/D : -0.008114
[setup reg-reg] _46120_/Q -> _45208_/D : -0.007724
[setup reg-reg] _44223_/Q -> _45572_/D : -0.007589
[setup reg-reg] _44223_/Q -> _45369_/D : -0.007426
[setup reg-reg] _46117_/Q -> _44459_/D : -0.007402
[setup reg-reg] _44223_/Q -> _45101_/D : -0.007014
[setup reg-reg] _44223_/Q -> _45367_/D : -0.005641
[setup reg-reg] _43803_/Q -> _43929_/D : -0.005431
[setup reg-reg] _46117_/Q -> _44845_/D : -0.004677
[setup reg-reg] _46117_/Q -> _45776_/D : -0.002895
[setup reg-reg] _46117_/Q -> _44350_/D : -0.001759
[setup reg-reg] _44223_/Q -> _45666_/D : -0.001501
[setup reg-reg] _46120_/Q -> _45270_/D : -0.001173
[setup reg-reg] _46117_/Q -> _44463_/D : -0.000976
[setup reg-reg] _44223_/Q -> _45016_/D : -0.000484
[setup reg-reg] _44223_/Q -> _45199_/D : -0.000375
