
===========================================================================
report_checks -unconstrained
===========================================================================
======================= max_tt_025C_1v80 Corner ===================================

Startpoint: rst_n (input port clocked by clk_dsp)
Endpoint: _44061_ (recovery check against rising-edge clock clk_dsp)
Path Group: asynchronous
Path Type: max

Fanout         Cap        Slew       Delay        Time   Description
---------------------------------------------------------------------------------------------
                                  0.000000    0.000000   clock clk_dsp (rise edge)
                                  0.000000    0.000000   clock network delay (propagated)
                                  1.000000    1.000000 ^ input external delay
     1    0.002625    0.018980    0.009741    1.009741 ^ rst_n (in)
                                                         rst_n (net)
                      0.018980    0.000000    1.009741 ^ hold102/A (sky130_fd_sc_hd__dlygate4sd3_1)
     1    0.002591    0.051063    0.524252    1.533993 ^ hold102/X (sky130_fd_sc_hd__dlygate4sd3_1)
                                                         net3075 (net)
                      0.051063    0.000119    1.534112 ^ input17/A (sky130_fd_sc_hd__buf_4)
     1    0.069142    0.194785    0.211560    1.745672 ^ input17/X (sky130_fd_sc_hd__buf_4)
                                                         net17 (net)
                      0.200092    0.025367    1.771039 ^ fanout2882/A (sky130_fd_sc_hd__buf_12)
     1    0.037455    0.058150    0.151930    1.922969 ^ fanout2882/X (sky130_fd_sc_hd__buf_12)
                                                         net2882 (net)
                      0.059424    0.006741    1.929710 ^ hold92/A (sky130_fd_sc_hd__buf_12)
     2    0.036580    0.055435    0.114385    2.044095 ^ hold92/X (sky130_fd_sc_hd__buf_12)
                                                         net3065 (net)
                      0.056234    0.005198    2.049293 ^ hold94/A (sky130_fd_sc_hd__buf_12)
     1    0.027081    0.045381    0.105878    2.155170 ^ hold94/X (sky130_fd_sc_hd__buf_12)
                                                         net3067 (net)
                      0.046144    0.004537    2.159707 ^ hold96/A (sky130_fd_sc_hd__buf_12)
     1    0.054207    0.072839    0.120173    2.279880 ^ hold96/X (sky130_fd_sc_hd__buf_12)
                                                         net3069 (net)
                      0.078385    0.015490    2.295371 ^ hold98/A (sky130_fd_sc_hd__buf_12)
     5    0.129033    0.154038    0.189004    2.484375 ^ hold98/X (sky130_fd_sc_hd__buf_12)
                                                         net3071 (net)
                      0.155798    0.013203    2.497578 ^ fanout2830/A (sky130_fd_sc_hd__buf_6)
     6    0.144718    0.286661    0.295310    2.792888 ^ fanout2830/X (sky130_fd_sc_hd__buf_6)
                                                         net2830 (net)
                      0.288469    0.018536    2.811424 ^ hold99/A (sky130_fd_sc_hd__dlygate4sd3_1)
     2    0.038062    0.377245    0.834457    3.645881 ^ hold99/X (sky130_fd_sc_hd__dlygate4sd3_1)
                                                         net3072 (net)
                      0.377287    0.004134    3.650016 ^ fanout2790/A (sky130_fd_sc_hd__buf_2)
     5    0.054198    0.263995    0.348308    3.998324 ^ fanout2790/X (sky130_fd_sc_hd__buf_2)
                                                         net2790 (net)
                      0.264129    0.002920    4.001244 ^ fanout2789/A (sky130_fd_sc_hd__buf_2)
     7    0.048981    0.240427    0.310047    4.311291 ^ fanout2789/X (sky130_fd_sc_hd__buf_2)
                                                         net2789 (net)
                      0.240450    0.001987    4.313278 ^ fanout2780/A (sky130_fd_sc_hd__clkbuf_4)
    10    0.052388    0.162769    0.287388    4.600666 ^ fanout2780/X (sky130_fd_sc_hd__clkbuf_4)
                                                         net2780 (net)
                      0.162928    0.002961    4.603627 ^ fanout2779/A (sky130_fd_sc_hd__clkbuf_4)
    10    0.048333    0.151749    0.255505    4.859132 ^ fanout2779/X (sky130_fd_sc_hd__clkbuf_4)
                                                         net2779 (net)
                      0.151793    0.002468    4.861600 ^ _44061_/RESET_B (sky130_fd_sc_hd__dfrtp_1)
                                              4.861600   data arrival time

                                  5.000000    5.000000   clock clk_dsp (rise edge)
                                  0.000000    5.000000   clock source latency
     2    0.166075    0.751357    0.559649    5.559649 ^ clk_dsp (in)
                                                         clk_dsp (net)
                      0.780237    0.000000    5.559649 ^ clkbuf_0_clk_dsp/A (sky130_fd_sc_hd__clkbuf_16)
     4    0.135594    0.155367    0.363355    5.923004 ^ clkbuf_0_clk_dsp/X (sky130_fd_sc_hd__clkbuf_16)
                                                         clknet_0_clk_dsp (net)
                      0.156465    0.010339    5.933343 ^ clkbuf_2_2_0_clk_dsp/A (sky130_fd_sc_hd__clkbuf_8)
     4    0.080837    0.147268    0.237851    6.171194 ^ clkbuf_2_2_0_clk_dsp/X (sky130_fd_sc_hd__clkbuf_8)
                                                         clknet_2_2_0_clk_dsp (net)
                      0.148063    0.008814    6.180008 ^ clkbuf_4_9_0_clk_dsp/A (sky130_fd_sc_hd__clkbuf_8)
     2    0.039676    0.082039    0.191649    6.371657 ^ clkbuf_4_9_0_clk_dsp/X (sky130_fd_sc_hd__clkbuf_8)
                                                         clknet_4_9_0_clk_dsp (net)
                      0.082194    0.002231    6.373888 ^ clkbuf_5_18__f_clk_dsp/A (sky130_fd_sc_hd__clkbuf_16)
     7    0.066299    0.084325    0.172594    6.546482 ^ clkbuf_5_18__f_clk_dsp/X (sky130_fd_sc_hd__clkbuf_16)
                                                         clknet_5_18__leaf_clk_dsp (net)
                      0.084523    0.003283    6.549766 ^ clkbuf_leaf_57_clk_dsp/A (sky130_fd_sc_hd__clkbuf_8)
    18    0.054797    0.105246    0.188329    6.738094 ^ clkbuf_leaf_57_clk_dsp/X (sky130_fd_sc_hd__clkbuf_8)
                                                         clknet_leaf_57_clk_dsp (net)
                      0.105321    0.002544    6.740638 ^ _44061_/CLK (sky130_fd_sc_hd__dfrtp_1)
                                 -0.250000    6.490638   clock uncertainty
                                  0.000000    6.490638   clock reconvergence pessimism
                                  0.221439    6.712078   library recovery time
                                              6.712078   data required time
---------------------------------------------------------------------------------------------
                                              6.712078   data required time
                                             -4.861600   data arrival time
---------------------------------------------------------------------------------------------
                                              1.850478   slack (MET)


Startpoint: _46159_ (rising edge-triggered flip-flop clocked by clk_dsp)
Endpoint: _46276_ (rising edge-triggered flip-flop clocked by clk_dsp)
Path Group: clk_dsp
Path Type: max

Fanout         Cap        Slew       Delay        Time   Description
---------------------------------------------------------------------------------------------
                                  0.000000    0.000000   clock clk_dsp (rise edge)
                                  0.000000    0.000000   clock source latency
     2    0.166075    0.751357    0.559649    0.559649 ^ clk_dsp (in)
                                                         clk_dsp (net)
                      0.780237    0.000000    0.559649 ^ clkbuf_0_clk_dsp/A (sky130_fd_sc_hd__clkbuf_16)
     4    0.135594    0.155367    0.363355    0.923004 ^ clkbuf_0_clk_dsp/X (sky130_fd_sc_hd__clkbuf_16)
                                                         clknet_0_clk_dsp (net)
                      0.156296    0.009538    0.932542 ^ clkbuf_2_3_0_clk_dsp/A (sky130_fd_sc_hd__clkbuf_8)
     4    0.080023    0.146109    0.236792    1.169334 ^ clkbuf_2_3_0_clk_dsp/X (sky130_fd_sc_hd__clkbuf_8)
                                                         clknet_2_3_0_clk_dsp (net)
                      0.148193    0.013921    1.183255 ^ clkbuf_4_15_0_clk_dsp/A (sky130_fd_sc_hd__clkbuf_8)
     2    0.057070    0.109781    0.211687    1.394943 ^ clkbuf_4_15_0_clk_dsp/X (sky130_fd_sc_hd__clkbuf_8)
                                                         clknet_4_15_0_clk_dsp (net)
                      0.110176    0.004922    1.399865 ^ clkbuf_5_30__f_clk_dsp/A (sky130_fd_sc_hd__clkbuf_16)
     9    0.120517    0.133726    0.219265    1.619130 ^ clkbuf_5_30__f_clk_dsp/X (sky130_fd_sc_hd__clkbuf_16)
                                                         clknet_5_30__leaf_clk_dsp (net)
                      0.134592    0.008614    1.627744 ^ clkbuf_leaf_144_clk_dsp/A (sky130_fd_sc_hd__clkbuf_8)
    11    0.044921    0.089802    0.194001    1.821745 ^ clkbuf_leaf_144_clk_dsp/X (sky130_fd_sc_hd__clkbuf_8)
                                                         clknet_leaf_144_clk_dsp (net)
                      0.089822    0.001372    1.823118 ^ _46159_/CLK (sky130_fd_sc_hd__dfrtp_1)
     4    0.021977    0.124530    0.455040    2.278158 v _46159_/Q (sky130_fd_sc_hd__dfrtp_1)
                                                         u_phase_009_fft.out_cnt[3] (net)
                      0.124543    0.001302    2.279460 v fanout1762/A (sky130_fd_sc_hd__buf_4)
     5    0.025031    0.049136    0.192885    2.472345 v fanout1762/X (sky130_fd_sc_hd__buf_4)
                                                         net1762 (net)
                      0.049190    0.001474    2.473818 v fanout1761/A (sky130_fd_sc_hd__buf_4)
    10    0.043942    0.070926    0.178663    2.652482 v fanout1761/X (sky130_fd_sc_hd__buf_4)
                                                         net1761 (net)
                      0.071081    0.002910    2.655391 v _34555_/A_N (sky130_fd_sc_hd__and4bb_1)
     1    0.019708    0.206661    0.373737    3.029129 ^ _34555_/X (sky130_fd_sc_hd__and4bb_1)
                                                         _08581_ (net)
                      0.206683    0.002204    3.031333 ^ fanout1258/A (sky130_fd_sc_hd__clkbuf_8)
     6    0.137709    0.242774    0.302339    3.333672 ^ fanout1258/X (sky130_fd_sc_hd__clkbuf_8)
                                                         net1258 (net)
                      0.252584    0.038335    3.372008 ^ fanout1254/A (sky130_fd_sc_hd__clkbuf_4)
    10    0.081829    0.246925    0.345696    3.717704 ^ fanout1254/X (sky130_fd_sc_hd__clkbuf_4)
                                                         net1254 (net)
                      0.247935    0.012919    3.730623 ^ _34557_/B (sky130_fd_sc_hd__and2_4)
     4    0.074317    0.218625    0.322355    4.052978 ^ _34557_/X (sky130_fd_sc_hd__and2_4)
                                                         _08583_ (net)
                      0.220610    0.016746    4.069724 ^ clone91/A (sky130_fd_sc_hd__clkbuf_1)
    10    0.188729    2.154620    1.566676    5.636400 ^ clone91/X (sky130_fd_sc_hd__clkbuf_1)
                                                         net3064 (net)
                      2.154666    0.008574    5.644974 ^ fanout921/A (sky130_fd_sc_hd__clkbuf_8)
    10    0.125940    0.242042    0.542143    6.187116 ^ fanout921/X (sky130_fd_sc_hd__clkbuf_8)
                                                         net921 (net)
                      0.249606    0.032860    6.219977 ^ _35023_/A2 (sky130_fd_sc_hd__a22o_1)
     1    0.003130    0.051133    0.183334    6.403310 ^ _35023_/X (sky130_fd_sc_hd__a22o_1)
                                                         _09049_ (net)
                      0.051133    0.000230    6.403541 ^ _35024_/C1 (sky130_fd_sc_hd__a211o_1)
     1    0.008497    0.085821    0.121560    6.525101 ^ _35024_/X (sky130_fd_sc_hd__a211o_1)
                                                         _09050_ (net)
                      0.085826    0.000724    6.525825 ^ _35025_/C1 (sky130_fd_sc_hd__a211o_1)
     1    0.006595    0.071296    0.121179    6.647004 ^ _35025_/X (sky130_fd_sc_hd__a211o_1)
                                                         _09051_ (net)
                      0.071298    0.000507    6.647510 ^ _35034_/C (sky130_fd_sc_hd__or4_1)
     1    0.018162    0.172418    0.201092    6.848602 ^ _35034_/X (sky130_fd_sc_hd__or4_1)
                                                         _09060_ (net)
                      0.172496    0.001713    6.850315 ^ _35035_/A3 (sky130_fd_sc_hd__o32a_4)
     2    0.104438    0.296390    0.360568    7.210883 ^ _35035_/X (sky130_fd_sc_hd__o32a_4)
                                                         _09061_ (net)
                      0.297963    0.017577    7.228460 ^ fanout248/A (sky130_fd_sc_hd__buf_6)
     7    0.170768    0.337183    0.346238    7.574697 ^ fanout248/X (sky130_fd_sc_hd__buf_6)
                                                         net248 (net)
                      0.337541    0.009448    7.584145 ^ fanout246/A (sky130_fd_sc_hd__buf_4)
    11    0.108904    0.301194    0.362532    7.946677 ^ fanout246/X (sky130_fd_sc_hd__buf_4)
                                                         net246 (net)
                      0.301466    0.007667    7.954344 ^ _35036_/A (sky130_fd_sc_hd__inv_2)
     2    0.077415    0.202203    0.228330    8.182674 v _35036_/Y (sky130_fd_sc_hd__inv_2)
                                                         _09062_ (net)
                      0.202226    0.001870    8.184544 v fanout229/A (sky130_fd_sc_hd__clkbuf_8)
    12    0.137678    0.150112    0.279985    8.464529 v fanout229/X (sky130_fd_sc_hd__clkbuf_8)
                                                         net229 (net)
                      0.180901    0.052145    8.516674 v _41275_/B (sky130_fd_sc_hd__nor3_1)
     3    0.011453    0.369472    0.382763    8.899437 ^ _41275_/Y (sky130_fd_sc_hd__nor3_1)
                                                         _15269_ (net)
                      0.369474    0.000670    8.900106 ^ _41277_/A (sky130_fd_sc_hd__nor2_1)
     2    0.006310    0.093739    0.121133    9.021240 v _41277_/Y (sky130_fd_sc_hd__nor2_1)
                                                         _15271_ (net)
                      0.093739    0.000314    9.021554 v _41278_/C (sky130_fd_sc_hd__and3_1)
     3    0.008686    0.061784    0.224857    9.246412 v _41278_/X (sky130_fd_sc_hd__and3_1)
                                                         _15272_ (net)
                      0.061786    0.000445    9.246857 v _41429_/A (sky130_fd_sc_hd__or2_1)
     2    0.007628    0.070907    0.255069    9.501925 v _41429_/X (sky130_fd_sc_hd__or2_1)
                                                         _15423_ (net)
                      0.070910    0.000543    9.502468 v _41436_/B (sky130_fd_sc_hd__xnor2_1)
     2    0.007181    0.200055    0.202653    9.705121 ^ _41436_/Y (sky130_fd_sc_hd__xnor2_1)
                                                         _15430_ (net)
                      0.200116    0.000316    9.705438 ^ _41588_/B (sky130_fd_sc_hd__or2_1)
     1    0.003926    0.050602    0.136346    9.841784 ^ _41588_/X (sky130_fd_sc_hd__or2_1)
                                                         _15582_ (net)
                      0.050603    0.000308    9.842092 ^ _41589_/B (sky130_fd_sc_hd__nand2_1)
     2    0.008272    0.081357    0.077753    9.919845 v _41589_/Y (sky130_fd_sc_hd__nand2_1)
                                                         _15583_ (net)
                      0.081359    0.000528    9.920372 v _41590_/B1 (sky130_fd_sc_hd__a21o_1)
     4    0.020725    0.106742    0.233962   10.154335 v _41590_/X (sky130_fd_sc_hd__a21o_1)
                                                         _15584_ (net)
                      0.106757    0.001211   10.155545 v _41736_/A1 (sky130_fd_sc_hd__a211o_1)
     2    0.012120    0.088829    0.323826   10.479371 v _41736_/X (sky130_fd_sc_hd__a211o_1)
                                                         _15730_ (net)
                      0.088830    0.000445   10.479816 v _41769_/A2 (sky130_fd_sc_hd__a211o_1)
     2    0.014110    0.097313    0.360970   10.840786 v _41769_/X (sky130_fd_sc_hd__a211o_1)
                                                         _15763_ (net)
                      0.097318    0.000785   10.841572 v _41882_/A2 (sky130_fd_sc_hd__a21o_1)
     2    0.007931    0.055484    0.216286   11.057858 v _41882_/X (sky130_fd_sc_hd__a21o_1)
                                                         _15876_ (net)
                      0.055487    0.000439   11.058296 v _41884_/A2 (sky130_fd_sc_hd__a21o_1)
     3    0.008625    0.058160    0.203053   11.261349 v _41884_/X (sky130_fd_sc_hd__a21o_1)
                                                         _15878_ (net)
                      0.058164    0.000496   11.261845 v _41946_/A2 (sky130_fd_sc_hd__a211oi_1)
     2    0.006720    0.287027    0.312030   11.573875 ^ _41946_/Y (sky130_fd_sc_hd__a211oi_1)
                                                         _15940_ (net)
                      0.287027    0.000548   11.574424 ^ _41948_/B (sky130_fd_sc_hd__nor3_1)
     3    0.009023    0.095384    0.130594   11.705018 v _41948_/Y (sky130_fd_sc_hd__nor3_1)
                                                         _15942_ (net)
                      0.095384    0.000443   11.705461 v max_cap71/A (sky130_fd_sc_hd__clkbuf_1)
     2    0.007094    0.049637    0.129627   11.835088 v max_cap71/X (sky130_fd_sc_hd__clkbuf_1)
                                                         net71 (net)
                      0.049641    0.000462   11.835549 v _42104_/A1 (sky130_fd_sc_hd__o21a_1)
     2    0.004424    0.042426    0.189254   12.024804 v _42104_/X (sky130_fd_sc_hd__o21a_1)
                                                         _16098_ (net)
                      0.042427    0.000262   12.025065 v _42105_/C (sky130_fd_sc_hd__or3_1)
     3    0.008025    0.095106    0.342017   12.367083 v _42105_/X (sky130_fd_sc_hd__or3_1)
                                                         _16099_ (net)
                      0.095106    0.000423   12.367506 v _42114_/A (sky130_fd_sc_hd__nand2_1)
     1    0.005685    0.069248    0.093507   12.461012 ^ _42114_/Y (sky130_fd_sc_hd__nand2_1)
                                                         _16108_ (net)
                      0.069249    0.000430   12.461442 ^ _42253_/A (sky130_fd_sc_hd__xnor2_1)
     2    0.007489    0.076449    0.096948   12.558391 v _42253_/Y (sky130_fd_sc_hd__xnor2_1)
                                                         _16247_ (net)
                      0.076450    0.000436   12.558826 v _42257_/B (sky130_fd_sc_hd__xnor2_1)
     2    0.012397    0.304555    0.282963   12.841789 ^ _42257_/Y (sky130_fd_sc_hd__xnor2_1)
                                                         _16251_ (net)
                      0.304560    0.000991   12.842780 ^ _43311_/B (sky130_fd_sc_hd__xnor2_2)
     2    0.008153    0.157283    0.163899   13.006680 ^ _43311_/Y (sky130_fd_sc_hd__xnor2_2)
                                                         _17305_ (net)
                      0.157283    0.000539   13.007218 ^ _43312_/B1 (sky130_fd_sc_hd__o21ai_2)
     3    0.010763    0.070145    0.098684   13.105903 v _43312_/Y (sky130_fd_sc_hd__o21ai_2)
                                                         _17306_ (net)
                      0.070147    0.000553   13.106456 v _43313_/A1 (sky130_fd_sc_hd__a21o_1)
     3    0.014148    0.079326    0.207563   13.314018 v _43313_/X (sky130_fd_sc_hd__a21o_1)
                                                         _17307_ (net)
                      0.079337    0.000963   13.314981 v _43315_/A1 (sky130_fd_sc_hd__a21oi_4)
     3    0.017808    0.170182    0.187021   13.502003 ^ _43315_/Y (sky130_fd_sc_hd__a21oi_4)
                                                         _17309_ (net)
                      0.170194    0.001436   13.503439 ^ _43317_/A1 (sky130_fd_sc_hd__o21bai_4)
     3    0.012597    0.063574    0.101457   13.604896 v _43317_/Y (sky130_fd_sc_hd__o21bai_4)
                                                         _17311_ (net)
                      0.063576    0.000767   13.605662 v _43320_/A2 (sky130_fd_sc_hd__a21o_1)
     4    0.015635    0.085484    0.232331   13.837994 v _43320_/X (sky130_fd_sc_hd__a21o_1)
                                                         _17314_ (net)
                      0.085502    0.001215   13.839209 v _43321_/C (sky130_fd_sc_hd__and3b_1)
     3    0.008532    0.061096    0.219075   14.058283 v _43321_/X (sky130_fd_sc_hd__and3b_1)
                                                         _17315_ (net)
                      0.061102    0.000658   14.058941 v _43323_/A1 (sky130_fd_sc_hd__o31a_1)
     4    0.017552    0.110836    0.365836   14.424777 v _43323_/X (sky130_fd_sc_hd__o31a_1)
                                                         _17317_ (net)
                      0.110853    0.001352   14.426129 v _43335_/A1 (sky130_fd_sc_hd__a211oi_4)
     4    0.019297    0.293053    0.326000   14.752129 ^ _43335_/Y (sky130_fd_sc_hd__a211oi_4)
                                                         _17329_ (net)
                      0.293055    0.001309   14.753438 ^ _43344_/A3 (sky130_fd_sc_hd__o311ai_4)
     3    0.009988    0.105936    0.125847   14.879285 v _43344_/Y (sky130_fd_sc_hd__o311ai_4)
                                                         _17338_ (net)
                      0.105936    0.000592   14.879877 v _43345_/A1 (sky130_fd_sc_hd__a21o_1)
     4    0.012366    0.072002    0.216126   15.096004 v _43345_/X (sky130_fd_sc_hd__a21o_1)
                                                         _17339_ (net)
                      0.072007    0.000670   15.096673 v _43347_/A2 (sky130_fd_sc_hd__a21o_1)
     2    0.012418    0.072284    0.224050   15.320723 v _43347_/X (sky130_fd_sc_hd__a21o_1)
                                                         _17341_ (net)
                      0.072291    0.000753   15.321476 v _43382_/B (sky130_fd_sc_hd__and3_4)
     3    0.021438    0.053104    0.203258   15.524734 v _43382_/X (sky130_fd_sc_hd__and3_4)
                                                         _17376_ (net)
                      0.053163    0.001243   15.525977 v _43384_/A2 (sky130_fd_sc_hd__o31ai_4)
     3    0.035535    0.444549    0.428532   15.954510 ^ _43384_/Y (sky130_fd_sc_hd__o31ai_4)
                                                         _17378_ (net)
                      0.444634    0.004839   15.959348 ^ fanout62/A (sky130_fd_sc_hd__buf_6)
     5    0.037987    0.088359    0.205459   16.164806 ^ fanout62/X (sky130_fd_sc_hd__buf_6)
                                                         net62 (net)
                      0.089108    0.006441   16.171247 ^ _43388_/B1 (sky130_fd_sc_hd__a21oi_2)
     1    0.025575    0.106887    0.080835   16.252083 v _43388_/Y (sky130_fd_sc_hd__a21oi_2)
                                                         _17382_ (net)
                      0.107124    0.004015   16.256098 v _43389_/B1 (sky130_fd_sc_hd__a21oi_1)
     1    0.002835    0.109275    0.133412   16.389509 ^ _43389_/Y (sky130_fd_sc_hd__a21oi_1)
                                                         _02771_ (net)
                      0.109275    0.000187   16.389696 ^ _46276_/D (sky130_fd_sc_hd__dfrtp_4)
                                             16.389696   data arrival time

                                  5.000000    5.000000   clock clk_dsp (rise edge)
                                  0.000000    5.000000   clock source latency
     2    0.166075    0.751357    0.559649    5.559649 ^ clk_dsp (in)
                                                         clk_dsp (net)
                      0.780237    0.000000    5.559649 ^ clkbuf_0_clk_dsp/A (sky130_fd_sc_hd__clkbuf_16)
     4    0.135594    0.155367    0.363355    5.923004 ^ clkbuf_0_clk_dsp/X (sky130_fd_sc_hd__clkbuf_16)
                                                         clknet_0_clk_dsp (net)
                      0.156296    0.009538    5.932542 ^ clkbuf_2_3_0_clk_dsp/A (sky130_fd_sc_hd__clkbuf_8)
     4    0.080023    0.146109    0.236792    6.169334 ^ clkbuf_2_3_0_clk_dsp/X (sky130_fd_sc_hd__clkbuf_8)
                                                         clknet_2_3_0_clk_dsp (net)
                      0.148193    0.013921    6.183255 ^ clkbuf_4_15_0_clk_dsp/A (sky130_fd_sc_hd__clkbuf_8)
     2    0.057070    0.109781    0.211688    6.394943 ^ clkbuf_4_15_0_clk_dsp/X (sky130_fd_sc_hd__clkbuf_8)
                                                         clknet_4_15_0_clk_dsp (net)
                      0.110226    0.005264    6.400207 ^ clkbuf_5_31__f_clk_dsp/A (sky130_fd_sc_hd__clkbuf_16)
     8    0.124637    0.138105    0.216838    6.617044 ^ clkbuf_5_31__f_clk_dsp/X (sky130_fd_sc_hd__clkbuf_16)
                                                         clknet_5_31__leaf_clk_dsp (net)
                      0.148037    0.028806    6.645851 ^ clkbuf_leaf_135_clk_dsp/A (sky130_fd_sc_hd__clkbuf_8)
     9    0.029054    0.065271    0.179427    6.825277 ^ clkbuf_leaf_135_clk_dsp/X (sky130_fd_sc_hd__clkbuf_8)
                                                         clknet_leaf_135_clk_dsp (net)
                      0.065345    0.001913    6.827190 ^ _46276_/CLK (sky130_fd_sc_hd__dfrtp_4)
                                 -0.250000    6.577190   clock uncertainty
                                  0.000000    6.577190   clock reconvergence pessimism
                                 -0.075343    6.501847   library setup time
                                              6.501847   data required time
---------------------------------------------------------------------------------------------
                                              6.501847   data required time
                                            -16.389696   data arrival time
---------------------------------------------------------------------------------------------
                                             -9.887849   slack (VIOLATED)




===========================================================================
report_checks --slack_max -0.01
============================================================================
======================= max_tt_025C_1v80 Corner ===================================

Startpoint: _46159_ (rising edge-triggered flip-flop clocked by clk_dsp)
Endpoint: _46276_ (rising edge-triggered flip-flop clocked by clk_dsp)
Path Group: clk_dsp
Path Type: max

Fanout         Cap        Slew       Delay        Time   Description
---------------------------------------------------------------------------------------------
                                  0.000000    0.000000   clock clk_dsp (rise edge)
                                  0.000000    0.000000   clock source latency
     2    0.166075    0.751357    0.559649    0.559649 ^ clk_dsp (in)
                                                         clk_dsp (net)
                      0.780237    0.000000    0.559649 ^ clkbuf_0_clk_dsp/A (sky130_fd_sc_hd__clkbuf_16)
     4    0.135594    0.155367    0.363355    0.923004 ^ clkbuf_0_clk_dsp/X (sky130_fd_sc_hd__clkbuf_16)
                                                         clknet_0_clk_dsp (net)
                      0.156296    0.009538    0.932542 ^ clkbuf_2_3_0_clk_dsp/A (sky130_fd_sc_hd__clkbuf_8)
     4    0.080023    0.146109    0.236792    1.169334 ^ clkbuf_2_3_0_clk_dsp/X (sky130_fd_sc_hd__clkbuf_8)
                                                         clknet_2_3_0_clk_dsp (net)
                      0.148193    0.013921    1.183255 ^ clkbuf_4_15_0_clk_dsp/A (sky130_fd_sc_hd__clkbuf_8)
     2    0.057070    0.109781    0.211687    1.394943 ^ clkbuf_4_15_0_clk_dsp/X (sky130_fd_sc_hd__clkbuf_8)
                                                         clknet_4_15_0_clk_dsp (net)
                      0.110176    0.004922    1.399865 ^ clkbuf_5_30__f_clk_dsp/A (sky130_fd_sc_hd__clkbuf_16)
     9    0.120517    0.133726    0.219265    1.619130 ^ clkbuf_5_30__f_clk_dsp/X (sky130_fd_sc_hd__clkbuf_16)
                                                         clknet_5_30__leaf_clk_dsp (net)
                      0.134592    0.008614    1.627744 ^ clkbuf_leaf_144_clk_dsp/A (sky130_fd_sc_hd__clkbuf_8)
    11    0.044921    0.089802    0.194001    1.821745 ^ clkbuf_leaf_144_clk_dsp/X (sky130_fd_sc_hd__clkbuf_8)
                                                         clknet_leaf_144_clk_dsp (net)
                      0.089822    0.001372    1.823118 ^ _46159_/CLK (sky130_fd_sc_hd__dfrtp_1)
     4    0.021977    0.124530    0.455040    2.278158 v _46159_/Q (sky130_fd_sc_hd__dfrtp_1)
                                                         u_phase_009_fft.out_cnt[3] (net)
                      0.124543    0.001302    2.279460 v fanout1762/A (sky130_fd_sc_hd__buf_4)
     5    0.025031    0.049136    0.192885    2.472345 v fanout1762/X (sky130_fd_sc_hd__buf_4)
                                                         net1762 (net)
                      0.049190    0.001474    2.473818 v fanout1761/A (sky130_fd_sc_hd__buf_4)
    10    0.043942    0.070926    0.178663    2.652482 v fanout1761/X (sky130_fd_sc_hd__buf_4)
                                                         net1761 (net)
                      0.071081    0.002910    2.655391 v _34555_/A_N (sky130_fd_sc_hd__and4bb_1)
     1    0.019708    0.206661    0.373737    3.029129 ^ _34555_/X (sky130_fd_sc_hd__and4bb_1)
                                                         _08581_ (net)
                      0.206683    0.002204    3.031333 ^ fanout1258/A (sky130_fd_sc_hd__clkbuf_8)
     6    0.137709    0.242774    0.302339    3.333672 ^ fanout1258/X (sky130_fd_sc_hd__clkbuf_8)
                                                         net1258 (net)
                      0.252584    0.038335    3.372008 ^ fanout1254/A (sky130_fd_sc_hd__clkbuf_4)
    10    0.081829    0.246925    0.345696    3.717704 ^ fanout1254/X (sky130_fd_sc_hd__clkbuf_4)
                                                         net1254 (net)
                      0.247935    0.012919    3.730623 ^ _34557_/B (sky130_fd_sc_hd__and2_4)
     4    0.074317    0.218625    0.322355    4.052978 ^ _34557_/X (sky130_fd_sc_hd__and2_4)
                                                         _08583_ (net)
                      0.220610    0.016746    4.069724 ^ clone91/A (sky130_fd_sc_hd__clkbuf_1)
    10    0.188729    2.154620    1.566676    5.636400 ^ clone91/X (sky130_fd_sc_hd__clkbuf_1)
                                                         net3064 (net)
                      2.154666    0.008574    5.644974 ^ fanout921/A (sky130_fd_sc_hd__clkbuf_8)
    10    0.125940    0.242042    0.542143    6.187116 ^ fanout921/X (sky130_fd_sc_hd__clkbuf_8)
                                                         net921 (net)
                      0.249606    0.032860    6.219977 ^ _35023_/A2 (sky130_fd_sc_hd__a22o_1)
     1    0.003130    0.051133    0.183334    6.403310 ^ _35023_/X (sky130_fd_sc_hd__a22o_1)
                                                         _09049_ (net)
                      0.051133    0.000230    6.403541 ^ _35024_/C1 (sky130_fd_sc_hd__a211o_1)
     1    0.008497    0.085821    0.121560    6.525101 ^ _35024_/X (sky130_fd_sc_hd__a211o_1)
                                                         _09050_ (net)
                      0.085826    0.000724    6.525825 ^ _35025_/C1 (sky130_fd_sc_hd__a211o_1)
     1    0.006595    0.071296    0.121179    6.647004 ^ _35025_/X (sky130_fd_sc_hd__a211o_1)
                                                         _09051_ (net)
                      0.071298    0.000507    6.647510 ^ _35034_/C (sky130_fd_sc_hd__or4_1)
     1    0.018162    0.172418    0.201092    6.848602 ^ _35034_/X (sky130_fd_sc_hd__or4_1)
                                                         _09060_ (net)
                      0.172496    0.001713    6.850315 ^ _35035_/A3 (sky130_fd_sc_hd__o32a_4)
     2    0.104438    0.296390    0.360568    7.210883 ^ _35035_/X (sky130_fd_sc_hd__o32a_4)
                                                         _09061_ (net)
                      0.297963    0.017577    7.228460 ^ fanout248/A (sky130_fd_sc_hd__buf_6)
     7    0.170768    0.337183    0.346238    7.574697 ^ fanout248/X (sky130_fd_sc_hd__buf_6)
                                                         net248 (net)
                      0.337541    0.009448    7.584145 ^ fanout246/A (sky130_fd_sc_hd__buf_4)
    11    0.108904    0.301194    0.362532    7.946677 ^ fanout246/X (sky130_fd_sc_hd__buf_4)
                                                         net246 (net)
                      0.301466    0.007667    7.954344 ^ _35036_/A (sky130_fd_sc_hd__inv_2)
     2    0.077415    0.202203    0.228330    8.182674 v _35036_/Y (sky130_fd_sc_hd__inv_2)
                                                         _09062_ (net)
                      0.202226    0.001870    8.184544 v fanout229/A (sky130_fd_sc_hd__clkbuf_8)
    12    0.137678    0.150112    0.279985    8.464529 v fanout229/X (sky130_fd_sc_hd__clkbuf_8)
                                                         net229 (net)
                      0.180901    0.052145    8.516674 v _41275_/B (sky130_fd_sc_hd__nor3_1)
     3    0.011453    0.369472    0.382763    8.899437 ^ _41275_/Y (sky130_fd_sc_hd__nor3_1)
                                                         _15269_ (net)
                      0.369474    0.000670    8.900106 ^ _41277_/A (sky130_fd_sc_hd__nor2_1)
     2    0.006310    0.093739    0.121133    9.021240 v _41277_/Y (sky130_fd_sc_hd__nor2_1)
                                                         _15271_ (net)
                      0.093739    0.000314    9.021554 v _41278_/C (sky130_fd_sc_hd__and3_1)
     3    0.008686    0.061784    0.224857    9.246412 v _41278_/X (sky130_fd_sc_hd__and3_1)
                                                         _15272_ (net)
                      0.061786    0.000445    9.246857 v _41429_/A (sky130_fd_sc_hd__or2_1)
     2    0.007628    0.070907    0.255069    9.501925 v _41429_/X (sky130_fd_sc_hd__or2_1)
                                                         _15423_ (net)
                      0.070910    0.000543    9.502468 v _41436_/B (sky130_fd_sc_hd__xnor2_1)
     2    0.007181    0.200055    0.202653    9.705121 ^ _41436_/Y (sky130_fd_sc_hd__xnor2_1)
                                                         _15430_ (net)
                      0.200116    0.000316    9.705438 ^ _41588_/B (sky130_fd_sc_hd__or2_1)
     1    0.003926    0.050602    0.136346    9.841784 ^ _41588_/X (sky130_fd_sc_hd__or2_1)
                                                         _15582_ (net)
                      0.050603    0.000308    9.842092 ^ _41589_/B (sky130_fd_sc_hd__nand2_1)
     2    0.008272    0.081357    0.077753    9.919845 v _41589_/Y (sky130_fd_sc_hd__nand2_1)
                                                         _15583_ (net)
                      0.081359    0.000528    9.920372 v _41590_/B1 (sky130_fd_sc_hd__a21o_1)
     4    0.020725    0.106742    0.233962   10.154335 v _41590_/X (sky130_fd_sc_hd__a21o_1)
                                                         _15584_ (net)
                      0.106757    0.001211   10.155545 v _41736_/A1 (sky130_fd_sc_hd__a211o_1)
     2    0.012120    0.088829    0.323826   10.479371 v _41736_/X (sky130_fd_sc_hd__a211o_1)
                                                         _15730_ (net)
                      0.088830    0.000445   10.479816 v _41769_/A2 (sky130_fd_sc_hd__a211o_1)
     2    0.014110    0.097313    0.360970   10.840786 v _41769_/X (sky130_fd_sc_hd__a211o_1)
                                                         _15763_ (net)
                      0.097318    0.000785   10.841572 v _41882_/A2 (sky130_fd_sc_hd__a21o_1)
     2    0.007931    0.055484    0.216286   11.057858 v _41882_/X (sky130_fd_sc_hd__a21o_1)
                                                         _15876_ (net)
                      0.055487    0.000439   11.058296 v _41884_/A2 (sky130_fd_sc_hd__a21o_1)
     3    0.008625    0.058160    0.203053   11.261349 v _41884_/X (sky130_fd_sc_hd__a21o_1)
                                                         _15878_ (net)
                      0.058164    0.000496   11.261845 v _41946_/A2 (sky130_fd_sc_hd__a211oi_1)
     2    0.006720    0.287027    0.312030   11.573875 ^ _41946_/Y (sky130_fd_sc_hd__a211oi_1)
                                                         _15940_ (net)
                      0.287027    0.000548   11.574424 ^ _41948_/B (sky130_fd_sc_hd__nor3_1)
     3    0.009023    0.095384    0.130594   11.705018 v _41948_/Y (sky130_fd_sc_hd__nor3_1)
                                                         _15942_ (net)
                      0.095384    0.000443   11.705461 v max_cap71/A (sky130_fd_sc_hd__clkbuf_1)
     2    0.007094    0.049637    0.129627   11.835088 v max_cap71/X (sky130_fd_sc_hd__clkbuf_1)
                                                         net71 (net)
                      0.049641    0.000462   11.835549 v _42104_/A1 (sky130_fd_sc_hd__o21a_1)
     2    0.004424    0.042426    0.189254   12.024804 v _42104_/X (sky130_fd_sc_hd__o21a_1)
                                                         _16098_ (net)
                      0.042427    0.000262   12.025065 v _42105_/C (sky130_fd_sc_hd__or3_1)
     3    0.008025    0.095106    0.342017   12.367083 v _42105_/X (sky130_fd_sc_hd__or3_1)
                                                         _16099_ (net)
                      0.095106    0.000423   12.367506 v _42114_/A (sky130_fd_sc_hd__nand2_1)
     1    0.005685    0.069248    0.093507   12.461012 ^ _42114_/Y (sky130_fd_sc_hd__nand2_1)
                                                         _16108_ (net)
                      0.069249    0.000430   12.461442 ^ _42253_/A (sky130_fd_sc_hd__xnor2_1)
     2    0.007489    0.076449    0.096948   12.558391 v _42253_/Y (sky130_fd_sc_hd__xnor2_1)
                                                         _16247_ (net)
                      0.076450    0.000436   12.558826 v _42257_/B (sky130_fd_sc_hd__xnor2_1)
     2    0.012397    0.304555    0.282963   12.841789 ^ _42257_/Y (sky130_fd_sc_hd__xnor2_1)
                                                         _16251_ (net)
                      0.304560    0.000991   12.842780 ^ _43311_/B (sky130_fd_sc_hd__xnor2_2)
     2    0.008153    0.157283    0.163899   13.006680 ^ _43311_/Y (sky130_fd_sc_hd__xnor2_2)
                                                         _17305_ (net)
                      0.157283    0.000539   13.007218 ^ _43312_/B1 (sky130_fd_sc_hd__o21ai_2)
     3    0.010763    0.070145    0.098684   13.105903 v _43312_/Y (sky130_fd_sc_hd__o21ai_2)
                                                         _17306_ (net)
                      0.070147    0.000553   13.106456 v _43313_/A1 (sky130_fd_sc_hd__a21o_1)
     3    0.014148    0.079326    0.207563   13.314018 v _43313_/X (sky130_fd_sc_hd__a21o_1)
                                                         _17307_ (net)
                      0.079337    0.000963   13.314981 v _43315_/A1 (sky130_fd_sc_hd__a21oi_4)
     3    0.017808    0.170182    0.187021   13.502003 ^ _43315_/Y (sky130_fd_sc_hd__a21oi_4)
                                                         _17309_ (net)
                      0.170194    0.001436   13.503439 ^ _43317_/A1 (sky130_fd_sc_hd__o21bai_4)
     3    0.012597    0.063574    0.101457   13.604896 v _43317_/Y (sky130_fd_sc_hd__o21bai_4)
                                                         _17311_ (net)
                      0.063576    0.000767   13.605662 v _43320_/A2 (sky130_fd_sc_hd__a21o_1)
     4    0.015635    0.085484    0.232331   13.837994 v _43320_/X (sky130_fd_sc_hd__a21o_1)
                                                         _17314_ (net)
                      0.085502    0.001215   13.839209 v _43321_/C (sky130_fd_sc_hd__and3b_1)
     3    0.008532    0.061096    0.219075   14.058283 v _43321_/X (sky130_fd_sc_hd__and3b_1)
                                                         _17315_ (net)
                      0.061102    0.000658   14.058941 v _43323_/A1 (sky130_fd_sc_hd__o31a_1)
     4    0.017552    0.110836    0.365836   14.424777 v _43323_/X (sky130_fd_sc_hd__o31a_1)
                                                         _17317_ (net)
                      0.110853    0.001352   14.426129 v _43335_/A1 (sky130_fd_sc_hd__a211oi_4)
     4    0.019297    0.293053    0.326000   14.752129 ^ _43335_/Y (sky130_fd_sc_hd__a211oi_4)
                                                         _17329_ (net)
                      0.293055    0.001309   14.753438 ^ _43344_/A3 (sky130_fd_sc_hd__o311ai_4)
     3    0.009988    0.105936    0.125847   14.879285 v _43344_/Y (sky130_fd_sc_hd__o311ai_4)
                                                         _17338_ (net)
                      0.105936    0.000592   14.879877 v _43345_/A1 (sky130_fd_sc_hd__a21o_1)
     4    0.012366    0.072002    0.216126   15.096004 v _43345_/X (sky130_fd_sc_hd__a21o_1)
                                                         _17339_ (net)
                      0.072007    0.000670   15.096673 v _43347_/A2 (sky130_fd_sc_hd__a21o_1)
     2    0.012418    0.072284    0.224050   15.320723 v _43347_/X (sky130_fd_sc_hd__a21o_1)
                                                         _17341_ (net)
                      0.072291    0.000753   15.321476 v _43382_/B (sky130_fd_sc_hd__and3_4)
     3    0.021438    0.053104    0.203258   15.524734 v _43382_/X (sky130_fd_sc_hd__and3_4)
                                                         _17376_ (net)
                      0.053163    0.001243   15.525977 v _43384_/A2 (sky130_fd_sc_hd__o31ai_4)
     3    0.035535    0.444549    0.428532   15.954510 ^ _43384_/Y (sky130_fd_sc_hd__o31ai_4)
                                                         _17378_ (net)
                      0.444634    0.004839   15.959348 ^ fanout62/A (sky130_fd_sc_hd__buf_6)
     5    0.037987    0.088359    0.205459   16.164806 ^ fanout62/X (sky130_fd_sc_hd__buf_6)
                                                         net62 (net)
                      0.089108    0.006441   16.171247 ^ _43388_/B1 (sky130_fd_sc_hd__a21oi_2)
     1    0.025575    0.106887    0.080835   16.252083 v _43388_/Y (sky130_fd_sc_hd__a21oi_2)
                                                         _17382_ (net)
                      0.107124    0.004015   16.256098 v _43389_/B1 (sky130_fd_sc_hd__a21oi_1)
     1    0.002835    0.109275    0.133412   16.389509 ^ _43389_/Y (sky130_fd_sc_hd__a21oi_1)
                                                         _02771_ (net)
                      0.109275    0.000187   16.389696 ^ _46276_/D (sky130_fd_sc_hd__dfrtp_4)
                                             16.389696   data arrival time

                                  5.000000    5.000000   clock clk_dsp (rise edge)
                                  0.000000    5.000000   clock source latency
     2    0.166075    0.751357    0.559649    5.559649 ^ clk_dsp (in)
                                                         clk_dsp (net)
                      0.780237    0.000000    5.559649 ^ clkbuf_0_clk_dsp/A (sky130_fd_sc_hd__clkbuf_16)
     4    0.135594    0.155367    0.363355    5.923004 ^ clkbuf_0_clk_dsp/X (sky130_fd_sc_hd__clkbuf_16)
                                                         clknet_0_clk_dsp (net)
                      0.156296    0.009538    5.932542 ^ clkbuf_2_3_0_clk_dsp/A (sky130_fd_sc_hd__clkbuf_8)
     4    0.080023    0.146109    0.236792    6.169334 ^ clkbuf_2_3_0_clk_dsp/X (sky130_fd_sc_hd__clkbuf_8)
                                                         clknet_2_3_0_clk_dsp (net)
                      0.148193    0.013921    6.183255 ^ clkbuf_4_15_0_clk_dsp/A (sky130_fd_sc_hd__clkbuf_8)
     2    0.057070    0.109781    0.211688    6.394943 ^ clkbuf_4_15_0_clk_dsp/X (sky130_fd_sc_hd__clkbuf_8)
                                                         clknet_4_15_0_clk_dsp (net)
                      0.110226    0.005264    6.400207 ^ clkbuf_5_31__f_clk_dsp/A (sky130_fd_sc_hd__clkbuf_16)
     8    0.124637    0.138105    0.216838    6.617044 ^ clkbuf_5_31__f_clk_dsp/X (sky130_fd_sc_hd__clkbuf_16)
                                                         clknet_5_31__leaf_clk_dsp (net)
                      0.148037    0.028806    6.645851 ^ clkbuf_leaf_135_clk_dsp/A (sky130_fd_sc_hd__clkbuf_8)
     9    0.029054    0.065271    0.179427    6.825277 ^ clkbuf_leaf_135_clk_dsp/X (sky130_fd_sc_hd__clkbuf_8)
                                                         clknet_leaf_135_clk_dsp (net)
                      0.065345    0.001913    6.827190 ^ _46276_/CLK (sky130_fd_sc_hd__dfrtp_4)
                                 -0.250000    6.577190   clock uncertainty
                                  0.000000    6.577190   clock reconvergence pessimism
                                 -0.075343    6.501847   library setup time
                                              6.501847   data required time
---------------------------------------------------------------------------------------------
                                              6.501847   data required time
                                            -16.389696   data arrival time
---------------------------------------------------------------------------------------------
                                             -9.887849   slack (VIOLATED)




===========================================================================
 report_check_types -max_slew -max_cap -max_fanout -violators
============================================================================
======================= max_tt_025C_1v80 Corner ===================================

max slew

Pin                                        Limit        Slew       Slack
------------------------------------------------------------------------
_34869_/A2                              0.750000    2.155225   -1.405225 (VIOLATED)
ANTENNA_601/DIODE                       0.750000    2.155224   -1.405224 (VIOLATED)
ANTENNA_602/DIODE                       0.750000    2.154927   -1.404927 (VIOLATED)
_35709_/A2                              0.750000    2.154928   -1.404928 (VIOLATED)
_36725_/A2                              0.750000    2.154864   -1.404864 (VIOLATED)
ANTENNA_604/DIODE                       0.750000    2.154862   -1.404862 (VIOLATED)
_36368_/A2                              0.750000    2.154853   -1.404853 (VIOLATED)
ANTENNA_603/DIODE                       0.750000    2.154851   -1.404851 (VIOLATED)
fanout921/A                             0.750000    2.154666   -1.404667 (VIOLATED)
ANTENNA_605/DIODE                       0.750000    2.154665   -1.404665 (VIOLATED)
clone91/X                               0.750000    2.154620   -1.404620 (VIOLATED)
_37891_/A2                              0.750000    1.276653   -0.526653 (VIOLATED)
_35769_/A2                              0.750000    1.276628   -0.526628 (VIOLATED)
_35193_/A2                              0.750000    1.276606   -0.526606 (VIOLATED)
_38052_/A2                              0.750000    1.276535   -0.526535 (VIOLATED)
_35900_/A2                              0.750000    1.276489   -0.526490 (VIOLATED)
clone85/X                               0.750000    1.276447   -0.526447 (VIOLATED)
_22815_/A                               0.750000    1.190769   -0.440769 (VIOLATED)
_22405_/B                               0.750000    1.190704   -0.440704 (VIOLATED)
_29546_/B1                              0.750000    1.190588   -0.440588 (VIOLATED)
_29547_/A                               0.750000    1.190588   -0.440588 (VIOLATED)
clone52/X                               0.750000    1.190546   -0.440546 (VIOLATED)
ANTENNA_164/DIODE                       0.750000    1.034942   -0.284942 (VIOLATED)
_24811_/C1                              0.750000    1.034942   -0.284942 (VIOLATED)
_23763_/B1_N                            0.750000    1.034259   -0.284259 (VIOLATED)
_23753_/Y                               0.750000    1.034238   -0.284238 (VIOLATED)
_21904_/B                               0.750000    0.984715   -0.234715 (VIOLATED)
_24675_/A1                              0.750000    0.983946   -0.233946 (VIOLATED)
_24676_/A1                              0.750000    0.983934   -0.233934 (VIOLATED)
_25857_/A1                              0.750000    0.983931   -0.233931 (VIOLATED)
_24281_/A                               0.750000    0.983915   -0.233915 (VIOLATED)
clone3/X                                0.750000    0.983339   -0.233339 (VIOLATED)
_25836_/B1                              0.750000    0.898407   -0.148407 (VIOLATED)
ANTENNA_89/DIODE                        0.750000    0.898394   -0.148394 (VIOLATED)
fanout1155/A                            0.750000    0.897489   -0.147489 (VIOLATED)
fanout1158/A                            0.750000    0.897139   -0.147140 (VIOLATED)
_21984_/Y                               0.750000    0.897035   -0.147035 (VIOLATED)
_25540_/A2                              0.750000    0.888746   -0.138746 (VIOLATED)
_25529_/X                               0.750000    0.888604   -0.138604 (VIOLATED)
wire1265/A                              0.750000    0.882383   -0.132383 (VIOLATED)
fanout1264/A                            0.750000    0.882380   -0.132380 (VIOLATED)
_34549_/Y                               0.750000    0.882375   -0.132375 (VIOLATED)
_25607_/B1_N                            0.750000    0.879831   -0.129831 (VIOLATED)
ANTENNA_153/DIODE                       0.750000    0.879829   -0.129829 (VIOLATED)
_25427_/A2_N                            0.750000    0.879802   -0.129802 (VIOLATED)
ANTENNA_152/DIODE                       0.750000    0.879789   -0.129789 (VIOLATED)
_24890_/A2                              0.750000    0.879332   -0.129332 (VIOLATED)
_23155_/A2                              0.750000    0.879312   -0.129312 (VIOLATED)
_23154_/Y                               0.750000    0.879306   -0.129306 (VIOLATED)
_22390_/C1                              0.750000    0.878134   -0.128134 (VIOLATED)
_22382_/X                               0.750000    0.877993   -0.127993 (VIOLATED)
_25264_/B1                              0.750000    0.860361   -0.110361 (VIOLATED)
_25244_/B1                              0.750000    0.860356   -0.110356 (VIOLATED)
fanout1026/A                            0.750000    0.860289   -0.110289 (VIOLATED)
_22557_/Y                               0.750000    0.860082   -0.110082 (VIOLATED)
_23644_/B1                              0.750000    0.834260   -0.084260 (VIOLATED)
_22976_/B1                              0.750000    0.834016   -0.084016 (VIOLATED)
_26160_/A_N                             0.750000    0.833766   -0.083766 (VIOLATED)
_22975_/Y                               0.750000    0.833747   -0.083747 (VIOLATED)
_24547_/B1                              0.750000    0.830938   -0.080938 (VIOLATED)
_23993_/B2                              0.750000    0.830911   -0.080911 (VIOLATED)
ANTENNA_122/DIODE                       0.750000    0.830909   -0.080909 (VIOLATED)
_22430_/C1                              0.750000    0.830869   -0.080869 (VIOLATED)
_22419_/Y                               0.750000    0.830839   -0.080839 (VIOLATED)
_42459_/B                               0.750000    0.830454   -0.080454 (VIOLATED)
_39148_/B                               0.750000    0.830449   -0.080449 (VIOLATED)
_39479_/B                               0.750000    0.830434   -0.080434 (VIOLATED)
_39678_/B1                              0.750000    0.830433   -0.080433 (VIOLATED)
_39666_/B                               0.750000    0.830431   -0.080431 (VIOLATED)
clone4/X                                0.750000    0.830392   -0.080393 (VIOLATED)
_24638_/A1                              0.750000    0.826950   -0.076950 (VIOLATED)
ANTENNA_637/DIODE                       0.750000    0.826937   -0.076937 (VIOLATED)
_24430_/A1                              0.750000    0.826614   -0.076614 (VIOLATED)
ANTENNA_636/DIODE                       0.750000    0.826407   -0.076407 (VIOLATED)
_23797_/A2_N                            0.750000    0.825610   -0.075610 (VIOLATED)
ANTENNA_107/DIODE                       0.750000    0.825372   -0.075372 (VIOLATED)
_22206_/A1                              0.750000    0.824535   -0.074535 (VIOLATED)
ANTENNA_106/DIODE                       0.750000    0.824505   -0.074505 (VIOLATED)
_22548_/B                               0.750000    0.823683   -0.073683 (VIOLATED)
_23656_/A2                              0.750000    0.823635   -0.073635 (VIOLATED)
_23432_/A3                              0.750000    0.823606   -0.073606 (VIOLATED)
fanout1469/A                            0.750000    0.823383   -0.073383 (VIOLATED)
_21974_/Y                               0.750000    0.823302   -0.073302 (VIOLATED)
_35193_/B1                              0.750000    0.823127   -0.073127 (VIOLATED)
_38042_/A2                              0.750000    0.823112   -0.073112 (VIOLATED)
ANTENNA_781/DIODE                       0.750000    0.823110   -0.073110 (VIOLATED)
_34865_/A2                              0.750000    0.823102   -0.073102 (VIOLATED)
_34950_/A2                              0.750000    0.823099   -0.073099 (VIOLATED)
_36109_/A2                              0.750000    0.823077   -0.073077 (VIOLATED)
clone37/X                               0.750000    0.822921   -0.072921 (VIOLATED)
_25592_/B1                              0.750000    0.822282   -0.072282 (VIOLATED)
ANTENNA_108/DIODE                       0.750000    0.822195   -0.072195 (VIOLATED)
_25029_/C1                              0.750000    0.821092   -0.071092 (VIOLATED)
ANTENNA_638/DIODE                       0.750000    0.821090   -0.071090 (VIOLATED)
_23511_/B2                              0.750000    0.821089   -0.071089 (VIOLATED)
_23320_/A1                              0.750000    0.818614   -0.068614 (VIOLATED)
_24840_/B2                              0.750000    0.817915   -0.067915 (VIOLATED)
_22194_/Y                               0.750000    0.817574   -0.067574 (VIOLATED)
_24430_/B2                              0.750000    0.816488   -0.066488 (VIOLATED)
ANTENNA_75/DIODE                        0.750000    0.816486   -0.066486 (VIOLATED)
_24634_/C1                              0.750000    0.816281   -0.066281 (VIOLATED)
_22190_/A                               0.750000    0.816095   -0.066095 (VIOLATED)
_23528_/B2                              0.750000    0.816034   -0.066034 (VIOLATED)
_25430_/A                               0.750000    0.815961   -0.065961 (VIOLATED)
_24704_/A                               0.750000    0.815462   -0.065462 (VIOLATED)
_25014_/A1                              0.750000    0.815151   -0.065151 (VIOLATED)
_23314_/A1                              0.750000    0.814936   -0.064936 (VIOLATED)
_21810_/Y                               0.750000    0.814880   -0.064880 (VIOLATED)
_25007_/B1                              0.750000    0.809127   -0.059127 (VIOLATED)
ANTENNA_631/DIODE                       0.750000    0.809123   -0.059123 (VIOLATED)
_24982_/A0                              0.750000    0.809032   -0.059032 (VIOLATED)
ANTENNA_87/DIODE                        0.750000    0.809027   -0.059027 (VIOLATED)
_25030_/A1                              0.750000    0.808768   -0.058768 (VIOLATED)
_26079_/A2                              0.750000    0.808664   -0.058664 (VIOLATED)
fanout1503/A                            0.750000    0.808020   -0.058020 (VIOLATED)
_21943_/Y                               0.750000    0.807883   -0.057883 (VIOLATED)
fanout1178/A                            0.750000    0.797708   -0.047708 (VIOLATED)
_34620_/Y                               0.750000    0.797703   -0.047703 (VIOLATED)
_24749_/A2                              0.750000    0.791476   -0.041476 (VIOLATED)
_25459_/A1                              0.750000    0.790794   -0.040794 (VIOLATED)
_25318_/A1                              0.750000    0.790525   -0.040525 (VIOLATED)
_24423_/A                               0.750000    0.790000   -0.040000 (VIOLATED)
ANTENNA_85/DIODE                        0.750000    0.789966   -0.039966 (VIOLATED)
_22059_/B                               0.750000    0.787628   -0.037628 (VIOLATED)
_22521_/B                               0.750000    0.783823   -0.033823 (VIOLATED)
ANTENNA_84/DIODE                        0.750000    0.783813   -0.033813 (VIOLATED)
clkbuf_0_clk_dsp/A                      0.750000    0.780237   -0.030237 (VIOLATED)
ANTENNA_176/DIODE                       0.750000    0.780151   -0.030151 (VIOLATED)
_26080_/A1                              0.750000    0.772864   -0.022864 (VIOLATED)
ANTENNA_640/DIODE                       0.750000    0.772860   -0.022860 (VIOLATED)
ANTENNA_641/DIODE                       0.750000    0.772859   -0.022859 (VIOLATED)
fanout1031/A                            0.750000    0.772439   -0.022439 (VIOLATED)
_22488_/Y                               0.750000    0.772332   -0.022332 (VIOLATED)
_24825_/A                               0.750000    0.772084   -0.022084 (VIOLATED)
_23311_/A2                              0.750000    0.772069   -0.022069 (VIOLATED)
_24691_/B                               0.750000    0.771904   -0.021904 (VIOLATED)
ANTENNA_136/DIODE                       0.750000    0.771899   -0.021899 (VIOLATED)
_22588_/Y                               0.750000    0.771827   -0.021827 (VIOLATED)
ANTENNA_83/DIODE                        0.750000    0.771499   -0.021499 (VIOLATED)
_22296_/B                               0.750000    0.771468   -0.021468 (VIOLATED)
fanout677/A                             0.750000    0.770936   -0.020936 (VIOLATED)
fanout676/A                             0.750000    0.770882   -0.020882 (VIOLATED)
fanout674/A                             0.750000    0.770421   -0.020421 (VIOLATED)
fanout675/A                             0.750000    0.769929   -0.019929 (VIOLATED)
_32997_/Y                               0.750000    0.769879   -0.019879 (VIOLATED)
_22297_/A3                              0.750000    0.768657   -0.018657 (VIOLATED)
_24846_/B                               0.750000    0.766471   -0.016471 (VIOLATED)
_25113_/B2                              0.750000    0.766438   -0.016439 (VIOLATED)
_21934_/X                               0.750000    0.765522   -0.015522 (VIOLATED)
_24911_/A2                              0.750000    0.764964   -0.014964 (VIOLATED)
ANTENNA_105/DIODE                       0.750000    0.764962   -0.014962 (VIOLATED)
_23504_/A2                              0.750000    0.764960   -0.014960 (VIOLATED)
ANTENNA_765/DIODE                       0.750000    0.764959   -0.014959 (VIOLATED)
_23559_/A2                              0.750000    0.764848   -0.014848 (VIOLATED)
fanout1079/A                            0.750000    0.764787   -0.014787 (VIOLATED)
_22171_/Y                               0.750000    0.764668   -0.014668 (VIOLATED)
fanout283/A                             0.750000    0.764102   -0.014102 (VIOLATED)
clone6/A                                0.750000    0.764088   -0.014088 (VIOLATED)
fanout282/A                             0.750000    0.763617   -0.013617 (VIOLATED)
_39520_/B1                              0.750000    0.763234   -0.013234 (VIOLATED)
_39201_/B                               0.750000    0.763101   -0.013101 (VIOLATED)
_22325_/B                               0.750000    0.762839   -0.012839 (VIOLATED)
ANTENNA_79/DIODE                        0.750000    0.762836   -0.012836 (VIOLATED)
_24164_/A1                              0.750000    0.762773   -0.012773 (VIOLATED)
ANTENNA_80/DIODE                        0.750000    0.762767   -0.012767 (VIOLATED)
_24099_/A                               0.750000    0.762658   -0.012658 (VIOLATED)
_21869_/C1                              0.750000    0.762632   -0.012632 (VIOLATED)
_21867_/B1                              0.750000    0.762627   -0.012627 (VIOLATED)
_24035_/A1                              0.750000    0.762608   -0.012608 (VIOLATED)
_24152_/A                               0.750000    0.762607   -0.012607 (VIOLATED)
fanout281/A                             0.750000    0.762604   -0.012605 (VIOLATED)
_21857_/Y                               0.750000    0.762343   -0.012343 (VIOLATED)
_37947_/Y                               0.750000    0.760710   -0.010710 (VIOLATED)
fanout1102/A                            0.750000    0.751853   -0.001853 (VIOLATED)
_22700_/A                               0.750000    0.751730   -0.001730 (VIOLATED)
_22701_/A                               0.750000    0.751725   -0.001725 (VIOLATED)
_21853_/A                               0.750000    0.751710   -0.001710 (VIOLATED)
_24533_/A1                              0.750000    0.751550   -0.001550 (VIOLATED)
_22760_/B                               0.750000    0.751444   -0.001444 (VIOLATED)
fanout1097/A                            0.750000    0.751368   -0.001368 (VIOLATED)
_23915_/A2                              0.750000    0.751359   -0.001359 (VIOLATED)
_22761_/B                               0.750000    0.751358   -0.001358 (VIOLATED)
clk_dsp                                 0.750000    0.751357   -0.001357 (VIOLATED)
_23586_/B                               0.750000    0.751354   -0.001354 (VIOLATED)
_22054_/Y                               0.750000    0.751343   -0.001343 (VIOLATED)
_23022_/A2                              0.750000    0.751325   -0.001325 (VIOLATED)
_21829_/Y                               0.750000    0.751286   -0.001286 (VIOLATED)
_26309_/A                               0.750000    0.750652   -0.000652 (VIOLATED)
_23072_/A1                              0.750000    0.750648   -0.000648 (VIOLATED)
_27201_/A1                              0.750000    0.750647   -0.000648 (VIOLATED)
_23071_/Y                               0.750000    0.750583   -0.000583 (VIOLATED)

max fanout

Pin                                   Limit Fanout  Slack
---------------------------------------------------------
clkbuf_leaf_236_clk_dsp/X                10     23    -13 (VIOLATED)
clkbuf_leaf_37_clk_dsp/X                 10     23    -13 (VIOLATED)
clkbuf_leaf_11_clk_dsp/X                 10     22    -12 (VIOLATED)
clkbuf_leaf_24_clk_dsp/X                 10     22    -12 (VIOLATED)
clkbuf_leaf_255_clk_dsp/X                10     22    -12 (VIOLATED)
clkbuf_leaf_60_clk_dsp/X                 10     22    -12 (VIOLATED)
clkbuf_leaf_157_clk_dsp/X                10     21    -11 (VIOLATED)
clkbuf_leaf_160_clk_dsp/X                10     21    -11 (VIOLATED)
clkbuf_leaf_38_clk_dsp/X                 10     21    -11 (VIOLATED)
clkbuf_leaf_158_clk_dsp/X                10     20    -10 (VIOLATED)
clkbuf_leaf_167_clk_dsp/X                10     20    -10 (VIOLATED)
clkbuf_leaf_168_clk_dsp/X                10     20    -10 (VIOLATED)
clkbuf_leaf_197_clk_dsp/X                10     20    -10 (VIOLATED)
fanout1216/X                             10     20    -10 (VIOLATED)
clkbuf_leaf_152_clk_dsp/X                10     19     -9 (VIOLATED)
clkbuf_leaf_196_clk_dsp/X                10     19     -9 (VIOLATED)
clkbuf_leaf_20_clk_dsp/X                 10     19     -9 (VIOLATED)
clkbuf_leaf_237_clk_dsp/X                10     19     -9 (VIOLATED)
clkbuf_leaf_201_clk_dsp/X                10     18     -8 (VIOLATED)
clkbuf_leaf_21_clk_dsp/X                 10     18     -8 (VIOLATED)
clkbuf_leaf_220_clk_dsp/X                10     18     -8 (VIOLATED)
clkbuf_leaf_224_clk_dsp/X                10     18     -8 (VIOLATED)
clkbuf_leaf_57_clk_dsp/X                 10     18     -8 (VIOLATED)
clkbuf_leaf_129_clk_dsp/X                10     17     -7 (VIOLATED)
clkbuf_leaf_130_clk_dsp/X                10     17     -7 (VIOLATED)
clkbuf_leaf_153_clk_dsp/X                10     17     -7 (VIOLATED)
clkbuf_leaf_195_clk_dsp/X                10     17     -7 (VIOLATED)
clkbuf_leaf_219_clk_dsp/X                10     17     -7 (VIOLATED)
clkbuf_leaf_223_clk_dsp/X                10     17     -7 (VIOLATED)
clkbuf_leaf_242_clk_dsp/X                10     17     -7 (VIOLATED)
clkbuf_leaf_27_clk_dsp/X                 10     17     -7 (VIOLATED)
clkbuf_leaf_31_clk_dsp/X                 10     17     -7 (VIOLATED)
clkbuf_leaf_33_clk_dsp/X                 10     17     -7 (VIOLATED)
clkbuf_leaf_53_clk_dsp/X                 10     17     -7 (VIOLATED)
clkbuf_leaf_54_clk_dsp/X                 10     17     -7 (VIOLATED)
clkbuf_leaf_69_clk_dsp/X                 10     17     -7 (VIOLATED)
clkbuf_leaf_74_clk_dsp/X                 10     17     -7 (VIOLATED)
clkbuf_leaf_78_clk_dsp/X                 10     17     -7 (VIOLATED)
fanout1052/X                             10     17     -7 (VIOLATED)
_44165_/Q                                10     16     -6 (VIOLATED)
clkbuf_leaf_125_clk_dsp/X                10     16     -6 (VIOLATED)
clkbuf_leaf_155_clk_dsp/X                10     16     -6 (VIOLATED)
clkbuf_leaf_156_clk_dsp/X                10     16     -6 (VIOLATED)
clkbuf_leaf_163_clk_dsp/X                10     16     -6 (VIOLATED)
clkbuf_leaf_186_clk_dsp/X                10     16     -6 (VIOLATED)
clkbuf_leaf_188_clk_dsp/X                10     16     -6 (VIOLATED)
clkbuf_leaf_193_clk_dsp/X                10     16     -6 (VIOLATED)
clkbuf_leaf_202_clk_dsp/X                10     16     -6 (VIOLATED)
clkbuf_leaf_204_clk_dsp/X                10     16     -6 (VIOLATED)
clkbuf_leaf_210_clk_dsp/X                10     16     -6 (VIOLATED)
clkbuf_leaf_213_clk_dsp/X                10     16     -6 (VIOLATED)
clkbuf_leaf_232_clk_dsp/X                10     16     -6 (VIOLATED)
clkbuf_leaf_234_clk_dsp/X                10     16     -6 (VIOLATED)
clkbuf_leaf_26_clk_dsp/X                 10     16     -6 (VIOLATED)
clkbuf_leaf_39_clk_dsp/X                 10     16     -6 (VIOLATED)
clkbuf_leaf_40_clk_dsp/X                 10     16     -6 (VIOLATED)
clkbuf_leaf_48_clk_dsp/X                 10     16     -6 (VIOLATED)
clkbuf_leaf_49_clk_dsp/X                 10     16     -6 (VIOLATED)
clkbuf_leaf_70_clk_dsp/X                 10     16     -6 (VIOLATED)
clkbuf_leaf_73_clk_dsp/X                 10     16     -6 (VIOLATED)
clkbuf_leaf_79_clk_dsp/X                 10     16     -6 (VIOLATED)
fanout1240/X                             10     16     -6 (VIOLATED)
fanout980/X                              10     16     -6 (VIOLATED)
_22194_/Y                                10     15     -5 (VIOLATED)
clkbuf_leaf_120_clk_dsp/X                10     15     -5 (VIOLATED)
clkbuf_leaf_124_clk_dsp/X                10     15     -5 (VIOLATED)
clkbuf_leaf_127_clk_dsp/X                10     15     -5 (VIOLATED)
clkbuf_leaf_128_clk_dsp/X                10     15     -5 (VIOLATED)
clkbuf_leaf_159_clk_dsp/X                10     15     -5 (VIOLATED)
clkbuf_leaf_165_clk_dsp/X                10     15     -5 (VIOLATED)
clkbuf_leaf_174_clk_dsp/X                10     15     -5 (VIOLATED)
clkbuf_leaf_191_clk_dsp/X                10     15     -5 (VIOLATED)
clkbuf_leaf_203_clk_dsp/X                10     15     -5 (VIOLATED)
clkbuf_leaf_226_clk_dsp/X                10     15     -5 (VIOLATED)
clkbuf_leaf_229_clk_dsp/X                10     15     -5 (VIOLATED)
clkbuf_leaf_230_clk_dsp/X                10     15     -5 (VIOLATED)
clkbuf_leaf_238_clk_dsp/X                10     15     -5 (VIOLATED)
clkbuf_leaf_243_clk_dsp/X                10     15     -5 (VIOLATED)
clkbuf_leaf_25_clk_dsp/X                 10     15     -5 (VIOLATED)
clkbuf_leaf_36_clk_dsp/X                 10     15     -5 (VIOLATED)
clkbuf_leaf_47_clk_dsp/X                 10     15     -5 (VIOLATED)
clkbuf_leaf_58_clk_dsp/X                 10     15     -5 (VIOLATED)
clkbuf_leaf_61_clk_dsp/X                 10     15     -5 (VIOLATED)
clkbuf_leaf_9_clk_dsp/X                  10     15     -5 (VIOLATED)
fanout1041/X                             10     15     -5 (VIOLATED)
fanout1043/X                             10     15     -5 (VIOLATED)
fanout1046/X                             10     15     -5 (VIOLATED)
fanout1074/X                             10     15     -5 (VIOLATED)
fanout1197/X                             10     15     -5 (VIOLATED)
fanout1560/X                             10     15     -5 (VIOLATED)
fanout818/X                              10     15     -5 (VIOLATED)
clkbuf_leaf_171_clk_dsp/X                10     14     -4 (VIOLATED)
clkbuf_leaf_172_clk_dsp/X                10     14     -4 (VIOLATED)
clkbuf_leaf_17_clk_dsp/X                 10     14     -4 (VIOLATED)
clkbuf_leaf_184_clk_dsp/X                10     14     -4 (VIOLATED)
clkbuf_leaf_199_clk_dsp/X                10     14     -4 (VIOLATED)
clkbuf_leaf_19_clk_dsp/X                 10     14     -4 (VIOLATED)
clkbuf_leaf_209_clk_dsp/X                10     14     -4 (VIOLATED)
clkbuf_leaf_214_clk_dsp/X                10     14     -4 (VIOLATED)
clkbuf_leaf_221_clk_dsp/X                10     14     -4 (VIOLATED)
clkbuf_leaf_239_clk_dsp/X                10     14     -4 (VIOLATED)
clkbuf_leaf_248_clk_dsp/X                10     14     -4 (VIOLATED)
clkbuf_leaf_250_clk_dsp/X                10     14     -4 (VIOLATED)
clkbuf_leaf_45_clk_dsp/X                 10     14     -4 (VIOLATED)
clkbuf_leaf_46_clk_dsp/X                 10     14     -4 (VIOLATED)
clkbuf_leaf_56_clk_dsp/X                 10     14     -4 (VIOLATED)
clkbuf_leaf_62_clk_dsp/X                 10     14     -4 (VIOLATED)
fanout1026/X                             10     14     -4 (VIOLATED)
fanout1087/X                             10     14     -4 (VIOLATED)
fanout1227/X                             10     14     -4 (VIOLATED)
fanout1504/X                             10     14     -4 (VIOLATED)
fanout1723/X                             10     14     -4 (VIOLATED)
fanout732/X                              10     14     -4 (VIOLATED)
_21749_/Y                                10     13     -3 (VIOLATED)
_21934_/X                                10     13     -3 (VIOLATED)
_34599_/X                                10     13     -3 (VIOLATED)
clkbuf_5_25__f_clk_dsp/X                 10     13     -3 (VIOLATED)
clkbuf_leaf_10_clk_dsp/X                 10     13     -3 (VIOLATED)
clkbuf_leaf_111_clk_dsp/X                10     13     -3 (VIOLATED)
clkbuf_leaf_123_clk_dsp/X                10     13     -3 (VIOLATED)
clkbuf_leaf_13_clk_dsp/X                 10     13     -3 (VIOLATED)
clkbuf_leaf_150_clk_dsp/X                10     13     -3 (VIOLATED)
clkbuf_leaf_154_clk_dsp/X                10     13     -3 (VIOLATED)
clkbuf_leaf_177_clk_dsp/X                10     13     -3 (VIOLATED)
clkbuf_leaf_189_clk_dsp/X                10     13     -3 (VIOLATED)
clkbuf_leaf_18_clk_dsp/X                 10     13     -3 (VIOLATED)
clkbuf_leaf_198_clk_dsp/X                10     13     -3 (VIOLATED)
clkbuf_leaf_205_clk_dsp/X                10     13     -3 (VIOLATED)
clkbuf_leaf_206_clk_dsp/X                10     13     -3 (VIOLATED)
clkbuf_leaf_217_clk_dsp/X                10     13     -3 (VIOLATED)
clkbuf_leaf_222_clk_dsp/X                10     13     -3 (VIOLATED)
clkbuf_leaf_225_clk_dsp/X                10     13     -3 (VIOLATED)
clkbuf_leaf_22_clk_dsp/X                 10     13     -3 (VIOLATED)
clkbuf_leaf_240_clk_dsp/X                10     13     -3 (VIOLATED)
clkbuf_leaf_241_clk_dsp/X                10     13     -3 (VIOLATED)
clkbuf_leaf_247_clk_dsp/X                10     13     -3 (VIOLATED)
clkbuf_leaf_249_clk_dsp/X                10     13     -3 (VIOLATED)
clkbuf_leaf_253_clk_dsp/X                10     13     -3 (VIOLATED)
clkbuf_leaf_32_clk_dsp/X                 10     13     -3 (VIOLATED)
clkbuf_leaf_35_clk_dsp/X                 10     13     -3 (VIOLATED)
clkbuf_leaf_41_clk_dsp/X                 10     13     -3 (VIOLATED)
clkbuf_leaf_42_clk_dsp/X                 10     13     -3 (VIOLATED)
clkbuf_leaf_51_clk_dsp/X                 10     13     -3 (VIOLATED)
clkbuf_leaf_55_clk_dsp/X                 10     13     -3 (VIOLATED)
clkbuf_leaf_68_clk_dsp/X                 10     13     -3 (VIOLATED)
clkbuf_leaf_72_clk_dsp/X                 10     13     -3 (VIOLATED)
clkbuf_leaf_77_clk_dsp/X                 10     13     -3 (VIOLATED)
clkbuf_leaf_95_clk_dsp/X                 10     13     -3 (VIOLATED)
fanout1028/X                             10     13     -3 (VIOLATED)
fanout1045/X                             10     13     -3 (VIOLATED)
fanout1147/X                             10     13     -3 (VIOLATED)
fanout1155/X                             10     13     -3 (VIOLATED)
fanout1251/X                             10     13     -3 (VIOLATED)
fanout1276/X                             10     13     -3 (VIOLATED)
fanout1403/X                             10     13     -3 (VIOLATED)
fanout1413/X                             10     13     -3 (VIOLATED)
fanout2875/X                             10     13     -3 (VIOLATED)
fanout742/X                              10     13     -3 (VIOLATED)
fanout839/X                              10     13     -3 (VIOLATED)
fanout937/X                              10     13     -3 (VIOLATED)
clkbuf_leaf_119_clk_dsp/X                10     12     -2 (VIOLATED)
clkbuf_leaf_121_clk_dsp/X                10     12     -2 (VIOLATED)
clkbuf_leaf_12_clk_dsp/X                 10     12     -2 (VIOLATED)
clkbuf_leaf_145_clk_dsp/X                10     12     -2 (VIOLATED)
clkbuf_leaf_149_clk_dsp/X                10     12     -2 (VIOLATED)
clkbuf_leaf_162_clk_dsp/X                10     12     -2 (VIOLATED)
clkbuf_leaf_164_clk_dsp/X                10     12     -2 (VIOLATED)
clkbuf_leaf_170_clk_dsp/X                10     12     -2 (VIOLATED)
clkbuf_leaf_173_clk_dsp/X                10     12     -2 (VIOLATED)
clkbuf_leaf_212_clk_dsp/X                10     12     -2 (VIOLATED)
clkbuf_leaf_215_clk_dsp/X                10     12     -2 (VIOLATED)
clkbuf_leaf_218_clk_dsp/X                10     12     -2 (VIOLATED)
clkbuf_leaf_233_clk_dsp/X                10     12     -2 (VIOLATED)
clkbuf_leaf_235_clk_dsp/X                10     12     -2 (VIOLATED)
clkbuf_leaf_254_clk_dsp/X                10     12     -2 (VIOLATED)
clkbuf_leaf_30_clk_dsp/X                 10     12     -2 (VIOLATED)
clkbuf_leaf_4_clk_dsp/X                  10     12     -2 (VIOLATED)
clkbuf_leaf_52_clk_dsp/X                 10     12     -2 (VIOLATED)
clkbuf_leaf_59_clk_dsp/X                 10     12     -2 (VIOLATED)
clkbuf_leaf_71_clk_dsp/X                 10     12     -2 (VIOLATED)
clkbuf_leaf_76_clk_dsp/X                 10     12     -2 (VIOLATED)
clkbuf_leaf_7_clk_dsp/X                  10     12     -2 (VIOLATED)
clkbuf_leaf_91_clk_dsp/X                 10     12     -2 (VIOLATED)
clkbuf_leaf_94_clk_dsp/X                 10     12     -2 (VIOLATED)
clkbuf_leaf_98_clk_dsp/X                 10     12     -2 (VIOLATED)
fanout1048/X                             10     12     -2 (VIOLATED)
fanout1050/X                             10     12     -2 (VIOLATED)
fanout1161/X                             10     12     -2 (VIOLATED)
fanout1177/X                             10     12     -2 (VIOLATED)
fanout1192/X                             10     12     -2 (VIOLATED)
fanout1237/X                             10     12     -2 (VIOLATED)
fanout1248/X                             10     12     -2 (VIOLATED)
fanout1261/X                             10     12     -2 (VIOLATED)
fanout1267/X                             10     12     -2 (VIOLATED)
fanout1424/X                             10     12     -2 (VIOLATED)
fanout1459/X                             10     12     -2 (VIOLATED)
fanout1511/X                             10     12     -2 (VIOLATED)
fanout1558/X                             10     12     -2 (VIOLATED)
fanout1730/X                             10     12     -2 (VIOLATED)
fanout1739/X                             10     12     -2 (VIOLATED)
fanout1846/X                             10     12     -2 (VIOLATED)
fanout229/X                              10     12     -2 (VIOLATED)
fanout632/X                              10     12     -2 (VIOLATED)
fanout664/X                              10     12     -2 (VIOLATED)
fanout688/X                              10     12     -2 (VIOLATED)
fanout706/X                              10     12     -2 (VIOLATED)
fanout708/X                              10     12     -2 (VIOLATED)
fanout770/X                              10     12     -2 (VIOLATED)
fanout815/X                              10     12     -2 (VIOLATED)
fanout845/X                              10     12     -2 (VIOLATED)
fanout849/X                              10     12     -2 (VIOLATED)
fanout857/X                              10     12     -2 (VIOLATED)
fanout877/X                              10     12     -2 (VIOLATED)
fanout881/X                              10     12     -2 (VIOLATED)
fanout915/X                              10     12     -2 (VIOLATED)
fanout956/X                              10     12     -2 (VIOLATED)
fanout974/X                              10     12     -2 (VIOLATED)
_21772_/Y                                10     11        (VIOLATED)
_21926_/X                                10     11        (VIOLATED)
_22063_/Y                                10     11        (VIOLATED)
_22096_/Y                                10     11        (VIOLATED)
_22467_/X                                10     11        (VIOLATED)
_22758_/X                                10     11        (VIOLATED)
clkbuf_5_14__f_clk_dsp/X                 10     11        (VIOLATED)
clkbuf_5_24__f_clk_dsp/X                 10     11        (VIOLATED)
clkbuf_5_26__f_clk_dsp/X                 10     11        (VIOLATED)
clkbuf_5_8__f_clk_dsp/X                  10     11        (VIOLATED)
clkbuf_5_9__f_clk_dsp/X                  10     11        (VIOLATED)
clkbuf_leaf_0_clk_dsp/X                  10     11        (VIOLATED)
clkbuf_leaf_109_clk_dsp/X                10     11        (VIOLATED)
clkbuf_leaf_115_clk_dsp/X                10     11        (VIOLATED)
clkbuf_leaf_116_clk_dsp/X                10     11        (VIOLATED)
clkbuf_leaf_132_clk_dsp/X                10     11        (VIOLATED)
clkbuf_leaf_134_clk_dsp/X                10     11        (VIOLATED)
clkbuf_leaf_144_clk_dsp/X                10     11        (VIOLATED)
clkbuf_leaf_179_clk_dsp/X                10     11        (VIOLATED)
clkbuf_leaf_190_clk_dsp/X                10     11        (VIOLATED)
clkbuf_leaf_194_clk_dsp/X                10     11        (VIOLATED)
clkbuf_leaf_208_clk_dsp/X                10     11        (VIOLATED)
clkbuf_leaf_228_clk_dsp/X                10     11        (VIOLATED)
clkbuf_leaf_231_clk_dsp/X                10     11        (VIOLATED)
clkbuf_leaf_246_clk_dsp/X                10     11        (VIOLATED)
clkbuf_leaf_67_clk_dsp/X                 10     11        (VIOLATED)
clkbuf_leaf_75_clk_dsp/X                 10     11        (VIOLATED)
fanout1004/X                             10     11        (VIOLATED)
fanout1010/X                             10     11        (VIOLATED)
fanout1013/X                             10     11        (VIOLATED)
fanout1016/X                             10     11        (VIOLATED)
fanout1027/X                             10     11        (VIOLATED)
fanout1032/X                             10     11        (VIOLATED)
fanout1037/X                             10     11        (VIOLATED)
fanout1058/X                             10     11        (VIOLATED)
fanout1075/X                             10     11        (VIOLATED)
fanout1138/X                             10     11        (VIOLATED)
fanout1148/X                             10     11        (VIOLATED)
fanout1156/X                             10     11        (VIOLATED)
fanout1169/X                             10     11        (VIOLATED)
fanout1181/X                             10     11        (VIOLATED)
fanout1186/X                             10     11        (VIOLATED)
fanout1191/X                             10     11        (VIOLATED)
fanout1196/X                             10     11        (VIOLATED)
fanout1200/X                             10     11        (VIOLATED)
fanout1202/X                             10     11        (VIOLATED)
fanout1208/X                             10     11        (VIOLATED)
fanout1217/X                             10     11        (VIOLATED)
fanout1224/X                             10     11        (VIOLATED)
fanout1234/X                             10     11        (VIOLATED)
fanout1242/X                             10     11        (VIOLATED)
fanout1244/X                             10     11        (VIOLATED)
fanout1245/X                             10     11        (VIOLATED)
fanout1263/X                             10     11        (VIOLATED)
fanout1264/X                             10     11        (VIOLATED)
fanout1269/X                             10     11        (VIOLATED)
fanout1279/X                             10     11        (VIOLATED)
fanout1282/X                             10     11        (VIOLATED)
fanout1285/X                             10     11        (VIOLATED)
fanout1289/X                             10     11        (VIOLATED)
fanout1293/X                             10     11        (VIOLATED)
fanout1295/X                             10     11        (VIOLATED)
fanout1297/X                             10     11        (VIOLATED)
fanout1299/X                             10     11        (VIOLATED)
fanout1300/X                             10     11        (VIOLATED)
fanout1360/X                             10     11        (VIOLATED)
fanout1366/X                             10     11        (VIOLATED)
fanout1390/X                             10     11        (VIOLATED)
fanout1418/X                             10     11        (VIOLATED)
fanout1423/X                             10     11        (VIOLATED)
fanout1426/X                             10     11        (VIOLATED)
fanout1503/X                             10     11        (VIOLATED)
fanout1544/X                             10     11        (VIOLATED)
fanout1553/X                             10     11        (VIOLATED)
fanout1565/X                             10     11        (VIOLATED)
fanout1600/X                             10     11        (VIOLATED)
fanout1601/X                             10     11        (VIOLATED)
fanout1608/X                             10     11        (VIOLATED)
fanout1614/X                             10     11        (VIOLATED)
fanout1643/X                             10     11        (VIOLATED)
fanout1705/X                             10     11        (VIOLATED)
fanout1735/X                             10     11        (VIOLATED)
fanout1740/X                             10     11        (VIOLATED)
fanout220/X                              10     11        (VIOLATED)
fanout246/X                              10     11        (VIOLATED)
fanout401/X                              10     11        (VIOLATED)
fanout414/X                              10     11        (VIOLATED)
fanout488/X                              10     11        (VIOLATED)
fanout500/X                              10     11        (VIOLATED)
fanout536/X                              10     11        (VIOLATED)
fanout538/X                              10     11        (VIOLATED)
fanout581/X                              10     11        (VIOLATED)
fanout598/X                              10     11        (VIOLATED)
fanout606/X                              10     11        (VIOLATED)
fanout613/X                              10     11        (VIOLATED)
fanout620/X                              10     11        (VIOLATED)
fanout628/X                              10     11        (VIOLATED)
fanout644/X                              10     11        (VIOLATED)
fanout668/X                              10     11        (VIOLATED)
fanout689/X                              10     11        (VIOLATED)
fanout690/X                              10     11        (VIOLATED)
fanout700/X                              10     11        (VIOLATED)
fanout710/X                              10     11        (VIOLATED)
fanout714/X                              10     11        (VIOLATED)
fanout720/X                              10     11        (VIOLATED)
fanout746/X                              10     11        (VIOLATED)
fanout762/X                              10     11        (VIOLATED)
fanout778/X                              10     11        (VIOLATED)
fanout788/X                              10     11        (VIOLATED)
fanout790/X                              10     11        (VIOLATED)
fanout796/X                              10     11        (VIOLATED)
fanout808/X                              10     11        (VIOLATED)
fanout809/X                              10     11        (VIOLATED)
fanout811/X                              10     11        (VIOLATED)
fanout828/X                              10     11        (VIOLATED)
fanout832/X                              10     11        (VIOLATED)
fanout834/X                              10     11        (VIOLATED)
fanout836/X                              10     11        (VIOLATED)
fanout846/X                              10     11        (VIOLATED)
fanout854/X                              10     11        (VIOLATED)
fanout874/X                              10     11        (VIOLATED)
fanout876/X                              10     11        (VIOLATED)
fanout878/X                              10     11        (VIOLATED)
fanout884/X                              10     11        (VIOLATED)
fanout904/X                              10     11        (VIOLATED)
fanout920/X                              10     11        (VIOLATED)
fanout923/X                              10     11        (VIOLATED)
fanout939/X                              10     11        (VIOLATED)
fanout944/X                              10     11        (VIOLATED)
fanout948/X                              10     11        (VIOLATED)
fanout964/X                              10     11        (VIOLATED)
fanout988/X                              10     11        (VIOLATED)

max capacitance

Pin                                        Limit         Cap       Slack
------------------------------------------------------------------------
fanout1403/X                            0.200000    0.323646   -0.123646 (VIOLATED)
fanout1074/X                            0.200000    0.321995   -0.121995 (VIOLATED)
fanout1041/X                            0.200000    0.315466   -0.115466 (VIOLATED)
fanout995/X                             0.200000    0.312811   -0.112811 (VIOLATED)
fanout1037/X                            0.200000    0.289792   -0.089792 (VIOLATED)
_22420_/Y                               0.200000    0.287653   -0.087653 (VIOLATED)
fanout1052/X                            0.200000    0.284857   -0.084857 (VIOLATED)
fanout1614/X                            0.200000    0.277452   -0.077452 (VIOLATED)
_21934_/X                               0.200000    0.274037   -0.074037 (VIOLATED)
fanout811/X                             0.200000    0.265956   -0.065956 (VIOLATED)
fanout1504/X                            0.200000    0.264902   -0.064902 (VIOLATED)
fanout808/X                             0.200000    0.258733   -0.058733 (VIOLATED)
clone91/X                               0.130015    0.188729   -0.058714 (VIOLATED)
fanout1031/X                            0.200000    0.249631   -0.049631 (VIOLATED)
hold100/X                               0.200000    0.246450   -0.046450 (VIOLATED)
fanout778/X                             0.200000    0.245952   -0.045952 (VIOLATED)
_34599_/X                               0.200000    0.241335   -0.041335 (VIOLATED)
fanout1045/X                            0.200000    0.239498   -0.039498 (VIOLATED)
fanout980/X                             0.200000    0.239267   -0.039267 (VIOLATED)
fanout815/X                             0.200000    0.238857   -0.038857 (VIOLATED)
fanout1566/X                            0.200000    0.237505   -0.037505 (VIOLATED)
fanout821/X                             0.200000    0.237114   -0.037114 (VIOLATED)
fanout1511/X                            0.200000    0.236629   -0.036629 (VIOLATED)
_22195_/Y                               0.200000    0.236140   -0.036140 (VIOLATED)
_21811_/Y                               0.200000    0.233532   -0.033532 (VIOLATED)
fanout1087/X                            0.200000    0.233365   -0.033365 (VIOLATED)
fanout732/X                             0.200000    0.232216   -0.032216 (VIOLATED)
fanout1426/X                            0.200000    0.231724   -0.031724 (VIOLATED)
_21810_/Y                               0.200000    0.231650   -0.031650 (VIOLATED)
fanout963/X                             0.200000    0.231535   -0.031535 (VIOLATED)
fanout750/X                             0.200000    0.231432   -0.031432 (VIOLATED)
_22194_/Y                               0.200000    0.230979   -0.030979 (VIOLATED)
fanout994/X                             0.200000    0.230827   -0.030827 (VIOLATED)
fanout668/X                             0.200000    0.229194   -0.029194 (VIOLATED)
fanout1123/X                            0.200000    0.226551   -0.026551 (VIOLATED)
fanout877/X                             0.200000    0.226419   -0.026419 (VIOLATED)
fanout879/X                             0.200000    0.225554   -0.025554 (VIOLATED)
fanout920/X                             0.200000    0.225037   -0.025037 (VIOLATED)
_44165_/Q                               0.200000    0.223920   -0.023920 (VIOLATED)
fanout860/X                             0.200000    0.223748   -0.023748 (VIOLATED)
fanout878/X                             0.200000    0.220821   -0.020821 (VIOLATED)
fanout1723/X                            0.200000    0.218693   -0.018693 (VIOLATED)
fanout1058/X                            0.200000    0.214940   -0.014940 (VIOLATED)
fanout1608/X                            0.200000    0.214678   -0.014678 (VIOLATED)
fanout1029/X                            0.200000    0.214515   -0.014515 (VIOLATED)
fanout686/X                             0.200000    0.214040   -0.014040 (VIOLATED)
fanout1155/X                            0.200000    0.213755   -0.013755 (VIOLATED)
fanout1616/X                            0.200000    0.213669   -0.013669 (VIOLATED)
fanout944/X                             0.200000    0.213195   -0.013195 (VIOLATED)
fanout1066/X                            0.200000    0.212968   -0.012968 (VIOLATED)
fanout760/X                             0.200000    0.212446   -0.012446 (VIOLATED)
fanout960/X                             0.200000    0.212120   -0.012120 (VIOLATED)
_22339_/Y                               0.200000    0.211978   -0.011978 (VIOLATED)
fanout1873/X                            0.200000    0.211952   -0.011952 (VIOLATED)
fanout801/X                             0.200000    0.211887   -0.011887 (VIOLATED)
fanout1517/X                            0.200000    0.211717   -0.011717 (VIOLATED)
fanout1049/X                            0.200000    0.210657   -0.010657 (VIOLATED)
_22368_/Y                               0.200000    0.210521   -0.010521 (VIOLATED)
fanout962/X                             0.200000    0.210356   -0.010356 (VIOLATED)
fanout602/X                             0.200000    0.210205   -0.010205 (VIOLATED)
fanout598/X                             0.200000    0.209395   -0.009395 (VIOLATED)
fanout1004/X                            0.200000    0.208222   -0.008222 (VIOLATED)
fanout702/X                             0.200000    0.207784   -0.007784 (VIOLATED)
_43512_/Q                               0.200000    0.206781   -0.006781 (VIOLATED)
fanout722/X                             0.200000    0.206634   -0.006634 (VIOLATED)
fanout766/X                             0.200000    0.205787   -0.005787 (VIOLATED)
fanout865/X                             0.200000    0.205400   -0.005400 (VIOLATED)
fanout613/X                             0.200000    0.204334   -0.004334 (VIOLATED)
fanout1503/X                            0.200000    0.203841   -0.003841 (VIOLATED)
fanout974/X                             0.200000    0.203810   -0.003810 (VIOLATED)
fanout964/X                             0.200000    0.203500   -0.003500 (VIOLATED)
fanout741/X                             0.200000    0.203381   -0.003381 (VIOLATED)
fanout594/X                             0.200000    0.203334   -0.003334 (VIOLATED)
fanout788/X                             0.200000    0.202780   -0.002780 (VIOLATED)
fanout642/X                             0.200000    0.202568   -0.002568 (VIOLATED)
fanout1420/X                            0.200000    0.202097   -0.002097 (VIOLATED)
fanout1450/X                            0.200000    0.201902   -0.001902 (VIOLATED)
fanout839/X                             0.200000    0.201548   -0.001548 (VIOLATED)
fanout762/X                             0.200000    0.201548   -0.001548 (VIOLATED)
fanout873/X                             0.200000    0.201509   -0.001509 (VIOLATED)
fanout932/X                             0.200000    0.201398   -0.001398 (VIOLATED)
fanout2413/X                            0.200000    0.201333   -0.001333 (VIOLATED)
fanout970/X                             0.200000    0.201284   -0.001284 (VIOLATED)
fanout948/X                             0.200000    0.201036   -0.001036 (VIOLATED)
fanout742/X                             0.200000    0.200310   -0.000310 (VIOLATED)
fanout915/X                             0.200000    0.200256   -0.000256 (VIOLATED)
fanout988/X                             0.200000    0.200059   -0.000059 (VIOLATED)



===========================================================================
report_parasitic_annotation -report_unannotated
============================================================================
Found 340 unannotated drivers.
 clk_2p4g
 rf_adc_q_in[0]
 rf_adc_q_in[10]
 rf_adc_q_in[11]
 rf_adc_q_in[12]
 rf_adc_q_in[13]
 rf_adc_q_in[14]
 rf_adc_q_in[15]
 rf_adc_q_in[1]
 rf_adc_q_in[2]
 rf_adc_q_in[3]
 rf_adc_q_in[4]
 rf_adc_q_in[5]
 rf_adc_q_in[6]
 rf_adc_q_in[7]
 rf_adc_q_in[8]
 rf_adc_q_in[9]
 _43579__2974/LO
 clkload0/Y
 clkload1/Y
 clkload10/Y
 clkload100/Y
 clkload101/Y
 clkload102/Y
 clkload103/Y
 clkload104/X
 clkload105/Y
 clkload106/Y
 clkload107/Y
 clkload108/Y
 clkload109/X
 clkload11/Y
 clkload110/Y
 clkload111/Y
 clkload112/Y
 clkload113/Y
 clkload114/Y
 clkload115/Y
 clkload116/Y
 clkload117/Y
 clkload118/Y
 clkload119/Y
 clkload12/Y
 clkload120/Y
 clkload121/Y
 clkload122/Y
 clkload123/Y
 clkload124/Y
 clkload125/Y
 clkload126/Y
 clkload127/Y
 clkload128/Y
 clkload129/Y
 clkload13/Y
 clkload130/Y
 clkload131/Y
 clkload132/X
 clkload133/Y
 clkload134/Y
 clkload135/X
 clkload136/Y
 clkload137/Y
 clkload138/Y
 clkload139/Y
 clkload14/X
 clkload140/Y
 clkload141/Y
 clkload142/X
 clkload143/Y
 clkload144/Y
 clkload145/Y
 clkload146/Y
 clkload147/Y
 clkload148/Y
 clkload149/X
 clkload15/Y
 clkload150/Y
 clkload151/X
 clkload152/Y
 clkload153/X
 clkload154/Y
 clkload155/Y
 clkload156/Y
 clkload157/Y
 clkload158/Y
 clkload159/Y
 clkload16/Y
 clkload160/Y
 clkload161/Y
 clkload162/Y
 clkload163/Y
 clkload164/Y
 clkload165/Y
 clkload166/Y
 clkload167/X
 clkload168/Y
 clkload169/Y
 clkload17/Y
 clkload170/Y
 clkload171/Y
 clkload172/Y
 clkload173/Y
 clkload174/Y
 clkload175/Y
 clkload176/Y
 clkload177/Y
 clkload178/Y
 clkload179/Y
 clkload18/Y
 clkload180/Y
 clkload181/Y
 clkload182/Y
 clkload183/Y
 clkload184/Y
 clkload185/X
 clkload186/X
 clkload187/Y
 clkload188/Y
 clkload189/Y
 clkload19/Y
 clkload190/Y
 clkload191/X
 clkload192/X
 clkload193/Y
 clkload194/Y
 clkload195/Y
 clkload196/Y
 clkload197/Y
 clkload198/Y
 clkload199/Y
 clkload2/Y
 clkload20/Y
 clkload200/X
 clkload201/Y
 clkload202/Y
 clkload203/Y
 clkload204/Y
 clkload205/Y
 clkload206/Y
 clkload207/Y
 clkload208/Y
 clkload209/Y
 clkload21/Y
 clkload210/X
 clkload211/Y
 clkload212/Y
 clkload213/Y
 clkload214/Y
 clkload215/Y
 clkload216/Y
 clkload217/Y
 clkload218/X
 clkload219/Y
 clkload22/Y
 clkload220/Y
 clkload221/Y
 clkload222/X
 clkload223/Y
 clkload224/Y
 clkload225/X
 clkload226/Y
 clkload227/Y
 clkload228/X
 clkload229/Y
 clkload23/Y
 clkload230/X
 clkload24/Y
 clkload25/Y
 clkload26/Y
 clkload27/Y
 clkload28/X
 clkload29/X
 clkload3/Y
 clkload30/Y
 clkload31/Y
 clkload32/Y
 clkload33/Y
 clkload34/Y
 clkload35/Y
 clkload36/Y
 clkload37/Y
 clkload38/Y
 clkload39/Y
 clkload4/X
 clkload40/Y
 clkload41/Y
 clkload42/Y
 clkload43/Y
 clkload44/Y
 clkload45/Y
 clkload46/Y
 clkload47/Y
 clkload48/Y
 clkload49/Y
 clkload5/Y
 clkload50/Y
 clkload51/Y
 clkload52/Y
 clkload53/X
 clkload54/Y
 clkload55/Y
 clkload56/Y
 clkload57/X
 clkload58/Y
 clkload59/Y
 clkload6/Y
 clkload60/X
 clkload61/X
 clkload62/X
 clkload63/Y
 clkload64/Y
 clkload65/Y
 clkload66/Y
 clkload67/Y
 clkload68/Y
 clkload69/Y
 clkload7/Y
 clkload70/Y
 clkload71/Y
 clkload72/Y
 clkload73/Y
 clkload74/Y
 clkload75/Y
 clkload76/Y
 clkload77/Y
 clkload78/Y
 clkload79/Y
 clkload8/X
 clkload80/X
 clkload81/Y
 clkload82/Y
 clkload83/X
 clkload84/X
 clkload85/Y
 clkload86/X
 clkload87/Y
 clkload88/Y
 clkload89/Y
 clkload9/X
 clkload90/Y
 clkload91/Y
 clkload92/Y
 clkload93/Y
 clkload94/Y
 clkload95/Y
 clkload96/Y
 clkload97/Y
 clkload98/Y
 clkload99/Y
 phase_099_top_integration_2883/HI
 phase_099_top_integration_2884/HI
 phase_099_top_integration_2885/HI
 phase_099_top_integration_2886/HI
 phase_099_top_integration_2887/HI
 phase_099_top_integration_2888/HI
 phase_099_top_integration_2889/HI
 phase_099_top_integration_2890/HI
 phase_099_top_integration_2891/HI
 phase_099_top_integration_2892/HI
 phase_099_top_integration_2893/HI
 phase_099_top_integration_2894/HI
 phase_099_top_integration_2895/HI
 phase_099_top_integration_2896/HI
 phase_099_top_integration_2897/HI
 phase_099_top_integration_2898/HI
 phase_099_top_integration_2899/HI
 phase_099_top_integration_2900/HI
 phase_099_top_integration_2901/HI
 phase_099_top_integration_2902/HI
 phase_099_top_integration_2903/HI
 phase_099_top_integration_2904/HI
 phase_099_top_integration_2905/HI
 phase_099_top_integration_2906/HI
 phase_099_top_integration_2907/HI
 phase_099_top_integration_2908/HI
 phase_099_top_integration_2909/HI
 phase_099_top_integration_2910/HI
 phase_099_top_integration_2911/HI
 phase_099_top_integration_2912/HI
 phase_099_top_integration_2913/HI
 phase_099_top_integration_2914/HI
 phase_099_top_integration_2915/HI
 phase_099_top_integration_2916/HI
 phase_099_top_integration_2917/HI
 phase_099_top_integration_2918/HI
 phase_099_top_integration_2919/HI
 phase_099_top_integration_2920/HI
 phase_099_top_integration_2921/HI
 phase_099_top_integration_2922/HI
 phase_099_top_integration_2923/HI
 phase_099_top_integration_2924/HI
 phase_099_top_integration_2925/HI
 phase_099_top_integration_2926/HI
 phase_099_top_integration_2927/HI
 phase_099_top_integration_2928/HI
 phase_099_top_integration_2929/HI
 phase_099_top_integration_2930/HI
 phase_099_top_integration_2931/HI
 phase_099_top_integration_2932/HI
 phase_099_top_integration_2933/HI
 phase_099_top_integration_2934/HI
 phase_099_top_integration_2935/HI
 phase_099_top_integration_2936/HI
 phase_099_top_integration_2937/HI
 phase_099_top_integration_2938/HI
 phase_099_top_integration_2939/HI
 phase_099_top_integration_2940/HI
 phase_099_top_integration_2941/HI
 phase_099_top_integration_2942/HI
 phase_099_top_integration_2943/HI
 phase_099_top_integration_2944/HI
 phase_099_top_integration_2945/HI
 phase_099_top_integration_2946/HI
 phase_099_top_integration_2947/HI
 phase_099_top_integration_2948/HI
 phase_099_top_integration_2949/HI
 phase_099_top_integration_2950/HI
 phase_099_top_integration_2951/HI
 phase_099_top_integration_2952/HI
 phase_099_top_integration_2953/HI
 phase_099_top_integration_2954/HI
 phase_099_top_integration_2955/HI
 phase_099_top_integration_2956/HI
 phase_099_top_integration_2957/HI
 phase_099_top_integration_2958/HI
 phase_099_top_integration_2959/HI
 phase_099_top_integration_2960/HI
 phase_099_top_integration_2961/HI
 phase_099_top_integration_2962/HI
 phase_099_top_integration_2963/HI
 phase_099_top_integration_2964/HI
 phase_099_top_integration_2965/HI
 phase_099_top_integration_2966/HI
 phase_099_top_integration_2967/HI
 phase_099_top_integration_2968/HI
 phase_099_top_integration_2969/HI
 phase_099_top_integration_2970/HI
 phase_099_top_integration_2971/HI
 phase_099_top_integration_2972/HI
 phase_099_top_integration_2973/HI
Found 0 partially unannotated drivers.

===========================================================================
max slew violation count 191
max fanout violation count 349
max cap violation count 87
============================================================================

===========================================================================
check_setup -verbose -unconstrained_endpoints -multiple_clock -no_clock -no_input_delay -loops -generated_clocks
===========================================================================
Warning: There are 92 unconstrained endpoints.
  module_status_flags_out[10]
  module_status_flags_out[11]
  module_status_flags_out[12]
  module_status_flags_out[14]
  module_status_flags_out[15]
  module_status_flags_out[16]
  module_status_flags_out[17]
  module_status_flags_out[18]
  module_status_flags_out[19]
  module_status_flags_out[21]
  module_status_flags_out[22]
  module_status_flags_out[23]
  module_status_flags_out[24]
  module_status_flags_out[25]
  module_status_flags_out[26]
  module_status_flags_out[27]
  module_status_flags_out[28]
  module_status_flags_out[29]
  module_status_flags_out[30]
  module_status_flags_out[31]
  module_status_flags_out[32]
  module_status_flags_out[33]
  module_status_flags_out[34]
  module_status_flags_out[35]
  module_status_flags_out[36]
  module_status_flags_out[37]
  module_status_flags_out[38]
  module_status_flags_out[39]
  module_status_flags_out[3]
  module_status_flags_out[40]
  module_status_flags_out[41]
  module_status_flags_out[42]
  module_status_flags_out[43]
  module_status_flags_out[44]
  module_status_flags_out[45]
  module_status_flags_out[46]
  module_status_flags_out[47]
  module_status_flags_out[48]
  module_status_flags_out[49]
  module_status_flags_out[4]
  module_status_flags_out[50]
  module_status_flags_out[51]
  module_status_flags_out[52]
  module_status_flags_out[53]
  module_status_flags_out[54]
  module_status_flags_out[55]
  module_status_flags_out[56]
  module_status_flags_out[57]
  module_status_flags_out[58]
  module_status_flags_out[59]
  module_status_flags_out[5]
  module_status_flags_out[60]
  module_status_flags_out[61]
  module_status_flags_out[62]
  module_status_flags_out[63]
  module_status_flags_out[64]
  module_status_flags_out[65]
  module_status_flags_out[66]
  module_status_flags_out[67]
  module_status_flags_out[68]
  module_status_flags_out[69]
  module_status_flags_out[6]
  module_status_flags_out[70]
  module_status_flags_out[71]
  module_status_flags_out[72]
  module_status_flags_out[73]
  module_status_flags_out[74]
  module_status_flags_out[75]
  module_status_flags_out[76]
  module_status_flags_out[77]
  module_status_flags_out[78]
  module_status_flags_out[79]
  module_status_flags_out[7]
  module_status_flags_out[80]
  module_status_flags_out[81]
  module_status_flags_out[82]
  module_status_flags_out[83]
  module_status_flags_out[84]
  module_status_flags_out[85]
  module_status_flags_out[86]
  module_status_flags_out[87]
  module_status_flags_out[88]
  module_status_flags_out[89]
  module_status_flags_out[90]
  module_status_flags_out[91]
  module_status_flags_out[92]
  module_status_flags_out[93]
  module_status_flags_out[94]
  module_status_flags_out[95]
  module_status_flags_out[96]
  module_status_flags_out[97]
  _43579_/D
