
===========================================================================
report_checks -unconstrained
===========================================================================
======================= Fastest Corner ===================================

Startpoint: la_data_in[0] (input port clocked by clk)
Endpoint: mprj/_44029_ (recovery check against rising-edge clock clk)
Path Group: asynchronous
Path Type: max
Corner: Fastest

Fanout     Cap    Slew   Delay    Time   Description
-----------------------------------------------------------------------------
                          0.00    0.00   clock clk (rise edge)
                          5.57    5.57   clock network delay (propagated)
                          1.87    7.44 ^ input external delay
                  0.86    0.00    7.44 ^ la_data_in[0] (in)
     2    0.19                           la_data_in[0] (net)
                  0.86    0.00    7.44 ^ mprj/hold102/A (sky130_fd_sc_hd__dlygate4sd3_1)
                  0.04    0.41    7.85 ^ mprj/hold102/X (sky130_fd_sc_hd__dlygate4sd3_1)
     1    0.00                           mprj/net3075 (net)
                  0.04    0.00    7.85 ^ mprj/input17/A (sky130_fd_sc_hd__buf_4)
                  0.03    0.08    7.92 ^ mprj/input17/X (sky130_fd_sc_hd__buf_4)
     1    0.01                           mprj/net17 (net)
                  0.03    0.00    7.92 ^ mprj/fanout2882/A (sky130_fd_sc_hd__buf_12)
                  0.02    0.06    7.99 ^ mprj/fanout2882/X (sky130_fd_sc_hd__buf_12)
     1    0.01                           mprj/net2882 (net)
                  0.02    0.00    7.99 ^ mprj/hold92/A (sky130_fd_sc_hd__buf_12)
                  0.02    0.06    8.05 ^ mprj/hold92/X (sky130_fd_sc_hd__buf_12)
     2    0.01                           mprj/net3065 (net)
                  0.02    0.00    8.05 ^ mprj/hold94/A (sky130_fd_sc_hd__buf_12)
                  0.02    0.06    8.11 ^ mprj/hold94/X (sky130_fd_sc_hd__buf_12)
     1    0.01                           mprj/net3067 (net)
                  0.02    0.00    8.11 ^ mprj/hold96/A (sky130_fd_sc_hd__buf_12)
                  0.02    0.06    8.16 ^ mprj/hold96/X (sky130_fd_sc_hd__buf_12)
     1    0.01                           mprj/net3069 (net)
                  0.02    0.00    8.16 ^ mprj/hold98/A (sky130_fd_sc_hd__buf_12)
                  0.03    0.06    8.23 ^ mprj/hold98/X (sky130_fd_sc_hd__buf_12)
     5    0.02                           mprj/net3071 (net)
                  0.03    0.00    8.23 ^ mprj/fanout2830/A (sky130_fd_sc_hd__buf_6)
                  0.03    0.07    8.29 ^ mprj/fanout2830/X (sky130_fd_sc_hd__buf_6)
     6    0.01                           mprj/net2830 (net)
                  0.03    0.00    8.29 ^ mprj/hold99/A (sky130_fd_sc_hd__dlygate4sd3_1)
                  0.06    0.41    8.70 ^ mprj/hold99/X (sky130_fd_sc_hd__dlygate4sd3_1)
     2    0.01                           mprj/net3072 (net)
                  0.06    0.00    8.70 ^ mprj/fanout2790/A (sky130_fd_sc_hd__buf_2)
                  0.05    0.10    8.79 ^ mprj/fanout2790/X (sky130_fd_sc_hd__buf_2)
     5    0.01                           mprj/net2790 (net)
                  0.05    0.00    8.79 ^ mprj/fanout2789/A (sky130_fd_sc_hd__buf_2)
                  0.07    0.11    8.90 ^ mprj/fanout2789/X (sky130_fd_sc_hd__buf_2)
     7    0.02                           mprj/net2789 (net)
                  0.07    0.00    8.90 ^ mprj/fanout2780/A (sky130_fd_sc_hd__clkbuf_4)
                  0.09    0.15    9.05 ^ mprj/fanout2780/X (sky130_fd_sc_hd__clkbuf_4)
    10    0.03                           mprj/net2780 (net)
                  0.09    0.00    9.05 ^ mprj/fanout2779/A (sky130_fd_sc_hd__clkbuf_4)
                  0.09    0.15    9.20 ^ mprj/fanout2779/X (sky130_fd_sc_hd__clkbuf_4)
    10    0.04                           mprj/net2779 (net)
                  0.09    0.00    9.20 ^ mprj/_44029_/RESET_B (sky130_fd_sc_hd__dfrtp_1)
                                  9.20   data arrival time

                         25.00   25.00   clock clk (rise edge)
                          4.65   29.65   clock source latency
                  0.61    0.00   29.65 ^ wb_clk_i (in)
     2    0.01                           wb_clk_i (net)
                  0.61    0.00   29.65 ^ mprj/clkbuf_0_clk_dsp/A (sky130_fd_sc_hd__clkbuf_16)
                  0.05    0.13   29.78 ^ mprj/clkbuf_0_clk_dsp/X (sky130_fd_sc_hd__clkbuf_16)
     4    0.02                           mprj/clknet_0_clk_dsp (net)
                  0.05    0.00   29.78 ^ mprj/clkbuf_2_2_0_clk_dsp/A (sky130_fd_sc_hd__clkbuf_8)
                  0.04    0.08   29.86 ^ mprj/clkbuf_2_2_0_clk_dsp/X (sky130_fd_sc_hd__clkbuf_8)
     4    0.02                           mprj/clknet_2_2_0_clk_dsp (net)
                  0.04    0.00   29.86 ^ mprj/clkbuf_4_9_0_clk_dsp/A (sky130_fd_sc_hd__clkbuf_8)
                  0.03    0.08   29.94 ^ mprj/clkbuf_4_9_0_clk_dsp/X (sky130_fd_sc_hd__clkbuf_8)
     2    0.02                           mprj/clknet_4_9_0_clk_dsp (net)
                  0.03    0.00   29.94 ^ mprj/clkbuf_5_18__f_clk_dsp/A (sky130_fd_sc_hd__clkbuf_16)
                  0.04    0.09   30.03 ^ mprj/clkbuf_5_18__f_clk_dsp/X (sky130_fd_sc_hd__clkbuf_16)
     7    0.03                           mprj/clknet_5_18__leaf_clk_dsp (net)
                  0.04    0.00   30.03 ^ mprj/clkbuf_leaf_57_clk_dsp/A (sky130_fd_sc_hd__clkbuf_8)
                  0.06    0.10   30.13 ^ mprj/clkbuf_leaf_57_clk_dsp/X (sky130_fd_sc_hd__clkbuf_8)
    18    0.04                           mprj/clknet_leaf_57_clk_dsp (net)
                  0.06    0.00   30.13 ^ mprj/_44029_/CLK (sky130_fd_sc_hd__dfrtp_1)
                         -0.25   29.88   clock uncertainty
                          0.00   29.88   clock reconvergence pessimism
                          0.14   30.02   library recovery time
                                 30.02   data required time
-----------------------------------------------------------------------------
                                 30.02   data required time
                                 -9.20   data arrival time
-----------------------------------------------------------------------------
                                 20.82   slack (MET)


Startpoint: mprj/_46157_ (rising edge-triggered flip-flop clocked by clk)
Endpoint: mprj/_46248_ (rising edge-triggered flip-flop clocked by clk)
Path Group: clk
Path Type: max
Corner: Fastest

Fanout     Cap    Slew   Delay    Time   Description
-----------------------------------------------------------------------------
                          0.00    0.00   clock clk (rise edge)
                          5.57    5.57   clock source latency
                  0.61    0.00    5.57 ^ wb_clk_i (in)
     2    0.01                           wb_clk_i (net)
                  0.61    0.00    5.57 ^ mprj/clkbuf_0_clk_dsp/A (sky130_fd_sc_hd__clkbuf_16)
                  0.05    0.14    5.71 ^ mprj/clkbuf_0_clk_dsp/X (sky130_fd_sc_hd__clkbuf_16)
     4    0.02                           mprj/clknet_0_clk_dsp (net)
                  0.05    0.00    5.71 ^ mprj/clkbuf_2_3_0_clk_dsp/A (sky130_fd_sc_hd__clkbuf_8)
                  0.04    0.09    5.81 ^ mprj/clkbuf_2_3_0_clk_dsp/X (sky130_fd_sc_hd__clkbuf_8)
     4    0.02                           mprj/clknet_2_3_0_clk_dsp (net)
                  0.04    0.00    5.81 ^ mprj/clkbuf_4_15_0_clk_dsp/A (sky130_fd_sc_hd__clkbuf_8)
                  0.03    0.09    5.90 ^ mprj/clkbuf_4_15_0_clk_dsp/X (sky130_fd_sc_hd__clkbuf_8)
     2    0.02                           mprj/clknet_4_15_0_clk_dsp (net)
                  0.03    0.00    5.90 ^ mprj/clkbuf_5_30__f_clk_dsp/A (sky130_fd_sc_hd__clkbuf_16)
                  0.04    0.10    6.00 ^ mprj/clkbuf_5_30__f_clk_dsp/X (sky130_fd_sc_hd__clkbuf_16)
     9    0.04                           mprj/clknet_5_30__leaf_clk_dsp (net)
                  0.04    0.00    6.00 ^ mprj/clkbuf_leaf_144_clk_dsp/A (sky130_fd_sc_hd__clkbuf_8)
                  0.04    0.10    6.10 ^ mprj/clkbuf_leaf_144_clk_dsp/X (sky130_fd_sc_hd__clkbuf_8)
    11    0.02                           mprj/clknet_leaf_144_clk_dsp (net)
                  0.04    0.00    6.10 ^ mprj/_46157_/CLK (sky130_fd_sc_hd__dfrtp_1)
                  0.03    0.24    6.34 v mprj/_46157_/Q (sky130_fd_sc_hd__dfrtp_1)
     1    0.00                           mprj/u_phase_009_fft.out_cnt[1] (net)
                  0.03    0.00    6.34 v mprj/fanout1772/A (sky130_fd_sc_hd__buf_6)
                  0.03    0.09    6.43 v mprj/fanout1772/X (sky130_fd_sc_hd__buf_6)
     8    0.02                           mprj/net1772 (net)
                  0.03    0.00    6.43 v mprj/fanout1771/A (sky130_fd_sc_hd__buf_8)
                  0.03    0.09    6.52 v mprj/fanout1771/X (sky130_fd_sc_hd__buf_8)
     8    0.03                           mprj/net1771 (net)
                  0.03    0.00    6.52 v mprj/fanout1770/A (sky130_fd_sc_hd__buf_8)
                  0.03    0.09    6.61 v mprj/fanout1770/X (sky130_fd_sc_hd__buf_8)
    10    0.02                           mprj/net1770 (net)
                  0.03    0.00    6.61 v mprj/_27123_/B (sky130_fd_sc_hd__and2_4)
                  0.03    0.11    6.72 v mprj/_27123_/X (sky130_fd_sc_hd__and2_4)
     4    0.01                           mprj/_03883_ (net)
                  0.03    0.00    6.72 v mprj/fanout1374/A (sky130_fd_sc_hd__buf_8)
                  0.02    0.08    6.80 v mprj/fanout1374/X (sky130_fd_sc_hd__buf_8)
     5    0.02                           mprj/net1374 (net)
                  0.02    0.00    6.80 v mprj/fanout1373/A (sky130_fd_sc_hd__buf_8)
                  0.02    0.08    6.88 v mprj/fanout1373/X (sky130_fd_sc_hd__buf_8)
    10    0.02                           mprj/net1373 (net)
                  0.02    0.00    6.88 v mprj/fanout1372/A (sky130_fd_sc_hd__buf_6)
                  0.02    0.08    6.96 v mprj/fanout1372/X (sky130_fd_sc_hd__buf_6)
    10    0.02                           mprj/net1372 (net)
                  0.02    0.00    6.96 v mprj/_34433_/A (sky130_fd_sc_hd__and2_4)
                  0.03    0.10    7.06 v mprj/_34433_/X (sky130_fd_sc_hd__and2_4)
     3    0.01                           mprj/_08540_ (net)
                  0.03    0.00    7.06 v mprj/fanout942/A (sky130_fd_sc_hd__buf_12)
                  0.02    0.09    7.15 v mprj/fanout942/X (sky130_fd_sc_hd__buf_12)
     8    0.02                           mprj/net942 (net)
                  0.02    0.00    7.15 v mprj/fanout941/A (sky130_fd_sc_hd__buf_12)
                  0.02    0.08    7.23 v mprj/fanout941/X (sky130_fd_sc_hd__buf_12)
    10    0.02                           mprj/net941 (net)
                  0.02    0.00    7.23 v mprj/_36978_/A1 (sky130_fd_sc_hd__a2111o_1)
                  0.04    0.22    7.45 v mprj/_36978_/X (sky130_fd_sc_hd__a2111o_1)
     1    0.00                           mprj/_11004_ (net)
                  0.04    0.00    7.45 v mprj/_36981_/B (sky130_fd_sc_hd__or4_4)
                  0.05    0.31    7.76 v mprj/_36981_/X (sky130_fd_sc_hd__or4_4)
     1    0.00                           mprj/_11007_ (net)
                  0.05    0.00    7.76 v mprj/_36985_/A (sky130_fd_sc_hd__or4b_4)
                  0.06    0.35    8.11 v mprj/_36985_/X (sky130_fd_sc_hd__or4b_4)
     2    0.01                           mprj/_11011_ (net)
                  0.06    0.00    8.11 v mprj/_36986_/B1 (sky130_fd_sc_hd__o22a_4)
                  0.03    0.15    8.26 v mprj/_36986_/X (sky130_fd_sc_hd__o22a_4)
     1    0.01                           mprj/_11012_ (net)
                  0.03    0.00    8.26 v mprj/fanout322/A (sky130_fd_sc_hd__buf_12)
                  0.02    0.09    8.35 v mprj/fanout322/X (sky130_fd_sc_hd__buf_12)
     7    0.02                           mprj/net322 (net)
                  0.02    0.00    8.35 v mprj/fanout319/A (sky130_fd_sc_hd__buf_8)
                  0.02    0.08    8.43 v mprj/fanout319/X (sky130_fd_sc_hd__buf_8)
    10    0.02                           mprj/net319 (net)
                  0.02    0.00    8.43 v mprj/fanout318/A (sky130_fd_sc_hd__buf_6)
                  0.02    0.08    8.51 v mprj/fanout318/X (sky130_fd_sc_hd__buf_6)
    10    0.02                           mprj/net318 (net)
                  0.02    0.00    8.51 v mprj/_39367_/B2 (sky130_fd_sc_hd__a2bb2o_2)
                  0.04    0.15    8.66 v mprj/_39367_/X (sky130_fd_sc_hd__a2bb2o_2)
     3    0.01                           mprj/_13393_ (net)
                  0.04    0.00    8.66 v mprj/_39455_/A2 (sky130_fd_sc_hd__a21o_1)
                  0.03    0.13    8.79 v mprj/_39455_/X (sky130_fd_sc_hd__a21o_1)
     2    0.00                           mprj/_13481_ (net)
                  0.03    0.00    8.79 v mprj/_39462_/A2 (sky130_fd_sc_hd__a21o_1)
                  0.04    0.13    8.92 v mprj/_39462_/X (sky130_fd_sc_hd__a21o_1)
     3    0.01                           mprj/_13488_ (net)
                  0.04    0.00    8.92 v mprj/_39476_/A2 (sky130_fd_sc_hd__a21o_1)
                  0.03    0.12    9.04 v mprj/_39476_/X (sky130_fd_sc_hd__a21o_1)
     2    0.00                           mprj/_13502_ (net)
                  0.03    0.00    9.04 v mprj/_39490_/A2 (sky130_fd_sc_hd__a21o_1)
                  0.03    0.13    9.17 v mprj/_39490_/X (sky130_fd_sc_hd__a21o_1)
     3    0.01                           mprj/_13516_ (net)
                  0.03    0.00    9.17 v mprj/_39491_/C (sky130_fd_sc_hd__and3_1)
                  0.03    0.12    9.29 v mprj/_39491_/X (sky130_fd_sc_hd__and3_1)
     2    0.00                           mprj/_13517_ (net)
                  0.03    0.00    9.29 v mprj/_39495_/A (sky130_fd_sc_hd__or3_4)
                  0.05    0.25    9.54 v mprj/_39495_/X (sky130_fd_sc_hd__or3_4)
     4    0.01                           mprj/_13521_ (net)
                  0.05    0.00    9.54 v mprj/_39615_/C1 (sky130_fd_sc_hd__o211a_1)
                  0.05    0.09    9.64 v mprj/_39615_/X (sky130_fd_sc_hd__o211a_1)
     3    0.01                           mprj/_13641_ (net)
                  0.05    0.00    9.64 v mprj/_39618_/B (sky130_fd_sc_hd__or3_4)
                  0.05    0.24    9.88 v mprj/_39618_/X (sky130_fd_sc_hd__or3_4)
     4    0.01                           mprj/_13644_ (net)
                  0.05    0.00    9.88 v mprj/_39621_/A (sky130_fd_sc_hd__and3_4)
                  0.04    0.12   10.00 v mprj/_39621_/X (sky130_fd_sc_hd__and3_4)
     4    0.02                           mprj/_13647_ (net)
                  0.04    0.00   10.00 v mprj/_39622_/A2 (sky130_fd_sc_hd__o211a_4)
                  0.04    0.17   10.17 v mprj/_39622_/X (sky130_fd_sc_hd__o211a_4)
     4    0.02                           mprj/_13648_ (net)
                  0.04    0.00   10.17 v mprj/_39628_/A (sky130_fd_sc_hd__nor3_4)
                  0.11    0.14   10.31 ^ mprj/_39628_/Y (sky130_fd_sc_hd__nor3_4)
     2    0.01                           mprj/_13654_ (net)
                  0.11    0.00   10.31 ^ mprj/max_cap80/A (sky130_fd_sc_hd__clkbuf_2)
                  0.04    0.09   10.40 ^ mprj/max_cap80/X (sky130_fd_sc_hd__clkbuf_2)
     2    0.01                           mprj/net80 (net)
                  0.04    0.00   10.40 ^ mprj/_39630_/C1 (sky130_fd_sc_hd__a211oi_2)
                  0.05    0.02   10.42 v mprj/_39630_/Y (sky130_fd_sc_hd__a211oi_2)
     2    0.00                           mprj/_13656_ (net)
                  0.05    0.00   10.42 v mprj/_39631_/A (sky130_fd_sc_hd__or3b_4)
                  0.05    0.26   10.68 v mprj/_39631_/X (sky130_fd_sc_hd__or3b_4)
     3    0.01                           mprj/_13657_ (net)
                  0.05    0.00   10.68 v mprj/_39701_/A2 (sky130_fd_sc_hd__a21o_1)
                  0.03    0.13   10.81 v mprj/_39701_/X (sky130_fd_sc_hd__a21o_1)
     1    0.00                           mprj/_13727_ (net)
                  0.03    0.00   10.81 v mprj/_39856_/B2 (sky130_fd_sc_hd__a221oi_2)
                  0.09    0.11   10.92 ^ mprj/_39856_/Y (sky130_fd_sc_hd__a221oi_2)
     1    0.00                           mprj/_13882_ (net)
                  0.09    0.00   10.92 ^ mprj/_39868_/B1 (sky130_fd_sc_hd__o221a_1)
                  0.05    0.11   11.03 ^ mprj/_39868_/X (sky130_fd_sc_hd__o221a_1)
     1    0.00                           mprj/_13894_ (net)
                  0.05    0.00   11.03 ^ mprj/_39870_/B2 (sky130_fd_sc_hd__o22a_4)
                  0.04    0.08   11.12 ^ mprj/_39870_/X (sky130_fd_sc_hd__o22a_4)
     2    0.01                           mprj/_13896_ (net)
                  0.04    0.00   11.12 ^ mprj/_39871_/A2 (sky130_fd_sc_hd__o21bai_4)
                  0.04    0.04   11.16 v mprj/_39871_/Y (sky130_fd_sc_hd__o21bai_4)
     2    0.01                           mprj/_13897_ (net)
                  0.04    0.00   11.16 v mprj/_39873_/A2 (sky130_fd_sc_hd__a21bo_4)
                  0.02    0.14   11.30 v mprj/_39873_/X (sky130_fd_sc_hd__a21bo_4)
     2    0.00                           mprj/_13899_ (net)
                  0.02    0.00   11.30 v mprj/_39875_/A1 (sky130_fd_sc_hd__a21o_1)
                  0.03    0.10   11.40 v mprj/_39875_/X (sky130_fd_sc_hd__a21o_1)
     2    0.00                           mprj/_13901_ (net)
                  0.03    0.00   11.40 v mprj/_39878_/A2 (sky130_fd_sc_hd__a21o_1)
                  0.03    0.12   11.52 v mprj/_39878_/X (sky130_fd_sc_hd__a21o_1)
     2    0.00                           mprj/_13904_ (net)
                  0.03    0.00   11.52 v mprj/_39879_/A1 (sky130_fd_sc_hd__a21o_1)
                  0.03    0.10   11.62 v mprj/_39879_/X (sky130_fd_sc_hd__a21o_1)
     2    0.00                           mprj/_13905_ (net)
                  0.03    0.00   11.62 v mprj/_39882_/A1 (sky130_fd_sc_hd__a21o_1)
                  0.03    0.10   11.73 v mprj/_39882_/X (sky130_fd_sc_hd__a21o_1)
     2    0.00                           mprj/_13908_ (net)
                  0.03    0.00   11.73 v mprj/_39883_/A1 (sky130_fd_sc_hd__a21bo_1)
                  0.04    0.12   11.85 v mprj/_39883_/X (sky130_fd_sc_hd__a21bo_1)
     2    0.01                           mprj/_13909_ (net)
                  0.04    0.00   11.85 v mprj/_39886_/A2 (sky130_fd_sc_hd__a21o_1)
                  0.03    0.12   11.97 v mprj/_39886_/X (sky130_fd_sc_hd__a21o_1)
     2    0.00                           mprj/_13912_ (net)
                  0.03    0.00   11.97 v mprj/_39887_/A1 (sky130_fd_sc_hd__a21bo_1)
                  0.03    0.11   12.08 v mprj/_39887_/X (sky130_fd_sc_hd__a21bo_1)
     2    0.00                           mprj/_13913_ (net)
                  0.03    0.00   12.08 v mprj/_39890_/A2 (sky130_fd_sc_hd__a21o_1)
                  0.04    0.13   12.21 v mprj/_39890_/X (sky130_fd_sc_hd__a21o_1)
     2    0.01                           mprj/_13916_ (net)
                  0.04    0.00   12.21 v mprj/_39891_/A1 (sky130_fd_sc_hd__a21o_1)
                  0.04    0.12   12.33 v mprj/_39891_/X (sky130_fd_sc_hd__a21o_1)
     3    0.01                           mprj/_13917_ (net)
                  0.04    0.00   12.33 v mprj/_39896_/B2 (sky130_fd_sc_hd__a221o_1)
                  0.04    0.18   12.51 v mprj/_39896_/X (sky130_fd_sc_hd__a221o_1)
     3    0.01                           mprj/_13922_ (net)
                  0.04    0.00   12.51 v mprj/_39899_/A1 (sky130_fd_sc_hd__a21o_1)
                  0.04    0.12   12.63 v mprj/_39899_/X (sky130_fd_sc_hd__a21o_1)
     2    0.01                           mprj/_13925_ (net)
                  0.04    0.00   12.63 v mprj/_39900_/A1 (sky130_fd_sc_hd__a21o_4)
                  0.04    0.15   12.78 v mprj/_39900_/X (sky130_fd_sc_hd__a21o_4)
     3    0.02                           mprj/_13926_ (net)
                  0.04    0.00   12.78 v mprj/_39903_/A1 (sky130_fd_sc_hd__a21oi_4)
                  0.13    0.13   12.92 ^ mprj/_39903_/Y (sky130_fd_sc_hd__a21oi_4)
     2    0.02                           mprj/_13929_ (net)
                  0.13    0.00   12.92 ^ mprj/_39933_/A (sky130_fd_sc_hd__xor2_2)
                  0.09    0.07   12.99 v mprj/_39933_/X (sky130_fd_sc_hd__xor2_2)
     2    0.01                           mprj/_13959_ (net)
                  0.09    0.00   12.99 v mprj/_39935_/A1 (sky130_fd_sc_hd__a21oi_4)
                  0.11    0.13   13.12 ^ mprj/_39935_/Y (sky130_fd_sc_hd__a21oi_4)
     3    0.01                           mprj/_13961_ (net)
                  0.11    0.00   13.12 ^ mprj/fanout59/A (sky130_fd_sc_hd__buf_6)
                  0.02    0.07   13.19 ^ mprj/fanout59/X (sky130_fd_sc_hd__buf_6)
     5    0.01                           mprj/net59 (net)
                  0.02    0.00   13.19 ^ mprj/_39953_/A1_N (sky130_fd_sc_hd__o2bb2a_1)
                  0.04    0.12   13.32 v mprj/_39953_/X (sky130_fd_sc_hd__o2bb2a_1)
     1    0.00                           mprj/_02744_ (net)
                  0.04    0.00   13.32 v mprj/_46248_/D (sky130_fd_sc_hd__dfrtp_1)
                                 13.32   data arrival time

                         25.00   25.00   clock clk (rise edge)
                          4.65   29.65   clock source latency
                  0.61    0.00   29.65 ^ wb_clk_i (in)
     2    0.01                           wb_clk_i (net)
                  0.61    0.00   29.65 ^ mprj/clkbuf_0_clk_dsp/A (sky130_fd_sc_hd__clkbuf_16)
                  0.05    0.13   29.78 ^ mprj/clkbuf_0_clk_dsp/X (sky130_fd_sc_hd__clkbuf_16)
     4    0.02                           mprj/clknet_0_clk_dsp (net)
                  0.05    0.00   29.78 ^ mprj/clkbuf_2_3_0_clk_dsp/A (sky130_fd_sc_hd__clkbuf_8)
                  0.04    0.08   29.86 ^ mprj/clkbuf_2_3_0_clk_dsp/X (sky130_fd_sc_hd__clkbuf_8)
     4    0.02                           mprj/clknet_2_3_0_clk_dsp (net)
                  0.04    0.00   29.86 ^ mprj/clkbuf_4_14_0_clk_dsp/A (sky130_fd_sc_hd__clkbuf_8)
                  0.03    0.08   29.94 ^ mprj/clkbuf_4_14_0_clk_dsp/X (sky130_fd_sc_hd__clkbuf_8)
     2    0.02                           mprj/clknet_4_14_0_clk_dsp (net)
                  0.03    0.00   29.94 ^ mprj/clkbuf_5_29__f_clk_dsp/A (sky130_fd_sc_hd__clkbuf_16)
                  0.04    0.08   30.03 ^ mprj/clkbuf_5_29__f_clk_dsp/X (sky130_fd_sc_hd__clkbuf_16)
     7    0.03                           mprj/clknet_5_29__leaf_clk_dsp (net)
                  0.04    0.00   30.03 ^ mprj/_46248_/CLK (sky130_fd_sc_hd__dfrtp_1)
                         -0.25   29.78   clock uncertainty
                          0.94   30.72   clock reconvergence pessimism
                         -0.07   30.65   library setup time
                                 30.65   data required time
-----------------------------------------------------------------------------
                                 30.65   data required time
                                -13.32   data arrival time
-----------------------------------------------------------------------------
                                 17.33   slack (MET)



======================= Slowest Corner ===================================

Startpoint: la_data_in[0] (input port clocked by clk)
Endpoint: mprj/_44029_ (recovery check against rising-edge clock clk)
Path Group: asynchronous
Path Type: max
Corner: Slowest

Fanout     Cap    Slew   Delay    Time   Description
-----------------------------------------------------------------------------
                          0.00    0.00   clock clk (rise edge)
                          5.57    5.57   clock network delay (propagated)
                          1.87    7.44 ^ input external delay
                  0.86    0.00    7.44 ^ la_data_in[0] (in)
     2    0.19                           la_data_in[0] (net)
                  0.86    0.00    7.44 ^ mprj/hold102/A (sky130_fd_sc_hd__dlygate4sd3_1)
                  0.09    1.34    8.78 ^ mprj/hold102/X (sky130_fd_sc_hd__dlygate4sd3_1)
     1    0.00                           mprj/net3075 (net)
                  0.09    0.00    8.78 ^ mprj/input17/A (sky130_fd_sc_hd__buf_4)
                  0.07    0.22    9.00 ^ mprj/input17/X (sky130_fd_sc_hd__buf_4)
     1    0.01                           mprj/net17 (net)
                  0.07    0.00    9.00 ^ mprj/fanout2882/A (sky130_fd_sc_hd__buf_12)
                  0.05    0.17    9.17 ^ mprj/fanout2882/X (sky130_fd_sc_hd__buf_12)
     1    0.01                           mprj/net2882 (net)
                  0.05    0.00    9.17 ^ mprj/hold92/A (sky130_fd_sc_hd__buf_12)
                  0.05    0.16    9.33 ^ mprj/hold92/X (sky130_fd_sc_hd__buf_12)
     2    0.01                           mprj/net3065 (net)
                  0.05    0.00    9.33 ^ mprj/hold94/A (sky130_fd_sc_hd__buf_12)
                  0.05    0.16    9.48 ^ mprj/hold94/X (sky130_fd_sc_hd__buf_12)
     1    0.01                           mprj/net3067 (net)
                  0.05    0.00    9.48 ^ mprj/hold96/A (sky130_fd_sc_hd__buf_12)
                  0.05    0.16    9.64 ^ mprj/hold96/X (sky130_fd_sc_hd__buf_12)
     1    0.01                           mprj/net3069 (net)
                  0.05    0.00    9.64 ^ mprj/hold98/A (sky130_fd_sc_hd__buf_12)
                  0.06    0.17    9.81 ^ mprj/hold98/X (sky130_fd_sc_hd__buf_12)
     5    0.02                           mprj/net3071 (net)
                  0.06    0.00    9.81 ^ mprj/fanout2830/A (sky130_fd_sc_hd__buf_6)
                  0.06    0.18    9.98 ^ mprj/fanout2830/X (sky130_fd_sc_hd__buf_6)
     6    0.01                           mprj/net2830 (net)
                  0.06    0.00    9.98 ^ mprj/hold99/A (sky130_fd_sc_hd__dlygate4sd3_1)
                  0.13    1.12   11.11 ^ mprj/hold99/X (sky130_fd_sc_hd__dlygate4sd3_1)
     2    0.01                           mprj/net3072 (net)
                  0.13    0.00   11.11 ^ mprj/fanout2790/A (sky130_fd_sc_hd__buf_2)
                  0.11    0.26   11.37 ^ mprj/fanout2790/X (sky130_fd_sc_hd__buf_2)
     5    0.01                           mprj/net2790 (net)
                  0.11    0.00   11.37 ^ mprj/fanout2789/A (sky130_fd_sc_hd__buf_2)
                  0.15    0.29   11.65 ^ mprj/fanout2789/X (sky130_fd_sc_hd__buf_2)
     7    0.02                           mprj/net2789 (net)
                  0.15    0.00   11.65 ^ mprj/fanout2780/A (sky130_fd_sc_hd__clkbuf_4)
                  0.17    0.38   12.03 ^ mprj/fanout2780/X (sky130_fd_sc_hd__clkbuf_4)
    10    0.03                           mprj/net2780 (net)
                  0.17    0.00   12.03 ^ mprj/fanout2779/A (sky130_fd_sc_hd__clkbuf_4)
                  0.18    0.39   12.42 ^ mprj/fanout2779/X (sky130_fd_sc_hd__clkbuf_4)
    10    0.03                           mprj/net2779 (net)
                  0.18    0.00   12.42 ^ mprj/_44029_/RESET_B (sky130_fd_sc_hd__dfrtp_1)
                                 12.42   data arrival time

                         25.00   25.00   clock clk (rise edge)
                          4.65   29.65   clock source latency
                  0.61    0.00   29.65 ^ wb_clk_i (in)
     2    0.01                           wb_clk_i (net)
                  0.61    0.00   29.65 ^ mprj/clkbuf_0_clk_dsp/A (sky130_fd_sc_hd__clkbuf_16)
                  0.07    0.42   30.07 ^ mprj/clkbuf_0_clk_dsp/X (sky130_fd_sc_hd__clkbuf_16)
     4    0.02                           mprj/clknet_0_clk_dsp (net)
                  0.07    0.00   30.07 ^ mprj/clkbuf_2_2_0_clk_dsp/A (sky130_fd_sc_hd__clkbuf_8)
                  0.08    0.22   30.29 ^ mprj/clkbuf_2_2_0_clk_dsp/X (sky130_fd_sc_hd__clkbuf_8)
     4    0.02                           mprj/clknet_2_2_0_clk_dsp (net)
                  0.08    0.00   30.29 ^ mprj/clkbuf_4_9_0_clk_dsp/A (sky130_fd_sc_hd__clkbuf_8)
                  0.08    0.22   30.51 ^ mprj/clkbuf_4_9_0_clk_dsp/X (sky130_fd_sc_hd__clkbuf_8)
     2    0.02                           mprj/clknet_4_9_0_clk_dsp (net)
                  0.08    0.00   30.51 ^ mprj/clkbuf_5_18__f_clk_dsp/A (sky130_fd_sc_hd__clkbuf_16)
                  0.08    0.23   30.73 ^ mprj/clkbuf_5_18__f_clk_dsp/X (sky130_fd_sc_hd__clkbuf_16)
     7    0.03                           mprj/clknet_5_18__leaf_clk_dsp (net)
                  0.08    0.00   30.73 ^ mprj/clkbuf_leaf_57_clk_dsp/A (sky130_fd_sc_hd__clkbuf_8)
                  0.11    0.25   30.99 ^ mprj/clkbuf_leaf_57_clk_dsp/X (sky130_fd_sc_hd__clkbuf_8)
    18    0.03                           mprj/clknet_leaf_57_clk_dsp (net)
                  0.11    0.00   30.99 ^ mprj/_44029_/CLK (sky130_fd_sc_hd__dfrtp_1)
                         -0.25   30.74   clock uncertainty
                          0.00   30.74   clock reconvergence pessimism
                          0.44   31.18   library recovery time
                                 31.18   data required time
-----------------------------------------------------------------------------
                                 31.18   data required time
                                -12.42   data arrival time
-----------------------------------------------------------------------------
                                 18.76   slack (MET)


Startpoint: mprj/_43514_ (rising edge-triggered flip-flop clocked by clk)
Endpoint: mprj/_43595_ (rising edge-triggered flip-flop clocked by clk)
Path Group: clk
Path Type: max
Corner: Slowest

Fanout     Cap    Slew   Delay    Time   Description
-----------------------------------------------------------------------------
                          0.00    0.00   clock clk (rise edge)
                          5.57    5.57   clock source latency
                  0.61    0.00    5.57 ^ wb_clk_i (in)
     2    0.01                           wb_clk_i (net)
                  0.61    0.00    5.57 ^ mprj/clkbuf_0_clk_dsp/A (sky130_fd_sc_hd__clkbuf_16)
                  0.07    0.47    6.04 ^ mprj/clkbuf_0_clk_dsp/X (sky130_fd_sc_hd__clkbuf_16)
     4    0.02                           mprj/clknet_0_clk_dsp (net)
                  0.07    0.00    6.04 ^ mprj/clkbuf_2_2_0_clk_dsp/A (sky130_fd_sc_hd__clkbuf_8)
                  0.08    0.24    6.28 ^ mprj/clkbuf_2_2_0_clk_dsp/X (sky130_fd_sc_hd__clkbuf_8)
     4    0.02                           mprj/clknet_2_2_0_clk_dsp (net)
                  0.08    0.00    6.28 ^ mprj/clkbuf_4_10_0_clk_dsp/A (sky130_fd_sc_hd__clkbuf_8)
                  0.08    0.24    6.52 ^ mprj/clkbuf_4_10_0_clk_dsp/X (sky130_fd_sc_hd__clkbuf_8)
     2    0.02                           mprj/clknet_4_10_0_clk_dsp (net)
                  0.08    0.00    6.52 ^ mprj/clkbuf_5_20__f_clk_dsp/A (sky130_fd_sc_hd__clkbuf_16)
                  0.08    0.25    6.77 ^ mprj/clkbuf_5_20__f_clk_dsp/X (sky130_fd_sc_hd__clkbuf_16)
     7    0.03                           mprj/clknet_5_20__leaf_clk_dsp (net)
                  0.08    0.00    6.77 ^ mprj/clkbuf_leaf_86_clk_dsp/A (sky130_fd_sc_hd__clkbuf_8)
                  0.06    0.23    7.00 ^ mprj/clkbuf_leaf_86_clk_dsp/X (sky130_fd_sc_hd__clkbuf_8)
     6    0.01                           mprj/clknet_leaf_86_clk_dsp (net)
                  0.06    0.00    7.00 ^ mprj/_43514_/CLK (sky130_fd_sc_hd__dfrtp_4)
                  0.15    1.07    8.07 v mprj/_43514_/Q (sky130_fd_sc_hd__dfrtp_4)
     4    0.02                           mprj/u_phase_001_dds.accum_reg[20] (net)
                  0.15    0.00    8.07 v mprj/fanout2402/A (sky130_fd_sc_hd__buf_12)
                  0.06    0.29    8.36 v mprj/fanout2402/X (sky130_fd_sc_hd__buf_12)
     7    0.04                           mprj/net2402 (net)
                  0.06    0.00    8.36 v mprj/fanout2396/A (sky130_fd_sc_hd__buf_12)
                  0.06    0.25    8.61 v mprj/fanout2396/X (sky130_fd_sc_hd__buf_12)
     7    0.04                           mprj/net2396 (net)
                  0.06    0.00    8.61 v mprj/fanout2395/A (sky130_fd_sc_hd__buf_6)
                  0.06    0.23    8.84 v mprj/fanout2395/X (sky130_fd_sc_hd__buf_6)
     7    0.02                           mprj/net2395 (net)
                  0.06    0.00    8.84 v mprj/fanout2393/A (sky130_fd_sc_hd__buf_4)
                  0.09    0.30    9.14 v mprj/fanout2393/X (sky130_fd_sc_hd__buf_4)
    10    0.03                           mprj/net2393 (net)
                  0.09    0.00    9.14 v mprj/_21973_/A2 (sky130_fd_sc_hd__a21bo_4)
                  0.07    0.43    9.57 v mprj/_21973_/X (sky130_fd_sc_hd__a21bo_4)
     2    0.01                           mprj/_17644_ (net)
                  0.07    0.00    9.57 v mprj/fanout1470/A (sky130_fd_sc_hd__buf_8)
                  0.06    0.24    9.80 v mprj/fanout1470/X (sky130_fd_sc_hd__buf_8)
    10    0.02                           mprj/net1470 (net)
                  0.06    0.00    9.80 v mprj/_22231_/B1 (sky130_fd_sc_hd__a21o_1)
                  0.09    0.32   10.12 v mprj/_22231_/X (sky130_fd_sc_hd__a21o_1)
     2    0.01                           mprj/_17902_ (net)
                  0.09    0.00   10.12 v mprj/fanout1054/A (sky130_fd_sc_hd__buf_6)
                  0.07    0.27   10.39 v mprj/fanout1054/X (sky130_fd_sc_hd__buf_6)
    10    0.03                           mprj/net1054 (net)
                  0.07    0.00   10.39 v mprj/_22513_/A3 (sky130_fd_sc_hd__a31oi_2)
                  0.20    0.30   10.69 ^ mprj/_22513_/Y (sky130_fd_sc_hd__a31oi_2)
     2    0.00                           mprj/_18184_ (net)
                  0.20    0.00   10.69 ^ mprj/_22526_/A2_N (sky130_fd_sc_hd__a2bb2o_1)
                  0.10    0.66   11.35 v mprj/_22526_/X (sky130_fd_sc_hd__a2bb2o_1)
     1    0.00                           mprj/_18197_ (net)
                  0.10    0.00   11.35 v mprj/_22527_/A3 (sky130_fd_sc_hd__o31a_1)
                  0.08    0.47   11.82 v mprj/_22527_/X (sky130_fd_sc_hd__o31a_1)
     1    0.00                           mprj/_18198_ (net)
                  0.08    0.00   11.82 v mprj/_22572_/A (sky130_fd_sc_hd__or4_4)
                  0.14    1.07   12.90 v mprj/_22572_/X (sky130_fd_sc_hd__or4_4)
     1    0.00                           mprj/_18243_ (net)
                  0.14    0.00   12.90 v mprj/_22624_/A2 (sky130_fd_sc_hd__a221o_1)
                  0.09    0.69   13.58 v mprj/_22624_/X (sky130_fd_sc_hd__a221o_1)
     1    0.00                           mprj/_18295_ (net)
                  0.09    0.00   13.58 v mprj/_22690_/A_N (sky130_fd_sc_hd__nand3b_4)
                  0.12    0.32   13.90 v mprj/_22690_/Y (sky130_fd_sc_hd__nand3b_4)
     2    0.01                           mprj/_18361_ (net)
                  0.12    0.00   13.90 v mprj/_25488_/A1_N (sky130_fd_sc_hd__o2bb2a_4)
                  0.11    0.45   14.35 ^ mprj/_25488_/X (sky130_fd_sc_hd__o2bb2a_4)
     5    0.02                           mprj/_21159_ (net)
                  0.11    0.00   14.35 ^ mprj/_25986_/D1 (sky130_fd_sc_hd__o2111a_4)
                  0.12    0.47   14.82 ^ mprj/_25986_/X (sky130_fd_sc_hd__o2111a_4)
     4    0.01                           mprj/_21657_ (net)
                  0.12    0.00   14.82 ^ mprj/_26116_/A (sky130_fd_sc_hd__and4_4)
                  0.15    0.55   15.37 ^ mprj/_26116_/X (sky130_fd_sc_hd__and4_4)
     6    0.01                           mprj/_02880_ (net)
                  0.15    0.00   15.37 ^ mprj/_26188_/C_N (sky130_fd_sc_hd__or3b_4)
                  0.12    0.79   16.16 v mprj/_26188_/X (sky130_fd_sc_hd__or3b_4)
     2    0.00                           mprj/_02952_ (net)
                  0.12    0.00   16.16 v mprj/_26250_/A (sky130_fd_sc_hd__and2_4)
                  0.04    0.27   16.43 v mprj/_26250_/X (sky130_fd_sc_hd__and2_4)
     1    0.00                           mprj/_03014_ (net)
                  0.04    0.00   16.43 v mprj/_26253_/A1 (sky130_fd_sc_hd__mux4_2)
                  0.16    1.05   17.48 v mprj/_26253_/X (sky130_fd_sc_hd__mux4_2)
     1    0.00                           mprj/_03017_ (net)
                  0.16    0.00   17.48 v mprj/fanout122/A (sky130_fd_sc_hd__buf_6)
                  0.05    0.27   17.75 v mprj/fanout122/X (sky130_fd_sc_hd__buf_6)
     5    0.02                           mprj/net122 (net)
                  0.05    0.00   17.75 v mprj/fanout120/A (sky130_fd_sc_hd__buf_8)
                  0.05    0.22   17.97 v mprj/fanout120/X (sky130_fd_sc_hd__buf_8)
     6    0.01                           mprj/net120 (net)
                  0.05    0.00   17.97 v mprj/fanout119/A (sky130_fd_sc_hd__buf_6)
                  0.05    0.21   18.18 v mprj/fanout119/X (sky130_fd_sc_hd__buf_6)
     6    0.01                           mprj/net119 (net)
                  0.05    0.00   18.18 v mprj/_26762_/A1 (sky130_fd_sc_hd__a21o_1)
                  0.09    0.32   18.50 v mprj/_26762_/X (sky130_fd_sc_hd__a21o_1)
     3    0.01                           mprj/_03526_ (net)
                  0.09    0.00   18.50 v mprj/_26763_/A (sky130_fd_sc_hd__and3_1)
                  0.09    0.33   18.83 v mprj/_26763_/X (sky130_fd_sc_hd__and3_1)
     2    0.00                           mprj/_03527_ (net)
                  0.09    0.00   18.83 v mprj/_26765_/A (sky130_fd_sc_hd__or3_4)
                  0.13    0.81   19.64 v mprj/_26765_/X (sky130_fd_sc_hd__or3_4)
     3    0.01                           mprj/_03529_ (net)
                  0.13    0.00   19.64 v mprj/_26821_/B (sky130_fd_sc_hd__or3_4)
                  0.13    0.78   20.42 v mprj/_26821_/X (sky130_fd_sc_hd__or3_4)
     3    0.01                           mprj/_03585_ (net)
                  0.13    0.00   20.42 v mprj/_26824_/A1 (sky130_fd_sc_hd__a21o_1)
                  0.07    0.33   20.76 v mprj/_26824_/X (sky130_fd_sc_hd__a21o_1)
     2    0.00                           mprj/_03588_ (net)
                  0.07    0.00   20.76 v mprj/_26825_/B (sky130_fd_sc_hd__and3_1)
                  0.12    0.40   21.16 v mprj/_26825_/X (sky130_fd_sc_hd__and3_1)
     4    0.01                           mprj/_03589_ (net)
                  0.12    0.00   21.16 v mprj/_26827_/A (sky130_fd_sc_hd__or3_4)
                  0.13    0.82   21.98 v mprj/_26827_/X (sky130_fd_sc_hd__or3_4)
     3    0.01                           mprj/_03591_ (net)
                  0.13    0.00   21.98 v mprj/_26838_/A2 (sky130_fd_sc_hd__a21o_1)
                  0.07    0.37   22.34 v mprj/_26838_/X (sky130_fd_sc_hd__a21o_1)
     2    0.00                           mprj/_03602_ (net)
                  0.07    0.00   22.34 v mprj/_26840_/A1 (sky130_fd_sc_hd__a211o_1)
                  0.11    0.53   22.87 v mprj/_26840_/X (sky130_fd_sc_hd__a211o_1)
     2    0.00                           mprj/_03604_ (net)
                  0.11    0.00   22.87 v mprj/_26842_/A1 (sky130_fd_sc_hd__a21bo_1)
                  0.07    0.35   23.22 v mprj/_26842_/X (sky130_fd_sc_hd__a21bo_1)
     2    0.00                           mprj/_03606_ (net)
                  0.07    0.00   23.22 v mprj/_26880_/A2 (sky130_fd_sc_hd__a21o_1)
                  0.05    0.31   23.53 v mprj/_26880_/X (sky130_fd_sc_hd__a21o_1)
     1    0.00                           mprj/_03644_ (net)
                  0.05    0.00   23.53 v mprj/_26983_/A (sky130_fd_sc_hd__and2_1)
                  0.08    0.29   23.83 v mprj/_26983_/X (sky130_fd_sc_hd__and2_1)
     1    0.00                           mprj/_03747_ (net)
                  0.08    0.00   23.83 v mprj/_27031_/B2 (sky130_fd_sc_hd__o2bb2a_4)
                  0.07    0.40   24.22 v mprj/_27031_/X (sky130_fd_sc_hd__o2bb2a_4)
     1    0.01                           mprj/_03795_ (net)
                  0.07    0.00   24.22 v mprj/_27082_/A2 (sky130_fd_sc_hd__o21ai_4)
                  0.16    0.20   24.42 ^ mprj/_27082_/Y (sky130_fd_sc_hd__o21ai_4)
     1    0.00                           mprj/_03846_ (net)
                  0.16    0.00   24.42 ^ mprj/_27095_/A2 (sky130_fd_sc_hd__a31o_4)
                  0.08    0.36   24.78 ^ mprj/_27095_/X (sky130_fd_sc_hd__a31o_4)
     3    0.01                           mprj/_03859_ (net)
                  0.08    0.00   24.78 ^ mprj/rebuffer27/A (sky130_fd_sc_hd__clkbuf_1)
                  0.06    0.15   24.93 ^ mprj/rebuffer27/X (sky130_fd_sc_hd__clkbuf_1)
     1    0.00                           mprj/net3000 (net)
                  0.06    0.00   24.93 ^ mprj/rebuffer5/A (sky130_fd_sc_hd__clkbuf_1)
                  0.11    0.18   25.11 ^ mprj/rebuffer5/X (sky130_fd_sc_hd__clkbuf_1)
     1    0.00                           mprj/net2978 (net)
                  0.11    0.00   25.11 ^ mprj/_27098_/A2 (sky130_fd_sc_hd__a211oi_2)
                  0.11    0.16   25.27 v mprj/_27098_/Y (sky130_fd_sc_hd__a211oi_2)
     2    0.00                           mprj/_03862_ (net)
                  0.11    0.00   25.27 v mprj/_28890_/B (sky130_fd_sc_hd__or3_4)
                  0.12    0.75   26.02 v mprj/_28890_/X (sky130_fd_sc_hd__or3_4)
     2    0.00                           mprj/_05601_ (net)
                  0.12    0.00   26.02 v mprj/_28891_/B (sky130_fd_sc_hd__and3_1)
                  0.08    0.38   26.40 v mprj/_28891_/X (sky130_fd_sc_hd__and3_1)
     2    0.00                           mprj/_05602_ (net)
                  0.08    0.00   26.40 v mprj/_28966_/B1 (sky130_fd_sc_hd__a21o_1)
                  0.12    0.36   26.77 v mprj/_28966_/X (sky130_fd_sc_hd__a21o_1)
     3    0.01                           mprj/_05676_ (net)
                  0.12    0.00   26.77 v mprj/_29101_/A1 (sky130_fd_sc_hd__a221oi_2)
                  0.33    0.47   27.24 ^ mprj/_29101_/Y (sky130_fd_sc_hd__a221oi_2)
     2    0.00                           mprj/_05809_ (net)
                  0.33    0.00   27.24 ^ mprj/_29104_/A1 (sky130_fd_sc_hd__o31a_1)
                  0.15    0.42   27.66 ^ mprj/_29104_/X (sky130_fd_sc_hd__o31a_1)
     2    0.01                           mprj/_05811_ (net)
                  0.15    0.00   27.66 ^ mprj/_29226_/A_N (sky130_fd_sc_hd__nand2b_4)
                  0.08    0.26   27.92 ^ mprj/_29226_/Y (sky130_fd_sc_hd__nand2b_4)
     2    0.00                           mprj/_05932_ (net)
                  0.08    0.00   27.92 ^ mprj/_29228_/A1 (sky130_fd_sc_hd__a21o_1)
                  0.19    0.32   28.24 ^ mprj/_29228_/X (sky130_fd_sc_hd__a21o_1)
     3    0.01                           mprj/_05934_ (net)
                  0.19    0.00   28.24 ^ mprj/_29333_/A2 (sky130_fd_sc_hd__a211oi_4)
                  0.15    0.20   28.44 v mprj/_29333_/Y (sky130_fd_sc_hd__a211oi_4)
     4    0.02                           mprj/_06037_ (net)
                  0.15    0.00   28.44 v mprj/_29484_/A3 (sky130_fd_sc_hd__a31oi_4)
                  0.24    0.37   28.81 ^ mprj/_29484_/Y (sky130_fd_sc_hd__a31oi_4)
     2    0.01                           mprj/_06184_ (net)
                  0.24    0.00   28.81 ^ mprj/_29485_/A (sky130_fd_sc_hd__nor2_4)
                  0.06    0.14   28.95 v mprj/_29485_/Y (sky130_fd_sc_hd__nor2_4)
     3    0.01                           mprj/_06185_ (net)
                  0.06    0.00   28.95 v mprj/_29510_/A3 (sky130_fd_sc_hd__o31a_1)
                  0.14    0.54   29.48 v mprj/_29510_/X (sky130_fd_sc_hd__o31a_1)
     2    0.01                           mprj/_06208_ (net)
                  0.14    0.00   29.48 v mprj/_29512_/A1 (sky130_fd_sc_hd__a21oi_2)
                  0.16    0.24   29.73 ^ mprj/_29512_/Y (sky130_fd_sc_hd__a21oi_2)
     1    0.00                           mprj/_06209_ (net)
                  0.16    0.00   29.73 ^ mprj/_29514_/B (sky130_fd_sc_hd__xnor2_1)
                  0.08    0.14   29.87 v mprj/_29514_/Y (sky130_fd_sc_hd__xnor2_1)
     1    0.00                           mprj/_00089_ (net)
                  0.08    0.00   29.87 v mprj/_43595_/D (sky130_fd_sc_hd__dfrtp_1)
                                 29.87   data arrival time

                         25.00   25.00   clock clk (rise edge)
                          4.65   29.65   clock source latency
                  0.61    0.00   29.65 ^ wb_clk_i (in)
     2    0.01                           wb_clk_i (net)
                  0.61    0.00   29.65 ^ mprj/clkbuf_0_clk_dsp/A (sky130_fd_sc_hd__clkbuf_16)
                  0.07    0.42   30.07 ^ mprj/clkbuf_0_clk_dsp/X (sky130_fd_sc_hd__clkbuf_16)
     4    0.02                           mprj/clknet_0_clk_dsp (net)
                  0.07    0.00   30.07 ^ mprj/clkbuf_2_2_0_clk_dsp/A (sky130_fd_sc_hd__clkbuf_8)
                  0.08    0.22   30.29 ^ mprj/clkbuf_2_2_0_clk_dsp/X (sky130_fd_sc_hd__clkbuf_8)
     4    0.02                           mprj/clknet_2_2_0_clk_dsp (net)
                  0.08    0.00   30.29 ^ mprj/clkbuf_4_11_0_clk_dsp/A (sky130_fd_sc_hd__clkbuf_8)
                  0.08    0.22   30.51 ^ mprj/clkbuf_4_11_0_clk_dsp/X (sky130_fd_sc_hd__clkbuf_8)
     2    0.02                           mprj/clknet_4_11_0_clk_dsp (net)
                  0.08    0.00   30.51 ^ mprj/clkbuf_5_22__f_clk_dsp/A (sky130_fd_sc_hd__clkbuf_16)
                  0.10    0.24   30.75 ^ mprj/clkbuf_5_22__f_clk_dsp/X (sky130_fd_sc_hd__clkbuf_16)
    10    0.04                           mprj/clknet_5_22__leaf_clk_dsp (net)
                  0.10    0.00   30.75 ^ mprj/clkbuf_leaf_111_clk_dsp/A (sky130_fd_sc_hd__clkbuf_8)
                  0.09    0.24   30.99 ^ mprj/clkbuf_leaf_111_clk_dsp/X (sky130_fd_sc_hd__clkbuf_8)
    13    0.02                           mprj/clknet_leaf_111_clk_dsp (net)
                  0.09    0.00   30.99 ^ mprj/_43595_/CLK (sky130_fd_sc_hd__dfrtp_1)
                         -0.25   30.74   clock uncertainty
                          0.99   31.73   clock reconvergence pessimism
                         -0.28   31.46   library setup time
                                 31.46   data required time
-----------------------------------------------------------------------------
                                 31.46   data required time
                                -29.87   data arrival time
-----------------------------------------------------------------------------
                                  1.58   slack (MET)



======================= Typical Corner ===================================

Startpoint: la_data_in[0] (input port clocked by clk)
Endpoint: mprj/_44029_ (recovery check against rising-edge clock clk)
Path Group: asynchronous
Path Type: max
Corner: Typical

Fanout     Cap    Slew   Delay    Time   Description
-----------------------------------------------------------------------------
                          0.00    0.00   clock clk (rise edge)
                          5.57    5.57   clock network delay (propagated)
                          1.87    7.44 ^ input external delay
                  0.86    0.00    7.44 ^ la_data_in[0] (in)
     2    0.19                           la_data_in[0] (net)
                  0.86    0.00    7.44 ^ mprj/hold102/A (sky130_fd_sc_hd__dlygate4sd3_1)
                  0.05    0.68    8.12 ^ mprj/hold102/X (sky130_fd_sc_hd__dlygate4sd3_1)
     1    0.00                           mprj/net3075 (net)
                  0.05    0.00    8.12 ^ mprj/input17/A (sky130_fd_sc_hd__buf_4)
                  0.04    0.12    8.23 ^ mprj/input17/X (sky130_fd_sc_hd__buf_4)
     1    0.01                           mprj/net17 (net)
                  0.04    0.00    8.23 ^ mprj/fanout2882/A (sky130_fd_sc_hd__buf_12)
                  0.03    0.09    8.32 ^ mprj/fanout2882/X (sky130_fd_sc_hd__buf_12)
     1    0.01                           mprj/net2882 (net)
                  0.03    0.00    8.32 ^ mprj/hold92/A (sky130_fd_sc_hd__buf_12)
                  0.03    0.09    8.41 ^ mprj/hold92/X (sky130_fd_sc_hd__buf_12)
     2    0.01                           mprj/net3065 (net)
                  0.03    0.00    8.41 ^ mprj/hold94/A (sky130_fd_sc_hd__buf_12)
                  0.03    0.09    8.50 ^ mprj/hold94/X (sky130_fd_sc_hd__buf_12)
     1    0.01                           mprj/net3067 (net)
                  0.03    0.00    8.50 ^ mprj/hold96/A (sky130_fd_sc_hd__buf_12)
                  0.03    0.09    8.59 ^ mprj/hold96/X (sky130_fd_sc_hd__buf_12)
     1    0.01                           mprj/net3069 (net)
                  0.03    0.00    8.59 ^ mprj/hold98/A (sky130_fd_sc_hd__buf_12)
                  0.04    0.09    8.68 ^ mprj/hold98/X (sky130_fd_sc_hd__buf_12)
     5    0.02                           mprj/net3071 (net)
                  0.04    0.00    8.68 ^ mprj/fanout2830/A (sky130_fd_sc_hd__buf_6)
                  0.04    0.10    8.78 ^ mprj/fanout2830/X (sky130_fd_sc_hd__buf_6)
     6    0.01                           mprj/net2830 (net)
                  0.04    0.00    8.78 ^ mprj/hold99/A (sky130_fd_sc_hd__dlygate4sd3_1)
                  0.08    0.58    9.36 ^ mprj/hold99/X (sky130_fd_sc_hd__dlygate4sd3_1)
     2    0.01                           mprj/net3072 (net)
                  0.08    0.00    9.36 ^ mprj/fanout2790/A (sky130_fd_sc_hd__buf_2)
                  0.07    0.14    9.50 ^ mprj/fanout2790/X (sky130_fd_sc_hd__buf_2)
     5    0.01                           mprj/net2790 (net)
                  0.07    0.00    9.50 ^ mprj/fanout2789/A (sky130_fd_sc_hd__buf_2)
                  0.10    0.16    9.66 ^ mprj/fanout2789/X (sky130_fd_sc_hd__buf_2)
     7    0.02                           mprj/net2789 (net)
                  0.10    0.00    9.66 ^ mprj/fanout2780/A (sky130_fd_sc_hd__clkbuf_4)
                  0.12    0.22    9.88 ^ mprj/fanout2780/X (sky130_fd_sc_hd__clkbuf_4)
    10    0.03                           mprj/net2780 (net)
                  0.12    0.00    9.88 ^ mprj/fanout2779/A (sky130_fd_sc_hd__clkbuf_4)
                  0.12    0.23   10.11 ^ mprj/fanout2779/X (sky130_fd_sc_hd__clkbuf_4)
    10    0.04                           mprj/net2779 (net)
                  0.12    0.00   10.11 ^ mprj/_44029_/RESET_B (sky130_fd_sc_hd__dfrtp_1)
                                 10.11   data arrival time

                         25.00   25.00   clock clk (rise edge)
                          4.65   29.65   clock source latency
                  0.61    0.00   29.65 ^ wb_clk_i (in)
     2    0.01                           wb_clk_i (net)
                  0.61    0.00   29.65 ^ mprj/clkbuf_0_clk_dsp/A (sky130_fd_sc_hd__clkbuf_16)
                  0.05    0.24   29.89 ^ mprj/clkbuf_0_clk_dsp/X (sky130_fd_sc_hd__clkbuf_16)
     4    0.02                           mprj/clknet_0_clk_dsp (net)
                  0.05    0.00   29.89 ^ mprj/clkbuf_2_2_0_clk_dsp/A (sky130_fd_sc_hd__clkbuf_8)
                  0.05    0.12   30.02 ^ mprj/clkbuf_2_2_0_clk_dsp/X (sky130_fd_sc_hd__clkbuf_8)
     4    0.02                           mprj/clknet_2_2_0_clk_dsp (net)
                  0.05    0.00   30.02 ^ mprj/clkbuf_4_9_0_clk_dsp/A (sky130_fd_sc_hd__clkbuf_8)
                  0.05    0.12   30.14 ^ mprj/clkbuf_4_9_0_clk_dsp/X (sky130_fd_sc_hd__clkbuf_8)
     2    0.02                           mprj/clknet_4_9_0_clk_dsp (net)
                  0.05    0.00   30.14 ^ mprj/clkbuf_5_18__f_clk_dsp/A (sky130_fd_sc_hd__clkbuf_16)
                  0.05    0.13   30.26 ^ mprj/clkbuf_5_18__f_clk_dsp/X (sky130_fd_sc_hd__clkbuf_16)
     7    0.03                           mprj/clknet_5_18__leaf_clk_dsp (net)
                  0.05    0.00   30.26 ^ mprj/clkbuf_leaf_57_clk_dsp/A (sky130_fd_sc_hd__clkbuf_8)
                  0.07    0.14   30.41 ^ mprj/clkbuf_leaf_57_clk_dsp/X (sky130_fd_sc_hd__clkbuf_8)
    18    0.03                           mprj/clknet_leaf_57_clk_dsp (net)
                  0.07    0.00   30.41 ^ mprj/_44029_/CLK (sky130_fd_sc_hd__dfrtp_1)
                         -0.25   30.16   clock uncertainty
                          0.00   30.16   clock reconvergence pessimism
                          0.22   30.38   library recovery time
                                 30.38   data required time
-----------------------------------------------------------------------------
                                 30.38   data required time
                                -10.11   data arrival time
-----------------------------------------------------------------------------
                                 20.27   slack (MET)


Startpoint: mprj/_46157_ (rising edge-triggered flip-flop clocked by clk)
Endpoint: mprj/_46248_ (rising edge-triggered flip-flop clocked by clk)
Path Group: clk
Path Type: max
Corner: Typical

Fanout     Cap    Slew   Delay    Time   Description
-----------------------------------------------------------------------------
                          0.00    0.00   clock clk (rise edge)
                          5.57    5.57   clock source latency
                  0.61    0.00    5.57 ^ wb_clk_i (in)
     2    0.01                           wb_clk_i (net)
                  0.61    0.00    5.57 ^ mprj/clkbuf_0_clk_dsp/A (sky130_fd_sc_hd__clkbuf_16)
                  0.05    0.27    5.84 ^ mprj/clkbuf_0_clk_dsp/X (sky130_fd_sc_hd__clkbuf_16)
     4    0.02                           mprj/clknet_0_clk_dsp (net)
                  0.05    0.00    5.84 ^ mprj/clkbuf_2_3_0_clk_dsp/A (sky130_fd_sc_hd__clkbuf_8)
                  0.05    0.14    5.98 ^ mprj/clkbuf_2_3_0_clk_dsp/X (sky130_fd_sc_hd__clkbuf_8)
     4    0.02                           mprj/clknet_2_3_0_clk_dsp (net)
                  0.05    0.00    5.98 ^ mprj/clkbuf_4_15_0_clk_dsp/A (sky130_fd_sc_hd__clkbuf_8)
                  0.05    0.13    6.11 ^ mprj/clkbuf_4_15_0_clk_dsp/X (sky130_fd_sc_hd__clkbuf_8)
     2    0.02                           mprj/clknet_4_15_0_clk_dsp (net)
                  0.05    0.00    6.11 ^ mprj/clkbuf_5_30__f_clk_dsp/A (sky130_fd_sc_hd__clkbuf_16)
                  0.06    0.15    6.25 ^ mprj/clkbuf_5_30__f_clk_dsp/X (sky130_fd_sc_hd__clkbuf_16)
     9    0.04                           mprj/clknet_5_30__leaf_clk_dsp (net)
                  0.06    0.00    6.25 ^ mprj/clkbuf_leaf_144_clk_dsp/A (sky130_fd_sc_hd__clkbuf_8)
                  0.06    0.15    6.40 ^ mprj/clkbuf_leaf_144_clk_dsp/X (sky130_fd_sc_hd__clkbuf_8)
    11    0.02                           mprj/clknet_leaf_144_clk_dsp (net)
                  0.06    0.00    6.40 ^ mprj/_46157_/CLK (sky130_fd_sc_hd__dfrtp_1)
                  0.05    0.39    6.79 v mprj/_46157_/Q (sky130_fd_sc_hd__dfrtp_1)
     1    0.00                           mprj/u_phase_009_fft.out_cnt[1] (net)
                  0.05    0.00    6.79 v mprj/fanout1772/A (sky130_fd_sc_hd__buf_6)
                  0.04    0.14    6.93 v mprj/fanout1772/X (sky130_fd_sc_hd__buf_6)
     8    0.02                           mprj/net1772 (net)
                  0.04    0.00    6.93 v mprj/fanout1771/A (sky130_fd_sc_hd__buf_8)
                  0.04    0.13    7.06 v mprj/fanout1771/X (sky130_fd_sc_hd__buf_8)
     8    0.03                           mprj/net1771 (net)
                  0.04    0.00    7.06 v mprj/fanout1770/A (sky130_fd_sc_hd__buf_8)
                  0.03    0.13    7.19 v mprj/fanout1770/X (sky130_fd_sc_hd__buf_8)
    10    0.02                           mprj/net1770 (net)
                  0.03    0.00    7.19 v mprj/_27123_/B (sky130_fd_sc_hd__and2_4)
                  0.04    0.17    7.36 v mprj/_27123_/X (sky130_fd_sc_hd__and2_4)
     4    0.01                           mprj/_03883_ (net)
                  0.04    0.00    7.36 v mprj/fanout1374/A (sky130_fd_sc_hd__buf_8)
                  0.03    0.12    7.48 v mprj/fanout1374/X (sky130_fd_sc_hd__buf_8)
     5    0.02                           mprj/net1374 (net)
                  0.03    0.00    7.48 v mprj/fanout1373/A (sky130_fd_sc_hd__buf_8)
                  0.03    0.12    7.60 v mprj/fanout1373/X (sky130_fd_sc_hd__buf_8)
    10    0.02                           mprj/net1373 (net)
                  0.03    0.00    7.60 v mprj/fanout1372/A (sky130_fd_sc_hd__buf_6)
                  0.03    0.12    7.72 v mprj/fanout1372/X (sky130_fd_sc_hd__buf_6)
    10    0.02                           mprj/net1372 (net)
                  0.03    0.00    7.72 v mprj/_34433_/A (sky130_fd_sc_hd__and2_4)
                  0.04    0.15    7.88 v mprj/_34433_/X (sky130_fd_sc_hd__and2_4)
     3    0.01                           mprj/_08540_ (net)
                  0.04    0.00    7.88 v mprj/fanout942/A (sky130_fd_sc_hd__buf_12)
                  0.03    0.13    8.01 v mprj/fanout942/X (sky130_fd_sc_hd__buf_12)
     8    0.02                           mprj/net942 (net)
                  0.03    0.00    8.01 v mprj/fanout941/A (sky130_fd_sc_hd__buf_12)
                  0.03    0.13    8.13 v mprj/fanout941/X (sky130_fd_sc_hd__buf_12)
    10    0.02                           mprj/net941 (net)
                  0.03    0.00    8.13 v mprj/_36978_/A1 (sky130_fd_sc_hd__a2111o_1)
                  0.06    0.36    8.50 v mprj/_36978_/X (sky130_fd_sc_hd__a2111o_1)
     1    0.00                           mprj/_11004_ (net)
                  0.06    0.00    8.50 v mprj/_36981_/B (sky130_fd_sc_hd__or4_4)
                  0.08    0.52    9.02 v mprj/_36981_/X (sky130_fd_sc_hd__or4_4)
     1    0.00                           mprj/_11007_ (net)
                  0.08    0.00    9.02 v mprj/_36985_/A (sky130_fd_sc_hd__or4b_4)
                  0.09    0.58    9.60 v mprj/_36985_/X (sky130_fd_sc_hd__or4b_4)
     2    0.01                           mprj/_11011_ (net)
                  0.09    0.00    9.60 v mprj/_36986_/B1 (sky130_fd_sc_hd__o22a_4)
                  0.05    0.24    9.84 v mprj/_36986_/X (sky130_fd_sc_hd__o22a_4)
     1    0.01                           mprj/_11012_ (net)
                  0.05    0.00    9.84 v mprj/fanout322/A (sky130_fd_sc_hd__buf_12)
                  0.03    0.13    9.97 v mprj/fanout322/X (sky130_fd_sc_hd__buf_12)
     7    0.02                           mprj/net322 (net)
                  0.03    0.00    9.97 v mprj/fanout319/A (sky130_fd_sc_hd__buf_8)
                  0.03    0.12   10.09 v mprj/fanout319/X (sky130_fd_sc_hd__buf_8)
    10    0.02                           mprj/net319 (net)
                  0.03    0.00   10.09 v mprj/fanout318/A (sky130_fd_sc_hd__buf_6)
                  0.03    0.12   10.21 v mprj/fanout318/X (sky130_fd_sc_hd__buf_6)
    10    0.02                           mprj/net318 (net)
                  0.03    0.00   10.21 v mprj/_39270_/B1 (sky130_fd_sc_hd__a2bb2o_2)
                  0.05    0.27   10.48 v mprj/_39270_/X (sky130_fd_sc_hd__a2bb2o_2)
     2    0.00                           mprj/_13296_ (net)
                  0.05    0.00   10.48 v mprj/_39364_/A2 (sky130_fd_sc_hd__a21o_1)
                  0.04    0.19   10.67 v mprj/_39364_/X (sky130_fd_sc_hd__a21o_1)
     2    0.00                           mprj/_13390_ (net)
                  0.04    0.00   10.67 v mprj/_39371_/A2 (sky130_fd_sc_hd__a21o_1)
                  0.04    0.19   10.86 v mprj/_39371_/X (sky130_fd_sc_hd__a21o_1)
     2    0.00                           mprj/_13397_ (net)
                  0.04    0.00   10.86 v mprj/_39454_/A2 (sky130_fd_sc_hd__a21o_1)
                  0.04    0.19   11.05 v mprj/_39454_/X (sky130_fd_sc_hd__a21o_1)
     2    0.00                           mprj/_13480_ (net)
                  0.04    0.00   11.05 v mprj/_39468_/A1 (sky130_fd_sc_hd__a21o_1)
                  0.05    0.17   11.22 v mprj/_39468_/X (sky130_fd_sc_hd__a21o_1)
     3    0.01                           mprj/_13494_ (net)
                  0.05    0.00   11.22 v mprj/_39469_/A (sky130_fd_sc_hd__and3_1)
                  0.05    0.16   11.37 v mprj/_39469_/X (sky130_fd_sc_hd__and3_1)
     2    0.00                           mprj/_13495_ (net)
                  0.05    0.00   11.37 v mprj/_39471_/A (sky130_fd_sc_hd__or3_4)
                  0.08    0.41   11.79 v mprj/_39471_/X (sky130_fd_sc_hd__or3_4)
     4    0.01                           mprj/_13497_ (net)
                  0.08    0.00   11.79 v mprj/_39473_/A (sky130_fd_sc_hd__and3_1)
                  0.05    0.18   11.97 v mprj/_39473_/X (sky130_fd_sc_hd__and3_1)
     3    0.01                           mprj/_13499_ (net)
                  0.05    0.00   11.97 v mprj/_39497_/B (sky130_fd_sc_hd__or3_4)
                  0.08    0.40   12.36 v mprj/_39497_/X (sky130_fd_sc_hd__or3_4)
     3    0.01                           mprj/_13523_ (net)
                  0.08    0.00   12.36 v mprj/_39563_/A2 (sky130_fd_sc_hd__a22o_4)
                  0.05    0.29   12.66 v mprj/_39563_/X (sky130_fd_sc_hd__a22o_4)
     2    0.01                           mprj/_13589_ (net)
                  0.05    0.00   12.66 v mprj/_39627_/A1 (sky130_fd_sc_hd__a211oi_4)
                  0.24    0.26   12.92 ^ mprj/_39627_/Y (sky130_fd_sc_hd__a211oi_4)
     2    0.01                           mprj/_13653_ (net)
                  0.24    0.00   12.92 ^ mprj/_39628_/B (sky130_fd_sc_hd__nor3_4)
                  0.06    0.07   12.99 v mprj/_39628_/Y (sky130_fd_sc_hd__nor3_4)
     2    0.01                           mprj/_13654_ (net)
                  0.06    0.00   12.99 v mprj/max_cap80/A (sky130_fd_sc_hd__clkbuf_2)
                  0.04    0.12   13.11 v mprj/max_cap80/X (sky130_fd_sc_hd__clkbuf_2)
     2    0.01                           mprj/net80 (net)
                  0.04    0.00   13.11 v mprj/_39629_/A2 (sky130_fd_sc_hd__o211a_1)
                  0.05    0.22   13.34 v mprj/_39629_/X (sky130_fd_sc_hd__o211a_1)
     3    0.01                           mprj/_13655_ (net)
                  0.05    0.00   13.34 v mprj/_39631_/B (sky130_fd_sc_hd__or3b_4)
                  0.07    0.39   13.73 v mprj/_39631_/X (sky130_fd_sc_hd__or3b_4)
     3    0.01                           mprj/_13657_ (net)
                  0.07    0.00   13.73 v mprj/_39701_/A2 (sky130_fd_sc_hd__a21o_1)
                  0.04    0.20   13.93 v mprj/_39701_/X (sky130_fd_sc_hd__a21o_1)
     1    0.00                           mprj/_13727_ (net)
                  0.04    0.00   13.93 v mprj/_39856_/B2 (sky130_fd_sc_hd__a221oi_2)
                  0.17    0.22   14.15 ^ mprj/_39856_/Y (sky130_fd_sc_hd__a221oi_2)
     1    0.00                           mprj/_13882_ (net)
                  0.17    0.00   14.15 ^ mprj/_39868_/B1 (sky130_fd_sc_hd__o221a_1)
                  0.07    0.23   14.38 ^ mprj/_39868_/X (sky130_fd_sc_hd__o221a_1)
     1    0.00                           mprj/_13894_ (net)
                  0.07    0.00   14.38 ^ mprj/_39870_/B2 (sky130_fd_sc_hd__o22a_4)
                  0.05    0.15   14.52 ^ mprj/_39870_/X (sky130_fd_sc_hd__o22a_4)
     2    0.01                           mprj/_13896_ (net)
                  0.05    0.00   14.52 ^ mprj/_39871_/A2 (sky130_fd_sc_hd__o21bai_4)
                  0.06    0.07   14.59 v mprj/_39871_/Y (sky130_fd_sc_hd__o21bai_4)
     2    0.01                           mprj/_13897_ (net)
                  0.06    0.00   14.59 v mprj/_39873_/A2 (sky130_fd_sc_hd__a21bo_4)
                  0.03    0.22   14.82 v mprj/_39873_/X (sky130_fd_sc_hd__a21bo_4)
     2    0.00                           mprj/_13899_ (net)
                  0.03    0.00   14.82 v mprj/_39875_/A1 (sky130_fd_sc_hd__a21o_1)
                  0.04    0.16   14.97 v mprj/_39875_/X (sky130_fd_sc_hd__a21o_1)
     2    0.00                           mprj/_13901_ (net)
                  0.04    0.00   14.97 v mprj/_39878_/A2 (sky130_fd_sc_hd__a21o_1)
                  0.04    0.18   15.16 v mprj/_39878_/X (sky130_fd_sc_hd__a21o_1)
     2    0.00                           mprj/_13904_ (net)
                  0.04    0.00   15.16 v mprj/_39879_/A1 (sky130_fd_sc_hd__a21o_1)
                  0.04    0.16   15.32 v mprj/_39879_/X (sky130_fd_sc_hd__a21o_1)
     2    0.00                           mprj/_13905_ (net)
                  0.04    0.00   15.32 v mprj/_39882_/A1 (sky130_fd_sc_hd__a21o_1)
                  0.04    0.16   15.48 v mprj/_39882_/X (sky130_fd_sc_hd__a21o_1)
     2    0.00                           mprj/_13908_ (net)
                  0.04    0.00   15.48 v mprj/_39883_/A1 (sky130_fd_sc_hd__a21bo_1)
                  0.05    0.19   15.67 v mprj/_39883_/X (sky130_fd_sc_hd__a21bo_1)
     2    0.01                           mprj/_13909_ (net)
                  0.05    0.00   15.67 v mprj/_39886_/A2 (sky130_fd_sc_hd__a21o_1)
                  0.04    0.19   15.85 v mprj/_39886_/X (sky130_fd_sc_hd__a21o_1)
     2    0.00                           mprj/_13912_ (net)
                  0.04    0.00   15.85 v mprj/_39887_/A1 (sky130_fd_sc_hd__a21bo_1)
                  0.04    0.17   16.03 v mprj/_39887_/X (sky130_fd_sc_hd__a21bo_1)
     2    0.00                           mprj/_13913_ (net)
                  0.04    0.00   16.03 v mprj/_39890_/A2 (sky130_fd_sc_hd__a21o_1)
                  0.05    0.20   16.23 v mprj/_39890_/X (sky130_fd_sc_hd__a21o_1)
     2    0.01                           mprj/_13916_ (net)
                  0.05    0.00   16.23 v mprj/_39891_/A1 (sky130_fd_sc_hd__a21o_1)
                  0.06    0.19   16.41 v mprj/_39891_/X (sky130_fd_sc_hd__a21o_1)
     3    0.01                           mprj/_13917_ (net)
                  0.06    0.00   16.41 v mprj/_39896_/B2 (sky130_fd_sc_hd__a221o_1)
                  0.07    0.35   16.77 v mprj/_39896_/X (sky130_fd_sc_hd__a221o_1)
     3    0.01                           mprj/_13922_ (net)
                  0.07    0.00   16.77 v mprj/_39899_/A1 (sky130_fd_sc_hd__a21o_1)
                  0.06    0.20   16.96 v mprj/_39899_/X (sky130_fd_sc_hd__a21o_1)
     2    0.01                           mprj/_13925_ (net)
                  0.06    0.00   16.96 v mprj/_39900_/A1 (sky130_fd_sc_hd__a21o_4)
                  0.05    0.24   17.20 v mprj/_39900_/X (sky130_fd_sc_hd__a21o_4)
     3    0.02                           mprj/_13926_ (net)
                  0.05    0.00   17.20 v mprj/_39903_/A1 (sky130_fd_sc_hd__a21oi_4)
                  0.18    0.19   17.39 ^ mprj/_39903_/Y (sky130_fd_sc_hd__a21oi_4)
     2    0.02                           mprj/_13929_ (net)
                  0.18    0.00   17.39 ^ mprj/_39933_/A (sky130_fd_sc_hd__xor2_2)
                  0.12    0.12   17.51 v mprj/_39933_/X (sky130_fd_sc_hd__xor2_2)
     2    0.01                           mprj/_13959_ (net)
                  0.12    0.00   17.51 v mprj/_39935_/A1 (sky130_fd_sc_hd__a21oi_4)
                  0.14    0.19   17.70 ^ mprj/_39935_/Y (sky130_fd_sc_hd__a21oi_4)
     3    0.01                           mprj/_13961_ (net)
                  0.14    0.00   17.70 ^ mprj/fanout59/A (sky130_fd_sc_hd__buf_6)
                  0.03    0.12   17.82 ^ mprj/fanout59/X (sky130_fd_sc_hd__buf_6)
     5    0.01                           mprj/net59 (net)
                  0.03    0.00   17.82 ^ mprj/_39953_/A1_N (sky130_fd_sc_hd__o2bb2a_1)
                  0.05    0.20   18.02 v mprj/_39953_/X (sky130_fd_sc_hd__o2bb2a_1)
     1    0.00                           mprj/_02744_ (net)
                  0.05    0.00   18.02 v mprj/_46248_/D (sky130_fd_sc_hd__dfrtp_1)
                                 18.02   data arrival time

                         25.00   25.00   clock clk (rise edge)
                          4.65   29.65   clock source latency
                  0.61    0.00   29.65 ^ wb_clk_i (in)
     2    0.01                           wb_clk_i (net)
                  0.61    0.00   29.65 ^ mprj/clkbuf_0_clk_dsp/A (sky130_fd_sc_hd__clkbuf_16)
                  0.05    0.24   29.89 ^ mprj/clkbuf_0_clk_dsp/X (sky130_fd_sc_hd__clkbuf_16)
     4    0.02                           mprj/clknet_0_clk_dsp (net)
                  0.05    0.00   29.89 ^ mprj/clkbuf_2_3_0_clk_dsp/A (sky130_fd_sc_hd__clkbuf_8)
                  0.05    0.12   30.02 ^ mprj/clkbuf_2_3_0_clk_dsp/X (sky130_fd_sc_hd__clkbuf_8)
     4    0.02                           mprj/clknet_2_3_0_clk_dsp (net)
                  0.05    0.00   30.02 ^ mprj/clkbuf_4_14_0_clk_dsp/A (sky130_fd_sc_hd__clkbuf_8)
                  0.05    0.12   30.14 ^ mprj/clkbuf_4_14_0_clk_dsp/X (sky130_fd_sc_hd__clkbuf_8)
     2    0.02                           mprj/clknet_4_14_0_clk_dsp (net)
                  0.05    0.00   30.14 ^ mprj/clkbuf_5_29__f_clk_dsp/A (sky130_fd_sc_hd__clkbuf_16)
                  0.05    0.12   30.26 ^ mprj/clkbuf_5_29__f_clk_dsp/X (sky130_fd_sc_hd__clkbuf_16)
     7    0.02                           mprj/clknet_5_29__leaf_clk_dsp (net)
                  0.05    0.00   30.26 ^ mprj/_46248_/CLK (sky130_fd_sc_hd__dfrtp_1)
                         -0.25   30.01   clock uncertainty
                          0.96   30.97   clock reconvergence pessimism
                         -0.12   30.85   library setup time
                                 30.85   data required time
-----------------------------------------------------------------------------
                                 30.85   data required time
                                -18.02   data arrival time
-----------------------------------------------------------------------------
                                 12.83   slack (MET)




===========================================================================
report_checks --slack_max -0.01
============================================================================
======================= Fastest Corner ===================================

No paths found.

======================= Slowest Corner ===================================

No paths found.

======================= Typical Corner ===================================

No paths found.


===========================================================================
 report_check_types -max_slew -max_cap -max_fanout -violators
============================================================================
======================= Fastest Corner ===================================

max slew

Pin                                    Limit    Slew   Slack
------------------------------------------------------------
io_oeb[19]                              1.50    3.35   -1.85 (VIOLATED)
io_oeb[12]                              1.50    2.74   -1.24 (VIOLATED)
io_oeb[14]                              1.50    2.53   -1.03 (VIOLATED)
io_oeb[11]                              1.50    2.48   -0.98 (VIOLATED)
io_oeb[13]                              1.50    2.46   -0.96 (VIOLATED)
io_oeb[15]                              1.50    2.41   -0.91 (VIOLATED)
io_oeb[16]                              1.50    2.38   -0.88 (VIOLATED)
io_oeb[10]                              1.50    2.32   -0.82 (VIOLATED)
io_oeb[18]                              1.50    2.31   -0.81 (VIOLATED)
io_oeb[23]                              1.50    2.30   -0.80 (VIOLATED)
io_oeb[22]                              1.50    2.26   -0.76 (VIOLATED)
io_oeb[21]                              1.50    2.25   -0.75 (VIOLATED)
io_oeb[24]                              1.50    2.23   -0.73 (VIOLATED)
io_oeb[17]                              1.50    2.09   -0.59 (VIOLATED)
io_oeb[25]                              1.50    2.08   -0.58 (VIOLATED)
io_out[33]                              1.50    2.05   -0.55 (VIOLATED)
io_out[35]                              1.50    2.05   -0.55 (VIOLATED)
la_data_out[0]                          1.50    2.05   -0.55 (VIOLATED)
la_data_out[2]                          1.50    2.05   -0.55 (VIOLATED)
wbs_dat_o[0]                            1.50    2.05   -0.55 (VIOLATED)
wbs_dat_o[2]                            1.50    2.05   -0.55 (VIOLATED)
mprj/output19/X                         1.50    2.05   -0.55 (VIOLATED)
mprj/output23/X                         1.50    2.05   -0.55 (VIOLATED)
io_out[34]                              1.50    2.05   -0.55 (VIOLATED)
la_data_out[1]                          1.50    2.05   -0.55 (VIOLATED)
wbs_dat_o[1]                            1.50    2.05   -0.55 (VIOLATED)
mprj/output21/X                         1.50    2.05   -0.55 (VIOLATED)
io_oeb[26]                              1.50    1.97   -0.47 (VIOLATED)
io_oeb[9]                               1.50    1.92   -0.42 (VIOLATED)
io_oeb[27]                              1.50    1.87   -0.37 (VIOLATED)
la_data_out[116]                        1.50    1.82   -0.32 (VIOLATED)
io_oeb[8]                               1.50    1.81   -0.31 (VIOLATED)
io_oeb[20]                              1.50    1.81   -0.31 (VIOLATED)
io_oeb[28]                              1.50    1.80   -0.30 (VIOLATED)
la_data_out[111]                        1.50    1.79   -0.29 (VIOLATED)
la_data_out[114]                        1.50    1.78   -0.28 (VIOLATED)
la_data_out[106]                        1.50    1.73   -0.23 (VIOLATED)
la_data_out[104]                        1.50    1.70   -0.20 (VIOLATED)
io_oeb[7]                               1.50    1.70   -0.20 (VIOLATED)
io_oeb[29]                              1.50    1.65   -0.15 (VIOLATED)
la_data_out[102]                        1.50    1.65   -0.15 (VIOLATED)
io_oeb[6]                               1.50    1.59   -0.09 (VIOLATED)
la_data_out[115]                        1.50    1.58   -0.08 (VIOLATED)
io_oeb[30]                              1.50    1.55   -0.05 (VIOLATED)
la_data_out[125]                        1.50    1.53   -0.03 (VIOLATED)
io_oeb[4]                               1.50    1.53   -0.03 (VIOLATED)
io_oeb[31]                              1.50    1.52   -0.02 (VIOLATED)
la_data_out[123]                        1.50    1.52   -0.02 (VIOLATED)

max fanout

Pin                                   Limit Fanout  Slack
---------------------------------------------------------
mprj/clkbuf_leaf_236_clk_dsp/X           10     23    -13 (VIOLATED)
mprj/clkbuf_leaf_37_clk_dsp/X            10     23    -13 (VIOLATED)
mprj/clkbuf_leaf_11_clk_dsp/X            10     22    -12 (VIOLATED)
mprj/clkbuf_leaf_24_clk_dsp/X            10     22    -12 (VIOLATED)
mprj/clkbuf_leaf_255_clk_dsp/X           10     22    -12 (VIOLATED)
mprj/clkbuf_leaf_60_clk_dsp/X            10     22    -12 (VIOLATED)
mprj/clkbuf_leaf_157_clk_dsp/X           10     21    -11 (VIOLATED)
mprj/clkbuf_leaf_160_clk_dsp/X           10     21    -11 (VIOLATED)
mprj/clkbuf_leaf_38_clk_dsp/X            10     21    -11 (VIOLATED)
mprj/clkbuf_leaf_158_clk_dsp/X           10     20    -10 (VIOLATED)
mprj/clkbuf_leaf_167_clk_dsp/X           10     20    -10 (VIOLATED)
mprj/clkbuf_leaf_168_clk_dsp/X           10     20    -10 (VIOLATED)
mprj/clkbuf_leaf_197_clk_dsp/X           10     20    -10 (VIOLATED)
mprj/fanout1216/X                        10     20    -10 (VIOLATED)
mprj/clkbuf_leaf_152_clk_dsp/X           10     19     -9 (VIOLATED)
mprj/clkbuf_leaf_196_clk_dsp/X           10     19     -9 (VIOLATED)
mprj/clkbuf_leaf_20_clk_dsp/X            10     19     -9 (VIOLATED)
mprj/clkbuf_leaf_237_clk_dsp/X           10     19     -9 (VIOLATED)
mprj/clkbuf_leaf_201_clk_dsp/X           10     18     -8 (VIOLATED)
mprj/clkbuf_leaf_21_clk_dsp/X            10     18     -8 (VIOLATED)
mprj/clkbuf_leaf_220_clk_dsp/X           10     18     -8 (VIOLATED)
mprj/clkbuf_leaf_224_clk_dsp/X           10     18     -8 (VIOLATED)
mprj/clkbuf_leaf_57_clk_dsp/X            10     18     -8 (VIOLATED)
mprj/clkbuf_leaf_129_clk_dsp/X           10     17     -7 (VIOLATED)
mprj/clkbuf_leaf_130_clk_dsp/X           10     17     -7 (VIOLATED)
mprj/clkbuf_leaf_153_clk_dsp/X           10     17     -7 (VIOLATED)
mprj/clkbuf_leaf_195_clk_dsp/X           10     17     -7 (VIOLATED)
mprj/clkbuf_leaf_219_clk_dsp/X           10     17     -7 (VIOLATED)
mprj/clkbuf_leaf_223_clk_dsp/X           10     17     -7 (VIOLATED)
mprj/clkbuf_leaf_242_clk_dsp/X           10     17     -7 (VIOLATED)
mprj/clkbuf_leaf_27_clk_dsp/X            10     17     -7 (VIOLATED)
mprj/clkbuf_leaf_31_clk_dsp/X            10     17     -7 (VIOLATED)
mprj/clkbuf_leaf_33_clk_dsp/X            10     17     -7 (VIOLATED)
mprj/clkbuf_leaf_53_clk_dsp/X            10     17     -7 (VIOLATED)
mprj/clkbuf_leaf_54_clk_dsp/X            10     17     -7 (VIOLATED)
mprj/clkbuf_leaf_69_clk_dsp/X            10     17     -7 (VIOLATED)
mprj/clkbuf_leaf_74_clk_dsp/X            10     17     -7 (VIOLATED)
mprj/clkbuf_leaf_78_clk_dsp/X            10     17     -7 (VIOLATED)
mprj/fanout1052/X                        10     17     -7 (VIOLATED)
mprj/_44165_/Q                           10     16     -6 (VIOLATED)
mprj/clkbuf_leaf_125_clk_dsp/X           10     16     -6 (VIOLATED)
mprj/clkbuf_leaf_155_clk_dsp/X           10     16     -6 (VIOLATED)
mprj/clkbuf_leaf_156_clk_dsp/X           10     16     -6 (VIOLATED)
mprj/clkbuf_leaf_163_clk_dsp/X           10     16     -6 (VIOLATED)
mprj/clkbuf_leaf_186_clk_dsp/X           10     16     -6 (VIOLATED)
mprj/clkbuf_leaf_188_clk_dsp/X           10     16     -6 (VIOLATED)
mprj/clkbuf_leaf_193_clk_dsp/X           10     16     -6 (VIOLATED)
mprj/clkbuf_leaf_202_clk_dsp/X           10     16     -6 (VIOLATED)
mprj/clkbuf_leaf_204_clk_dsp/X           10     16     -6 (VIOLATED)
mprj/clkbuf_leaf_210_clk_dsp/X           10     16     -6 (VIOLATED)
mprj/clkbuf_leaf_213_clk_dsp/X           10     16     -6 (VIOLATED)
mprj/clkbuf_leaf_232_clk_dsp/X           10     16     -6 (VIOLATED)
mprj/clkbuf_leaf_234_clk_dsp/X           10     16     -6 (VIOLATED)
mprj/clkbuf_leaf_26_clk_dsp/X            10     16     -6 (VIOLATED)
mprj/clkbuf_leaf_39_clk_dsp/X            10     16     -6 (VIOLATED)
mprj/clkbuf_leaf_40_clk_dsp/X            10     16     -6 (VIOLATED)
mprj/clkbuf_leaf_48_clk_dsp/X            10     16     -6 (VIOLATED)
mprj/clkbuf_leaf_49_clk_dsp/X            10     16     -6 (VIOLATED)
mprj/clkbuf_leaf_70_clk_dsp/X            10     16     -6 (VIOLATED)
mprj/clkbuf_leaf_73_clk_dsp/X            10     16     -6 (VIOLATED)
mprj/clkbuf_leaf_79_clk_dsp/X            10     16     -6 (VIOLATED)
mprj/fanout1240/X                        10     16     -6 (VIOLATED)
mprj/fanout980/X                         10     16     -6 (VIOLATED)
mprj/_22194_/Y                           10     15     -5 (VIOLATED)
mprj/clkbuf_leaf_120_clk_dsp/X           10     15     -5 (VIOLATED)
mprj/clkbuf_leaf_124_clk_dsp/X           10     15     -5 (VIOLATED)
mprj/clkbuf_leaf_127_clk_dsp/X           10     15     -5 (VIOLATED)
mprj/clkbuf_leaf_128_clk_dsp/X           10     15     -5 (VIOLATED)
mprj/clkbuf_leaf_159_clk_dsp/X           10     15     -5 (VIOLATED)
mprj/clkbuf_leaf_165_clk_dsp/X           10     15     -5 (VIOLATED)
mprj/clkbuf_leaf_174_clk_dsp/X           10     15     -5 (VIOLATED)
mprj/clkbuf_leaf_191_clk_dsp/X           10     15     -5 (VIOLATED)
mprj/clkbuf_leaf_203_clk_dsp/X           10     15     -5 (VIOLATED)
mprj/clkbuf_leaf_226_clk_dsp/X           10     15     -5 (VIOLATED)
mprj/clkbuf_leaf_229_clk_dsp/X           10     15     -5 (VIOLATED)
mprj/clkbuf_leaf_230_clk_dsp/X           10     15     -5 (VIOLATED)
mprj/clkbuf_leaf_238_clk_dsp/X           10     15     -5 (VIOLATED)
mprj/clkbuf_leaf_243_clk_dsp/X           10     15     -5 (VIOLATED)
mprj/clkbuf_leaf_25_clk_dsp/X            10     15     -5 (VIOLATED)
mprj/clkbuf_leaf_36_clk_dsp/X            10     15     -5 (VIOLATED)
mprj/clkbuf_leaf_47_clk_dsp/X            10     15     -5 (VIOLATED)
mprj/clkbuf_leaf_58_clk_dsp/X            10     15     -5 (VIOLATED)
mprj/clkbuf_leaf_61_clk_dsp/X            10     15     -5 (VIOLATED)
mprj/clkbuf_leaf_9_clk_dsp/X             10     15     -5 (VIOLATED)
mprj/fanout1041/X                        10     15     -5 (VIOLATED)
mprj/fanout1043/X                        10     15     -5 (VIOLATED)
mprj/fanout1046/X                        10     15     -5 (VIOLATED)
mprj/fanout1074/X                        10     15     -5 (VIOLATED)
mprj/fanout1197/X                        10     15     -5 (VIOLATED)
mprj/fanout1560/X                        10     15     -5 (VIOLATED)
mprj/fanout818/X                         10     15     -5 (VIOLATED)
mprj/clkbuf_leaf_171_clk_dsp/X           10     14     -4 (VIOLATED)
mprj/clkbuf_leaf_172_clk_dsp/X           10     14     -4 (VIOLATED)
mprj/clkbuf_leaf_17_clk_dsp/X            10     14     -4 (VIOLATED)
mprj/clkbuf_leaf_184_clk_dsp/X           10     14     -4 (VIOLATED)
mprj/clkbuf_leaf_199_clk_dsp/X           10     14     -4 (VIOLATED)
mprj/clkbuf_leaf_19_clk_dsp/X            10     14     -4 (VIOLATED)
mprj/clkbuf_leaf_209_clk_dsp/X           10     14     -4 (VIOLATED)
mprj/clkbuf_leaf_214_clk_dsp/X           10     14     -4 (VIOLATED)
mprj/clkbuf_leaf_221_clk_dsp/X           10     14     -4 (VIOLATED)
mprj/clkbuf_leaf_239_clk_dsp/X           10     14     -4 (VIOLATED)
mprj/clkbuf_leaf_248_clk_dsp/X           10     14     -4 (VIOLATED)
mprj/clkbuf_leaf_250_clk_dsp/X           10     14     -4 (VIOLATED)
mprj/clkbuf_leaf_45_clk_dsp/X            10     14     -4 (VIOLATED)
mprj/clkbuf_leaf_46_clk_dsp/X            10     14     -4 (VIOLATED)
mprj/clkbuf_leaf_56_clk_dsp/X            10     14     -4 (VIOLATED)
mprj/clkbuf_leaf_62_clk_dsp/X            10     14     -4 (VIOLATED)
mprj/fanout1026/X                        10     14     -4 (VIOLATED)
mprj/fanout1087/X                        10     14     -4 (VIOLATED)
mprj/fanout1227/X                        10     14     -4 (VIOLATED)
mprj/fanout1504/X                        10     14     -4 (VIOLATED)
mprj/fanout1723/X                        10     14     -4 (VIOLATED)
mprj/fanout732/X                         10     14     -4 (VIOLATED)
mprj/_21749_/Y                           10     13     -3 (VIOLATED)
mprj/_21934_/X                           10     13     -3 (VIOLATED)
mprj/_34599_/X                           10     13     -3 (VIOLATED)
mprj/clkbuf_5_25__f_clk_dsp/X            10     13     -3 (VIOLATED)
mprj/clkbuf_leaf_10_clk_dsp/X            10     13     -3 (VIOLATED)
mprj/clkbuf_leaf_111_clk_dsp/X           10     13     -3 (VIOLATED)
mprj/clkbuf_leaf_123_clk_dsp/X           10     13     -3 (VIOLATED)
mprj/clkbuf_leaf_13_clk_dsp/X            10     13     -3 (VIOLATED)
mprj/clkbuf_leaf_150_clk_dsp/X           10     13     -3 (VIOLATED)
mprj/clkbuf_leaf_154_clk_dsp/X           10     13     -3 (VIOLATED)
mprj/clkbuf_leaf_177_clk_dsp/X           10     13     -3 (VIOLATED)
mprj/clkbuf_leaf_189_clk_dsp/X           10     13     -3 (VIOLATED)
mprj/clkbuf_leaf_18_clk_dsp/X            10     13     -3 (VIOLATED)
mprj/clkbuf_leaf_198_clk_dsp/X           10     13     -3 (VIOLATED)
mprj/clkbuf_leaf_205_clk_dsp/X           10     13     -3 (VIOLATED)
mprj/clkbuf_leaf_206_clk_dsp/X           10     13     -3 (VIOLATED)
mprj/clkbuf_leaf_217_clk_dsp/X           10     13     -3 (VIOLATED)
mprj/clkbuf_leaf_222_clk_dsp/X           10     13     -3 (VIOLATED)
mprj/clkbuf_leaf_225_clk_dsp/X           10     13     -3 (VIOLATED)
mprj/clkbuf_leaf_22_clk_dsp/X            10     13     -3 (VIOLATED)
mprj/clkbuf_leaf_240_clk_dsp/X           10     13     -3 (VIOLATED)
mprj/clkbuf_leaf_241_clk_dsp/X           10     13     -3 (VIOLATED)
mprj/clkbuf_leaf_247_clk_dsp/X           10     13     -3 (VIOLATED)
mprj/clkbuf_leaf_249_clk_dsp/X           10     13     -3 (VIOLATED)
mprj/clkbuf_leaf_253_clk_dsp/X           10     13     -3 (VIOLATED)
mprj/clkbuf_leaf_32_clk_dsp/X            10     13     -3 (VIOLATED)
mprj/clkbuf_leaf_35_clk_dsp/X            10     13     -3 (VIOLATED)
mprj/clkbuf_leaf_41_clk_dsp/X            10     13     -3 (VIOLATED)
mprj/clkbuf_leaf_42_clk_dsp/X            10     13     -3 (VIOLATED)
mprj/clkbuf_leaf_51_clk_dsp/X            10     13     -3 (VIOLATED)
mprj/clkbuf_leaf_55_clk_dsp/X            10     13     -3 (VIOLATED)
mprj/clkbuf_leaf_68_clk_dsp/X            10     13     -3 (VIOLATED)
mprj/clkbuf_leaf_72_clk_dsp/X            10     13     -3 (VIOLATED)
mprj/clkbuf_leaf_77_clk_dsp/X            10     13     -3 (VIOLATED)
mprj/clkbuf_leaf_95_clk_dsp/X            10     13     -3 (VIOLATED)
mprj/fanout1028/X                        10     13     -3 (VIOLATED)
mprj/fanout1045/X                        10     13     -3 (VIOLATED)
mprj/fanout1147/X                        10     13     -3 (VIOLATED)
mprj/fanout1155/X                        10     13     -3 (VIOLATED)
mprj/fanout1251/X                        10     13     -3 (VIOLATED)
mprj/fanout1276/X                        10     13     -3 (VIOLATED)
mprj/fanout1403/X                        10     13     -3 (VIOLATED)
mprj/fanout1413/X                        10     13     -3 (VIOLATED)
mprj/fanout2875/X                        10     13     -3 (VIOLATED)
mprj/fanout742/X                         10     13     -3 (VIOLATED)
mprj/fanout839/X                         10     13     -3 (VIOLATED)
mprj/fanout937/X                         10     13     -3 (VIOLATED)
mprj/clkbuf_leaf_119_clk_dsp/X           10     12     -2 (VIOLATED)
mprj/clkbuf_leaf_121_clk_dsp/X           10     12     -2 (VIOLATED)
mprj/clkbuf_leaf_12_clk_dsp/X            10     12     -2 (VIOLATED)
mprj/clkbuf_leaf_145_clk_dsp/X           10     12     -2 (VIOLATED)
mprj/clkbuf_leaf_149_clk_dsp/X           10     12     -2 (VIOLATED)
mprj/clkbuf_leaf_162_clk_dsp/X           10     12     -2 (VIOLATED)
mprj/clkbuf_leaf_164_clk_dsp/X           10     12     -2 (VIOLATED)
mprj/clkbuf_leaf_170_clk_dsp/X           10     12     -2 (VIOLATED)
mprj/clkbuf_leaf_173_clk_dsp/X           10     12     -2 (VIOLATED)
mprj/clkbuf_leaf_212_clk_dsp/X           10     12     -2 (VIOLATED)
mprj/clkbuf_leaf_215_clk_dsp/X           10     12     -2 (VIOLATED)
mprj/clkbuf_leaf_218_clk_dsp/X           10     12     -2 (VIOLATED)
mprj/clkbuf_leaf_233_clk_dsp/X           10     12     -2 (VIOLATED)
mprj/clkbuf_leaf_235_clk_dsp/X           10     12     -2 (VIOLATED)
mprj/clkbuf_leaf_254_clk_dsp/X           10     12     -2 (VIOLATED)
mprj/clkbuf_leaf_30_clk_dsp/X            10     12     -2 (VIOLATED)
mprj/clkbuf_leaf_4_clk_dsp/X             10     12     -2 (VIOLATED)
mprj/clkbuf_leaf_52_clk_dsp/X            10     12     -2 (VIOLATED)
mprj/clkbuf_leaf_59_clk_dsp/X            10     12     -2 (VIOLATED)
mprj/clkbuf_leaf_71_clk_dsp/X            10     12     -2 (VIOLATED)
mprj/clkbuf_leaf_76_clk_dsp/X            10     12     -2 (VIOLATED)
mprj/clkbuf_leaf_7_clk_dsp/X             10     12     -2 (VIOLATED)
mprj/clkbuf_leaf_91_clk_dsp/X            10     12     -2 (VIOLATED)
mprj/clkbuf_leaf_94_clk_dsp/X            10     12     -2 (VIOLATED)
mprj/clkbuf_leaf_98_clk_dsp/X            10     12     -2 (VIOLATED)
mprj/fanout1048/X                        10     12     -2 (VIOLATED)
mprj/fanout1050/X                        10     12     -2 (VIOLATED)
mprj/fanout1161/X                        10     12     -2 (VIOLATED)
mprj/fanout1177/X                        10     12     -2 (VIOLATED)
mprj/fanout1192/X                        10     12     -2 (VIOLATED)
mprj/fanout1237/X                        10     12     -2 (VIOLATED)
mprj/fanout1248/X                        10     12     -2 (VIOLATED)
mprj/fanout1261/X                        10     12     -2 (VIOLATED)
mprj/fanout1267/X                        10     12     -2 (VIOLATED)
mprj/fanout1424/X                        10     12     -2 (VIOLATED)
mprj/fanout1459/X                        10     12     -2 (VIOLATED)
mprj/fanout1511/X                        10     12     -2 (VIOLATED)
mprj/fanout1558/X                        10     12     -2 (VIOLATED)
mprj/fanout1730/X                        10     12     -2 (VIOLATED)
mprj/fanout1739/X                        10     12     -2 (VIOLATED)
mprj/fanout1846/X                        10     12     -2 (VIOLATED)
mprj/fanout229/X                         10     12     -2 (VIOLATED)
mprj/fanout632/X                         10     12     -2 (VIOLATED)
mprj/fanout664/X                         10     12     -2 (VIOLATED)
mprj/fanout688/X                         10     12     -2 (VIOLATED)
mprj/fanout706/X                         10     12     -2 (VIOLATED)
mprj/fanout708/X                         10     12     -2 (VIOLATED)
mprj/fanout770/X                         10     12     -2 (VIOLATED)
mprj/fanout815/X                         10     12     -2 (VIOLATED)
mprj/fanout845/X                         10     12     -2 (VIOLATED)
mprj/fanout849/X                         10     12     -2 (VIOLATED)
mprj/fanout857/X                         10     12     -2 (VIOLATED)
mprj/fanout877/X                         10     12     -2 (VIOLATED)
mprj/fanout881/X                         10     12     -2 (VIOLATED)
mprj/fanout915/X                         10     12     -2 (VIOLATED)
mprj/fanout956/X                         10     12     -2 (VIOLATED)
mprj/fanout974/X                         10     12     -2 (VIOLATED)
mprj/_21772_/Y                           10     11        (VIOLATED)
mprj/_21926_/X                           10     11        (VIOLATED)
mprj/_22063_/Y                           10     11        (VIOLATED)
mprj/_22096_/Y                           10     11        (VIOLATED)
mprj/_22467_/X                           10     11        (VIOLATED)
mprj/_22758_/X                           10     11        (VIOLATED)
mprj/clkbuf_5_14__f_clk_dsp/X            10     11        (VIOLATED)
mprj/clkbuf_5_24__f_clk_dsp/X            10     11        (VIOLATED)
mprj/clkbuf_5_26__f_clk_dsp/X            10     11        (VIOLATED)
mprj/clkbuf_5_8__f_clk_dsp/X             10     11        (VIOLATED)
mprj/clkbuf_5_9__f_clk_dsp/X             10     11        (VIOLATED)
mprj/clkbuf_leaf_0_clk_dsp/X             10     11        (VIOLATED)
mprj/clkbuf_leaf_109_clk_dsp/X           10     11        (VIOLATED)
mprj/clkbuf_leaf_115_clk_dsp/X           10     11        (VIOLATED)
mprj/clkbuf_leaf_116_clk_dsp/X           10     11        (VIOLATED)
mprj/clkbuf_leaf_132_clk_dsp/X           10     11        (VIOLATED)
mprj/clkbuf_leaf_134_clk_dsp/X           10     11        (VIOLATED)
mprj/clkbuf_leaf_144_clk_dsp/X           10     11        (VIOLATED)
mprj/clkbuf_leaf_179_clk_dsp/X           10     11        (VIOLATED)
mprj/clkbuf_leaf_190_clk_dsp/X           10     11        (VIOLATED)
mprj/clkbuf_leaf_194_clk_dsp/X           10     11        (VIOLATED)
mprj/clkbuf_leaf_208_clk_dsp/X           10     11        (VIOLATED)
mprj/clkbuf_leaf_228_clk_dsp/X           10     11        (VIOLATED)
mprj/clkbuf_leaf_231_clk_dsp/X           10     11        (VIOLATED)
mprj/clkbuf_leaf_246_clk_dsp/X           10     11        (VIOLATED)
mprj/clkbuf_leaf_67_clk_dsp/X            10     11        (VIOLATED)
mprj/clkbuf_leaf_75_clk_dsp/X            10     11        (VIOLATED)
mprj/fanout1004/X                        10     11        (VIOLATED)
mprj/fanout1010/X                        10     11        (VIOLATED)
mprj/fanout1013/X                        10     11        (VIOLATED)
mprj/fanout1016/X                        10     11        (VIOLATED)
mprj/fanout1027/X                        10     11        (VIOLATED)
mprj/fanout1032/X                        10     11        (VIOLATED)
mprj/fanout1037/X                        10     11        (VIOLATED)
mprj/fanout1058/X                        10     11        (VIOLATED)
mprj/fanout1075/X                        10     11        (VIOLATED)
mprj/fanout1138/X                        10     11        (VIOLATED)
mprj/fanout1148/X                        10     11        (VIOLATED)
mprj/fanout1156/X                        10     11        (VIOLATED)
mprj/fanout1169/X                        10     11        (VIOLATED)
mprj/fanout1181/X                        10     11        (VIOLATED)
mprj/fanout1186/X                        10     11        (VIOLATED)
mprj/fanout1191/X                        10     11        (VIOLATED)
mprj/fanout1196/X                        10     11        (VIOLATED)
mprj/fanout1200/X                        10     11        (VIOLATED)
mprj/fanout1202/X                        10     11        (VIOLATED)
mprj/fanout1208/X                        10     11        (VIOLATED)
mprj/fanout1217/X                        10     11        (VIOLATED)
mprj/fanout1224/X                        10     11        (VIOLATED)
mprj/fanout1234/X                        10     11        (VIOLATED)
mprj/fanout1242/X                        10     11        (VIOLATED)
mprj/fanout1244/X                        10     11        (VIOLATED)
mprj/fanout1245/X                        10     11        (VIOLATED)
mprj/fanout1263/X                        10     11        (VIOLATED)
mprj/fanout1264/X                        10     11        (VIOLATED)
mprj/fanout1269/X                        10     11        (VIOLATED)
mprj/fanout1279/X                        10     11        (VIOLATED)
mprj/fanout1282/X                        10     11        (VIOLATED)
mprj/fanout1285/X                        10     11        (VIOLATED)
mprj/fanout1289/X                        10     11        (VIOLATED)
mprj/fanout1293/X                        10     11        (VIOLATED)
mprj/fanout1295/X                        10     11        (VIOLATED)
mprj/fanout1297/X                        10     11        (VIOLATED)
mprj/fanout1299/X                        10     11        (VIOLATED)
mprj/fanout1300/X                        10     11        (VIOLATED)
mprj/fanout1360/X                        10     11        (VIOLATED)
mprj/fanout1366/X                        10     11        (VIOLATED)
mprj/fanout1390/X                        10     11        (VIOLATED)
mprj/fanout1418/X                        10     11        (VIOLATED)
mprj/fanout1423/X                        10     11        (VIOLATED)
mprj/fanout1426/X                        10     11        (VIOLATED)
mprj/fanout1503/X                        10     11        (VIOLATED)
mprj/fanout1544/X                        10     11        (VIOLATED)
mprj/fanout1553/X                        10     11        (VIOLATED)
mprj/fanout1565/X                        10     11        (VIOLATED)
mprj/fanout1600/X                        10     11        (VIOLATED)
mprj/fanout1601/X                        10     11        (VIOLATED)
mprj/fanout1608/X                        10     11        (VIOLATED)
mprj/fanout1614/X                        10     11        (VIOLATED)
mprj/fanout1643/X                        10     11        (VIOLATED)
mprj/fanout1705/X                        10     11        (VIOLATED)
mprj/fanout1735/X                        10     11        (VIOLATED)
mprj/fanout1740/X                        10     11        (VIOLATED)
mprj/fanout220/X                         10     11        (VIOLATED)
mprj/fanout246/X                         10     11        (VIOLATED)
mprj/fanout401/X                         10     11        (VIOLATED)
mprj/fanout414/X                         10     11        (VIOLATED)
mprj/fanout488/X                         10     11        (VIOLATED)
mprj/fanout500/X                         10     11        (VIOLATED)
mprj/fanout536/X                         10     11        (VIOLATED)
mprj/fanout538/X                         10     11        (VIOLATED)
mprj/fanout581/X                         10     11        (VIOLATED)
mprj/fanout598/X                         10     11        (VIOLATED)
mprj/fanout606/X                         10     11        (VIOLATED)
mprj/fanout613/X                         10     11        (VIOLATED)
mprj/fanout620/X                         10     11        (VIOLATED)
mprj/fanout628/X                         10     11        (VIOLATED)
mprj/fanout644/X                         10     11        (VIOLATED)
mprj/fanout668/X                         10     11        (VIOLATED)
mprj/fanout689/X                         10     11        (VIOLATED)
mprj/fanout690/X                         10     11        (VIOLATED)
mprj/fanout700/X                         10     11        (VIOLATED)
mprj/fanout710/X                         10     11        (VIOLATED)
mprj/fanout714/X                         10     11        (VIOLATED)
mprj/fanout720/X                         10     11        (VIOLATED)
mprj/fanout746/X                         10     11        (VIOLATED)
mprj/fanout762/X                         10     11        (VIOLATED)
mprj/fanout778/X                         10     11        (VIOLATED)
mprj/fanout788/X                         10     11        (VIOLATED)
mprj/fanout790/X                         10     11        (VIOLATED)
mprj/fanout796/X                         10     11        (VIOLATED)
mprj/fanout808/X                         10     11        (VIOLATED)
mprj/fanout809/X                         10     11        (VIOLATED)
mprj/fanout811/X                         10     11        (VIOLATED)
mprj/fanout828/X                         10     11        (VIOLATED)
mprj/fanout832/X                         10     11        (VIOLATED)
mprj/fanout834/X                         10     11        (VIOLATED)
mprj/fanout836/X                         10     11        (VIOLATED)
mprj/fanout846/X                         10     11        (VIOLATED)
mprj/fanout854/X                         10     11        (VIOLATED)
mprj/fanout874/X                         10     11        (VIOLATED)
mprj/fanout876/X                         10     11        (VIOLATED)
mprj/fanout878/X                         10     11        (VIOLATED)
mprj/fanout884/X                         10     11        (VIOLATED)
mprj/fanout904/X                         10     11        (VIOLATED)
mprj/fanout920/X                         10     11        (VIOLATED)
mprj/fanout923/X                         10     11        (VIOLATED)
mprj/fanout939/X                         10     11        (VIOLATED)
mprj/fanout944/X                         10     11        (VIOLATED)
mprj/fanout948/X                         10     11        (VIOLATED)
mprj/fanout964/X                         10     11        (VIOLATED)
mprj/fanout988/X                         10     11        (VIOLATED)

max capacitance

Pin                                    Limit     Cap   Slack
------------------------------------------------------------
mprj/output19/X                         0.42    0.57   -0.15 (VIOLATED)
mprj/output21/X                         0.42    0.57   -0.15 (VIOLATED)
mprj/output23/X                         0.42    0.57   -0.15 (VIOLATED)


======================= Slowest Corner ===================================

max slew

Pin                                    Limit    Slew   Slack
------------------------------------------------------------
io_out[34]                              1.50    4.26   -2.76 (VIOLATED)
la_data_out[1]                          1.50    4.26   -2.76 (VIOLATED)
wbs_dat_o[1]                            1.50    4.26   -2.76 (VIOLATED)
mprj/output21/X                         1.50    4.26   -2.76 (VIOLATED)
io_out[33]                              1.50    4.26   -2.76 (VIOLATED)
io_out[35]                              1.50    4.26   -2.76 (VIOLATED)
la_data_out[0]                          1.50    4.26   -2.76 (VIOLATED)
la_data_out[2]                          1.50    4.26   -2.76 (VIOLATED)
wbs_dat_o[0]                            1.50    4.26   -2.76 (VIOLATED)
wbs_dat_o[2]                            1.50    4.26   -2.76 (VIOLATED)
mprj/output19/X                         1.50    4.26   -2.76 (VIOLATED)
mprj/output23/X                         1.50    4.26   -2.76 (VIOLATED)
io_oeb[19]                              1.50    3.35   -1.85 (VIOLATED)
la_data_out[8]                          1.50    2.85   -1.35 (VIOLATED)
wbs_dat_o[8]                            1.50    2.85   -1.35 (VIOLATED)
mprj/output24/X                         1.50    2.85   -1.35 (VIOLATED)
la_data_out[9]                          1.50    2.85   -1.35 (VIOLATED)
wbs_dat_o[9]                            1.50    2.85   -1.35 (VIOLATED)
mprj/output25/X                         1.50    2.85   -1.35 (VIOLATED)
la_data_out[13]                         1.50    2.85   -1.35 (VIOLATED)
la_data_out[20]                         1.50    2.85   -1.35 (VIOLATED)
wbs_dat_o[13]                           1.50    2.85   -1.35 (VIOLATED)
wbs_dat_o[20]                           1.50    2.85   -1.35 (VIOLATED)
mprj/output20/X                         1.50    2.85   -1.35 (VIOLATED)
mprj/output22/X                         1.50    2.85   -1.35 (VIOLATED)
io_oeb[12]                              1.50    2.74   -1.24 (VIOLATED)
io_oeb[14]                              1.50    2.53   -1.03 (VIOLATED)
io_oeb[11]                              1.50    2.48   -0.98 (VIOLATED)
io_oeb[13]                              1.50    2.46   -0.96 (VIOLATED)
io_oeb[15]                              1.50    2.41   -0.91 (VIOLATED)
io_oeb[16]                              1.50    2.38   -0.88 (VIOLATED)
io_oeb[10]                              1.50    2.32   -0.82 (VIOLATED)
io_oeb[18]                              1.50    2.31   -0.81 (VIOLATED)
io_oeb[23]                              1.50    2.30   -0.80 (VIOLATED)
io_oeb[22]                              1.50    2.26   -0.76 (VIOLATED)
io_oeb[21]                              1.50    2.25   -0.75 (VIOLATED)
io_oeb[24]                              1.50    2.23   -0.73 (VIOLATED)
io_oeb[17]                              1.50    2.09   -0.59 (VIOLATED)
io_oeb[25]                              1.50    2.08   -0.58 (VIOLATED)
io_oeb[26]                              1.50    1.97   -0.47 (VIOLATED)
io_oeb[9]                               1.50    1.92   -0.42 (VIOLATED)
io_oeb[27]                              1.50    1.87   -0.37 (VIOLATED)
la_data_out[116]                        1.50    1.82   -0.32 (VIOLATED)
io_oeb[8]                               1.50    1.81   -0.31 (VIOLATED)
io_oeb[20]                              1.50    1.81   -0.31 (VIOLATED)
io_oeb[28]                              1.50    1.80   -0.30 (VIOLATED)
la_data_out[111]                        1.50    1.79   -0.29 (VIOLATED)
la_data_out[114]                        1.50    1.78   -0.28 (VIOLATED)
la_data_out[106]                        1.50    1.73   -0.23 (VIOLATED)
la_data_out[104]                        1.50    1.70   -0.20 (VIOLATED)
io_oeb[7]                               1.50    1.70   -0.20 (VIOLATED)
io_oeb[29]                              1.50    1.65   -0.15 (VIOLATED)
la_data_out[102]                        1.50    1.65   -0.15 (VIOLATED)
io_oeb[6]                               1.50    1.59   -0.09 (VIOLATED)
la_data_out[115]                        1.50    1.58   -0.08 (VIOLATED)
io_oeb[30]                              1.50    1.55   -0.05 (VIOLATED)
la_data_out[125]                        1.50    1.53   -0.03 (VIOLATED)
io_oeb[4]                               1.50    1.53   -0.03 (VIOLATED)
io_oeb[31]                              1.50    1.52   -0.02 (VIOLATED)
la_data_out[123]                        1.50    1.52   -0.02 (VIOLATED)

max fanout

Pin                                   Limit Fanout  Slack
---------------------------------------------------------
mprj/clkbuf_leaf_236_clk_dsp/X           10     23    -13 (VIOLATED)
mprj/clkbuf_leaf_37_clk_dsp/X            10     23    -13 (VIOLATED)
mprj/clkbuf_leaf_11_clk_dsp/X            10     22    -12 (VIOLATED)
mprj/clkbuf_leaf_24_clk_dsp/X            10     22    -12 (VIOLATED)
mprj/clkbuf_leaf_255_clk_dsp/X           10     22    -12 (VIOLATED)
mprj/clkbuf_leaf_60_clk_dsp/X            10     22    -12 (VIOLATED)
mprj/clkbuf_leaf_157_clk_dsp/X           10     21    -11 (VIOLATED)
mprj/clkbuf_leaf_160_clk_dsp/X           10     21    -11 (VIOLATED)
mprj/clkbuf_leaf_38_clk_dsp/X            10     21    -11 (VIOLATED)
mprj/clkbuf_leaf_158_clk_dsp/X           10     20    -10 (VIOLATED)
mprj/clkbuf_leaf_167_clk_dsp/X           10     20    -10 (VIOLATED)
mprj/clkbuf_leaf_168_clk_dsp/X           10     20    -10 (VIOLATED)
mprj/clkbuf_leaf_197_clk_dsp/X           10     20    -10 (VIOLATED)
mprj/fanout1216/X                        10     20    -10 (VIOLATED)
mprj/clkbuf_leaf_152_clk_dsp/X           10     19     -9 (VIOLATED)
mprj/clkbuf_leaf_196_clk_dsp/X           10     19     -9 (VIOLATED)
mprj/clkbuf_leaf_20_clk_dsp/X            10     19     -9 (VIOLATED)
mprj/clkbuf_leaf_237_clk_dsp/X           10     19     -9 (VIOLATED)
mprj/clkbuf_leaf_201_clk_dsp/X           10     18     -8 (VIOLATED)
mprj/clkbuf_leaf_21_clk_dsp/X            10     18     -8 (VIOLATED)
mprj/clkbuf_leaf_220_clk_dsp/X           10     18     -8 (VIOLATED)
mprj/clkbuf_leaf_224_clk_dsp/X           10     18     -8 (VIOLATED)
mprj/clkbuf_leaf_57_clk_dsp/X            10     18     -8 (VIOLATED)
mprj/clkbuf_leaf_129_clk_dsp/X           10     17     -7 (VIOLATED)
mprj/clkbuf_leaf_130_clk_dsp/X           10     17     -7 (VIOLATED)
mprj/clkbuf_leaf_153_clk_dsp/X           10     17     -7 (VIOLATED)
mprj/clkbuf_leaf_195_clk_dsp/X           10     17     -7 (VIOLATED)
mprj/clkbuf_leaf_219_clk_dsp/X           10     17     -7 (VIOLATED)
mprj/clkbuf_leaf_223_clk_dsp/X           10     17     -7 (VIOLATED)
mprj/clkbuf_leaf_242_clk_dsp/X           10     17     -7 (VIOLATED)
mprj/clkbuf_leaf_27_clk_dsp/X            10     17     -7 (VIOLATED)
mprj/clkbuf_leaf_31_clk_dsp/X            10     17     -7 (VIOLATED)
mprj/clkbuf_leaf_33_clk_dsp/X            10     17     -7 (VIOLATED)
mprj/clkbuf_leaf_53_clk_dsp/X            10     17     -7 (VIOLATED)
mprj/clkbuf_leaf_54_clk_dsp/X            10     17     -7 (VIOLATED)
mprj/clkbuf_leaf_69_clk_dsp/X            10     17     -7 (VIOLATED)
mprj/clkbuf_leaf_74_clk_dsp/X            10     17     -7 (VIOLATED)
mprj/clkbuf_leaf_78_clk_dsp/X            10     17     -7 (VIOLATED)
mprj/fanout1052/X                        10     17     -7 (VIOLATED)
mprj/_44165_/Q                           10     16     -6 (VIOLATED)
mprj/clkbuf_leaf_125_clk_dsp/X           10     16     -6 (VIOLATED)
mprj/clkbuf_leaf_155_clk_dsp/X           10     16     -6 (VIOLATED)
mprj/clkbuf_leaf_156_clk_dsp/X           10     16     -6 (VIOLATED)
mprj/clkbuf_leaf_163_clk_dsp/X           10     16     -6 (VIOLATED)
mprj/clkbuf_leaf_186_clk_dsp/X           10     16     -6 (VIOLATED)
mprj/clkbuf_leaf_188_clk_dsp/X           10     16     -6 (VIOLATED)
mprj/clkbuf_leaf_193_clk_dsp/X           10     16     -6 (VIOLATED)
mprj/clkbuf_leaf_202_clk_dsp/X           10     16     -6 (VIOLATED)
mprj/clkbuf_leaf_204_clk_dsp/X           10     16     -6 (VIOLATED)
mprj/clkbuf_leaf_210_clk_dsp/X           10     16     -6 (VIOLATED)
mprj/clkbuf_leaf_213_clk_dsp/X           10     16     -6 (VIOLATED)
mprj/clkbuf_leaf_232_clk_dsp/X           10     16     -6 (VIOLATED)
mprj/clkbuf_leaf_234_clk_dsp/X           10     16     -6 (VIOLATED)
mprj/clkbuf_leaf_26_clk_dsp/X            10     16     -6 (VIOLATED)
mprj/clkbuf_leaf_39_clk_dsp/X            10     16     -6 (VIOLATED)
mprj/clkbuf_leaf_40_clk_dsp/X            10     16     -6 (VIOLATED)
mprj/clkbuf_leaf_48_clk_dsp/X            10     16     -6 (VIOLATED)
mprj/clkbuf_leaf_49_clk_dsp/X            10     16     -6 (VIOLATED)
mprj/clkbuf_leaf_70_clk_dsp/X            10     16     -6 (VIOLATED)
mprj/clkbuf_leaf_73_clk_dsp/X            10     16     -6 (VIOLATED)
mprj/clkbuf_leaf_79_clk_dsp/X            10     16     -6 (VIOLATED)
mprj/fanout1240/X                        10     16     -6 (VIOLATED)
mprj/fanout980/X                         10     16     -6 (VIOLATED)
mprj/_22194_/Y                           10     15     -5 (VIOLATED)
mprj/clkbuf_leaf_120_clk_dsp/X           10     15     -5 (VIOLATED)
mprj/clkbuf_leaf_124_clk_dsp/X           10     15     -5 (VIOLATED)
mprj/clkbuf_leaf_127_clk_dsp/X           10     15     -5 (VIOLATED)
mprj/clkbuf_leaf_128_clk_dsp/X           10     15     -5 (VIOLATED)
mprj/clkbuf_leaf_159_clk_dsp/X           10     15     -5 (VIOLATED)
mprj/clkbuf_leaf_165_clk_dsp/X           10     15     -5 (VIOLATED)
mprj/clkbuf_leaf_174_clk_dsp/X           10     15     -5 (VIOLATED)
mprj/clkbuf_leaf_191_clk_dsp/X           10     15     -5 (VIOLATED)
mprj/clkbuf_leaf_203_clk_dsp/X           10     15     -5 (VIOLATED)
mprj/clkbuf_leaf_226_clk_dsp/X           10     15     -5 (VIOLATED)
mprj/clkbuf_leaf_229_clk_dsp/X           10     15     -5 (VIOLATED)
mprj/clkbuf_leaf_230_clk_dsp/X           10     15     -5 (VIOLATED)
mprj/clkbuf_leaf_238_clk_dsp/X           10     15     -5 (VIOLATED)
mprj/clkbuf_leaf_243_clk_dsp/X           10     15     -5 (VIOLATED)
mprj/clkbuf_leaf_25_clk_dsp/X            10     15     -5 (VIOLATED)
mprj/clkbuf_leaf_36_clk_dsp/X            10     15     -5 (VIOLATED)
mprj/clkbuf_leaf_47_clk_dsp/X            10     15     -5 (VIOLATED)
mprj/clkbuf_leaf_58_clk_dsp/X            10     15     -5 (VIOLATED)
mprj/clkbuf_leaf_61_clk_dsp/X            10     15     -5 (VIOLATED)
mprj/clkbuf_leaf_9_clk_dsp/X             10     15     -5 (VIOLATED)
mprj/fanout1041/X                        10     15     -5 (VIOLATED)
mprj/fanout1043/X                        10     15     -5 (VIOLATED)
mprj/fanout1046/X                        10     15     -5 (VIOLATED)
mprj/fanout1074/X                        10     15     -5 (VIOLATED)
mprj/fanout1197/X                        10     15     -5 (VIOLATED)
mprj/fanout1560/X                        10     15     -5 (VIOLATED)
mprj/fanout818/X                         10     15     -5 (VIOLATED)
mprj/clkbuf_leaf_171_clk_dsp/X           10     14     -4 (VIOLATED)
mprj/clkbuf_leaf_172_clk_dsp/X           10     14     -4 (VIOLATED)
mprj/clkbuf_leaf_17_clk_dsp/X            10     14     -4 (VIOLATED)
mprj/clkbuf_leaf_184_clk_dsp/X           10     14     -4 (VIOLATED)
mprj/clkbuf_leaf_199_clk_dsp/X           10     14     -4 (VIOLATED)
mprj/clkbuf_leaf_19_clk_dsp/X            10     14     -4 (VIOLATED)
mprj/clkbuf_leaf_209_clk_dsp/X           10     14     -4 (VIOLATED)
mprj/clkbuf_leaf_214_clk_dsp/X           10     14     -4 (VIOLATED)
mprj/clkbuf_leaf_221_clk_dsp/X           10     14     -4 (VIOLATED)
mprj/clkbuf_leaf_239_clk_dsp/X           10     14     -4 (VIOLATED)
mprj/clkbuf_leaf_248_clk_dsp/X           10     14     -4 (VIOLATED)
mprj/clkbuf_leaf_250_clk_dsp/X           10     14     -4 (VIOLATED)
mprj/clkbuf_leaf_45_clk_dsp/X            10     14     -4 (VIOLATED)
mprj/clkbuf_leaf_46_clk_dsp/X            10     14     -4 (VIOLATED)
mprj/clkbuf_leaf_56_clk_dsp/X            10     14     -4 (VIOLATED)
mprj/clkbuf_leaf_62_clk_dsp/X            10     14     -4 (VIOLATED)
mprj/fanout1026/X                        10     14     -4 (VIOLATED)
mprj/fanout1087/X                        10     14     -4 (VIOLATED)
mprj/fanout1227/X                        10     14     -4 (VIOLATED)
mprj/fanout1504/X                        10     14     -4 (VIOLATED)
mprj/fanout1723/X                        10     14     -4 (VIOLATED)
mprj/fanout732/X                         10     14     -4 (VIOLATED)
mprj/_21749_/Y                           10     13     -3 (VIOLATED)
mprj/_21934_/X                           10     13     -3 (VIOLATED)
mprj/_34599_/X                           10     13     -3 (VIOLATED)
mprj/clkbuf_5_25__f_clk_dsp/X            10     13     -3 (VIOLATED)
mprj/clkbuf_leaf_10_clk_dsp/X            10     13     -3 (VIOLATED)
mprj/clkbuf_leaf_111_clk_dsp/X           10     13     -3 (VIOLATED)
mprj/clkbuf_leaf_123_clk_dsp/X           10     13     -3 (VIOLATED)
mprj/clkbuf_leaf_13_clk_dsp/X            10     13     -3 (VIOLATED)
mprj/clkbuf_leaf_150_clk_dsp/X           10     13     -3 (VIOLATED)
mprj/clkbuf_leaf_154_clk_dsp/X           10     13     -3 (VIOLATED)
mprj/clkbuf_leaf_177_clk_dsp/X           10     13     -3 (VIOLATED)
mprj/clkbuf_leaf_189_clk_dsp/X           10     13     -3 (VIOLATED)
mprj/clkbuf_leaf_18_clk_dsp/X            10     13     -3 (VIOLATED)
mprj/clkbuf_leaf_198_clk_dsp/X           10     13     -3 (VIOLATED)
mprj/clkbuf_leaf_205_clk_dsp/X           10     13     -3 (VIOLATED)
mprj/clkbuf_leaf_206_clk_dsp/X           10     13     -3 (VIOLATED)
mprj/clkbuf_leaf_217_clk_dsp/X           10     13     -3 (VIOLATED)
mprj/clkbuf_leaf_222_clk_dsp/X           10     13     -3 (VIOLATED)
mprj/clkbuf_leaf_225_clk_dsp/X           10     13     -3 (VIOLATED)
mprj/clkbuf_leaf_22_clk_dsp/X            10     13     -3 (VIOLATED)
mprj/clkbuf_leaf_240_clk_dsp/X           10     13     -3 (VIOLATED)
mprj/clkbuf_leaf_241_clk_dsp/X           10     13     -3 (VIOLATED)
mprj/clkbuf_leaf_247_clk_dsp/X           10     13     -3 (VIOLATED)
mprj/clkbuf_leaf_249_clk_dsp/X           10     13     -3 (VIOLATED)
mprj/clkbuf_leaf_253_clk_dsp/X           10     13     -3 (VIOLATED)
mprj/clkbuf_leaf_32_clk_dsp/X            10     13     -3 (VIOLATED)
mprj/clkbuf_leaf_35_clk_dsp/X            10     13     -3 (VIOLATED)
mprj/clkbuf_leaf_41_clk_dsp/X            10     13     -3 (VIOLATED)
mprj/clkbuf_leaf_42_clk_dsp/X            10     13     -3 (VIOLATED)
mprj/clkbuf_leaf_51_clk_dsp/X            10     13     -3 (VIOLATED)
mprj/clkbuf_leaf_55_clk_dsp/X            10     13     -3 (VIOLATED)
mprj/clkbuf_leaf_68_clk_dsp/X            10     13     -3 (VIOLATED)
mprj/clkbuf_leaf_72_clk_dsp/X            10     13     -3 (VIOLATED)
mprj/clkbuf_leaf_77_clk_dsp/X            10     13     -3 (VIOLATED)
mprj/clkbuf_leaf_95_clk_dsp/X            10     13     -3 (VIOLATED)
mprj/fanout1028/X                        10     13     -3 (VIOLATED)
mprj/fanout1045/X                        10     13     -3 (VIOLATED)
mprj/fanout1147/X                        10     13     -3 (VIOLATED)
mprj/fanout1155/X                        10     13     -3 (VIOLATED)
mprj/fanout1251/X                        10     13     -3 (VIOLATED)
mprj/fanout1276/X                        10     13     -3 (VIOLATED)
mprj/fanout1403/X                        10     13     -3 (VIOLATED)
mprj/fanout1413/X                        10     13     -3 (VIOLATED)
mprj/fanout2875/X                        10     13     -3 (VIOLATED)
mprj/fanout742/X                         10     13     -3 (VIOLATED)
mprj/fanout839/X                         10     13     -3 (VIOLATED)
mprj/fanout937/X                         10     13     -3 (VIOLATED)
mprj/clkbuf_leaf_119_clk_dsp/X           10     12     -2 (VIOLATED)
mprj/clkbuf_leaf_121_clk_dsp/X           10     12     -2 (VIOLATED)
mprj/clkbuf_leaf_12_clk_dsp/X            10     12     -2 (VIOLATED)
mprj/clkbuf_leaf_145_clk_dsp/X           10     12     -2 (VIOLATED)
mprj/clkbuf_leaf_149_clk_dsp/X           10     12     -2 (VIOLATED)
mprj/clkbuf_leaf_162_clk_dsp/X           10     12     -2 (VIOLATED)
mprj/clkbuf_leaf_164_clk_dsp/X           10     12     -2 (VIOLATED)
mprj/clkbuf_leaf_170_clk_dsp/X           10     12     -2 (VIOLATED)
mprj/clkbuf_leaf_173_clk_dsp/X           10     12     -2 (VIOLATED)
mprj/clkbuf_leaf_212_clk_dsp/X           10     12     -2 (VIOLATED)
mprj/clkbuf_leaf_215_clk_dsp/X           10     12     -2 (VIOLATED)
mprj/clkbuf_leaf_218_clk_dsp/X           10     12     -2 (VIOLATED)
mprj/clkbuf_leaf_233_clk_dsp/X           10     12     -2 (VIOLATED)
mprj/clkbuf_leaf_235_clk_dsp/X           10     12     -2 (VIOLATED)
mprj/clkbuf_leaf_254_clk_dsp/X           10     12     -2 (VIOLATED)
mprj/clkbuf_leaf_30_clk_dsp/X            10     12     -2 (VIOLATED)
mprj/clkbuf_leaf_4_clk_dsp/X             10     12     -2 (VIOLATED)
mprj/clkbuf_leaf_52_clk_dsp/X            10     12     -2 (VIOLATED)
mprj/clkbuf_leaf_59_clk_dsp/X            10     12     -2 (VIOLATED)
mprj/clkbuf_leaf_71_clk_dsp/X            10     12     -2 (VIOLATED)
mprj/clkbuf_leaf_76_clk_dsp/X            10     12     -2 (VIOLATED)
mprj/clkbuf_leaf_7_clk_dsp/X             10     12     -2 (VIOLATED)
mprj/clkbuf_leaf_91_clk_dsp/X            10     12     -2 (VIOLATED)
mprj/clkbuf_leaf_94_clk_dsp/X            10     12     -2 (VIOLATED)
mprj/clkbuf_leaf_98_clk_dsp/X            10     12     -2 (VIOLATED)
mprj/fanout1048/X                        10     12     -2 (VIOLATED)
mprj/fanout1050/X                        10     12     -2 (VIOLATED)
mprj/fanout1161/X                        10     12     -2 (VIOLATED)
mprj/fanout1177/X                        10     12     -2 (VIOLATED)
mprj/fanout1192/X                        10     12     -2 (VIOLATED)
mprj/fanout1237/X                        10     12     -2 (VIOLATED)
mprj/fanout1248/X                        10     12     -2 (VIOLATED)
mprj/fanout1261/X                        10     12     -2 (VIOLATED)
mprj/fanout1267/X                        10     12     -2 (VIOLATED)
mprj/fanout1424/X                        10     12     -2 (VIOLATED)
mprj/fanout1459/X                        10     12     -2 (VIOLATED)
mprj/fanout1511/X                        10     12     -2 (VIOLATED)
mprj/fanout1558/X                        10     12     -2 (VIOLATED)
mprj/fanout1730/X                        10     12     -2 (VIOLATED)
mprj/fanout1739/X                        10     12     -2 (VIOLATED)
mprj/fanout1846/X                        10     12     -2 (VIOLATED)
mprj/fanout229/X                         10     12     -2 (VIOLATED)
mprj/fanout632/X                         10     12     -2 (VIOLATED)
mprj/fanout664/X                         10     12     -2 (VIOLATED)
mprj/fanout688/X                         10     12     -2 (VIOLATED)
mprj/fanout706/X                         10     12     -2 (VIOLATED)
mprj/fanout708/X                         10     12     -2 (VIOLATED)
mprj/fanout770/X                         10     12     -2 (VIOLATED)
mprj/fanout815/X                         10     12     -2 (VIOLATED)
mprj/fanout845/X                         10     12     -2 (VIOLATED)
mprj/fanout849/X                         10     12     -2 (VIOLATED)
mprj/fanout857/X                         10     12     -2 (VIOLATED)
mprj/fanout877/X                         10     12     -2 (VIOLATED)
mprj/fanout881/X                         10     12     -2 (VIOLATED)
mprj/fanout915/X                         10     12     -2 (VIOLATED)
mprj/fanout956/X                         10     12     -2 (VIOLATED)
mprj/fanout974/X                         10     12     -2 (VIOLATED)
mprj/_21772_/Y                           10     11        (VIOLATED)
mprj/_21926_/X                           10     11        (VIOLATED)
mprj/_22063_/Y                           10     11        (VIOLATED)
mprj/_22096_/Y                           10     11        (VIOLATED)
mprj/_22467_/X                           10     11        (VIOLATED)
mprj/_22758_/X                           10     11        (VIOLATED)
mprj/clkbuf_5_14__f_clk_dsp/X            10     11        (VIOLATED)
mprj/clkbuf_5_24__f_clk_dsp/X            10     11        (VIOLATED)
mprj/clkbuf_5_26__f_clk_dsp/X            10     11        (VIOLATED)
mprj/clkbuf_5_8__f_clk_dsp/X             10     11        (VIOLATED)
mprj/clkbuf_5_9__f_clk_dsp/X             10     11        (VIOLATED)
mprj/clkbuf_leaf_0_clk_dsp/X             10     11        (VIOLATED)
mprj/clkbuf_leaf_109_clk_dsp/X           10     11        (VIOLATED)
mprj/clkbuf_leaf_115_clk_dsp/X           10     11        (VIOLATED)
mprj/clkbuf_leaf_116_clk_dsp/X           10     11        (VIOLATED)
mprj/clkbuf_leaf_132_clk_dsp/X           10     11        (VIOLATED)
mprj/clkbuf_leaf_134_clk_dsp/X           10     11        (VIOLATED)
mprj/clkbuf_leaf_144_clk_dsp/X           10     11        (VIOLATED)
mprj/clkbuf_leaf_179_clk_dsp/X           10     11        (VIOLATED)
mprj/clkbuf_leaf_190_clk_dsp/X           10     11        (VIOLATED)
mprj/clkbuf_leaf_194_clk_dsp/X           10     11        (VIOLATED)
mprj/clkbuf_leaf_208_clk_dsp/X           10     11        (VIOLATED)
mprj/clkbuf_leaf_228_clk_dsp/X           10     11        (VIOLATED)
mprj/clkbuf_leaf_231_clk_dsp/X           10     11        (VIOLATED)
mprj/clkbuf_leaf_246_clk_dsp/X           10     11        (VIOLATED)
mprj/clkbuf_leaf_67_clk_dsp/X            10     11        (VIOLATED)
mprj/clkbuf_leaf_75_clk_dsp/X            10     11        (VIOLATED)
mprj/fanout1004/X                        10     11        (VIOLATED)
mprj/fanout1010/X                        10     11        (VIOLATED)
mprj/fanout1013/X                        10     11        (VIOLATED)
mprj/fanout1016/X                        10     11        (VIOLATED)
mprj/fanout1027/X                        10     11        (VIOLATED)
mprj/fanout1032/X                        10     11        (VIOLATED)
mprj/fanout1037/X                        10     11        (VIOLATED)
mprj/fanout1058/X                        10     11        (VIOLATED)
mprj/fanout1075/X                        10     11        (VIOLATED)
mprj/fanout1138/X                        10     11        (VIOLATED)
mprj/fanout1148/X                        10     11        (VIOLATED)
mprj/fanout1156/X                        10     11        (VIOLATED)
mprj/fanout1169/X                        10     11        (VIOLATED)
mprj/fanout1181/X                        10     11        (VIOLATED)
mprj/fanout1186/X                        10     11        (VIOLATED)
mprj/fanout1191/X                        10     11        (VIOLATED)
mprj/fanout1196/X                        10     11        (VIOLATED)
mprj/fanout1200/X                        10     11        (VIOLATED)
mprj/fanout1202/X                        10     11        (VIOLATED)
mprj/fanout1208/X                        10     11        (VIOLATED)
mprj/fanout1217/X                        10     11        (VIOLATED)
mprj/fanout1224/X                        10     11        (VIOLATED)
mprj/fanout1234/X                        10     11        (VIOLATED)
mprj/fanout1242/X                        10     11        (VIOLATED)
mprj/fanout1244/X                        10     11        (VIOLATED)
mprj/fanout1245/X                        10     11        (VIOLATED)
mprj/fanout1263/X                        10     11        (VIOLATED)
mprj/fanout1264/X                        10     11        (VIOLATED)
mprj/fanout1269/X                        10     11        (VIOLATED)
mprj/fanout1279/X                        10     11        (VIOLATED)
mprj/fanout1282/X                        10     11        (VIOLATED)
mprj/fanout1285/X                        10     11        (VIOLATED)
mprj/fanout1289/X                        10     11        (VIOLATED)
mprj/fanout1293/X                        10     11        (VIOLATED)
mprj/fanout1295/X                        10     11        (VIOLATED)
mprj/fanout1297/X                        10     11        (VIOLATED)
mprj/fanout1299/X                        10     11        (VIOLATED)
mprj/fanout1300/X                        10     11        (VIOLATED)
mprj/fanout1360/X                        10     11        (VIOLATED)
mprj/fanout1366/X                        10     11        (VIOLATED)
mprj/fanout1390/X                        10     11        (VIOLATED)
mprj/fanout1418/X                        10     11        (VIOLATED)
mprj/fanout1423/X                        10     11        (VIOLATED)
mprj/fanout1426/X                        10     11        (VIOLATED)
mprj/fanout1503/X                        10     11        (VIOLATED)
mprj/fanout1544/X                        10     11        (VIOLATED)
mprj/fanout1553/X                        10     11        (VIOLATED)
mprj/fanout1565/X                        10     11        (VIOLATED)
mprj/fanout1600/X                        10     11        (VIOLATED)
mprj/fanout1601/X                        10     11        (VIOLATED)
mprj/fanout1608/X                        10     11        (VIOLATED)
mprj/fanout1614/X                        10     11        (VIOLATED)
mprj/fanout1643/X                        10     11        (VIOLATED)
mprj/fanout1705/X                        10     11        (VIOLATED)
mprj/fanout1735/X                        10     11        (VIOLATED)
mprj/fanout1740/X                        10     11        (VIOLATED)
mprj/fanout220/X                         10     11        (VIOLATED)
mprj/fanout246/X                         10     11        (VIOLATED)
mprj/fanout401/X                         10     11        (VIOLATED)
mprj/fanout414/X                         10     11        (VIOLATED)
mprj/fanout488/X                         10     11        (VIOLATED)
mprj/fanout500/X                         10     11        (VIOLATED)
mprj/fanout536/X                         10     11        (VIOLATED)
mprj/fanout538/X                         10     11        (VIOLATED)
mprj/fanout581/X                         10     11        (VIOLATED)
mprj/fanout598/X                         10     11        (VIOLATED)
mprj/fanout606/X                         10     11        (VIOLATED)
mprj/fanout613/X                         10     11        (VIOLATED)
mprj/fanout620/X                         10     11        (VIOLATED)
mprj/fanout628/X                         10     11        (VIOLATED)
mprj/fanout644/X                         10     11        (VIOLATED)
mprj/fanout668/X                         10     11        (VIOLATED)
mprj/fanout689/X                         10     11        (VIOLATED)
mprj/fanout690/X                         10     11        (VIOLATED)
mprj/fanout700/X                         10     11        (VIOLATED)
mprj/fanout710/X                         10     11        (VIOLATED)
mprj/fanout714/X                         10     11        (VIOLATED)
mprj/fanout720/X                         10     11        (VIOLATED)
mprj/fanout746/X                         10     11        (VIOLATED)
mprj/fanout762/X                         10     11        (VIOLATED)
mprj/fanout778/X                         10     11        (VIOLATED)
mprj/fanout788/X                         10     11        (VIOLATED)
mprj/fanout790/X                         10     11        (VIOLATED)
mprj/fanout796/X                         10     11        (VIOLATED)
mprj/fanout808/X                         10     11        (VIOLATED)
mprj/fanout809/X                         10     11        (VIOLATED)
mprj/fanout811/X                         10     11        (VIOLATED)
mprj/fanout828/X                         10     11        (VIOLATED)
mprj/fanout832/X                         10     11        (VIOLATED)
mprj/fanout834/X                         10     11        (VIOLATED)
mprj/fanout836/X                         10     11        (VIOLATED)
mprj/fanout846/X                         10     11        (VIOLATED)
mprj/fanout854/X                         10     11        (VIOLATED)
mprj/fanout874/X                         10     11        (VIOLATED)
mprj/fanout876/X                         10     11        (VIOLATED)
mprj/fanout878/X                         10     11        (VIOLATED)
mprj/fanout884/X                         10     11        (VIOLATED)
mprj/fanout904/X                         10     11        (VIOLATED)
mprj/fanout920/X                         10     11        (VIOLATED)
mprj/fanout923/X                         10     11        (VIOLATED)
mprj/fanout939/X                         10     11        (VIOLATED)
mprj/fanout944/X                         10     11        (VIOLATED)
mprj/fanout948/X                         10     11        (VIOLATED)
mprj/fanout964/X                         10     11        (VIOLATED)
mprj/fanout988/X                         10     11        (VIOLATED)

max capacitance

Pin                                    Limit     Cap   Slack
------------------------------------------------------------
mprj/output19/X                         0.20    0.57   -0.37 (VIOLATED)
mprj/output21/X                         0.20    0.57   -0.37 (VIOLATED)
mprj/output23/X                         0.20    0.57   -0.37 (VIOLATED)
mprj/output20/X                         0.20    0.38   -0.18 (VIOLATED)
mprj/output22/X                         0.20    0.38   -0.18 (VIOLATED)
mprj/output24/X                         0.20    0.38   -0.18 (VIOLATED)
mprj/output25/X                         0.20    0.38   -0.18 (VIOLATED)


======================= Typical Corner ===================================

max slew

Pin                                    Limit    Slew   Slack
------------------------------------------------------------
io_oeb[19]                              1.50    3.35   -1.85 (VIOLATED)
io_oeb[12]                              1.50    2.74   -1.24 (VIOLATED)
io_out[33]                              1.50    2.71   -1.21 (VIOLATED)
io_out[35]                              1.50    2.71   -1.21 (VIOLATED)
la_data_out[0]                          1.50    2.71   -1.21 (VIOLATED)
la_data_out[2]                          1.50    2.71   -1.21 (VIOLATED)
wbs_dat_o[0]                            1.50    2.71   -1.21 (VIOLATED)
wbs_dat_o[2]                            1.50    2.71   -1.21 (VIOLATED)
mprj/output19/X                         1.50    2.71   -1.21 (VIOLATED)
mprj/output23/X                         1.50    2.71   -1.21 (VIOLATED)
io_out[34]                              1.50    2.71   -1.21 (VIOLATED)
la_data_out[1]                          1.50    2.71   -1.21 (VIOLATED)
wbs_dat_o[1]                            1.50    2.71   -1.21 (VIOLATED)
mprj/output21/X                         1.50    2.71   -1.21 (VIOLATED)
io_oeb[14]                              1.50    2.53   -1.03 (VIOLATED)
io_oeb[11]                              1.50    2.48   -0.98 (VIOLATED)
io_oeb[13]                              1.50    2.46   -0.96 (VIOLATED)
io_oeb[15]                              1.50    2.41   -0.91 (VIOLATED)
io_oeb[16]                              1.50    2.38   -0.88 (VIOLATED)
io_oeb[10]                              1.50    2.32   -0.82 (VIOLATED)
io_oeb[18]                              1.50    2.31   -0.81 (VIOLATED)
io_oeb[23]                              1.50    2.30   -0.80 (VIOLATED)
io_oeb[22]                              1.50    2.26   -0.76 (VIOLATED)
io_oeb[21]                              1.50    2.25   -0.75 (VIOLATED)
io_oeb[24]                              1.50    2.23   -0.73 (VIOLATED)
io_oeb[17]                              1.50    2.09   -0.59 (VIOLATED)
io_oeb[25]                              1.50    2.08   -0.58 (VIOLATED)
io_oeb[26]                              1.50    1.97   -0.47 (VIOLATED)
io_oeb[9]                               1.50    1.92   -0.42 (VIOLATED)
io_oeb[27]                              1.50    1.87   -0.37 (VIOLATED)
la_data_out[116]                        1.50    1.82   -0.32 (VIOLATED)
la_data_out[13]                         1.50    1.81   -0.31 (VIOLATED)
la_data_out[20]                         1.50    1.81   -0.31 (VIOLATED)
wbs_dat_o[13]                           1.50    1.81   -0.31 (VIOLATED)
wbs_dat_o[20]                           1.50    1.81   -0.31 (VIOLATED)
mprj/output20/X                         1.50    1.81   -0.31 (VIOLATED)
mprj/output22/X                         1.50    1.81   -0.31 (VIOLATED)
la_data_out[9]                          1.50    1.81   -0.31 (VIOLATED)
wbs_dat_o[9]                            1.50    1.81   -0.31 (VIOLATED)
mprj/output25/X                         1.50    1.81   -0.31 (VIOLATED)
la_data_out[8]                          1.50    1.81   -0.31 (VIOLATED)
wbs_dat_o[8]                            1.50    1.81   -0.31 (VIOLATED)
mprj/output24/X                         1.50    1.81   -0.31 (VIOLATED)
io_oeb[8]                               1.50    1.81   -0.31 (VIOLATED)
io_oeb[20]                              1.50    1.81   -0.31 (VIOLATED)
io_oeb[28]                              1.50    1.80   -0.30 (VIOLATED)
la_data_out[111]                        1.50    1.79   -0.29 (VIOLATED)
la_data_out[114]                        1.50    1.78   -0.28 (VIOLATED)
la_data_out[106]                        1.50    1.73   -0.23 (VIOLATED)
la_data_out[104]                        1.50    1.70   -0.20 (VIOLATED)
io_oeb[7]                               1.50    1.70   -0.20 (VIOLATED)
io_oeb[29]                              1.50    1.65   -0.15 (VIOLATED)
la_data_out[102]                        1.50    1.65   -0.15 (VIOLATED)
io_oeb[6]                               1.50    1.59   -0.09 (VIOLATED)
la_data_out[115]                        1.50    1.58   -0.08 (VIOLATED)
io_oeb[30]                              1.50    1.55   -0.05 (VIOLATED)
la_data_out[125]                        1.50    1.53   -0.03 (VIOLATED)
io_oeb[4]                               1.50    1.53   -0.03 (VIOLATED)
io_oeb[31]                              1.50    1.52   -0.02 (VIOLATED)
la_data_out[123]                        1.50    1.52   -0.02 (VIOLATED)

max fanout

Pin                                   Limit Fanout  Slack
---------------------------------------------------------
mprj/clkbuf_leaf_236_clk_dsp/X           10     23    -13 (VIOLATED)
mprj/clkbuf_leaf_37_clk_dsp/X            10     23    -13 (VIOLATED)
mprj/clkbuf_leaf_11_clk_dsp/X            10     22    -12 (VIOLATED)
mprj/clkbuf_leaf_24_clk_dsp/X            10     22    -12 (VIOLATED)
mprj/clkbuf_leaf_255_clk_dsp/X           10     22    -12 (VIOLATED)
mprj/clkbuf_leaf_60_clk_dsp/X            10     22    -12 (VIOLATED)
mprj/clkbuf_leaf_157_clk_dsp/X           10     21    -11 (VIOLATED)
mprj/clkbuf_leaf_160_clk_dsp/X           10     21    -11 (VIOLATED)
mprj/clkbuf_leaf_38_clk_dsp/X            10     21    -11 (VIOLATED)
mprj/clkbuf_leaf_158_clk_dsp/X           10     20    -10 (VIOLATED)
mprj/clkbuf_leaf_167_clk_dsp/X           10     20    -10 (VIOLATED)
mprj/clkbuf_leaf_168_clk_dsp/X           10     20    -10 (VIOLATED)
mprj/clkbuf_leaf_197_clk_dsp/X           10     20    -10 (VIOLATED)
mprj/fanout1216/X                        10     20    -10 (VIOLATED)
mprj/clkbuf_leaf_152_clk_dsp/X           10     19     -9 (VIOLATED)
mprj/clkbuf_leaf_196_clk_dsp/X           10     19     -9 (VIOLATED)
mprj/clkbuf_leaf_20_clk_dsp/X            10     19     -9 (VIOLATED)
mprj/clkbuf_leaf_237_clk_dsp/X           10     19     -9 (VIOLATED)
mprj/clkbuf_leaf_201_clk_dsp/X           10     18     -8 (VIOLATED)
mprj/clkbuf_leaf_21_clk_dsp/X            10     18     -8 (VIOLATED)
mprj/clkbuf_leaf_220_clk_dsp/X           10     18     -8 (VIOLATED)
mprj/clkbuf_leaf_224_clk_dsp/X           10     18     -8 (VIOLATED)
mprj/clkbuf_leaf_57_clk_dsp/X            10     18     -8 (VIOLATED)
mprj/clkbuf_leaf_129_clk_dsp/X           10     17     -7 (VIOLATED)
mprj/clkbuf_leaf_130_clk_dsp/X           10     17     -7 (VIOLATED)
mprj/clkbuf_leaf_153_clk_dsp/X           10     17     -7 (VIOLATED)
mprj/clkbuf_leaf_195_clk_dsp/X           10     17     -7 (VIOLATED)
mprj/clkbuf_leaf_219_clk_dsp/X           10     17     -7 (VIOLATED)
mprj/clkbuf_leaf_223_clk_dsp/X           10     17     -7 (VIOLATED)
mprj/clkbuf_leaf_242_clk_dsp/X           10     17     -7 (VIOLATED)
mprj/clkbuf_leaf_27_clk_dsp/X            10     17     -7 (VIOLATED)
mprj/clkbuf_leaf_31_clk_dsp/X            10     17     -7 (VIOLATED)
mprj/clkbuf_leaf_33_clk_dsp/X            10     17     -7 (VIOLATED)
mprj/clkbuf_leaf_53_clk_dsp/X            10     17     -7 (VIOLATED)
mprj/clkbuf_leaf_54_clk_dsp/X            10     17     -7 (VIOLATED)
mprj/clkbuf_leaf_69_clk_dsp/X            10     17     -7 (VIOLATED)
mprj/clkbuf_leaf_74_clk_dsp/X            10     17     -7 (VIOLATED)
mprj/clkbuf_leaf_78_clk_dsp/X            10     17     -7 (VIOLATED)
mprj/fanout1052/X                        10     17     -7 (VIOLATED)
mprj/_44165_/Q                           10     16     -6 (VIOLATED)
mprj/clkbuf_leaf_125_clk_dsp/X           10     16     -6 (VIOLATED)
mprj/clkbuf_leaf_155_clk_dsp/X           10     16     -6 (VIOLATED)
mprj/clkbuf_leaf_156_clk_dsp/X           10     16     -6 (VIOLATED)
mprj/clkbuf_leaf_163_clk_dsp/X           10     16     -6 (VIOLATED)
mprj/clkbuf_leaf_186_clk_dsp/X           10     16     -6 (VIOLATED)
mprj/clkbuf_leaf_188_clk_dsp/X           10     16     -6 (VIOLATED)
mprj/clkbuf_leaf_193_clk_dsp/X           10     16     -6 (VIOLATED)
mprj/clkbuf_leaf_202_clk_dsp/X           10     16     -6 (VIOLATED)
mprj/clkbuf_leaf_204_clk_dsp/X           10     16     -6 (VIOLATED)
mprj/clkbuf_leaf_210_clk_dsp/X           10     16     -6 (VIOLATED)
mprj/clkbuf_leaf_213_clk_dsp/X           10     16     -6 (VIOLATED)
mprj/clkbuf_leaf_232_clk_dsp/X           10     16     -6 (VIOLATED)
mprj/clkbuf_leaf_234_clk_dsp/X           10     16     -6 (VIOLATED)
mprj/clkbuf_leaf_26_clk_dsp/X            10     16     -6 (VIOLATED)
mprj/clkbuf_leaf_39_clk_dsp/X            10     16     -6 (VIOLATED)
mprj/clkbuf_leaf_40_clk_dsp/X            10     16     -6 (VIOLATED)
mprj/clkbuf_leaf_48_clk_dsp/X            10     16     -6 (VIOLATED)
mprj/clkbuf_leaf_49_clk_dsp/X            10     16     -6 (VIOLATED)
mprj/clkbuf_leaf_70_clk_dsp/X            10     16     -6 (VIOLATED)
mprj/clkbuf_leaf_73_clk_dsp/X            10     16     -6 (VIOLATED)
mprj/clkbuf_leaf_79_clk_dsp/X            10     16     -6 (VIOLATED)
mprj/fanout1240/X                        10     16     -6 (VIOLATED)
mprj/fanout980/X                         10     16     -6 (VIOLATED)
mprj/_22194_/Y                           10     15     -5 (VIOLATED)
mprj/clkbuf_leaf_120_clk_dsp/X           10     15     -5 (VIOLATED)
mprj/clkbuf_leaf_124_clk_dsp/X           10     15     -5 (VIOLATED)
mprj/clkbuf_leaf_127_clk_dsp/X           10     15     -5 (VIOLATED)
mprj/clkbuf_leaf_128_clk_dsp/X           10     15     -5 (VIOLATED)
mprj/clkbuf_leaf_159_clk_dsp/X           10     15     -5 (VIOLATED)
mprj/clkbuf_leaf_165_clk_dsp/X           10     15     -5 (VIOLATED)
mprj/clkbuf_leaf_174_clk_dsp/X           10     15     -5 (VIOLATED)
mprj/clkbuf_leaf_191_clk_dsp/X           10     15     -5 (VIOLATED)
mprj/clkbuf_leaf_203_clk_dsp/X           10     15     -5 (VIOLATED)
mprj/clkbuf_leaf_226_clk_dsp/X           10     15     -5 (VIOLATED)
mprj/clkbuf_leaf_229_clk_dsp/X           10     15     -5 (VIOLATED)
mprj/clkbuf_leaf_230_clk_dsp/X           10     15     -5 (VIOLATED)
mprj/clkbuf_leaf_238_clk_dsp/X           10     15     -5 (VIOLATED)
mprj/clkbuf_leaf_243_clk_dsp/X           10     15     -5 (VIOLATED)
mprj/clkbuf_leaf_25_clk_dsp/X            10     15     -5 (VIOLATED)
mprj/clkbuf_leaf_36_clk_dsp/X            10     15     -5 (VIOLATED)
mprj/clkbuf_leaf_47_clk_dsp/X            10     15     -5 (VIOLATED)
mprj/clkbuf_leaf_58_clk_dsp/X            10     15     -5 (VIOLATED)
mprj/clkbuf_leaf_61_clk_dsp/X            10     15     -5 (VIOLATED)
mprj/clkbuf_leaf_9_clk_dsp/X             10     15     -5 (VIOLATED)
mprj/fanout1041/X                        10     15     -5 (VIOLATED)
mprj/fanout1043/X                        10     15     -5 (VIOLATED)
mprj/fanout1046/X                        10     15     -5 (VIOLATED)
mprj/fanout1074/X                        10     15     -5 (VIOLATED)
mprj/fanout1197/X                        10     15     -5 (VIOLATED)
mprj/fanout1560/X                        10     15     -5 (VIOLATED)
mprj/fanout818/X                         10     15     -5 (VIOLATED)
mprj/clkbuf_leaf_171_clk_dsp/X           10     14     -4 (VIOLATED)
mprj/clkbuf_leaf_172_clk_dsp/X           10     14     -4 (VIOLATED)
mprj/clkbuf_leaf_17_clk_dsp/X            10     14     -4 (VIOLATED)
mprj/clkbuf_leaf_184_clk_dsp/X           10     14     -4 (VIOLATED)
mprj/clkbuf_leaf_199_clk_dsp/X           10     14     -4 (VIOLATED)
mprj/clkbuf_leaf_19_clk_dsp/X            10     14     -4 (VIOLATED)
mprj/clkbuf_leaf_209_clk_dsp/X           10     14     -4 (VIOLATED)
mprj/clkbuf_leaf_214_clk_dsp/X           10     14     -4 (VIOLATED)
mprj/clkbuf_leaf_221_clk_dsp/X           10     14     -4 (VIOLATED)
mprj/clkbuf_leaf_239_clk_dsp/X           10     14     -4 (VIOLATED)
mprj/clkbuf_leaf_248_clk_dsp/X           10     14     -4 (VIOLATED)
mprj/clkbuf_leaf_250_clk_dsp/X           10     14     -4 (VIOLATED)
mprj/clkbuf_leaf_45_clk_dsp/X            10     14     -4 (VIOLATED)
mprj/clkbuf_leaf_46_clk_dsp/X            10     14     -4 (VIOLATED)
mprj/clkbuf_leaf_56_clk_dsp/X            10     14     -4 (VIOLATED)
mprj/clkbuf_leaf_62_clk_dsp/X            10     14     -4 (VIOLATED)
mprj/fanout1026/X                        10     14     -4 (VIOLATED)
mprj/fanout1087/X                        10     14     -4 (VIOLATED)
mprj/fanout1227/X                        10     14     -4 (VIOLATED)
mprj/fanout1504/X                        10     14     -4 (VIOLATED)
mprj/fanout1723/X                        10     14     -4 (VIOLATED)
mprj/fanout732/X                         10     14     -4 (VIOLATED)
mprj/_21749_/Y                           10     13     -3 (VIOLATED)
mprj/_21934_/X                           10     13     -3 (VIOLATED)
mprj/_34599_/X                           10     13     -3 (VIOLATED)
mprj/clkbuf_5_25__f_clk_dsp/X            10     13     -3 (VIOLATED)
mprj/clkbuf_leaf_10_clk_dsp/X            10     13     -3 (VIOLATED)
mprj/clkbuf_leaf_111_clk_dsp/X           10     13     -3 (VIOLATED)
mprj/clkbuf_leaf_123_clk_dsp/X           10     13     -3 (VIOLATED)
mprj/clkbuf_leaf_13_clk_dsp/X            10     13     -3 (VIOLATED)
mprj/clkbuf_leaf_150_clk_dsp/X           10     13     -3 (VIOLATED)
mprj/clkbuf_leaf_154_clk_dsp/X           10     13     -3 (VIOLATED)
mprj/clkbuf_leaf_177_clk_dsp/X           10     13     -3 (VIOLATED)
mprj/clkbuf_leaf_189_clk_dsp/X           10     13     -3 (VIOLATED)
mprj/clkbuf_leaf_18_clk_dsp/X            10     13     -3 (VIOLATED)
mprj/clkbuf_leaf_198_clk_dsp/X           10     13     -3 (VIOLATED)
mprj/clkbuf_leaf_205_clk_dsp/X           10     13     -3 (VIOLATED)
mprj/clkbuf_leaf_206_clk_dsp/X           10     13     -3 (VIOLATED)
mprj/clkbuf_leaf_217_clk_dsp/X           10     13     -3 (VIOLATED)
mprj/clkbuf_leaf_222_clk_dsp/X           10     13     -3 (VIOLATED)
mprj/clkbuf_leaf_225_clk_dsp/X           10     13     -3 (VIOLATED)
mprj/clkbuf_leaf_22_clk_dsp/X            10     13     -3 (VIOLATED)
mprj/clkbuf_leaf_240_clk_dsp/X           10     13     -3 (VIOLATED)
mprj/clkbuf_leaf_241_clk_dsp/X           10     13     -3 (VIOLATED)
mprj/clkbuf_leaf_247_clk_dsp/X           10     13     -3 (VIOLATED)
mprj/clkbuf_leaf_249_clk_dsp/X           10     13     -3 (VIOLATED)
mprj/clkbuf_leaf_253_clk_dsp/X           10     13     -3 (VIOLATED)
mprj/clkbuf_leaf_32_clk_dsp/X            10     13     -3 (VIOLATED)
mprj/clkbuf_leaf_35_clk_dsp/X            10     13     -3 (VIOLATED)
mprj/clkbuf_leaf_41_clk_dsp/X            10     13     -3 (VIOLATED)
mprj/clkbuf_leaf_42_clk_dsp/X            10     13     -3 (VIOLATED)
mprj/clkbuf_leaf_51_clk_dsp/X            10     13     -3 (VIOLATED)
mprj/clkbuf_leaf_55_clk_dsp/X            10     13     -3 (VIOLATED)
mprj/clkbuf_leaf_68_clk_dsp/X            10     13     -3 (VIOLATED)
mprj/clkbuf_leaf_72_clk_dsp/X            10     13     -3 (VIOLATED)
mprj/clkbuf_leaf_77_clk_dsp/X            10     13     -3 (VIOLATED)
mprj/clkbuf_leaf_95_clk_dsp/X            10     13     -3 (VIOLATED)
mprj/fanout1028/X                        10     13     -3 (VIOLATED)
mprj/fanout1045/X                        10     13     -3 (VIOLATED)
mprj/fanout1147/X                        10     13     -3 (VIOLATED)
mprj/fanout1155/X                        10     13     -3 (VIOLATED)
mprj/fanout1251/X                        10     13     -3 (VIOLATED)
mprj/fanout1276/X                        10     13     -3 (VIOLATED)
mprj/fanout1403/X                        10     13     -3 (VIOLATED)
mprj/fanout1413/X                        10     13     -3 (VIOLATED)
mprj/fanout2875/X                        10     13     -3 (VIOLATED)
mprj/fanout742/X                         10     13     -3 (VIOLATED)
mprj/fanout839/X                         10     13     -3 (VIOLATED)
mprj/fanout937/X                         10     13     -3 (VIOLATED)
mprj/clkbuf_leaf_119_clk_dsp/X           10     12     -2 (VIOLATED)
mprj/clkbuf_leaf_121_clk_dsp/X           10     12     -2 (VIOLATED)
mprj/clkbuf_leaf_12_clk_dsp/X            10     12     -2 (VIOLATED)
mprj/clkbuf_leaf_145_clk_dsp/X           10     12     -2 (VIOLATED)
mprj/clkbuf_leaf_149_clk_dsp/X           10     12     -2 (VIOLATED)
mprj/clkbuf_leaf_162_clk_dsp/X           10     12     -2 (VIOLATED)
mprj/clkbuf_leaf_164_clk_dsp/X           10     12     -2 (VIOLATED)
mprj/clkbuf_leaf_170_clk_dsp/X           10     12     -2 (VIOLATED)
mprj/clkbuf_leaf_173_clk_dsp/X           10     12     -2 (VIOLATED)
mprj/clkbuf_leaf_212_clk_dsp/X           10     12     -2 (VIOLATED)
mprj/clkbuf_leaf_215_clk_dsp/X           10     12     -2 (VIOLATED)
mprj/clkbuf_leaf_218_clk_dsp/X           10     12     -2 (VIOLATED)
mprj/clkbuf_leaf_233_clk_dsp/X           10     12     -2 (VIOLATED)
mprj/clkbuf_leaf_235_clk_dsp/X           10     12     -2 (VIOLATED)
mprj/clkbuf_leaf_254_clk_dsp/X           10     12     -2 (VIOLATED)
mprj/clkbuf_leaf_30_clk_dsp/X            10     12     -2 (VIOLATED)
mprj/clkbuf_leaf_4_clk_dsp/X             10     12     -2 (VIOLATED)
mprj/clkbuf_leaf_52_clk_dsp/X            10     12     -2 (VIOLATED)
mprj/clkbuf_leaf_59_clk_dsp/X            10     12     -2 (VIOLATED)
mprj/clkbuf_leaf_71_clk_dsp/X            10     12     -2 (VIOLATED)
mprj/clkbuf_leaf_76_clk_dsp/X            10     12     -2 (VIOLATED)
mprj/clkbuf_leaf_7_clk_dsp/X             10     12     -2 (VIOLATED)
mprj/clkbuf_leaf_91_clk_dsp/X            10     12     -2 (VIOLATED)
mprj/clkbuf_leaf_94_clk_dsp/X            10     12     -2 (VIOLATED)
mprj/clkbuf_leaf_98_clk_dsp/X            10     12     -2 (VIOLATED)
mprj/fanout1048/X                        10     12     -2 (VIOLATED)
mprj/fanout1050/X                        10     12     -2 (VIOLATED)
mprj/fanout1161/X                        10     12     -2 (VIOLATED)
mprj/fanout1177/X                        10     12     -2 (VIOLATED)
mprj/fanout1192/X                        10     12     -2 (VIOLATED)
mprj/fanout1237/X                        10     12     -2 (VIOLATED)
mprj/fanout1248/X                        10     12     -2 (VIOLATED)
mprj/fanout1261/X                        10     12     -2 (VIOLATED)
mprj/fanout1267/X                        10     12     -2 (VIOLATED)
mprj/fanout1424/X                        10     12     -2 (VIOLATED)
mprj/fanout1459/X                        10     12     -2 (VIOLATED)
mprj/fanout1511/X                        10     12     -2 (VIOLATED)
mprj/fanout1558/X                        10     12     -2 (VIOLATED)
mprj/fanout1730/X                        10     12     -2 (VIOLATED)
mprj/fanout1739/X                        10     12     -2 (VIOLATED)
mprj/fanout1846/X                        10     12     -2 (VIOLATED)
mprj/fanout229/X                         10     12     -2 (VIOLATED)
mprj/fanout632/X                         10     12     -2 (VIOLATED)
mprj/fanout664/X                         10     12     -2 (VIOLATED)
mprj/fanout688/X                         10     12     -2 (VIOLATED)
mprj/fanout706/X                         10     12     -2 (VIOLATED)
mprj/fanout708/X                         10     12     -2 (VIOLATED)
mprj/fanout770/X                         10     12     -2 (VIOLATED)
mprj/fanout815/X                         10     12     -2 (VIOLATED)
mprj/fanout845/X                         10     12     -2 (VIOLATED)
mprj/fanout849/X                         10     12     -2 (VIOLATED)
mprj/fanout857/X                         10     12     -2 (VIOLATED)
mprj/fanout877/X                         10     12     -2 (VIOLATED)
mprj/fanout881/X                         10     12     -2 (VIOLATED)
mprj/fanout915/X                         10     12     -2 (VIOLATED)
mprj/fanout956/X                         10     12     -2 (VIOLATED)
mprj/fanout974/X                         10     12     -2 (VIOLATED)
mprj/_21772_/Y                           10     11        (VIOLATED)
mprj/_21926_/X                           10     11        (VIOLATED)
mprj/_22063_/Y                           10     11        (VIOLATED)
mprj/_22096_/Y                           10     11        (VIOLATED)
mprj/_22467_/X                           10     11        (VIOLATED)
mprj/_22758_/X                           10     11        (VIOLATED)
mprj/clkbuf_5_14__f_clk_dsp/X            10     11        (VIOLATED)
mprj/clkbuf_5_24__f_clk_dsp/X            10     11        (VIOLATED)
mprj/clkbuf_5_26__f_clk_dsp/X            10     11        (VIOLATED)
mprj/clkbuf_5_8__f_clk_dsp/X             10     11        (VIOLATED)
mprj/clkbuf_5_9__f_clk_dsp/X             10     11        (VIOLATED)
mprj/clkbuf_leaf_0_clk_dsp/X             10     11        (VIOLATED)
mprj/clkbuf_leaf_109_clk_dsp/X           10     11        (VIOLATED)
mprj/clkbuf_leaf_115_clk_dsp/X           10     11        (VIOLATED)
mprj/clkbuf_leaf_116_clk_dsp/X           10     11        (VIOLATED)
mprj/clkbuf_leaf_132_clk_dsp/X           10     11        (VIOLATED)
mprj/clkbuf_leaf_134_clk_dsp/X           10     11        (VIOLATED)
mprj/clkbuf_leaf_144_clk_dsp/X           10     11        (VIOLATED)
mprj/clkbuf_leaf_179_clk_dsp/X           10     11        (VIOLATED)
mprj/clkbuf_leaf_190_clk_dsp/X           10     11        (VIOLATED)
mprj/clkbuf_leaf_194_clk_dsp/X           10     11        (VIOLATED)
mprj/clkbuf_leaf_208_clk_dsp/X           10     11        (VIOLATED)
mprj/clkbuf_leaf_228_clk_dsp/X           10     11        (VIOLATED)
mprj/clkbuf_leaf_231_clk_dsp/X           10     11        (VIOLATED)
mprj/clkbuf_leaf_246_clk_dsp/X           10     11        (VIOLATED)
mprj/clkbuf_leaf_67_clk_dsp/X            10     11        (VIOLATED)
mprj/clkbuf_leaf_75_clk_dsp/X            10     11        (VIOLATED)
mprj/fanout1004/X                        10     11        (VIOLATED)
mprj/fanout1010/X                        10     11        (VIOLATED)
mprj/fanout1013/X                        10     11        (VIOLATED)
mprj/fanout1016/X                        10     11        (VIOLATED)
mprj/fanout1027/X                        10     11        (VIOLATED)
mprj/fanout1032/X                        10     11        (VIOLATED)
mprj/fanout1037/X                        10     11        (VIOLATED)
mprj/fanout1058/X                        10     11        (VIOLATED)
mprj/fanout1075/X                        10     11        (VIOLATED)
mprj/fanout1138/X                        10     11        (VIOLATED)
mprj/fanout1148/X                        10     11        (VIOLATED)
mprj/fanout1156/X                        10     11        (VIOLATED)
mprj/fanout1169/X                        10     11        (VIOLATED)
mprj/fanout1181/X                        10     11        (VIOLATED)
mprj/fanout1186/X                        10     11        (VIOLATED)
mprj/fanout1191/X                        10     11        (VIOLATED)
mprj/fanout1196/X                        10     11        (VIOLATED)
mprj/fanout1200/X                        10     11        (VIOLATED)
mprj/fanout1202/X                        10     11        (VIOLATED)
mprj/fanout1208/X                        10     11        (VIOLATED)
mprj/fanout1217/X                        10     11        (VIOLATED)
mprj/fanout1224/X                        10     11        (VIOLATED)
mprj/fanout1234/X                        10     11        (VIOLATED)
mprj/fanout1242/X                        10     11        (VIOLATED)
mprj/fanout1244/X                        10     11        (VIOLATED)
mprj/fanout1245/X                        10     11        (VIOLATED)
mprj/fanout1263/X                        10     11        (VIOLATED)
mprj/fanout1264/X                        10     11        (VIOLATED)
mprj/fanout1269/X                        10     11        (VIOLATED)
mprj/fanout1279/X                        10     11        (VIOLATED)
mprj/fanout1282/X                        10     11        (VIOLATED)
mprj/fanout1285/X                        10     11        (VIOLATED)
mprj/fanout1289/X                        10     11        (VIOLATED)
mprj/fanout1293/X                        10     11        (VIOLATED)
mprj/fanout1295/X                        10     11        (VIOLATED)
mprj/fanout1297/X                        10     11        (VIOLATED)
mprj/fanout1299/X                        10     11        (VIOLATED)
mprj/fanout1300/X                        10     11        (VIOLATED)
mprj/fanout1360/X                        10     11        (VIOLATED)
mprj/fanout1366/X                        10     11        (VIOLATED)
mprj/fanout1390/X                        10     11        (VIOLATED)
mprj/fanout1418/X                        10     11        (VIOLATED)
mprj/fanout1423/X                        10     11        (VIOLATED)
mprj/fanout1426/X                        10     11        (VIOLATED)
mprj/fanout1503/X                        10     11        (VIOLATED)
mprj/fanout1544/X                        10     11        (VIOLATED)
mprj/fanout1553/X                        10     11        (VIOLATED)
mprj/fanout1565/X                        10     11        (VIOLATED)
mprj/fanout1600/X                        10     11        (VIOLATED)
mprj/fanout1601/X                        10     11        (VIOLATED)
mprj/fanout1608/X                        10     11        (VIOLATED)
mprj/fanout1614/X                        10     11        (VIOLATED)
mprj/fanout1643/X                        10     11        (VIOLATED)
mprj/fanout1705/X                        10     11        (VIOLATED)
mprj/fanout1735/X                        10     11        (VIOLATED)
mprj/fanout1740/X                        10     11        (VIOLATED)
mprj/fanout220/X                         10     11        (VIOLATED)
mprj/fanout246/X                         10     11        (VIOLATED)
mprj/fanout401/X                         10     11        (VIOLATED)
mprj/fanout414/X                         10     11        (VIOLATED)
mprj/fanout488/X                         10     11        (VIOLATED)
mprj/fanout500/X                         10     11        (VIOLATED)
mprj/fanout536/X                         10     11        (VIOLATED)
mprj/fanout538/X                         10     11        (VIOLATED)
mprj/fanout581/X                         10     11        (VIOLATED)
mprj/fanout598/X                         10     11        (VIOLATED)
mprj/fanout606/X                         10     11        (VIOLATED)
mprj/fanout613/X                         10     11        (VIOLATED)
mprj/fanout620/X                         10     11        (VIOLATED)
mprj/fanout628/X                         10     11        (VIOLATED)
mprj/fanout644/X                         10     11        (VIOLATED)
mprj/fanout668/X                         10     11        (VIOLATED)
mprj/fanout689/X                         10     11        (VIOLATED)
mprj/fanout690/X                         10     11        (VIOLATED)
mprj/fanout700/X                         10     11        (VIOLATED)
mprj/fanout710/X                         10     11        (VIOLATED)
mprj/fanout714/X                         10     11        (VIOLATED)
mprj/fanout720/X                         10     11        (VIOLATED)
mprj/fanout746/X                         10     11        (VIOLATED)
mprj/fanout762/X                         10     11        (VIOLATED)
mprj/fanout778/X                         10     11        (VIOLATED)
mprj/fanout788/X                         10     11        (VIOLATED)
mprj/fanout790/X                         10     11        (VIOLATED)
mprj/fanout796/X                         10     11        (VIOLATED)
mprj/fanout808/X                         10     11        (VIOLATED)
mprj/fanout809/X                         10     11        (VIOLATED)
mprj/fanout811/X                         10     11        (VIOLATED)
mprj/fanout828/X                         10     11        (VIOLATED)
mprj/fanout832/X                         10     11        (VIOLATED)
mprj/fanout834/X                         10     11        (VIOLATED)
mprj/fanout836/X                         10     11        (VIOLATED)
mprj/fanout846/X                         10     11        (VIOLATED)
mprj/fanout854/X                         10     11        (VIOLATED)
mprj/fanout874/X                         10     11        (VIOLATED)
mprj/fanout876/X                         10     11        (VIOLATED)
mprj/fanout878/X                         10     11        (VIOLATED)
mprj/fanout884/X                         10     11        (VIOLATED)
mprj/fanout904/X                         10     11        (VIOLATED)
mprj/fanout920/X                         10     11        (VIOLATED)
mprj/fanout923/X                         10     11        (VIOLATED)
mprj/fanout939/X                         10     11        (VIOLATED)
mprj/fanout944/X                         10     11        (VIOLATED)
mprj/fanout948/X                         10     11        (VIOLATED)
mprj/fanout964/X                         10     11        (VIOLATED)
mprj/fanout988/X                         10     11        (VIOLATED)

max capacitance

Pin                                    Limit     Cap   Slack
------------------------------------------------------------
mprj/output19/X                         0.32    0.57   -0.25 (VIOLATED)
mprj/output21/X                         0.32    0.57   -0.25 (VIOLATED)
mprj/output23/X                         0.32    0.57   -0.25 (VIOLATED)
mprj/output20/X                         0.32    0.38   -0.06 (VIOLATED)
mprj/output22/X                         0.32    0.38   -0.06 (VIOLATED)
mprj/output24/X                         0.32    0.38   -0.06 (VIOLATED)
mprj/output25/X                         0.32    0.38   -0.06 (VIOLATED)



===========================================================================
report_parasitic_annotation -report_unannotated
============================================================================
Found 31159 unannotated drivers.
 analog_io[0]
 analog_io[10]
 analog_io[11]
 analog_io[12]
 analog_io[13]
 analog_io[14]
 analog_io[15]
 analog_io[16]
 analog_io[17]
 analog_io[18]
 analog_io[19]
 analog_io[1]
 analog_io[20]
 analog_io[21]
 analog_io[22]
 analog_io[23]
 analog_io[24]
 analog_io[25]
 analog_io[26]
 analog_io[27]
 analog_io[28]
 analog_io[2]
 analog_io[3]
 analog_io[4]
 analog_io[5]
 analog_io[6]
 analog_io[7]
 analog_io[8]
 analog_io[9]
 io_in[32]
 io_in[33]
 io_in[34]
 io_in[35]
 io_in[36]
 io_in[37]
 la_data_in[100]
 la_data_in[101]
 la_data_in[102]
 la_data_in[103]
 la_data_in[104]
 la_data_in[105]
 la_data_in[106]
 la_data_in[107]
 la_data_in[108]
 la_data_in[109]
 la_data_in[110]
 la_data_in[111]
 la_data_in[112]
 la_data_in[113]
 la_data_in[114]
 la_data_in[115]
 la_data_in[116]
 la_data_in[117]
 la_data_in[118]
 la_data_in[119]
 la_data_in[120]
 la_data_in[121]
 la_data_in[122]
 la_data_in[123]
 la_data_in[124]
 la_data_in[125]
 la_data_in[126]
 la_data_in[127]
 la_data_in[30]
 la_data_in[31]
 la_data_in[32]
 la_data_in[33]
 la_data_in[34]
 la_data_in[35]
 la_data_in[36]
 la_data_in[37]
 la_data_in[38]
 la_data_in[39]
 la_data_in[40]
 la_data_in[41]
 la_data_in[42]
 la_data_in[43]
 la_data_in[44]
 la_data_in[45]
 la_data_in[46]
 la_data_in[47]
 la_data_in[48]
 la_data_in[49]
 la_data_in[50]
 la_data_in[51]
 la_data_in[52]
 la_data_in[53]
 la_data_in[54]
 la_data_in[55]
 la_data_in[56]
 la_data_in[57]
 la_data_in[58]
 la_data_in[59]
 la_data_in[60]
 la_data_in[61]
 la_data_in[62]
 la_data_in[63]
 la_data_in[64]
 la_data_in[65]
 la_data_in[66]
 la_data_in[67]
 la_data_in[68]
 la_data_in[69]
 la_data_in[70]
 la_data_in[71]
 la_data_in[72]
 la_data_in[73]
 la_data_in[74]
 la_data_in[75]
 la_data_in[76]
 la_data_in[77]
 la_data_in[78]
 la_data_in[79]
 la_data_in[80]
 la_data_in[81]
 la_data_in[82]
 la_data_in[83]
 la_data_in[84]
 la_data_in[85]
 la_data_in[86]
 la_data_in[87]
 la_data_in[88]
 la_data_in[89]
 la_data_in[90]
 la_data_in[91]
 la_data_in[92]
 la_data_in[93]
 la_data_in[94]
 la_data_in[95]
 la_data_in[96]
 la_data_in[97]
 la_data_in[98]
 la_data_in[99]
 la_oenb[100]
 la_oenb[101]
 la_oenb[102]
 la_oenb[103]
 la_oenb[104]
 la_oenb[105]
 la_oenb[106]
 la_oenb[107]
 la_oenb[108]
 la_oenb[109]
 la_oenb[110]
 la_oenb[111]
 la_oenb[112]
 la_oenb[113]
 la_oenb[114]
 la_oenb[115]
 la_oenb[116]
 la_oenb[117]
 la_oenb[118]
 la_oenb[119]
 la_oenb[120]
 la_oenb[121]
 la_oenb[122]
 la_oenb[123]
 la_oenb[124]
 la_oenb[125]
 la_oenb[126]
 la_oenb[127]
 la_oenb[38]
 la_oenb[39]
 la_oenb[40]
 la_oenb[41]
 la_oenb[42]
 la_oenb[43]
 la_oenb[44]
 la_oenb[45]
 la_oenb[46]
 la_oenb[47]
 la_oenb[48]
 la_oenb[49]
 la_oenb[50]
 la_oenb[51]
 la_oenb[52]
 la_oenb[53]
 la_oenb[54]
 la_oenb[55]
 la_oenb[56]
 la_oenb[57]
 la_oenb[58]
 la_oenb[59]
 la_oenb[60]
 la_oenb[61]
 la_oenb[62]
 la_oenb[63]
 la_oenb[64]
 la_oenb[65]
 la_oenb[66]
 la_oenb[67]
 la_oenb[68]
 la_oenb[69]
 la_oenb[70]
 la_oenb[71]
 la_oenb[72]
 la_oenb[73]
 la_oenb[74]
 la_oenb[75]
 la_oenb[76]
 la_oenb[77]
 la_oenb[78]
 la_oenb[79]
 la_oenb[80]
 la_oenb[81]
 la_oenb[82]
 la_oenb[83]
 la_oenb[84]
 la_oenb[85]
 la_oenb[86]
 la_oenb[87]
 la_oenb[88]
 la_oenb[89]
 la_oenb[90]
 la_oenb[91]
 la_oenb[92]
 la_oenb[93]
 la_oenb[94]
 la_oenb[95]
 la_oenb[96]
 la_oenb[97]
 la_oenb[98]
 la_oenb[99]
 wb_rst_i
 wbs_adr_i[0]
 wbs_adr_i[10]
 wbs_adr_i[11]
 wbs_adr_i[12]
 wbs_adr_i[13]
 wbs_adr_i[14]
 wbs_adr_i[15]
 wbs_adr_i[16]
 wbs_adr_i[17]
 wbs_adr_i[18]
 wbs_adr_i[19]
 wbs_adr_i[1]
 wbs_adr_i[20]
 wbs_adr_i[21]
 wbs_adr_i[22]
 wbs_adr_i[23]
 wbs_adr_i[24]
 wbs_adr_i[25]
 wbs_adr_i[26]
 wbs_adr_i[27]
 wbs_adr_i[28]
 wbs_adr_i[29]
 wbs_adr_i[2]
 wbs_adr_i[30]
 wbs_adr_i[31]
 wbs_adr_i[3]
 wbs_adr_i[4]
 wbs_adr_i[5]
 wbs_adr_i[6]
 wbs_adr_i[7]
 wbs_adr_i[8]
 wbs_adr_i[9]
 wbs_cyc_i
 wbs_dat_i[0]
 wbs_dat_i[10]
 wbs_dat_i[11]
 wbs_dat_i[12]
 wbs_dat_i[13]
 wbs_dat_i[14]
 wbs_dat_i[15]
 wbs_dat_i[16]
 wbs_dat_i[17]
 wbs_dat_i[18]
 wbs_dat_i[19]
 wbs_dat_i[1]
 wbs_dat_i[20]
 wbs_dat_i[21]
 wbs_dat_i[22]
 wbs_dat_i[23]
 wbs_dat_i[24]
 wbs_dat_i[25]
 wbs_dat_i[26]
 wbs_dat_i[27]
 wbs_dat_i[28]
 wbs_dat_i[29]
 wbs_dat_i[2]
 wbs_dat_i[30]
 wbs_dat_i[31]
 wbs_dat_i[3]
 wbs_dat_i[4]
 wbs_dat_i[5]
 wbs_dat_i[6]
 wbs_dat_i[7]
 wbs_dat_i[8]
 wbs_dat_i[9]
 wbs_sel_i[0]
 wbs_sel_i[1]
 wbs_sel_i[2]
 wbs_sel_i[3]
 wbs_we_i
 mprj/_21748_/Y
 mprj/_21749_/Y
 mprj/_21750_/Y
 mprj/_21751_/Y
 mprj/_21752_/Y
 mprj/_21753_/Y
 mprj/_21754_/Y
 mprj/_21755_/Y
 mprj/_21756_/Y
 mprj/_21757_/Y
 mprj/_21758_/Y
 mprj/_21759_/Y
 mprj/_21760_/Y
 mprj/_21761_/Y
 mprj/_21762_/Y
 mprj/_21763_/Y
 mprj/_21764_/Y
 mprj/_21765_/Y
 mprj/_21766_/Y
 mprj/_21767_/Y
 mprj/_21768_/Y
 mprj/_21769_/Y
 mprj/_21770_/Y
 mprj/_21771_/Y
 mprj/_21772_/Y
 mprj/_21773_/Y
 mprj/_21774_/Y
 mprj/_21775_/Y
 mprj/_21776_/Y
 mprj/_21777_/Y
 mprj/_21778_/Y
 mprj/_21779_/Y
 mprj/_21780_/Y
 mprj/_21781_/Y
 mprj/_21782_/Y
 mprj/_21783_/Y
 mprj/_21784_/Y
 mprj/_21785_/Y
 mprj/_21786_/Y
 mprj/_21787_/Y
 mprj/_21788_/Y
 mprj/_21789_/Y
 mprj/_21790_/Y
 mprj/_21791_/Y
 mprj/_21792_/Y
 mprj/_21793_/Y
 mprj/_21794_/Y
 mprj/_21795_/Y
 mprj/_21796_/Y
 mprj/_21797_/Y
 mprj/_21798_/Y
 mprj/_21799_/Y
 mprj/_21800_/Y
 mprj/_21801_/Y
 mprj/_21802_/Y
 mprj/_21803_/Y
 mprj/_21804_/Y
 mprj/_21805_/X
 mprj/_21806_/Y
 mprj/_21807_/X
 mprj/_21808_/Y
 mprj/_21809_/X
 mprj/_21810_/Y
 mprj/_21811_/Y
 mprj/_21812_/Y
 mprj/_21813_/X
 mprj/_21814_/X
 mprj/_21815_/Y
 mprj/_21816_/X
 mprj/_21817_/Y
 mprj/_21818_/Y
 mprj/_21819_/Y
 mprj/_21820_/X
 mprj/_21821_/Y
 mprj/_21822_/X
 mprj/_21823_/Y
 mprj/_21824_/X
 mprj/_21825_/Y
 mprj/_21826_/X
 mprj/_21827_/Y
 mprj/_21828_/Y
 mprj/_21829_/Y
 mprj/_21830_/Y
 mprj/_21831_/X
 mprj/_21832_/Y
 mprj/_21833_/X
 mprj/_21834_/Y
 mprj/_21835_/Y
 mprj/_21836_/X
 mprj/_21837_/X
 mprj/_21838_/Y
 mprj/_21839_/X
 mprj/_21840_/Y
 mprj/_21841_/X
 mprj/_21842_/Y
 mprj/_21843_/Y
 mprj/_21844_/X
 mprj/_21845_/Y
 mprj/_21846_/X
 mprj/_21847_/X
 mprj/_21848_/Y
 mprj/_21849_/X
 mprj/_21850_/Y
 mprj/_21851_/Y
 mprj/_21852_/X
 mprj/_21853_/Y
 mprj/_21854_/X
 mprj/_21855_/X
 mprj/_21856_/Y
 mprj/_21857_/Y
 mprj/_21858_/Y
 mprj/_21859_/Y
 mprj/_21860_/Y
 mprj/_21861_/Y
 mprj/_21862_/X
 mprj/_21863_/Y
 mprj/_21864_/X
 mprj/_21865_/X
 mprj/_21866_/X
 mprj/_21867_/Y
 mprj/_21868_/Y
 mprj/_21869_/X
 mprj/_21870_/X
 mprj/_21871_/Y
 mprj/_21872_/Y
 mprj/_21873_/X
 mprj/_21874_/X
 mprj/_21875_/X
 mprj/_21876_/X
 mprj/_21877_/X
 mprj/_21878_/X
 mprj/_21879_/Y
 mprj/_21880_/X
 mprj/_21881_/X
 mprj/_21882_/Y
 mprj/_21883_/X
 mprj/_21884_/X
 mprj/_21885_/Y
 mprj/_21886_/Y
 mprj/_21887_/X
 mprj/_21888_/Y
 mprj/_21889_/Y
 mprj/_21890_/X
 mprj/_21891_/Y
 mprj/_21892_/X
 mprj/_21893_/Y
 mprj/_21894_/Y
 mprj/_21895_/X
 mprj/_21896_/Y
 mprj/_21897_/X
 mprj/_21898_/Y
 mprj/_21899_/X
 mprj/_21900_/Y
 mprj/_21901_/Y
 mprj/_21902_/Y
 mprj/_21903_/X
 mprj/_21904_/Y
 mprj/_21905_/Y
 mprj/_21906_/X
 mprj/_21907_/Y
 mprj/_21908_/X
 mprj/_21909_/Y
 mprj/_21910_/Y
 mprj/_21911_/X
 mprj/_21912_/Y
 mprj/_21913_/Y
 mprj/_21914_/X
 mprj/_21915_/Y
 mprj/_21916_/Y
 mprj/_21917_/Y
 mprj/_21918_/Y
 mprj/_21919_/X
 mprj/_21920_/Y
 mprj/_21921_/Y
 mprj/_21922_/X
 mprj/_21923_/Y
 mprj/_21924_/Y
 mprj/_21925_/Y
 mprj/_21926_/X
 mprj/_21927_/Y
 mprj/_21928_/X
 mprj/_21929_/Y
 mprj/_21930_/Y
 mprj/_21931_/X
 mprj/_21932_/Y
 mprj/_21933_/X
 mprj/_21934_/X
 mprj/_21935_/Y
 mprj/_21936_/Y
 mprj/_21937_/Y
 mprj/_21938_/Y
 mprj/_21939_/Y
 mprj/_21940_/Y
 mprj/_21941_/Y
 mprj/_21942_/X
 mprj/_21943_/Y
 mprj/_21944_/X
 mprj/_21945_/Y
 mprj/_21946_/Y
 mprj/_21947_/Y
 mprj/_21948_/Y
 mprj/_21949_/X
 mprj/_21950_/Y
 mprj/_21951_/X
 mprj/_21952_/Y
 mprj/_21953_/X
 mprj/_21954_/Y
 mprj/_21955_/X
 mprj/_21956_/Y
 mprj/_21957_/Y
 mprj/_21958_/X
 mprj/_21959_/Y
 mprj/_21960_/X
 mprj/_21961_/Y
 mprj/_21962_/Y
 mprj/_21963_/Y
 mprj/_21964_/X
 mprj/_21965_/X
 mprj/_21966_/Y
 mprj/_21967_/Y
 mprj/_21968_/X
 mprj/_21969_/Y
 mprj/_21970_/X
 mprj/_21971_/Y
 mprj/_21972_/X
 mprj/_21973_/X
 mprj/_21974_/Y
 mprj/_21975_/Y
 mprj/_21976_/Y
 mprj/_21977_/X
 mprj/_21978_/X
 mprj/_21979_/Y
 mprj/_21980_/Y
 mprj/_21981_/Y
 mprj/_21982_/X
 mprj/_21983_/X
 mprj/_21984_/Y
 mprj/_21985_/Y
 mprj/_21986_/Y
 mprj/_21987_/Y
 mprj/_21988_/Y
 mprj/_21989_/Y
 mprj/_21990_/X
 mprj/_21991_/Y
 mprj/_21992_/Y
 mprj/_21993_/Y
 mprj/_21994_/Y
 mprj/_21995_/Y
 mprj/_21996_/X
 mprj/_21997_/X
 mprj/_21998_/X
 mprj/_21999_/X
 mprj/_22000_/Y
 mprj/_22001_/X
 mprj/_22002_/Y
 mprj/_22003_/Y
 mprj/_22004_/X
 mprj/_22005_/X
 mprj/_22006_/X
 mprj/_22007_/Y
 mprj/_22008_/X
 mprj/_22009_/X
 mprj/_22010_/Y
 mprj/_22011_/X
 mprj/_22012_/Y
 mprj/_22013_/X
 mprj/_22014_/X
 mprj/_22015_/Y
 mprj/_22016_/Y
 mprj/_22017_/X
 mprj/_22018_/Y
 mprj/_22019_/Y
 mprj/_22020_/Y
 mprj/_22021_/Y
 mprj/_22022_/X
 mprj/_22023_/X
 mprj/_22024_/Y
 mprj/_22025_/Y
 mprj/_22026_/Y
 mprj/_22027_/Y
 mprj/_22028_/Y
 mprj/_22029_/Y
 mprj/_22030_/X
 mprj/_22031_/X
 mprj/_22032_/Y
 mprj/_22033_/X
 mprj/_22034_/X
 mprj/_22035_/Y
 mprj/_22036_/Y
 mprj/_22037_/X
 mprj/_22038_/Y
 mprj/_22039_/Y
 mprj/_22040_/Y
 mprj/_22041_/Y
 mprj/_22042_/Y
 mprj/_22043_/Y
 mprj/_22044_/Y
 mprj/_22045_/Y
 mprj/_22046_/X
 mprj/_22047_/X
 mprj/_22048_/X
 mprj/_22049_/Y
 mprj/_22050_/X
 mprj/_22051_/Y
 mprj/_22052_/Y
 mprj/_22053_/X
 mprj/_22054_/Y
 mprj/_22055_/Y
 mprj/_22056_/Y
 mprj/_22057_/Y
 mprj/_22058_/Y
 mprj/_22059_/Y
 mprj/_22060_/X
 mprj/_22061_/X
 mprj/_22062_/Y
 mprj/_22063_/Y
 mprj/_22064_/X
 mprj/_22065_/X
 mprj/_22066_/X
 mprj/_22067_/X
 mprj/_22068_/Y
 mprj/_22069_/X
 mprj/_22070_/X
 mprj/_22071_/Y
 mprj/_22072_/X
 mprj/_22073_/Y
 mprj/_22074_/X
 mprj/_22075_/X
 mprj/_22076_/Y
 mprj/_22077_/Y
 mprj/_22078_/X
 mprj/_22079_/X
 mprj/_22080_/Y
 mprj/_22081_/Y
 mprj/_22082_/X
 mprj/_22083_/X
 mprj/_22084_/X
 mprj/_22085_/X
 mprj/_22086_/Y
 mprj/_22087_/Y
 mprj/_22088_/X
 mprj/_22089_/X
 mprj/_22090_/X
 mprj/_22091_/X
 mprj/_22092_/Y
 mprj/_22093_/Y
 mprj/_22094_/X
 mprj/_22095_/Y
 mprj/_22096_/Y
 mprj/_22097_/Y
 mprj/_22098_/Y
 mprj/_22099_/Y
 mprj/_22100_/X
 mprj/_22101_/X
 mprj/_22102_/X
 mprj/_22103_/Y
 mprj/_22104_/X
 mprj/_22105_/X
 mprj/_22106_/Y
 mprj/_22107_/Y
 mprj/_22108_/X
 mprj/_22109_/X
 mprj/_22110_/Y
 mprj/_22111_/Y
 mprj/_22112_/X
 mprj/_22113_/Y
 mprj/_22114_/Y
 mprj/_22115_/Y
 mprj/_22116_/X
 mprj/_22117_/Y
 mprj/_22118_/X
 mprj/_22119_/Y
 mprj/_22120_/X
 mprj/_22121_/X
 mprj/_22122_/X
 mprj/_22123_/Y
 mprj/_22124_/Y
 mprj/_22125_/X
 mprj/_22126_/X
 mprj/_22127_/Y
 mprj/_22128_/X
 mprj/_22129_/Y
 mprj/_22130_/Y
 mprj/_22131_/X
 mprj/_22132_/Y
 mprj/_22133_/X
 mprj/_22134_/Y
 mprj/_22135_/Y
 mprj/_22136_/X
 mprj/_22137_/X
 mprj/_22138_/X
 mprj/_22139_/X
 mprj/_22140_/X
 mprj/_22141_/X
 mprj/_22142_/X
 mprj/_22143_/X
 mprj/_22144_/Y
 mprj/_22145_/Y
 mprj/_22146_/Y
 mprj/_22147_/X
 mprj/_22148_/Y
 mprj/_22149_/X
 mprj/_22150_/X
 mprj/_22151_/X
 mprj/_22152_/X
 mprj/_22153_/Y
 mprj/_22154_/Y
 mprj/_22155_/Y
 mprj/_22156_/X
 mprj/_22157_/X
 mprj/_22158_/X
 mprj/_22159_/Y
 mprj/_22160_/X
 mprj/_22161_/X
 mprj/_22162_/X
 mprj/_22163_/Y
 mprj/_22164_/X
 mprj/_22165_/X
 mprj/_22166_/X
 mprj/_22167_/Y
 mprj/_22168_/X
 mprj/_22169_/Y
 mprj/_22170_/X
 mprj/_22171_/Y
 mprj/_22172_/Y
 mprj/_22173_/Y
 mprj/_22174_/Y
 mprj/_22175_/Y
 mprj/_22176_/Y
 mprj/_22177_/Y
 mprj/_22178_/Y
 mprj/_22179_/Y
 mprj/_22180_/X
 mprj/_22181_/X
 mprj/_22182_/X
 mprj/_22183_/Y
 mprj/_22184_/X
 mprj/_22185_/X
 mprj/_22186_/X
 mprj/_22187_/Y
 mprj/_22188_/Y
 mprj/_22189_/X
 mprj/_22190_/X
 mprj/_22191_/X
 mprj/_22192_/Y
 mprj/_22193_/Y
 mprj/_22194_/Y
 mprj/_22195_/Y
 mprj/_22196_/Y
 mprj/_22197_/Y
 mprj/_22198_/Y
 mprj/_22199_/X
 mprj/_22200_/X
 mprj/_22201_/Y
 mprj/_22202_/Y
 mprj/_22203_/Y
 mprj/_22204_/Y
 mprj/_22205_/X
 mprj/_22206_/Y
 mprj/_22207_/Y
 mprj/_22208_/X
 mprj/_22209_/X
 mprj/_22210_/Y
 mprj/_22211_/X
 mprj/_22212_/X
 mprj/_22213_/X
 mprj/_22214_/X
 mprj/_22215_/X
 mprj/_22216_/Y
 mprj/_22217_/Y
 mprj/_22218_/X
 mprj/_22219_/Y
 mprj/_22220_/X
 mprj/_22221_/Y
 mprj/_22222_/Y
 mprj/_22223_/X
 mprj/_22224_/Y
 mprj/_22225_/Y
 mprj/_22226_/Y
 mprj/_22227_/Y
 mprj/_22228_/X
 mprj/_22229_/Y
 mprj/_22230_/Y
 mprj/_22231_/X
 mprj/_22232_/X
 mprj/_22233_/Y
 mprj/_22234_/X
 mprj/_22235_/X
 mprj/_22236_/X
 mprj/_22237_/Y
 mprj/_22238_/Y
 mprj/_22239_/Y
 mprj/_22240_/Y
 mprj/_22241_/X
 mprj/_22242_/Y
 mprj/_22243_/X
 mprj/_22244_/X
 mprj/_22245_/Y
 mprj/_22246_/X
 mprj/_22247_/X
 mprj/_22248_/Y
 mprj/_22249_/Y
 mprj/_22250_/X
 mprj/_22251_/Y
 mprj/_22252_/X
 mprj/_22253_/Y
 mprj/_22254_/Y
 mprj/_22255_/X
 mprj/_22256_/X
 mprj/_22257_/X
 mprj/_22258_/X
 mprj/_22259_/X
 mprj/_22260_/Y
 mprj/_22261_/Y
 mprj/_22262_/X
 mprj/_22263_/Y
 mprj/_22264_/Y
 mprj/_22265_/X
 mprj/_22266_/Y
 mprj/_22267_/Y
 mprj/_22268_/X
 mprj/_22269_/Y
 mprj/_22270_/Y
 mprj/_22271_/X
 mprj/_22272_/Y
 mprj/_22273_/X
 mprj/_22274_/X
 mprj/_22275_/X
 mprj/_22276_/X
 mprj/_22277_/Y
 mprj/_22278_/Y
 mprj/_22279_/Y
 mprj/_22280_/X
 mprj/_22281_/Y
 mprj/_22282_/Y
 mprj/_22283_/Y
 mprj/_22284_/Y
 mprj/_22285_/Y
 mprj/_22286_/Y
 mprj/_22287_/X
 mprj/_22288_/X
 mprj/_22289_/X
 mprj/_22290_/Y
 mprj/_22291_/X
 mprj/_22292_/X
 mprj/_22293_/X
 mprj/_22294_/Y
 mprj/_22295_/X
 mprj/_22296_/Y
 mprj/_22297_/X
 mprj/_22298_/X
 mprj/_22299_/X
 mprj/_22300_/X
 mprj/_22301_/X
 mprj/_22302_/Y
 mprj/_22303_/Y
 mprj/_22304_/Y
 mprj/_22305_/Y
 mprj/_22306_/X
 mprj/_22307_/Y
 mprj/_22308_/Y
 mprj/_22309_/Y
 mprj/_22310_/X
 mprj/_22311_/X
 mprj/_22312_/Y
 mprj/_22313_/Y
 mprj/_22314_/Y
 mprj/_22315_/Y
 mprj/_22316_/X
 mprj/_22317_/X
 mprj/_22318_/Y
 mprj/_22319_/Y
 mprj/_22320_/Y
 mprj/_22321_/X
 mprj/_22322_/X
 mprj/_22323_/Y
 mprj/_22324_/X
 mprj/_22325_/X
 mprj/_22326_/X
 mprj/_22327_/Y
 mprj/_22328_/Y
 mprj/_22329_/X
 mprj/_22330_/X
 mprj/_22331_/X
 mprj/_22332_/X
 mprj/_22333_/X
 mprj/_22334_/X
 mprj/_22335_/Y
 mprj/_22336_/Y
 mprj/_22337_/Y
 mprj/_22338_/Y
 mprj/_22339_/Y
 mprj/_22340_/X
 mprj/_22341_/X
 mprj/_22342_/X
 mprj/_22343_/Y
 mprj/_22344_/Y
 mprj/_22345_/Y
 mprj/_22346_/Y
 mprj/_22347_/X
 mprj/_22348_/Y
 mprj/_22349_/X
 mprj/_22350_/Y
 mprj/_22351_/X
 mprj/_22352_/X
 mprj/_22353_/Y
 mprj/_22354_/X
 mprj/_22355_/X
 mprj/_22356_/Y
 mprj/_22357_/Y
 mprj/_22358_/X
 mprj/_22359_/X
 mprj/_22360_/X
 mprj/_22361_/X
 mprj/_22362_/X
 mprj/_22363_/Y
 mprj/_22364_/X
 mprj/_22365_/Y
 mprj/_22366_/Y
 mprj/_22367_/X
 mprj/_22368_/Y
 mprj/_22369_/Y
 mprj/_22370_/Y
 mprj/_22371_/X
 mprj/_22372_/Y
 mprj/_22373_/X
 mprj/_22374_/Y
 mprj/_22375_/X
 mprj/_22376_/X
 mprj/_22377_/X
 mprj/_22378_/Y
 mprj/_22379_/Y
 mprj/_22380_/Y
 mprj/_22381_/Y
 mprj/_22382_/X
 mprj/_22383_/X
 mprj/_22384_/X
 mprj/_22385_/X
 mprj/_22386_/X
 mprj/_22387_/Y
 mprj/_22388_/Y
 mprj/_22389_/X
 mprj/_22390_/X
 mprj/_22391_/Y
 mprj/_22392_/X
 mprj/_22393_/X
 mprj/_22394_/X
 mprj/_22395_/X
 mprj/_22396_/X
 mprj/_22397_/Y
 mprj/_22398_/X
 mprj/_22399_/X
 mprj/_22400_/X
 mprj/_22401_/X
 mprj/_22402_/X
 mprj/_22403_/X
 mprj/_22404_/X
 mprj/_22405_/X
 mprj/_22406_/Y
 mprj/_22407_/Y
 mprj/_22408_/X
 mprj/_22409_/Y
 mprj/_22410_/Y
 mprj/_22411_/Y
 mprj/_22412_/Y
 mprj/_22413_/Y
 mprj/_22414_/Y
 mprj/_22415_/Y
 mprj/_22416_/X
 mprj/_22417_/Y
 mprj/_22418_/X
 mprj/_22419_/Y
 mprj/_22420_/Y
 mprj/_22421_/X
 mprj/_22422_/Y
 mprj/_22423_/Y
 mprj/_22424_/Y
 mprj/_22425_/Y
 mprj/_22426_/X
 mprj/_22427_/X
 mprj/_22428_/Y
 mprj/_22429_/X
 mprj/_22430_/X
 mprj/_22431_/Y
 mprj/_22432_/X
 mprj/_22433_/Y
 mprj/_22434_/Y
 mprj/_22435_/X
 mprj/_22436_/X
 mprj/_22437_/X
 mprj/_22438_/X
 mprj/_22439_/X
 mprj/_22440_/X
 mprj/_22441_/X
 mprj/_22442_/X
 mprj/_22443_/Y
 mprj/_22444_/X
 mprj/_22445_/X
 mprj/_22446_/Y
 mprj/_22447_/X
 mprj/_22448_/X
 mprj/_22449_/X
 mprj/_22450_/X
 mprj/_22451_/X
 mprj/_22452_/X
 mprj/_22453_/X
 mprj/_22454_/X
 mprj/_22455_/X
 mprj/_22456_/Y
 mprj/_22457_/X
 mprj/_22458_/Y
 mprj/_22459_/Y
 mprj/_22460_/Y
 mprj/_22461_/X
 mprj/_22462_/Y
 mprj/_22463_/X
 mprj/_22464_/X
 mprj/_22465_/X
 mprj/_22466_/Y
 mprj/_22467_/X
 mprj/_22468_/Y
 mprj/_22469_/Y
 mprj/_22470_/Y
 mprj/_22471_/Y
 mprj/_22472_/Y
 mprj/_22473_/X
 mprj/_22474_/X
 mprj/_22475_/Y
 mprj/_22476_/X
 mprj/_22477_/Y
 mprj/_22478_/Y
 mprj/_22479_/Y
 mprj/_22480_/Y
 mprj/_22481_/X
 mprj/_22482_/Y
 mprj/_22483_/Y
 mprj/_22484_/Y
 mprj/_22485_/Y
 mprj/_22486_/Y
 mprj/_22487_/Y
 mprj/_22488_/Y
 mprj/_22489_/Y
 mprj/_22490_/Y
 mprj/_22491_/Y
 mprj/_22492_/Y
 mprj/_22493_/Y
 mprj/_22494_/X
 mprj/_22495_/Y
 mprj/_22496_/Y
 mprj/_22497_/X
 mprj/_22498_/Y
 mprj/_22499_/Y
 mprj/_22500_/X
 mprj/_22501_/X
 mprj/_22502_/Y
 mprj/_22503_/Y
 mprj/_22504_/X
 mprj/_22505_/Y
 mprj/_22506_/X
 mprj/_22507_/X
 mprj/_22508_/Y
 mprj/_22509_/X
 mprj/_22510_/X
 mprj/_22511_/X
 mprj/_22512_/X
 mprj/_22513_/Y
 mprj/_22514_/Y
 mprj/_22515_/X
 mprj/_22516_/Y
 mprj/_22517_/Y
 mprj/_22518_/X
 mprj/_22519_/X
 mprj/_22520_/Y
 mprj/_22521_/Y
 mprj/_22522_/X
 mprj/_22523_/X
 mprj/_22524_/X
 mprj/_22525_/Y
 mprj/_22526_/X
 mprj/_22527_/X
 mprj/_22528_/Y
 mprj/_22529_/Y
 mprj/_22530_/X
 mprj/_22531_/Y
 mprj/_22532_/X
 mprj/_22533_/Y
 mprj/_22534_/X
 mprj/_22535_/X
 mprj/_22536_/Y
 mprj/_22537_/X
 mprj/_22538_/X
 mprj/_22539_/X
 mprj/_22540_/X
 mprj/_22541_/Y
 mprj/_22542_/X
 mprj/_22543_/X
 mprj/_22544_/Y
 mprj/_22545_/X
 mprj/_22546_/Y
 mprj/_22547_/X
 mprj/_22548_/Y
 mprj/_22549_/X
 mprj/_22550_/X
 mprj/_22551_/X
 mprj/_22552_/X
 mprj/_22553_/Y
 mprj/_22554_/Y
 mprj/_22555_/Y
 mprj/_22556_/Y
 mprj/_22557_/Y
 mprj/_22558_/Y
 mprj/_22559_/Y
 mprj/_22560_/Y
 mprj/_22561_/X
 mprj/_22562_/X
 mprj/_22563_/X
 mprj/_22564_/X
 mprj/_22565_/Y
 mprj/_22566_/Y
 mprj/_22567_/X
 mprj/_22568_/Y
 mprj/_22569_/Y
 mprj/_22570_/X
 mprj/_22571_/X
 mprj/_22572_/X
 mprj/_22573_/X
 mprj/_22574_/Y
 mprj/_22575_/Y
 mprj/_22576_/Y
 mprj/_22577_/Y
 mprj/_22578_/Y
 mprj/_22579_/Y
 mprj/_22580_/Y
 mprj/_22581_/Y
 mprj/_22582_/X
 mprj/_22583_/X
 mprj/_22584_/Y
 mprj/_22585_/X
 mprj/_22586_/X
 mprj/_22587_/Y
 mprj/_22588_/Y
 mprj/_22589_/Y
 mprj/_22590_/X
 mprj/_22591_/Y
 mprj/_22592_/Y
 mprj/_22593_/Y
 mprj/_22594_/X
 mprj/_22595_/Y
 mprj/_22596_/Y
 mprj/_22597_/Y
 mprj/_22598_/X
 mprj/_22599_/Y
 mprj/_22600_/X
 mprj/_22601_/X
 mprj/_22602_/Y
 mprj/_22603_/Y
 mprj/_22604_/X
 mprj/_22605_/Y
 mprj/_22606_/X
 mprj/_22607_/X
 mprj/_22608_/Y
 mprj/_22609_/X
 mprj/_22610_/X
 mprj/_22611_/X
 mprj/_22612_/X
 mprj/_22613_/X
 mprj/_22614_/Y
 mprj/_22615_/Y
 mprj/_22616_/Y
 mprj/_22617_/X
 mprj/_22618_/X
 mprj/_22619_/Y
 mprj/_22620_/X
 mprj/_22621_/Y
 mprj/_22622_/X
 mprj/_22623_/X
 mprj/_22624_/X
 mprj/_22625_/X
 mprj/_22626_/X
 mprj/_22627_/X
 mprj/_22628_/X
 mprj/_22629_/X
 mprj/_22630_/X
 mprj/_22631_/Y
 mprj/_22632_/X
 mprj/_22633_/X
 mprj/_22634_/X
 mprj/_22635_/Y
 mprj/_22636_/Y
 mprj/_22637_/Y
 mprj/_22638_/X
 mprj/_22639_/X
 mprj/_22640_/X
 mprj/_22641_/X
 mprj/_22642_/X
 mprj/_22643_/X
 mprj/_22644_/X
 mprj/_22645_/Y
 mprj/_22646_/X
 mprj/_22647_/X
 mprj/_22648_/X
 mprj/_22649_/X
 mprj/_22650_/Y
 mprj/_22651_/X
 mprj/_22652_/X
 mprj/_22653_/Y
 mprj/_22654_/X
 mprj/_22655_/X
 mprj/_22656_/X
 mprj/_22657_/X
 mprj/_22658_/X
 mprj/_22659_/X
 mprj/_22660_/X
 mprj/_22661_/Y
 mprj/_22662_/Y
 mprj/_22663_/Y
 mprj/_22664_/X
 mprj/_22665_/Y
 mprj/_22666_/X
 mprj/_22667_/Y
 mprj/_22668_/X
 mprj/_22669_/X
 mprj/_22670_/Y
 mprj/_22671_/X
 mprj/_22672_/X
 mprj/_22673_/X
 mprj/_22674_/X
 mprj/_22675_/X
 mprj/_22676_/X
 mprj/_22677_/Y
 mprj/_22678_/Y
 mprj/_22679_/X
 mprj/_22680_/X
 mprj/_22681_/X
 mprj/_22682_/Y
 mprj/_22683_/X
 mprj/_22684_/Y
 mprj/_22685_/X
 mprj/_22686_/Y
 mprj/_22687_/Y
 mprj/_22688_/X
 mprj/_22689_/X
 mprj/_22690_/Y
 mprj/_22691_/Y
 mprj/_22692_/Y
 mprj/_22693_/X
 mprj/_22694_/X
 mprj/_22695_/X
 mprj/_22696_/X
 mprj/_22697_/X
 mprj/_22698_/X
 mprj/_22699_/Y
 mprj/_22700_/Y
 mprj/_22701_/X
 mprj/_22702_/Y
 mprj/_22703_/X
 mprj/_22704_/X
 mprj/_22705_/X
 mprj/_22706_/X
 mprj/_22707_/X
 mprj/_22708_/X
 mprj/_22709_/X
 mprj/_22710_/X
 mprj/_22711_/X
 mprj/_22712_/Y
 mprj/_22713_/X
 mprj/_22714_/X
 mprj/_22715_/X
 mprj/_22716_/Y
 mprj/_22717_/X
 mprj/_22718_/X
 mprj/_22719_/Y
 mprj/_22720_/Y
 mprj/_22721_/X
 mprj/_22722_/Y
 mprj/_22723_/Y
 mprj/_22724_/X
 mprj/_22725_/X
 mprj/_22726_/X
 mprj/_22727_/Y
 mprj/_22728_/Y
 mprj/_22729_/X
 mprj/_22730_/X
 mprj/_22731_/X
 mprj/_22732_/Y
 mprj/_22733_/X
 mprj/_22734_/X
 mprj/_22735_/X
 mprj/_22736_/X
 mprj/_22737_/Y
 mprj/_22738_/X
 mprj/_22739_/Y
 mprj/_22740_/Y
 mprj/_22741_/X
 mprj/_22742_/X
 mprj/_22743_/X
 mprj/_22744_/X
 mprj/_22745_/X
 mprj/_22746_/Y
 mprj/_22747_/X
 mprj/_22748_/X
 mprj/_22749_/Y
 mprj/_22750_/X
 mprj/_22751_/X
 mprj/_22752_/Y
 mprj/_22753_/X
 mprj/_22754_/X
 mprj/_22755_/Y
 mprj/_22756_/X
 mprj/_22757_/X
 mprj/_22758_/X
 mprj/_22759_/X
 mprj/_22760_/Y
 mprj/_22761_/X
 mprj/_22762_/X
 mprj/_22763_/X
 mprj/_22764_/X
 mprj/_22765_/Y
 mprj/_22766_/X
 mprj/_22767_/X
 mprj/_22768_/X
 mprj/_22769_/X
 mprj/_22770_/Y
 mprj/_22771_/X
 mprj/_22772_/X
 mprj/_22773_/Y
 mprj/_22774_/X
 mprj/_22775_/Y
 mprj/_22776_/Y
 mprj/_22777_/Y
 mprj/_22778_/Y
 mprj/_22779_/Y
 mprj/_22780_/Y
 mprj/_22781_/X
 mprj/_22782_/X
 mprj/_22783_/Y
 mprj/_22784_/Y
 mprj/_22785_/Y
 mprj/_22786_/Y
 mprj/_22787_/X
 mprj/_22788_/Y
 mprj/_22789_/Y
 mprj/_22790_/X
 mprj/_22791_/X
 mprj/_22792_/Y
 mprj/_22793_/X
 mprj/_22794_/X
 mprj/_22795_/Y
 mprj/_22796_/Y
 mprj/_22797_/X
 mprj/_22798_/Y
 mprj/_22799_/X
 mprj/_22800_/X
 mprj/_22801_/Y
 mprj/_22802_/Y
 mprj/_22803_/X
 mprj/_22804_/X
 mprj/_22805_/X
 mprj/_22806_/X
 mprj/_22807_/Y
 mprj/_22808_/Y
 mprj/_22809_/X
 mprj/_22810_/X
 mprj/_22811_/X
 mprj/_22812_/Y
 mprj/_22813_/Y
 mprj/_22814_/X
 mprj/_22815_/Y
 mprj/_22816_/X
 mprj/_22817_/Y
 mprj/_22818_/Y
 mprj/_22819_/X
 mprj/_22820_/X
 mprj/_22821_/X
 mprj/_22822_/X
 mprj/_22823_/Y
 mprj/_22824_/Y
 mprj/_22825_/X
 mprj/_22826_/X
 mprj/_22827_/Y
 mprj/_22828_/X
 mprj/_22829_/Y
 mprj/_22830_/Y
 mprj/_22831_/X
 mprj/_22832_/Y
 mprj/_22833_/X
 mprj/_22834_/Y
 mprj/_22835_/X
 mprj/_22836_/X
 mprj/_22837_/X
 mprj/_22838_/Y
 mprj/_22839_/Y
 mprj/_22840_/Y
 mprj/_22841_/X
 mprj/_22842_/X
 mprj/_22843_/X
 mprj/_22844_/Y
 mprj/_22845_/X
 mprj/_22846_/X
 mprj/_22847_/X
 mprj/_22848_/X
 mprj/_22849_/X
 mprj/_22850_/Y
 mprj/_22851_/Y
 mprj/_22852_/X
 mprj/_22853_/X
 mprj/_22854_/Y
 mprj/_22855_/Y
 mprj/_22856_/X
 mprj/_22857_/X
 mprj/_22858_/Y
 mprj/_22859_/Y
 mprj/_22860_/X
 mprj/_22861_/X
 mprj/_22862_/X
 mprj/_22863_/X
 mprj/_22864_/X
 mprj/_22865_/X
 mprj/_22866_/X
 mprj/_22867_/X
 mprj/_22868_/Y
 mprj/_22869_/X
 mprj/_22870_/Y
 mprj/_22871_/Y
 mprj/_22872_/Y
 mprj/_22873_/X
 mprj/_22874_/Y
 mprj/_22875_/X
 mprj/_22876_/X
 mprj/_22877_/Y
 mprj/_22878_/X
 mprj/_22879_/X
 mprj/_22880_/Y
 mprj/_22881_/Y
 mprj/_22882_/X
 mprj/_22883_/Y
 mprj/_22884_/X
 mprj/_22885_/X
 mprj/_22886_/X
 mprj/_22887_/X
 mprj/_22888_/X
 mprj/_22889_/Y
 mprj/_22890_/Y
 mprj/_22891_/X
 mprj/_22892_/X
 mprj/_22893_/X
 mprj/_22894_/X
 mprj/_22895_/X
 mprj/_22896_/X
 mprj/_22897_/Y
 mprj/_22898_/X
 mprj/_22899_/X
 mprj/_22900_/Y
 mprj/_22901_/X
 mprj/_22902_/X
 mprj/_22903_/X
 mprj/_22904_/X
 mprj/_22905_/Y
 mprj/_22906_/X
 mprj/_22907_/X
 mprj/_22908_/X
 mprj/_22909_/X
 mprj/_22910_/Y
 mprj/_22911_/X
 mprj/_22912_/X
 mprj/_22913_/X
 mprj/_22914_/Y
 mprj/_22915_/Y
 mprj/_22916_/X
 mprj/_22917_/Y
 mprj/_22918_/Y
 mprj/_22919_/X
 mprj/_22920_/Y
 mprj/_22921_/Y
 mprj/_22922_/X
 mprj/_22923_/X
 mprj/_22924_/Y
 mprj/_22925_/X
 mprj/_22926_/X
 mprj/_22927_/Y
 mprj/_22928_/Y
 mprj/_22929_/X
 mprj/_22930_/X
 mprj/_22931_/X
 mprj/_22932_/X
 mprj/_22933_/Y
 mprj/_22934_/X
 mprj/_22935_/X
 mprj/_22936_/X
 mprj/_22937_/X
 mprj/_22938_/X
 mprj/_22939_/X
 mprj/_22940_/X
 mprj/_22941_/X
 mprj/_22942_/X
 mprj/_22943_/X
 mprj/_22944_/Y
 mprj/_22945_/X
 mprj/_22946_/X
 mprj/_22947_/X
 mprj/_22948_/X
 mprj/_22949_/X
 mprj/_22950_/X
 mprj/_22951_/X
 mprj/_22952_/Y
 mprj/_22953_/X
 mprj/_22954_/X
 mprj/_22955_/X
 mprj/_22956_/Y
 mprj/_22957_/Y
 mprj/_22958_/Y
 mprj/_22959_/Y
 mprj/_22960_/X
 mprj/_22961_/X
 mprj/_22962_/X
 mprj/_22963_/Y
 mprj/_22964_/Y
 mprj/_22965_/X
 mprj/_22966_/X
 mprj/_22967_/X
 mprj/_22968_/X
 mprj/_22969_/X
 mprj/_22970_/X
 mprj/_22971_/X
 mprj/_22972_/X
 mprj/_22973_/X
 mprj/_22974_/Y
 mprj/_22975_/Y
 mprj/_22976_/Y
 mprj/_22977_/X
 mprj/_22978_/X
 mprj/_22979_/X
 mprj/_22980_/Y
 mprj/_22981_/Y
 mprj/_22982_/X
 mprj/_22983_/Y
 mprj/_22984_/X
 mprj/_22985_/Y
 mprj/_22986_/X
 mprj/_22987_/Y
 mprj/_22988_/X
 mprj/_22989_/X
 mprj/_22990_/X
 mprj/_22991_/X
 mprj/_22992_/X
 mprj/_22993_/X
 mprj/_22994_/X
 mprj/_22995_/X
 mprj/_22996_/X
 mprj/_22997_/Y
 mprj/_22998_/X
 mprj/_22999_/Y
 mprj/_23000_/X
 mprj/_23001_/X
 mprj/_23002_/X
 mprj/_23003_/X
 mprj/_23004_/X
 mprj/_23005_/X
 mprj/_23006_/X
 mprj/_23007_/Y
 mprj/_23008_/X
 mprj/_23009_/Y
 mprj/_23010_/Y
 mprj/_23011_/Y
 mprj/_23012_/Y
 mprj/_23013_/Y
 mprj/_23014_/X
 mprj/_23015_/X
 mprj/_23016_/X
 mprj/_23017_/X
 mprj/_23018_/Y
 mprj/_23019_/X
 mprj/_23020_/Y
 mprj/_23021_/Y
 mprj/_23022_/X
 mprj/_23023_/X
 mprj/_23024_/X
 mprj/_23025_/Y
 mprj/_23026_/X
 mprj/_23027_/Y
 mprj/_23028_/X
 mprj/_23029_/X
 mprj/_23030_/X
 mprj/_23031_/Y
 mprj/_23032_/X
 mprj/_23033_/X
 mprj/_23034_/Y
 mprj/_23035_/X
 mprj/_23036_/X
 mprj/_23037_/X
 mprj/_23038_/X
 mprj/_23039_/Y
 mprj/_23040_/Y
 mprj/_23041_/X
 mprj/_23042_/Y
 mprj/_23043_/Y
 mprj/_23044_/X
 mprj/_23045_/X
 mprj/_23046_/X
 mprj/_23047_/X
 mprj/_23048_/Y
 mprj/_23049_/Y
 mprj/_23050_/Y
 mprj/_23051_/X
 mprj/_23052_/X
 mprj/_23053_/X
 mprj/_23054_/Y
 mprj/_23055_/Y
 mprj/_23056_/X
 mprj/_23057_/X
 mprj/_23058_/Y
 mprj/_23059_/X
 mprj/_23060_/Y
 mprj/_23061_/X
 mprj/_23062_/Y
 mprj/_23063_/Y
 mprj/_23064_/X
 mprj/_23065_/X
 mprj/_23066_/Y
 mprj/_23067_/X
 mprj/_23068_/X
 mprj/_23069_/X
 mprj/_23070_/X
 mprj/_23071_/Y
 mprj/_23072_/X
 mprj/_23073_/Y
 mprj/_23074_/Y
 mprj/_23075_/X
 mprj/_23076_/Y
 mprj/_23077_/X
 mprj/_23078_/Y
 mprj/_23079_/Y
 mprj/_23080_/Y
 mprj/_23081_/Y
 mprj/_23082_/X
 mprj/_23083_/Y
 mprj/_23084_/X
 mprj/_23085_/Y
 mprj/_23086_/X
 mprj/_23087_/X
 mprj/_23088_/X
 mprj/_23089_/Y
 mprj/_23090_/Y
 mprj/_23091_/Y
 mprj/_23092_/Y
 mprj/_23093_/X
 mprj/_23094_/X
 mprj/_23095_/Y
 mprj/_23096_/X
 mprj/_23097_/Y
 mprj/_23098_/Y
 mprj/_23099_/Y
 mprj/_23100_/Y
 mprj/_23101_/Y
 mprj/_23102_/Y
 mprj/_23103_/X
 mprj/_23104_/Y
 mprj/_23105_/X
 mprj/_23106_/X
 mprj/_23107_/X
 mprj/_23108_/X
 mprj/_23109_/Y
 mprj/_23110_/Y
 mprj/_23111_/Y
 mprj/_23112_/X
 mprj/_23113_/Y
 mprj/_23114_/Y
 mprj/_23115_/X
 mprj/_23116_/Y
 mprj/_23117_/X
 mprj/_23118_/Y
 mprj/_23119_/Y
 mprj/_23120_/Y
 mprj/_23121_/X
 mprj/_23122_/X
 mprj/_23123_/Y
 mprj/_23124_/Y
 mprj/_23125_/Y
 mprj/_23126_/X
 mprj/_23127_/Y
 mprj/_23128_/Y
 mprj/_23129_/X
 mprj/_23130_/Y
 mprj/_23131_/X
 mprj/_23132_/X
 mprj/_23133_/Y
 mprj/_23134_/Y
 mprj/_23135_/Y
 mprj/_23136_/Y
 mprj/_23137_/X
 mprj/_23138_/X
 mprj/_23139_/X
 mprj/_23140_/X
 mprj/_23141_/Y
 mprj/_23142_/X
 mprj/_23143_/X
 mprj/_23144_/Y
 mprj/_23145_/Y
 mprj/_23146_/Y
 mprj/_23147_/Y
 mprj/_23148_/Y
 mprj/_23149_/Y
 mprj/_23150_/Y
 mprj/_23151_/X
 mprj/_23152_/Y
 mprj/_23153_/Y
 mprj/_23154_/Y
 mprj/_23155_/X
 mprj/_23156_/X
 mprj/_23157_/Y
 mprj/_23158_/X
 mprj/_23159_/X
 mprj/_23160_/X
 mprj/_23161_/X
 mprj/_23162_/Y
 mprj/_23163_/Y
 mprj/_23164_/X
 mprj/_23165_/Y
 mprj/_23166_/X
 mprj/_23167_/X
 mprj/_23168_/Y
 mprj/_23169_/X
 mprj/_23170_/Y
 mprj/_23171_/X
 mprj/_23172_/Y
 mprj/_23173_/X
 mprj/_23174_/Y
 mprj/_23175_/Y
 mprj/_23176_/X
 mprj/_23177_/Y
 mprj/_23178_/Y
 mprj/_23179_/Y
 mprj/_23180_/Y
 mprj/_23181_/X
 mprj/_23182_/Y
 mprj/_23183_/Y
 mprj/_23184_/Y
 mprj/_23185_/Y
 mprj/_23186_/Y
 mprj/_23187_/X
 mprj/_23188_/X
 mprj/_23189_/Y
 mprj/_23190_/Y
 mprj/_23191_/Y
 mprj/_23192_/Y
 mprj/_23193_/Y
 mprj/_23194_/Y
 mprj/_23195_/X
 mprj/_23196_/X
 mprj/_23197_/X
 mprj/_23198_/Y
 mprj/_23199_/Y
 mprj/_23200_/X
 mprj/_23201_/Y
 mprj/_23202_/X
 mprj/_23203_/X
 mprj/_23204_/X
 mprj/_23205_/X
 mprj/_23206_/Y
 mprj/_23207_/X
 mprj/_23208_/X
 mprj/_23209_/Y
 mprj/_23210_/Y
 mprj/_23211_/X
 mprj/_23212_/Y
 mprj/_23213_/Y
 mprj/_23214_/Y
 mprj/_23215_/Y
 mprj/_23216_/X
 mprj/_23217_/X
 mprj/_23218_/X
 mprj/_23219_/X
 mprj/_23220_/X
 mprj/_23221_/Y
 mprj/_23222_/Y
 mprj/_23223_/X
 mprj/_23224_/Y
 mprj/_23225_/Y
 mprj/_23226_/X
 mprj/_23227_/X
 mprj/_23228_/X
 mprj/_23229_/X
 mprj/_23230_/Y
 mprj/_23231_/Y
 mprj/_23232_/X
 mprj/_23233_/Y
 mprj/_23234_/Y
 mprj/_23235_/Y
 mprj/_23236_/Y
 mprj/_23237_/X
 mprj/_23238_/X
 mprj/_23239_/Y
 mprj/_23240_/Y
 mprj/_23241_/X
 mprj/_23242_/X
 mprj/_23243_/X
 mprj/_23244_/Y
 mprj/_23245_/Y
 mprj/_23246_/X
 mprj/_23247_/X
 mprj/_23248_/Y
 mprj/_23249_/Y
 mprj/_23250_/Y
 mprj/_23251_/X
 mprj/_23252_/X
 mprj/_23253_/Y
 mprj/_23254_/X
 mprj/_23255_/X
 mprj/_23256_/Y
 mprj/_23257_/Y
 mprj/_23258_/Y
 mprj/_23259_/Y
 mprj/_23260_/Y
 mprj/_23261_/Y
 mprj/_23262_/Y
 mprj/_23263_/Y
 mprj/_23264_/X
 mprj/_23265_/X
 mprj/_23266_/Y
 mprj/_23267_/Y
 mprj/_23268_/X
 mprj/_23269_/X
 mprj/_23270_/X
 mprj/_23271_/X
 mprj/_23272_/X
 mprj/_23273_/Y
 mprj/_23274_/X
 mprj/_23275_/Y
 mprj/_23276_/X
 mprj/_23277_/X
 mprj/_23278_/X
 mprj/_23279_/X
 mprj/_23280_/X
 mprj/_23281_/X
 mprj/_23282_/X
 mprj/_23283_/X
 mprj/_23284_/X
 mprj/_23285_/X
 mprj/_23286_/X
 mprj/_23287_/X
 mprj/_23288_/X
 mprj/_23289_/X
 mprj/_23290_/Y
 mprj/_23291_/X
 mprj/_23292_/Y
 mprj/_23293_/X
 mprj/_23294_/X
 mprj/_23295_/Y
 mprj/_23296_/X
 mprj/_23297_/X
 mprj/_23298_/X
 mprj/_23299_/X
 mprj/_23300_/X
 mprj/_23301_/X
 mprj/_23302_/Y
 mprj/_23303_/Y
 mprj/_23304_/X
 mprj/_23305_/X
 mprj/_23306_/Y
 mprj/_23307_/Y
 mprj/_23308_/X
 mprj/_23309_/Y
 mprj/_23310_/X
 mprj/_23311_/X
 mprj/_23312_/X
 mprj/_23313_/Y
 mprj/_23314_/X
 mprj/_23315_/Y
 mprj/_23316_/Y
 mprj/_23317_/X
 mprj/_23318_/Y
 mprj/_23319_/Y
 mprj/_23320_/X
 mprj/_23321_/X
 mprj/_23322_/Y
 mprj/_23323_/Y
 mprj/_23324_/Y
 mprj/_23325_/X
 mprj/_23326_/Y
 mprj/_23327_/X
 mprj/_23328_/X
 mprj/_23329_/X
 mprj/_23330_/X
 mprj/_23331_/X
 mprj/_23332_/Y
 mprj/_23333_/Y
 mprj/_23334_/X
 mprj/_23335_/X
 mprj/_23336_/Y
 mprj/_23337_/X
 mprj/_23338_/X
 mprj/_23339_/Y
 mprj/_23340_/X
 mprj/_23341_/Y
 mprj/_23342_/Y
 mprj/_23343_/Y
 mprj/_23344_/Y
 mprj/_23345_/X
 mprj/_23346_/X
 mprj/_23347_/Y
 mprj/_23348_/Y
 mprj/_23349_/Y
 mprj/_23350_/X
 mprj/_23351_/X
 mprj/_23352_/X
 mprj/_23353_/Y
 mprj/_23354_/Y
 mprj/_23355_/Y
 mprj/_23356_/X
 mprj/_23357_/X
 mprj/_23358_/X
 mprj/_23359_/X
 mprj/_23360_/X
 mprj/_23361_/Y
 mprj/_23362_/X
 mprj/_23363_/X
 mprj/_23364_/Y
 mprj/_23365_/X
 mprj/_23366_/X
 mprj/_23367_/X
 mprj/_23368_/X
 mprj/_23369_/Y
 mprj/_23370_/Y
 mprj/_23371_/Y
 mprj/_23372_/Y
 mprj/_23373_/X
 mprj/_23374_/X
 mprj/_23375_/Y
 mprj/_23376_/X
 mprj/_23377_/X
 mprj/_23378_/X
 mprj/_23379_/X
 mprj/_23380_/X
 mprj/_23381_/Y
 mprj/_23382_/X
 mprj/_23383_/Y
 mprj/_23384_/X
 mprj/_23385_/X
 mprj/_23386_/Y
 mprj/_23387_/Y
 mprj/_23388_/X
 mprj/_23389_/X
 mprj/_23390_/X
 mprj/_23391_/X
 mprj/_23392_/X
 mprj/_23393_/Y
 mprj/_23394_/Y
 mprj/_23395_/X
 mprj/_23396_/X
 mprj/_23397_/Y
 mprj/_23398_/Y
 mprj/_23399_/X
 mprj/_23400_/Y
 mprj/_23401_/X
 mprj/_23402_/Y
 mprj/_23403_/Y
 mprj/_23404_/Y
 mprj/_23405_/X
 mprj/_23406_/X
 mprj/_23407_/Y
 mprj/_23408_/Y
 mprj/_23409_/X
 mprj/_23410_/Y
 mprj/_23411_/Y
 mprj/_23412_/X
 mprj/_23413_/X
 mprj/_23414_/Y
 mprj/_23415_/X
 mprj/_23416_/X
 mprj/_23417_/X
 mprj/_23418_/X
 mprj/_23419_/Y
 mprj/_23420_/Y
 mprj/_23421_/X
 mprj/_23422_/X
 mprj/_23423_/X
 mprj/_23424_/Y
 mprj/_23425_/Y
 mprj/_23426_/Y
 mprj/_23427_/Y
 mprj/_23428_/Y
 mprj/_23429_/X
 mprj/_23430_/X
 mprj/_23431_/Y
 mprj/_23432_/X
 mprj/_23433_/X
 mprj/_23434_/X
 mprj/_23435_/Y
 mprj/_23436_/Y
 mprj/_23437_/X
 mprj/_23438_/X
 mprj/_23439_/Y
 mprj/_23440_/X
 mprj/_23441_/X
 mprj/_23442_/Y
 mprj/_23443_/X
 mprj/_23444_/Y
 mprj/_23445_/Y
 mprj/_23446_/Y
 mprj/_23447_/Y
 mprj/_23448_/Y
 mprj/_23449_/X
 mprj/_23450_/X
 mprj/_23451_/X
 mprj/_23452_/X
 mprj/_23453_/X
 mprj/_23454_/Y
 mprj/_23455_/X
 mprj/_23456_/Y
 mprj/_23457_/X
 mprj/_23458_/X
 mprj/_23459_/X
 mprj/_23460_/Y
 mprj/_23461_/Y
 mprj/_23462_/Y
 mprj/_23463_/Y
 mprj/_23464_/Y
 mprj/_23465_/X
 mprj/_23466_/X
 mprj/_23467_/Y
 mprj/_23468_/X
 mprj/_23469_/X
 mprj/_23470_/Y
 mprj/_23471_/X
 mprj/_23472_/Y
 mprj/_23473_/X
 mprj/_23474_/X
 mprj/_23475_/X
 mprj/_23476_/Y
 mprj/_23477_/X
 mprj/_23478_/X
 mprj/_23479_/Y
 mprj/_23480_/X
 mprj/_23481_/Y
 mprj/_23482_/Y
 mprj/_23483_/X
 mprj/_23484_/X
 mprj/_23485_/X
 mprj/_23486_/Y
 mprj/_23487_/X
 mprj/_23488_/Y
 mprj/_23489_/X
 mprj/_23490_/X
 mprj/_23491_/X
 mprj/_23492_/X
 mprj/_23493_/Y
 mprj/_23494_/X
 mprj/_23495_/X
 mprj/_23496_/X
 mprj/_23497_/Y
 mprj/_23498_/Y
 mprj/_23499_/X
 mprj/_23500_/Y
 mprj/_23501_/X
 mprj/_23502_/X
 mprj/_23503_/X
 mprj/_23504_/X
 mprj/_23505_/Y
 mprj/_23506_/X
 mprj/_23507_/X
 mprj/_23508_/Y
 mprj/_23509_/Y
 mprj/_23510_/X
 mprj/_23511_/X
 mprj/_23512_/X
 mprj/_23513_/X
 mprj/_23514_/Y
 mprj/_23515_/X
 mprj/_23516_/Y
 mprj/_23517_/Y
 mprj/_23518_/X
 mprj/_23519_/Y
 mprj/_23520_/X
 mprj/_23521_/X
 mprj/_23522_/Y
 mprj/_23523_/X
 mprj/_23524_/Y
 mprj/_23525_/X
 mprj/_23526_/X
 mprj/_23527_/X
 mprj/_23528_/Y
 mprj/_23529_/X
 mprj/_23530_/Y
 mprj/_23531_/X
 mprj/_23532_/X
 mprj/_23533_/X
 mprj/_23534_/X
 mprj/_23535_/X
 mprj/_23536_/X
 mprj/_23537_/Y
 mprj/_23538_/X
 mprj/_23539_/X
 mprj/_23540_/Y
 mprj/_23541_/Y
 mprj/_23542_/X
 mprj/_23543_/X
 mprj/_23544_/X
 mprj/_23545_/Y
 mprj/_23546_/X
 mprj/_23547_/Y
 mprj/_23548_/X
 mprj/_23549_/X
 mprj/_23550_/Y
 mprj/_23551_/X
 mprj/_23552_/X
 mprj/_23553_/X
 mprj/_23554_/X
 mprj/_23555_/X
 mprj/_23556_/Y
 mprj/_23557_/Y
 mprj/_23558_/X
 mprj/_23559_/Y
 mprj/_23560_/Y
 mprj/_23561_/X
 mprj/_23562_/X
 mprj/_23563_/X
 mprj/_23564_/X
 mprj/_23565_/Y
 mprj/_23566_/X
 mprj/_23567_/X
 mprj/_23568_/Y
 mprj/_23569_/X
 mprj/_23570_/X
 mprj/_23571_/X
 mprj/_23572_/X
 mprj/_23573_/X
 mprj/_23574_/X
 mprj/_23575_/X
 mprj/_23576_/Y
 mprj/_23577_/X
 mprj/_23578_/X
 mprj/_23579_/X
 mprj/_23580_/X
 mprj/_23581_/Y
 mprj/_23582_/Y
 mprj/_23583_/X
 mprj/_23584_/X
 mprj/_23585_/X
 mprj/_23586_/X
 mprj/_23587_/X
 mprj/_23588_/X
 mprj/_23589_/Y
 mprj/_23590_/X
 mprj/_23591_/X
 mprj/_23592_/X
 mprj/_23593_/X
 mprj/_23594_/X
 mprj/_23595_/X
 mprj/_23596_/Y
 mprj/_23597_/X
 mprj/_23598_/Y
 mprj/_23599_/X
 mprj/_23600_/X
 mprj/_23601_/Y
 mprj/_23602_/X
 mprj/_23603_/X
 mprj/_23604_/X
 mprj/_23605_/X
 mprj/_23606_/X
 mprj/_23607_/X
 mprj/_23608_/X
 mprj/_23609_/X
 mprj/_23610_/Y
 mprj/_23611_/X
 mprj/_23612_/X
 mprj/_23613_/X
 mprj/_23614_/X
 mprj/_23615_/X
 mprj/_23616_/X
 mprj/_23617_/X
 mprj/_23618_/X
 mprj/_23619_/X
 mprj/_23620_/Y
 mprj/_23621_/Y
 mprj/_23622_/X
 mprj/_23623_/X
 mprj/_23624_/X
 mprj/_23625_/X
 mprj/_23626_/X
 mprj/_23627_/X
 mprj/_23628_/Y
 mprj/_23629_/X
 mprj/_23630_/X
 mprj/_23631_/X
 mprj/_23632_/X
 mprj/_23633_/X
 mprj/_23634_/Y
 mprj/_23635_/Y
 mprj/_23636_/Y
 mprj/_23637_/X
 mprj/_23638_/X
 mprj/_23639_/Y
 mprj/_23640_/X
 mprj/_23641_/Y
 mprj/_23642_/X
 mprj/_23643_/X
 mprj/_23644_/X
 mprj/_23645_/Y
 mprj/_23646_/Y
 mprj/_23647_/X
 mprj/_23648_/X
 mprj/_23649_/X
 mprj/_23650_/Y
 mprj/_23651_/X
 mprj/_23652_/Y
 mprj/_23653_/X
 mprj/_23654_/Y
 mprj/_23655_/X
 mprj/_23656_/X
 mprj/_23657_/Y
 mprj/_23658_/X
 mprj/_23659_/X
 mprj/_23660_/X
 mprj/_23661_/X
 mprj/_23662_/Y
 mprj/_23663_/Y
 mprj/_23664_/X
 mprj/_23665_/X
 mprj/_23666_/X
 mprj/_23667_/Y
 mprj/_23668_/X
 mprj/_23669_/Y
 mprj/_23670_/Y
 mprj/_23671_/X
 mprj/_23672_/X
 mprj/_23673_/Y
 mprj/_23674_/Y
 mprj/_23675_/Y
 mprj/_23676_/X
 mprj/_23677_/X
 mprj/_23678_/X
 mprj/_23679_/X
 mprj/_23680_/Y
 mprj/_23681_/X
 mprj/_23682_/X
 mprj/_23683_/Y
 mprj/_23684_/X
 mprj/_23685_/Y
 mprj/_23686_/X
 mprj/_23687_/Y
 mprj/_23688_/Y
 mprj/_23689_/X
 mprj/_23690_/X
 mprj/_23691_/X
 mprj/_23692_/Y
 mprj/_23693_/X
 mprj/_23694_/X
 mprj/_23695_/X
 mprj/_23696_/X
 mprj/_23697_/X
 mprj/_23698_/Y
 mprj/_23699_/X
 mprj/_23700_/Y
 mprj/_23701_/X
 mprj/_23702_/X
 mprj/_23703_/Y
 mprj/_23704_/Y
 mprj/_23705_/Y
 mprj/_23706_/Y
 mprj/_23707_/X
 mprj/_23708_/X
 mprj/_23709_/X
 mprj/_23710_/X
 mprj/_23711_/X
 mprj/_23712_/Y
 mprj/_23713_/X
 mprj/_23714_/X
 mprj/_23715_/Y
 mprj/_23716_/X
 mprj/_23717_/Y
 mprj/_23718_/X
 mprj/_23719_/X
 mprj/_23720_/X
 mprj/_23721_/Y
 mprj/_23722_/Y
 mprj/_23723_/X
 mprj/_23724_/X
 mprj/_23725_/X
 mprj/_23726_/Y
 mprj/_23727_/X
 mprj/_23728_/X
 mprj/_23729_/X
 mprj/_23730_/X
 mprj/_23731_/X
 mprj/_23732_/Y
 mprj/_23733_/X
 mprj/_23734_/Y
 mprj/_23735_/X
 mprj/_23736_/Y
 mprj/_23737_/X
 mprj/_23738_/Y
 mprj/_23739_/X
 mprj/_23740_/Y
 mprj/_23741_/Y
 mprj/_23742_/X
 mprj/_23743_/X
 mprj/_23744_/X
 mprj/_23745_/Y
 mprj/_23746_/Y
 mprj/_23747_/X
 mprj/_23748_/Y
 mprj/_23749_/Y
 mprj/_23750_/X
 mprj/_23751_/Y
 mprj/_23752_/X
 mprj/_23753_/Y
 mprj/_23754_/X
 mprj/_23755_/X
 mprj/_23756_/X
 mprj/_23757_/Y
 mprj/_23758_/X
 mprj/_23759_/X
 mprj/_23760_/Y
 mprj/_23761_/X
 mprj/_23762_/X
 mprj/_23763_/X
 mprj/_23764_/X
 mprj/_23765_/Y
 mprj/_23766_/X
 mprj/_23767_/X
 mprj/_23768_/X
 mprj/_23769_/Y
 mprj/_23770_/X
 mprj/_23771_/X
 mprj/_23772_/X
 mprj/_23773_/Y
 mprj/_23774_/X
 mprj/_23775_/X
 mprj/_23776_/Y
 mprj/_23777_/X
 mprj/_23778_/Y
 mprj/_23779_/X
 mprj/_23780_/Y
 mprj/_23781_/Y
 mprj/_23782_/Y
 mprj/_23783_/X
 mprj/_23784_/X
 mprj/_23785_/X
 mprj/_23786_/X
 mprj/_23787_/X
 mprj/_23788_/Y
 mprj/_23789_/Y
 mprj/_23790_/X
 mprj/_23791_/X
 mprj/_23792_/X
 mprj/_23793_/X
 mprj/_23794_/Y
 mprj/_23795_/X
 mprj/_23796_/X
 mprj/_23797_/X
 mprj/_23798_/Y
 mprj/_23799_/X
 mprj/_23800_/X
 mprj/_23801_/X
 mprj/_23802_/Y
 mprj/_23803_/Y
 mprj/_23804_/X
 mprj/_23805_/X
 mprj/_23806_/Y
 mprj/_23807_/X
 mprj/_23808_/X
 mprj/_23809_/X
 mprj/_23810_/X
 mprj/_23811_/Y
 mprj/_23812_/X
 mprj/_23813_/X
 mprj/_23814_/X
 mprj/_23815_/X
 mprj/_23816_/X
 mprj/_23817_/Y
 mprj/_23818_/X
 mprj/_23819_/X
 mprj/_23820_/X
 mprj/_23821_/Y
 mprj/_23822_/Y
 mprj/_23823_/Y
 mprj/_23824_/X
 mprj/_23825_/X
 mprj/_23826_/X
 mprj/_23827_/Y
 mprj/_23828_/X
 mprj/_23829_/X
 mprj/_23830_/X
 mprj/_23831_/X
 mprj/_23832_/X
 mprj/_23833_/X
 mprj/_23834_/Y
 mprj/_23835_/X
 mprj/_23836_/X
 mprj/_23837_/X
 mprj/_23838_/X
 mprj/_23839_/X
 mprj/_23840_/X
 mprj/_23841_/X
 mprj/_23842_/X
 mprj/_23843_/Y
 mprj/_23844_/X
 mprj/_23845_/X
 mprj/_23846_/X
 mprj/_23847_/X
 mprj/_23848_/Y
 mprj/_23849_/X
 mprj/_23850_/X
 mprj/_23851_/Y
 mprj/_23852_/X
 mprj/_23853_/Y
 mprj/_23854_/Y
 mprj/_23855_/X
 mprj/_23856_/X
 mprj/_23857_/Y
 mprj/_23858_/Y
 mprj/_23859_/Y
 mprj/_23860_/X
 mprj/_23861_/Y
 mprj/_23862_/X
 mprj/_23863_/X
 mprj/_23864_/Y
 mprj/_23865_/X
 mprj/_23866_/X
 mprj/_23867_/X
 mprj/_23868_/X
 mprj/_23869_/X
 mprj/_23870_/X
 mprj/_23871_/X
 mprj/_23872_/X
 mprj/_23873_/X
 mprj/_23874_/X
 mprj/_23875_/X
 mprj/_23876_/Y
 mprj/_23877_/X
 mprj/_23878_/X
 mprj/_23879_/X
 mprj/_23880_/Y
 mprj/_23881_/Y
 mprj/_23882_/Y
 mprj/_23883_/X
 mprj/_23884_/X
 mprj/_23885_/X
 mprj/_23886_/X
 mprj/_23887_/Y
 mprj/_23888_/X
 mprj/_23889_/X
 mprj/_23890_/X
 mprj/_23891_/X
 mprj/_23892_/X
 mprj/_23893_/X
 mprj/_23894_/Y
 mprj/_23895_/X
 mprj/_23896_/Y
 mprj/_23897_/X
 mprj/_23898_/X
 mprj/_23899_/X
 mprj/_23900_/X
 mprj/_23901_/X
 mprj/_23902_/X
 mprj/_23903_/X
 mprj/_23904_/X
 mprj/_23905_/X
 mprj/_23906_/Y
 mprj/_23907_/Y
 mprj/_23908_/X
 mprj/_23909_/X
 mprj/_23910_/X
 mprj/_23911_/X
 mprj/_23912_/Y
 mprj/_23913_/Y
 mprj/_23914_/X
 mprj/_23915_/X
 mprj/_23916_/X
 mprj/_23917_/X
 mprj/_23918_/X
 mprj/_23919_/Y
 mprj/_23920_/Y
 mprj/_23921_/X
 mprj/_23922_/X
 mprj/_23923_/X
 mprj/_23924_/X
 mprj/_23925_/X
 mprj/_23926_/Y
 mprj/_23927_/X
 mprj/_23928_/X
 mprj/_23929_/X
 mprj/_23930_/Y
 mprj/_23931_/Y
 mprj/_23932_/X
 mprj/_23933_/Y
 mprj/_23934_/X
 mprj/_23935_/X
 mprj/_23936_/Y
 mprj/_23937_/Y
 mprj/_23938_/X
 mprj/_23939_/X
 mprj/_23940_/Y
 mprj/_23941_/X
 mprj/_23942_/X
 mprj/_23943_/X
 mprj/_23944_/Y
 mprj/_23945_/X
 mprj/_23946_/X
 mprj/_23947_/Y
 mprj/_23948_/X
 mprj/_23949_/X
 mprj/_23950_/X
 mprj/_23951_/X
 mprj/_23952_/Y
 mprj/_23953_/X
 mprj/_23954_/Y
 mprj/_23955_/X
 mprj/_23956_/X
 mprj/_23957_/X
 mprj/_23958_/X
 mprj/_23959_/X
 mprj/_23960_/X
 mprj/_23961_/X
 mprj/_23962_/Y
 mprj/_23963_/X
 mprj/_23964_/X
 mprj/_23965_/Y
 mprj/_23966_/Y
 mprj/_23967_/X
 mprj/_23968_/X
 mprj/_23969_/X
 mprj/_23970_/Y
 mprj/_23971_/X
 mprj/_23972_/X
 mprj/_23973_/X
 mprj/_23974_/Y
 mprj/_23975_/Y
 mprj/_23976_/X
 mprj/_23977_/X
 mprj/_23978_/X
 mprj/_23979_/X
 mprj/_23980_/X
 mprj/_23981_/Y
 mprj/_23982_/X
 mprj/_23983_/X
 mprj/_23984_/X
 mprj/_23985_/X
 mprj/_23986_/Y
 mprj/_23987_/X
 mprj/_23988_/X
 mprj/_23989_/Y
 mprj/_23990_/Y
 mprj/_23991_/X
 mprj/_23992_/X
 mprj/_23993_/X
 mprj/_23994_/Y
 mprj/_23995_/Y
 mprj/_23996_/Y
 mprj/_23997_/X
 mprj/_23998_/X
 mprj/_23999_/X
 mprj/_24000_/X
 mprj/_24001_/Y
 mprj/_24002_/X
 mprj/_24003_/Y
 mprj/_24004_/X
 mprj/_24005_/X
 mprj/_24006_/Y
 mprj/_24007_/X
 mprj/_24008_/Y
 mprj/_24009_/X
 mprj/_24010_/Y
 mprj/_24011_/X
 mprj/_24012_/X
 mprj/_24013_/X
 mprj/_24014_/Y
 mprj/_24015_/Y
 mprj/_24016_/X
 mprj/_24017_/X
 mprj/_24018_/X
 mprj/_24019_/X
 mprj/_24020_/X
 mprj/_24021_/X
 mprj/_24022_/X
 mprj/_24023_/X
 mprj/_24024_/X
 mprj/_24025_/Y
 mprj/_24026_/X
 mprj/_24027_/Y
 mprj/_24028_/Y
 mprj/_24029_/X
 mprj/_24030_/X
 mprj/_24031_/Y
 mprj/_24032_/X
 mprj/_24033_/Y
 mprj/_24034_/X
 mprj/_24035_/Y
 mprj/_24036_/X
 mprj/_24037_/X
 mprj/_24038_/X
 mprj/_24039_/X
 mprj/_24040_/X
 mprj/_24041_/X
 mprj/_24042_/Y
 mprj/_24043_/X
 mprj/_24044_/X
 mprj/_24045_/Y
 mprj/_24046_/X
 mprj/_24047_/Y
 mprj/_24048_/X
 mprj/_24049_/X
 mprj/_24050_/Y
 mprj/_24051_/X
 mprj/_24052_/Y
 mprj/_24053_/Y
 mprj/_24054_/X
 mprj/_24055_/X
 mprj/_24056_/X
 mprj/_24057_/X
 mprj/_24058_/X
 mprj/_24059_/X
 mprj/_24060_/X
 mprj/_24061_/X
 mprj/_24062_/Y
 mprj/_24063_/X
 mprj/_24064_/Y
 mprj/_24065_/X
 mprj/_24066_/X
 mprj/_24067_/Y
 mprj/_24068_/X
 mprj/_24069_/X
 mprj/_24070_/X
 mprj/_24071_/Y
 mprj/_24072_/X
 mprj/_24073_/X
 mprj/_24074_/Y
 mprj/_24075_/X
 mprj/_24076_/X
 mprj/_24077_/X
 mprj/_24078_/Y
 mprj/_24079_/Y
 mprj/_24080_/X
 mprj/_24081_/X
 mprj/_24082_/X
 mprj/_24083_/X
 mprj/_24084_/Y
 mprj/_24085_/X
 mprj/_24086_/Y
 mprj/_24087_/X
 mprj/_24088_/X
 mprj/_24089_/Y
 mprj/_24090_/Y
 mprj/_24091_/Y
 mprj/_24092_/X
 mprj/_24093_/Y
 mprj/_24094_/X
 mprj/_24095_/X
 mprj/_24096_/X
 mprj/_24097_/X
 mprj/_24098_/X
 mprj/_24099_/Y
 mprj/_24100_/X
 mprj/_24101_/Y
 mprj/_24102_/Y
 mprj/_24103_/Y
 mprj/_24104_/X
 mprj/_24105_/Y
 mprj/_24106_/X
 mprj/_24107_/X
 mprj/_24108_/X
 mprj/_24109_/X
 mprj/_24110_/Y
 mprj/_24111_/Y
 mprj/_24112_/Y
 mprj/_24113_/X
 mprj/_24114_/X
 mprj/_24115_/X
 mprj/_24116_/Y
 mprj/_24117_/X
 mprj/_24118_/X
 mprj/_24119_/X
 mprj/_24120_/X
 mprj/_24121_/X
 mprj/_24122_/Y
 mprj/_24123_/X
 mprj/_24124_/X
 mprj/_24125_/X
 mprj/_24126_/Y
 mprj/_24127_/Y
 mprj/_24128_/X
 mprj/_24129_/X
 mprj/_24130_/X
 mprj/_24131_/Y
 mprj/_24132_/X
 mprj/_24133_/Y
 mprj/_24134_/X
 mprj/_24135_/Y
 mprj/_24136_/Y
 mprj/_24137_/Y
 mprj/_24138_/X
 mprj/_24139_/Y
 mprj/_24140_/X
 mprj/_24141_/Y
 mprj/_24142_/Y
 mprj/_24143_/Y
 mprj/_24144_/X
 mprj/_24145_/X
 mprj/_24146_/X
 mprj/_24147_/X
 mprj/_24148_/Y
 mprj/_24149_/X
 mprj/_24150_/Y
 mprj/_24151_/X
 mprj/_24152_/X
 mprj/_24153_/Y
 mprj/_24154_/X
 mprj/_24155_/Y
 mprj/_24156_/X
 mprj/_24157_/X
 mprj/_24158_/Y
 mprj/_24159_/X
 mprj/_24160_/X
 mprj/_24161_/X
 mprj/_24162_/X
 mprj/_24163_/X
 mprj/_24164_/X
 mprj/_24165_/X
 mprj/_24166_/X
 mprj/_24167_/Y
 mprj/_24168_/Y
 mprj/_24169_/X
 mprj/_24170_/X
 mprj/_24171_/X
 mprj/_24172_/Y
 mprj/_24173_/X
 mprj/_24174_/Y
 mprj/_24175_/X
 mprj/_24176_/X
 mprj/_24177_/X
 mprj/_24178_/X
 mprj/_24179_/X
 mprj/_24180_/X
 mprj/_24181_/Y
 mprj/_24182_/X
 mprj/_24183_/X
 mprj/_24184_/X
 mprj/_24185_/Y
 mprj/_24186_/Y
 mprj/_24187_/X
 mprj/_24188_/Y
 mprj/_24189_/X
 mprj/_24190_/X
 mprj/_24191_/X
 mprj/_24192_/X
 mprj/_24193_/X
 mprj/_24194_/Y
 mprj/_24195_/Y
 mprj/_24196_/X
 mprj/_24197_/Y
 mprj/_24198_/Y
 mprj/_24199_/X
 mprj/_24200_/Y
 mprj/_24201_/X
 mprj/_24202_/X
 mprj/_24203_/X
 mprj/_24204_/X
 mprj/_24205_/X
 mprj/_24206_/X
 mprj/_24207_/Y
 mprj/_24208_/X
 mprj/_24209_/X
 mprj/_24210_/X
 mprj/_24211_/X
 mprj/_24212_/X
 mprj/_24213_/Y
 mprj/_24214_/Y
 mprj/_24215_/X
 mprj/_24216_/Y
 mprj/_24217_/X
 mprj/_24218_/Y
 mprj/_24219_/X
 mprj/_24220_/X
 mprj/_24221_/X
 mprj/_24222_/Y
 mprj/_24223_/Y
 mprj/_24224_/X
 mprj/_24225_/X
 mprj/_24226_/X
 mprj/_24227_/X
 mprj/_24228_/Y
 mprj/_24229_/X
 mprj/_24230_/X
 mprj/_24231_/Y
 mprj/_24232_/X
 mprj/_24233_/X
 mprj/_24234_/X
 mprj/_24235_/X
 mprj/_24236_/Y
 mprj/_24237_/Y
 mprj/_24238_/X
 mprj/_24239_/X
 mprj/_24240_/Y
 mprj/_24241_/X
 mprj/_24242_/X
 mprj/_24243_/X
 mprj/_24244_/Y
 mprj/_24245_/X
 mprj/_24246_/X
 mprj/_24247_/Y
 mprj/_24248_/X
 mprj/_24249_/X
 mprj/_24250_/X
 mprj/_24251_/X
 mprj/_24252_/Y
 mprj/_24253_/X
 mprj/_24254_/X
 mprj/_24255_/X
 mprj/_24256_/X
 mprj/_24257_/X
 mprj/_24258_/X
 mprj/_24259_/Y
 mprj/_24260_/Y
 mprj/_24261_/X
 mprj/_24262_/X
 mprj/_24263_/Y
 mprj/_24264_/X
 mprj/_24265_/Y
 mprj/_24266_/X
 mprj/_24267_/X
 mprj/_24268_/Y
 mprj/_24269_/Y
 mprj/_24270_/Y
 mprj/_24271_/X
 mprj/_24272_/X
 mprj/_24273_/X
 mprj/_24274_/X
 mprj/_24275_/X
 mprj/_24276_/X
 mprj/_24277_/Y
 mprj/_24278_/X
 mprj/_24279_/X
 mprj/_24280_/Y
 mprj/_24281_/Y
 mprj/_24282_/X
 mprj/_24283_/X
 mprj/_24284_/X
 mprj/_24285_/X
 mprj/_24286_/X
 mprj/_24287_/Y
 mprj/_24288_/Y
 mprj/_24289_/X
 mprj/_24290_/X
 mprj/_24291_/X
 mprj/_24292_/Y
 mprj/_24293_/Y
 mprj/_24294_/X
 mprj/_24295_/X
 mprj/_24296_/X
 mprj/_24297_/X
 mprj/_24298_/Y
 mprj/_24299_/Y
 mprj/_24300_/Y
 mprj/_24301_/X
 mprj/_24302_/Y
 mprj/_24303_/X
 mprj/_24304_/X
 mprj/_24305_/X
 mprj/_24306_/X
 mprj/_24307_/X
 mprj/_24308_/X
 mprj/_24309_/X
 mprj/_24310_/X
 mprj/_24311_/X
 mprj/_24312_/X
 mprj/_24313_/X
 mprj/_24314_/X
 mprj/_24315_/X
 mprj/_24316_/Y
 mprj/_24317_/Y
 mprj/_24318_/Y
 mprj/_24319_/Y
 mprj/_24320_/Y
 mprj/_24321_/X
 mprj/_24322_/Y
 mprj/_24323_/Y
 mprj/_24324_/Y
 mprj/_24325_/X
 mprj/_24326_/X
 mprj/_24327_/X
 mprj/_24328_/X
 mprj/_24329_/Y
 mprj/_24330_/Y
 mprj/_24331_/X
 mprj/_24332_/X
 mprj/_24333_/X
 mprj/_24334_/X
 mprj/_24335_/Y
 mprj/_24336_/Y
 mprj/_24337_/X
 mprj/_24338_/Y
 mprj/_24339_/X
 mprj/_24340_/X
 mprj/_24341_/Y
 mprj/_24342_/X
 mprj/_24343_/X
 mprj/_24344_/Y
 mprj/_24345_/X
 mprj/_24346_/X
 mprj/_24347_/X
 mprj/_24348_/Y
 mprj/_24349_/X
 mprj/_24350_/X
 mprj/_24351_/X
 mprj/_24352_/Y
 mprj/_24353_/X
 mprj/_24354_/Y
 mprj/_24355_/X
 mprj/_24356_/X
 mprj/_24357_/X
 mprj/_24358_/X
 mprj/_24359_/X
 mprj/_24360_/X
 mprj/_24361_/X
 mprj/_24362_/Y
 mprj/_24363_/X
 mprj/_24364_/Y
 mprj/_24365_/X
 mprj/_24366_/X
 mprj/_24367_/X
 mprj/_24368_/X
 mprj/_24369_/Y
 mprj/_24370_/Y
 mprj/_24371_/X
 mprj/_24372_/X
 mprj/_24373_/X
 mprj/_24374_/X
 mprj/_24375_/X
 mprj/_24376_/X
 mprj/_24377_/X
 mprj/_24378_/X
 mprj/_24379_/Y
 mprj/_24380_/X
 mprj/_24381_/Y
 mprj/_24382_/Y
 mprj/_24383_/X
 mprj/_24384_/Y
 mprj/_24385_/X
 mprj/_24386_/X
 mprj/_24387_/X
 mprj/_24388_/X
 mprj/_24389_/X
 mprj/_24390_/X
 mprj/_24391_/X
 mprj/_24392_/X
 mprj/_24393_/Y
 mprj/_24394_/X
 mprj/_24395_/X
 mprj/_24396_/Y
 mprj/_24397_/Y
 mprj/_24398_/X
 mprj/_24399_/X
 mprj/_24400_/X
 mprj/_24401_/Y
 mprj/_24402_/Y
 mprj/_24403_/X
 mprj/_24404_/Y
 mprj/_24405_/X
 mprj/_24406_/Y
 mprj/_24407_/Y
 mprj/_24408_/X
 mprj/_24409_/Y
 mprj/_24410_/X
 mprj/_24411_/X
 mprj/_24412_/X
 mprj/_24413_/X
 mprj/_24414_/X
 mprj/_24415_/Y
 mprj/_24416_/Y
 mprj/_24417_/X
 mprj/_24418_/X
 mprj/_24419_/X
 mprj/_24420_/X
 mprj/_24421_/X
 mprj/_24422_/X
 mprj/_24423_/Y
 mprj/_24424_/X
 mprj/_24425_/X
 mprj/_24426_/X
 mprj/_24427_/Y
 mprj/_24428_/Y
 mprj/_24429_/X
 mprj/_24430_/X
 mprj/_24431_/Y
 mprj/_24432_/X
 mprj/_24433_/X
 mprj/_24434_/X
 mprj/_24435_/X
 mprj/_24436_/Y
 mprj/_24437_/X
 mprj/_24438_/X
 mprj/_24439_/Y
 mprj/_24440_/X
 mprj/_24441_/Y
 mprj/_24442_/X
 mprj/_24443_/X
 mprj/_24444_/X
 mprj/_24445_/Y
 mprj/_24446_/X
 mprj/_24447_/X
 mprj/_24448_/X
 mprj/_24449_/Y
 mprj/_24450_/X
 mprj/_24451_/X
 mprj/_24452_/X
 mprj/_24453_/X
 mprj/_24454_/Y
 mprj/_24455_/X
 mprj/_24456_/X
 mprj/_24457_/Y
 mprj/_24458_/Y
 mprj/_24459_/X
 mprj/_24460_/Y
 mprj/_24461_/Y
 mprj/_24462_/X
 mprj/_24463_/X
 mprj/_24464_/X
 mprj/_24465_/X
 mprj/_24466_/X
 mprj/_24467_/X
 mprj/_24468_/X
 mprj/_24469_/X
 mprj/_24470_/X
 mprj/_24471_/X
 mprj/_24472_/X
 mprj/_24473_/X
 mprj/_24474_/Y
 mprj/_24475_/X
 mprj/_24476_/X
 mprj/_24477_/Y
 mprj/_24478_/Y
 mprj/_24479_/X
 mprj/_24480_/X
 mprj/_24481_/X
 mprj/_24482_/Y
 mprj/_24483_/X
 mprj/_24484_/Y
 mprj/_24485_/X
 mprj/_24486_/X
 mprj/_24487_/Y
 mprj/_24488_/X
 mprj/_24489_/X
 mprj/_24490_/X
 mprj/_24491_/X
 mprj/_24492_/X
 mprj/_24493_/X
 mprj/_24494_/X
 mprj/_24495_/Y
 mprj/_24496_/X
 mprj/_24497_/Y
 mprj/_24498_/X
 mprj/_24499_/X
 mprj/_24500_/X
 mprj/_24501_/X
 mprj/_24502_/X
 mprj/_24503_/X
 mprj/_24504_/X
 mprj/_24505_/Y
 mprj/_24506_/X
 mprj/_24507_/Y
 mprj/_24508_/Y
 mprj/_24509_/Y
 mprj/_24510_/Y
 mprj/_24511_/X
 mprj/_24512_/X
 mprj/_24513_/Y
 mprj/_24514_/X
 mprj/_24515_/X
 mprj/_24516_/X
 mprj/_24517_/X
 mprj/_24518_/X
 mprj/_24519_/Y
 mprj/_24520_/Y
 mprj/_24521_/X
 mprj/_24522_/Y
 mprj/_24523_/X
 mprj/_24524_/X
 mprj/_24525_/X
 mprj/_24526_/X
 mprj/_24527_/X
 mprj/_24528_/X
 mprj/_24529_/X
 mprj/_24530_/X
 mprj/_24531_/Y
 mprj/_24532_/Y
 mprj/_24533_/Y
 mprj/_24534_/Y
 mprj/_24535_/X
 mprj/_24536_/X
 mprj/_24537_/X
 mprj/_24538_/X
 mprj/_24539_/X
 mprj/_24540_/X
 mprj/_24541_/Y
 mprj/_24542_/Y
 mprj/_24543_/Y
 mprj/_24544_/X
 mprj/_24545_/X
 mprj/_24546_/X
 mprj/_24547_/X
 mprj/_24548_/Y
 mprj/_24549_/X
 mprj/_24550_/X
 mprj/_24551_/X
 mprj/_24552_/Y
 mprj/_24553_/X
 mprj/_24554_/X
 mprj/_24555_/Y
 mprj/_24556_/X
 mprj/_24557_/X
 mprj/_24558_/Y
 mprj/_24559_/X
 mprj/_24560_/X
 mprj/_24561_/X
 mprj/_24562_/Y
 mprj/_24563_/X
 mprj/_24564_/Y
 mprj/_24565_/X
 mprj/_24566_/X
 mprj/_24567_/Y
 mprj/_24568_/Y
 mprj/_24569_/X
 mprj/_24570_/Y
 mprj/_24571_/X
 mprj/_24572_/X
 mprj/_24573_/X
 mprj/_24574_/X
 mprj/_24575_/X
 mprj/_24576_/X
 mprj/_24577_/Y
 mprj/_24578_/X
 mprj/_24579_/Y
 mprj/_24580_/Y
 mprj/_24581_/Y
 mprj/_24582_/Y
 mprj/_24583_/X
 mprj/_24584_/X
 mprj/_24585_/X
 mprj/_24586_/Y
 mprj/_24587_/X
 mprj/_24588_/X
 mprj/_24589_/X
 mprj/_24590_/X
 mprj/_24591_/X
 mprj/_24592_/X
 mprj/_24593_/X
 mprj/_24594_/X
 mprj/_24595_/Y
 mprj/_24596_/Y
 mprj/_24597_/Y
 mprj/_24598_/X
 mprj/_24599_/X
 mprj/_24600_/X
 mprj/_24601_/Y
 mprj/_24602_/X
 mprj/_24603_/Y
 mprj/_24604_/X
 mprj/_24605_/Y
 mprj/_24606_/Y
 mprj/_24607_/X
 mprj/_24608_/X
 mprj/_24609_/X
 mprj/_24610_/Y
 mprj/_24611_/X
 mprj/_24612_/X
 mprj/_24613_/X
 mprj/_24614_/Y
 mprj/_24615_/X
 mprj/_24616_/X
 mprj/_24617_/Y
 mprj/_24618_/X
 mprj/_24619_/X
 mprj/_24620_/Y
 mprj/_24621_/X
 mprj/_24622_/X
 mprj/_24623_/X
 mprj/_24624_/X
 mprj/_24625_/X
 mprj/_24626_/Y
 mprj/_24627_/X
 mprj/_24628_/Y
 mprj/_24629_/X
 mprj/_24630_/Y
 mprj/_24631_/X
 mprj/_24632_/X
 mprj/_24633_/X
 mprj/_24634_/X
 mprj/_24635_/X
 mprj/_24636_/X
 mprj/_24637_/X
 mprj/_24638_/Y
 mprj/_24639_/X
 mprj/_24640_/X
 mprj/_24641_/X
 mprj/_24642_/X
 mprj/_24643_/X
 mprj/_24644_/X
 mprj/_24645_/X
 mprj/_24646_/X
 mprj/_24647_/X
 mprj/_24648_/X
 mprj/_24649_/X
 mprj/_24650_/X
 mprj/_24651_/X
 mprj/_24652_/X
 mprj/_24653_/X
 mprj/_24654_/X
 mprj/_24655_/X
 mprj/_24656_/Y
 mprj/_24657_/X
 mprj/_24658_/X
 mprj/_24659_/X
 mprj/_24660_/X
 mprj/_24661_/X
 mprj/_24662_/Y
 mprj/_24663_/X
 mprj/_24664_/X
 mprj/_24665_/Y
 mprj/_24666_/X
 mprj/_24667_/X
 mprj/_24668_/X
 mprj/_24669_/X
 mprj/_24670_/Y
 mprj/_24671_/X
 mprj/_24672_/X
 mprj/_24673_/Y
 mprj/_24674_/X
 mprj/_24675_/X
 mprj/_24676_/X
 mprj/_24677_/X
 mprj/_24678_/Y
 mprj/_24679_/X
 mprj/_24680_/X
 mprj/_24681_/X
 mprj/_24682_/Y
 mprj/_24683_/Y
 mprj/_24684_/X
 mprj/_24685_/Y
 mprj/_24686_/Y
 mprj/_24687_/X
 mprj/_24688_/X
 mprj/_24689_/X
 mprj/_24690_/X
 mprj/_24691_/X
 mprj/_24692_/X
 mprj/_24693_/Y
 mprj/_24694_/X
 mprj/_24695_/Y
 mprj/_24696_/X
 mprj/_24697_/X
 mprj/_24698_/Y
 mprj/_24699_/X
 mprj/_24700_/Y
 mprj/_24701_/Y
 mprj/_24702_/Y
 mprj/_24703_/X
 mprj/_24704_/Y
 mprj/_24705_/Y
 mprj/_24706_/Y
 mprj/_24707_/X
 mprj/_24708_/X
 mprj/_24709_/X
 mprj/_24710_/X
 mprj/_24711_/Y
 mprj/_24712_/X
 mprj/_24713_/X
 mprj/_24714_/X
 mprj/_24715_/X
 mprj/_24716_/X
 mprj/_24717_/X
 mprj/_24718_/X
 mprj/_24719_/Y
 mprj/_24720_/X
 mprj/_24721_/Y
 mprj/_24722_/Y
 mprj/_24723_/X
 mprj/_24724_/X
 mprj/_24725_/X
 mprj/_24726_/Y
 mprj/_24727_/X
 mprj/_24728_/Y
 mprj/_24729_/X
 mprj/_24730_/Y
 mprj/_24731_/X
 mprj/_24732_/X
 mprj/_24733_/X
 mprj/_24734_/X
 mprj/_24735_/X
 mprj/_24736_/X
 mprj/_24737_/X
 mprj/_24738_/Y
 mprj/_24739_/X
 mprj/_24740_/X
 mprj/_24741_/X
 mprj/_24742_/X
 mprj/_24743_/Y
 mprj/_24744_/X
 mprj/_24745_/Y
 mprj/_24746_/X
 mprj/_24747_/X
 mprj/_24748_/X
 mprj/_24749_/X
 mprj/_24750_/X
 mprj/_24751_/Y
 mprj/_24752_/X
 mprj/_24753_/X
 mprj/_24754_/Y
 mprj/_24755_/Y
 mprj/_24756_/X
 mprj/_24757_/X
 mprj/_24758_/X
 mprj/_24759_/Y
 mprj/_24760_/X
 mprj/_24761_/X
 mprj/_24762_/X
 mprj/_24763_/X
 mprj/_24764_/X
 mprj/_24765_/X
 mprj/_24766_/X
 mprj/_24767_/Y
 mprj/_24768_/X
 mprj/_24769_/X
 mprj/_24770_/X
 mprj/_24771_/X
 mprj/_24772_/X
 mprj/_24773_/Y
 mprj/_24774_/Y
 mprj/_24775_/X
 mprj/_24776_/X
 mprj/_24777_/Y
 mprj/_24778_/Y
 mprj/_24779_/X
 mprj/_24780_/X
 mprj/_24781_/X
 mprj/_24782_/X
 mprj/_24783_/X
 mprj/_24784_/X
 mprj/_24785_/Y
 mprj/_24786_/X
 mprj/_24787_/X
 mprj/_24788_/X
 mprj/_24789_/X
 mprj/_24790_/Y
 mprj/_24791_/X
 mprj/_24792_/X
 mprj/_24793_/X
 mprj/_24794_/X
 mprj/_24795_/Y
 mprj/_24796_/X
 mprj/_24797_/Y
 mprj/_24798_/X
 mprj/_24799_/X
 mprj/_24800_/Y
 mprj/_24801_/X
 mprj/_24802_/Y
 mprj/_24803_/X
 mprj/_24804_/Y
 mprj/_24805_/X
 mprj/_24806_/X
 mprj/_24807_/Y
 mprj/_24808_/Y
 mprj/_24809_/X
 mprj/_24810_/X
 mprj/_24811_/X
 mprj/_24812_/X
 mprj/_24813_/X
 mprj/_24814_/X
 mprj/_24815_/Y
 mprj/_24816_/Y
 mprj/_24817_/Y
 mprj/_24818_/X
 mprj/_24819_/Y
 mprj/_24820_/X
 mprj/_24821_/X
 mprj/_24822_/Y
 mprj/_24823_/Y
 mprj/_24824_/X
 mprj/_24825_/Y
 mprj/_24826_/X
 mprj/_24827_/X
 mprj/_24828_/X
 mprj/_24829_/Y
 mprj/_24830_/X
 mprj/_24831_/Y
 mprj/_24832_/X
 mprj/_24833_/X
 mprj/_24834_/X
 mprj/_24835_/Y
 mprj/_24836_/Y
 mprj/_24837_/X
 mprj/_24838_/X
 mprj/_24839_/Y
 mprj/_24840_/X
 mprj/_24841_/X
 mprj/_24842_/X
 mprj/_24843_/X
 mprj/_24844_/X
 mprj/_24845_/Y
 mprj/_24846_/Y
 mprj/_24847_/Y
 mprj/_24848_/X
 mprj/_24849_/Y
 mprj/_24850_/X
 mprj/_24851_/X
 mprj/_24852_/Y
 mprj/_24853_/Y
 mprj/_24854_/X
 mprj/_24855_/Y
 mprj/_24856_/X
 mprj/_24857_/X
 mprj/_24858_/X
 mprj/_24859_/Y
 mprj/_24860_/X
 mprj/_24861_/X
 mprj/_24862_/X
 mprj/_24863_/Y
 mprj/_24864_/Y
 mprj/_24865_/X
 mprj/_24866_/X
 mprj/_24867_/X
 mprj/_24868_/Y
 mprj/_24869_/X
 mprj/_24870_/X
 mprj/_24871_/X
 mprj/_24872_/X
 mprj/_24873_/X
 mprj/_24874_/Y
 mprj/_24875_/X
 mprj/_24876_/Y
 mprj/_24877_/X
 mprj/_24878_/X
 mprj/_24879_/X
 mprj/_24880_/X
 mprj/_24881_/X
 mprj/_24882_/X
 mprj/_24883_/X
 mprj/_24884_/X
 mprj/_24885_/X
 mprj/_24886_/Y
 mprj/_24887_/X
 mprj/_24888_/X
 mprj/_24889_/X
 mprj/_24890_/X
 mprj/_24891_/X
 mprj/_24892_/X
 mprj/_24893_/Y
 mprj/_24894_/X
 mprj/_24895_/Y
 mprj/_24896_/Y
 mprj/_24897_/Y
 mprj/_24898_/X
 mprj/_24899_/Y
 mprj/_24900_/Y
 mprj/_24901_/Y
 mprj/_24902_/X
 mprj/_24903_/X
 mprj/_24904_/X
 mprj/_24905_/Y
 mprj/_24906_/X
 mprj/_24907_/Y
 mprj/_24908_/X
 mprj/_24909_/Y
 mprj/_24910_/X
 mprj/_24911_/X
 mprj/_24912_/Y
 mprj/_24913_/Y
 mprj/_24914_/X
 mprj/_24915_/X
 mprj/_24916_/Y
 mprj/_24917_/Y
 mprj/_24918_/Y
 mprj/_24919_/X
 mprj/_24920_/Y
 mprj/_24921_/X
 mprj/_24922_/X
 mprj/_24923_/Y
 mprj/_24924_/Y
 mprj/_24925_/Y
 mprj/_24926_/X
 mprj/_24927_/X
 mprj/_24928_/Y
 mprj/_24929_/Y
 mprj/_24930_/Y
 mprj/_24931_/X
 mprj/_24932_/Y
 mprj/_24933_/X
 mprj/_24934_/Y
 mprj/_24935_/Y
 mprj/_24936_/X
 mprj/_24937_/X
 mprj/_24938_/Y
 mprj/_24939_/X
 mprj/_24940_/Y
 mprj/_24941_/Y
 mprj/_24942_/X
 mprj/_24943_/X
 mprj/_24944_/Y
 mprj/_24945_/Y
 mprj/_24946_/Y
 mprj/_24947_/Y
 mprj/_24948_/Y
 mprj/_24949_/X
 mprj/_24950_/Y
 mprj/_24951_/Y
 mprj/_24952_/Y
 mprj/_24953_/X
 mprj/_24954_/Y
 mprj/_24955_/X
 mprj/_24956_/Y
 mprj/_24957_/Y
 mprj/_24958_/X
 mprj/_24959_/X
 mprj/_24960_/X
 mprj/_24961_/Y
 mprj/_24962_/X
 mprj/_24963_/Y
 mprj/_24964_/X
 mprj/_24965_/X
 mprj/_24966_/X
 mprj/_24967_/X
 mprj/_24968_/Y
 mprj/_24969_/X
 mprj/_24970_/Y
 mprj/_24971_/X
 mprj/_24972_/Y
 mprj/_24973_/X
 mprj/_24974_/X
 mprj/_24975_/Y
 mprj/_24976_/X
 mprj/_24977_/X
 mprj/_24978_/X
 mprj/_24979_/X
 mprj/_24980_/Y
 mprj/_24981_/X
 mprj/_24982_/X
 mprj/_24983_/Y
 mprj/_24984_/X
 mprj/_24985_/Y
 mprj/_24986_/X
 mprj/_24987_/X
 mprj/_24988_/X
 mprj/_24989_/Y
 mprj/_24990_/Y
 mprj/_24991_/X
 mprj/_24992_/Y
 mprj/_24993_/X
 mprj/_24994_/Y
 mprj/_24995_/X
 mprj/_24996_/X
 mprj/_24997_/Y
 mprj/_24998_/X
 mprj/_24999_/Y
 mprj/_25000_/Y
 mprj/_25001_/X
 mprj/_25002_/Y
 mprj/_25003_/X
 mprj/_25004_/X
 mprj/_25005_/X
 mprj/_25006_/X
 mprj/_25007_/X
 mprj/_25008_/X
 mprj/_25009_/X
 mprj/_25010_/X
 mprj/_25011_/X
 mprj/_25012_/X
 mprj/_25013_/X
 mprj/_25014_/X
 mprj/_25015_/Y
 mprj/_25016_/X
 mprj/_25017_/X
 mprj/_25018_/Y
 mprj/_25019_/X
 mprj/_25020_/X
 mprj/_25021_/X
 mprj/_25022_/X
 mprj/_25023_/X
 mprj/_25024_/X
 mprj/_25025_/X
 mprj/_25026_/X
 mprj/_25027_/Y
 mprj/_25028_/Y
 mprj/_25029_/X
 mprj/_25030_/Y
 mprj/_25031_/X
 mprj/_25032_/X
 mprj/_25033_/Y
 mprj/_25034_/X
 mprj/_25035_/Y
 mprj/_25036_/X
 mprj/_25037_/X
 mprj/_25038_/X
 mprj/_25039_/Y
 mprj/_25040_/X
 mprj/_25041_/X
 mprj/_25042_/X
 mprj/_25043_/X
 mprj/_25044_/X
 mprj/_25045_/X
 mprj/_25046_/X
 mprj/_25047_/Y
 mprj/_25048_/Y
 mprj/_25049_/X
 mprj/_25050_/X
 mprj/_25051_/Y
 mprj/_25052_/X
 mprj/_25053_/X
 mprj/_25054_/Y
 mprj/_25055_/X
 mprj/_25056_/X
 mprj/_25057_/X
 mprj/_25058_/X
 mprj/_25059_/X
 mprj/_25060_/X
 mprj/_25061_/Y
 mprj/_25062_/Y
 mprj/_25063_/X
 mprj/_25064_/X
 mprj/_25065_/X
 mprj/_25066_/X
 mprj/_25067_/Y
 mprj/_25068_/X
 mprj/_25069_/X
 mprj/_25070_/X
 mprj/_25071_/Y
 mprj/_25072_/X
 mprj/_25073_/X
 mprj/_25074_/X
 mprj/_25075_/Y
 mprj/_25076_/Y
 mprj/_25077_/X
 mprj/_25078_/X
 mprj/_25079_/Y
 mprj/_25080_/X
 mprj/_25081_/X
 mprj/_25082_/X
 mprj/_25083_/X
 mprj/_25084_/X
 mprj/_25085_/X
 mprj/_25086_/Y
 mprj/_25087_/Y
 mprj/_25088_/X
 mprj/_25089_/X
 mprj/_25090_/Y
 mprj/_25091_/Y
 mprj/_25092_/X
 mprj/_25093_/X
 mprj/_25094_/X
 mprj/_25095_/X
 mprj/_25096_/Y
 mprj/_25097_/Y
 mprj/_25098_/X
 mprj/_25099_/X
 mprj/_25100_/Y
 mprj/_25101_/X
 mprj/_25102_/X
 mprj/_25103_/X
 mprj/_25104_/X
 mprj/_25105_/X
 mprj/_25106_/X
 mprj/_25107_/X
 mprj/_25108_/X
 mprj/_25109_/X
 mprj/_25110_/X
 mprj/_25111_/Y
 mprj/_25112_/X
 mprj/_25113_/X
 mprj/_25114_/X
 mprj/_25115_/X
 mprj/_25116_/X
 mprj/_25117_/X
 mprj/_25118_/X
 mprj/_25119_/X
 mprj/_25120_/X
 mprj/_25121_/X
 mprj/_25122_/X
 mprj/_25123_/X
 mprj/_25124_/X
 mprj/_25125_/X
 mprj/_25126_/X
 mprj/_25127_/X
 mprj/_25128_/X
 mprj/_25129_/X
 mprj/_25130_/Y
 mprj/_25131_/X
 mprj/_25132_/X
 mprj/_25133_/X
 mprj/_25134_/Y
 mprj/_25135_/Y
 mprj/_25136_/Y
 mprj/_25137_/X
 mprj/_25138_/Y
 mprj/_25139_/X
 mprj/_25140_/X
 mprj/_25141_/Y
 mprj/_25142_/X
 mprj/_25143_/Y
 mprj/_25144_/X
 mprj/_25145_/X
 mprj/_25146_/X
 mprj/_25147_/X
 mprj/_25148_/X
 mprj/_25149_/X
 mprj/_25150_/X
 mprj/_25151_/X
 mprj/_25152_/X
 mprj/_25153_/X
 mprj/_25154_/X
 mprj/_25155_/X
 mprj/_25156_/X
 mprj/_25157_/Y
 mprj/_25158_/X
 mprj/_25159_/X
 mprj/_25160_/Y
 mprj/_25161_/Y
 mprj/_25162_/X
 mprj/_25163_/X
 mprj/_25164_/X
 mprj/_25165_/Y
 mprj/_25166_/Y
 mprj/_25167_/X
 mprj/_25168_/X
 mprj/_25169_/X
 mprj/_25170_/X
 mprj/_25171_/Y
 mprj/_25172_/X
 mprj/_25173_/X
 mprj/_25174_/Y
 mprj/_25175_/X
 mprj/_25176_/X
 mprj/_25177_/X
 mprj/_25178_/Y
 mprj/_25179_/X
 mprj/_25180_/X
 mprj/_25181_/X
 mprj/_25182_/X
 mprj/_25183_/Y
 mprj/_25184_/X
 mprj/_25185_/Y
 mprj/_25186_/X
 mprj/_25187_/X
 mprj/_25188_/X
 mprj/_25189_/Y
 mprj/_25190_/X
 mprj/_25191_/Y
 mprj/_25192_/X
 mprj/_25193_/Y
 mprj/_25194_/Y
 mprj/_25195_/X
 mprj/_25196_/X
 mprj/_25197_/X
 mprj/_25198_/X
 mprj/_25199_/Y
 mprj/_25200_/X
 mprj/_25201_/X
 mprj/_25202_/X
 mprj/_25203_/X
 mprj/_25204_/X
 mprj/_25205_/X
 mprj/_25206_/Y
 mprj/_25207_/X
 mprj/_25208_/X
 mprj/_25209_/X
 mprj/_25210_/X
 mprj/_25211_/X
 mprj/_25212_/Y
 mprj/_25213_/X
 mprj/_25214_/X
 mprj/_25215_/X
 mprj/_25216_/X
 mprj/_25217_/X
 mprj/_25218_/Y
 mprj/_25219_/Y
 mprj/_25220_/X
 mprj/_25221_/X
 mprj/_25222_/X
 mprj/_25223_/X
 mprj/_25224_/X
 mprj/_25225_/Y
 mprj/_25226_/Y
 mprj/_25227_/Y
 mprj/_25228_/X
 mprj/_25229_/Y
 mprj/_25230_/X
 mprj/_25231_/X
 mprj/_25232_/X
 mprj/_25233_/X
 mprj/_25234_/Y
 mprj/_25235_/X
 mprj/_25236_/X
 mprj/_25237_/Y
 mprj/_25238_/X
 mprj/_25239_/X
 mprj/_25240_/X
 mprj/_25241_/X
 mprj/_25242_/X
 mprj/_25243_/X
 mprj/_25244_/X
 mprj/_25245_/X
 mprj/_25246_/Y
 mprj/_25247_/X
 mprj/_25248_/Y
 mprj/_25249_/Y
 mprj/_25250_/X
 mprj/_25251_/Y
 mprj/_25252_/X
 mprj/_25253_/X
 mprj/_25254_/X
 mprj/_25255_/X
 mprj/_25256_/X
 mprj/_25257_/X
 mprj/_25258_/X
 mprj/_25259_/X
 mprj/_25260_/X
 mprj/_25261_/X
 mprj/_25262_/Y
 mprj/_25263_/X
 mprj/_25264_/X
 mprj/_25265_/X
 mprj/_25266_/Y
 mprj/_25267_/X
 mprj/_25268_/X
 mprj/_25269_/X
 mprj/_25270_/Y
 mprj/_25271_/X
 mprj/_25272_/X
 mprj/_25273_/Y
 mprj/_25274_/X
 mprj/_25275_/X
 mprj/_25276_/X
 mprj/_25277_/X
 mprj/_25278_/X
 mprj/_25279_/X
 mprj/_25280_/X
 mprj/_25281_/Y
 mprj/_25282_/Y
 mprj/_25283_/Y
 mprj/_25284_/X
 mprj/_25285_/X
 mprj/_25286_/Y
 mprj/_25287_/X
 mprj/_25288_/X
 mprj/_25289_/X
 mprj/_25290_/Y
 mprj/_25291_/Y
 mprj/_25292_/X
 mprj/_25293_/X
 mprj/_25294_/X
 mprj/_25295_/X
 mprj/_25296_/X
 mprj/_25297_/Y
 mprj/_25298_/X
 mprj/_25299_/X
 mprj/_25300_/X
 mprj/_25301_/Y
 mprj/_25302_/X
 mprj/_25303_/Y
 mprj/_25304_/X
 mprj/_25305_/Y
 mprj/_25306_/Y
 mprj/_25307_/X
 mprj/_25308_/X
 mprj/_25309_/Y
 mprj/_25310_/Y
 mprj/_25311_/X
 mprj/_25312_/X
 mprj/_25313_/X
 mprj/_25314_/X
 mprj/_25315_/X
 mprj/_25316_/Y
 mprj/_25317_/X
 mprj/_25318_/Y
 mprj/_25319_/X
 mprj/_25320_/X
 mprj/_25321_/X
 mprj/_25322_/X
 mprj/_25323_/X
 mprj/_25324_/X
 mprj/_25325_/X
 mprj/_25326_/X
 mprj/_25327_/X
 mprj/_25328_/Y
 mprj/_25329_/X
 mprj/_25330_/X
 mprj/_25331_/X
 mprj/_25332_/X
 mprj/_25333_/Y
 mprj/_25334_/X
 mprj/_25335_/X
 mprj/_25336_/X
 mprj/_25337_/Y
 mprj/_25338_/X
 mprj/_25339_/X
 mprj/_25340_/X
 mprj/_25341_/X
 mprj/_25342_/X
 mprj/_25343_/X
 mprj/_25344_/X
 mprj/_25345_/X
 mprj/_25346_/Y
 mprj/_25347_/X
 mprj/_25348_/Y
 mprj/_25349_/X
 mprj/_25350_/X
 mprj/_25351_/Y
 mprj/_25352_/Y
 mprj/_25353_/X
 mprj/_25354_/X
 mprj/_25355_/X
 mprj/_25356_/X
 mprj/_25357_/X
 mprj/_25358_/X
 mprj/_25359_/X
 mprj/_25360_/Y
 mprj/_25361_/Y
 mprj/_25362_/X
 mprj/_25363_/X
 mprj/_25364_/X
 mprj/_25365_/X
 mprj/_25366_/X
 mprj/_25367_/Y
 mprj/_25368_/Y
 mprj/_25369_/X
 mprj/_25370_/X
 mprj/_25371_/X
 mprj/_25372_/X
 mprj/_25373_/Y
 mprj/_25374_/Y
 mprj/_25375_/Y
 mprj/_25376_/X
 mprj/_25377_/X
 mprj/_25378_/X
 mprj/_25379_/X
 mprj/_25380_/Y
 mprj/_25381_/X
 mprj/_25382_/X
 mprj/_25383_/Y
 mprj/_25384_/Y
 mprj/_25385_/Y
 mprj/_25386_/X
 mprj/_25387_/X
 mprj/_25388_/X
 mprj/_25389_/X
 mprj/_25390_/X
 mprj/_25391_/X
 mprj/_25392_/X
 mprj/_25393_/X
 mprj/_25394_/Y
 mprj/_25395_/X
 mprj/_25396_/X
 mprj/_25397_/X
 mprj/_25398_/X
 mprj/_25399_/X
 mprj/_25400_/X
 mprj/_25401_/X
 mprj/_25402_/X
 mprj/_25403_/Y
 mprj/_25404_/Y
 mprj/_25405_/X
 mprj/_25406_/Y
 mprj/_25407_/X
 mprj/_25408_/X
 mprj/_25409_/X
 mprj/_25410_/X
 mprj/_25411_/Y
 mprj/_25412_/Y
 mprj/_25413_/X
 mprj/_25414_/X
 mprj/_25415_/X
 mprj/_25416_/Y
 mprj/_25417_/X
 mprj/_25418_/X
 mprj/_25419_/X
 mprj/_25420_/X
 mprj/_25421_/Y
 mprj/_25422_/Y
 mprj/_25423_/X
 mprj/_25424_/Y
 mprj/_25425_/X
 mprj/_25426_/X
 mprj/_25427_/X
 mprj/_25428_/Y
 mprj/_25429_/Y
 mprj/_25430_/Y
 mprj/_25431_/X
 mprj/_25432_/X
 mprj/_25433_/X
 mprj/_25434_/X
 mprj/_25435_/X
 mprj/_25436_/Y
 mprj/_25437_/X
 mprj/_25438_/X
 mprj/_25439_/X
 mprj/_25440_/Y
 mprj/_25441_/X
 mprj/_25442_/X
 mprj/_25443_/X
 mprj/_25444_/X
 mprj/_25445_/Y
 mprj/_25446_/X
 mprj/_25447_/X
 mprj/_25448_/X
 mprj/_25449_/Y
 mprj/_25450_/X
 mprj/_25451_/Y
 mprj/_25452_/X
 mprj/_25453_/X
 mprj/_25454_/Y
 mprj/_25455_/X
 mprj/_25456_/X
 mprj/_25457_/X
 mprj/_25458_/Y
 mprj/_25459_/Y
 mprj/_25460_/X
 mprj/_25461_/X
 mprj/_25462_/X
 mprj/_25463_/X
 mprj/_25464_/X
 mprj/_25465_/X
 mprj/_25466_/X
 mprj/_25467_/Y
 mprj/_25468_/X
 mprj/_25469_/X
 mprj/_25470_/X
 mprj/_25471_/Y
 mprj/_25472_/X
 mprj/_25473_/X
 mprj/_25474_/X
 mprj/_25475_/X
 mprj/_25476_/X
 mprj/_25477_/X
 mprj/_25478_/X
 mprj/_25479_/X
 mprj/_25480_/Y
 mprj/_25481_/X
 mprj/_25482_/Y
 mprj/_25483_/X
 mprj/_25484_/X
 mprj/_25485_/X
 mprj/_25486_/X
 mprj/_25487_/X
 mprj/_25488_/X
 mprj/_25489_/X
 mprj/_25490_/X
 mprj/_25491_/X
 mprj/_25492_/X
 mprj/_25493_/X
 mprj/_25494_/Y
 mprj/_25495_/Y
 mprj/_25496_/X
 mprj/_25497_/Y
 mprj/_25498_/Y
 mprj/_25499_/X
 mprj/_25500_/X
 mprj/_25501_/X
 mprj/_25502_/Y
 mprj/_25503_/Y
 mprj/_25504_/X
 mprj/_25505_/Y
 mprj/_25506_/X
 mprj/_25507_/X
 mprj/_25508_/Y
 mprj/_25509_/X
 mprj/_25510_/X
 mprj/_25511_/X
 mprj/_25512_/X
 mprj/_25513_/X
 mprj/_25514_/X
 mprj/_25515_/X
 mprj/_25516_/X
 mprj/_25517_/Y
 mprj/_25518_/X
 mprj/_25519_/X
 mprj/_25520_/X
 mprj/_25521_/X
 mprj/_25522_/X
 mprj/_25523_/X
 mprj/_25524_/Y
 mprj/_25525_/X
 mprj/_25526_/Y
 mprj/_25527_/X
 mprj/_25528_/X
 mprj/_25529_/X
 mprj/_25530_/X
 mprj/_25531_/X
 mprj/_25532_/X
 mprj/_25533_/X
 mprj/_25534_/X
 mprj/_25535_/Y
 mprj/_25536_/Y
 mprj/_25537_/X
 mprj/_25538_/Y
 mprj/_25539_/Y
 mprj/_25540_/X
 mprj/_25541_/X
 mprj/_25542_/Y
 mprj/_25543_/Y
 mprj/_25544_/X
 mprj/_25545_/X
 mprj/_25546_/X
 mprj/_25547_/X
 mprj/_25548_/Y
 mprj/_25549_/X
 mprj/_25550_/X
 mprj/_25551_/X
 mprj/_25552_/X
 mprj/_25553_/Y
 mprj/_25554_/X
 mprj/_25555_/X
 mprj/_25556_/X
 mprj/_25557_/Y
 mprj/_25558_/Y
 mprj/_25559_/X
 mprj/_25560_/Y
 mprj/_25561_/X
 mprj/_25562_/X
 mprj/_25563_/X
 mprj/_25564_/X
 mprj/_25565_/X
 mprj/_25566_/X
 mprj/_25567_/Y
 mprj/_25568_/X
 mprj/_25569_/X
 mprj/_25570_/X
 mprj/_25571_/X
 mprj/_25572_/Y
 mprj/_25573_/X
 mprj/_25574_/X
 mprj/_25575_/Y
 mprj/_25576_/X
 mprj/_25577_/X
 mprj/_25578_/Y
 mprj/_25579_/X
 mprj/_25580_/X
 mprj/_25581_/Y
 mprj/_25582_/Y
 mprj/_25583_/X
 mprj/_25584_/X
 mprj/_25585_/X
 mprj/_25586_/X
 mprj/_25587_/X
 mprj/_25588_/X
 mprj/_25589_/X
 mprj/_25590_/X
 mprj/_25591_/Y
 mprj/_25592_/Y
 mprj/_25593_/X
 mprj/_25594_/X
 mprj/_25595_/X
 mprj/_25596_/X
 mprj/_25597_/X
 mprj/_25598_/Y
 mprj/_25599_/X
 mprj/_25600_/X
 mprj/_25601_/Y
 mprj/_25602_/Y
 mprj/_25603_/X
 mprj/_25604_/X
 mprj/_25605_/X
 mprj/_25606_/X
 mprj/_25607_/Y
 mprj/_25608_/X
 mprj/_25609_/X
 mprj/_25610_/Y
 mprj/_25611_/X
 mprj/_25612_/X
 mprj/_25613_/X
 mprj/_25614_/X
 mprj/_25615_/Y
 mprj/_25616_/X
 mprj/_25617_/X
 mprj/_25618_/Y
 mprj/_25619_/X
 mprj/_25620_/X
 mprj/_25621_/X
 mprj/_25622_/X
 mprj/_25623_/X
 mprj/_25624_/X
 mprj/_25625_/Y
 mprj/_25626_/X
 mprj/_25627_/X
 mprj/_25628_/X
 mprj/_25629_/Y
 mprj/_25630_/X
 mprj/_25631_/X
 mprj/_25632_/X
 mprj/_25633_/X
 mprj/_25634_/X
 mprj/_25635_/X
 mprj/_25636_/X
 mprj/_25637_/Y
 mprj/_25638_/Y
 mprj/_25639_/X
 mprj/_25640_/X
 mprj/_25641_/X
 mprj/_25642_/Y
 mprj/_25643_/Y
 mprj/_25644_/X
 mprj/_25645_/Y
 mprj/_25646_/Y
 mprj/_25647_/X
 mprj/_25648_/X
 mprj/_25649_/Y
 mprj/_25650_/X
 mprj/_25651_/X
 mprj/_25652_/Y
 mprj/_25653_/X
 mprj/_25654_/Y
 mprj/_25655_/X
 mprj/_25656_/X
 mprj/_25657_/X
 mprj/_25658_/X
 mprj/_25659_/X
 mprj/_25660_/X
 mprj/_25661_/X
 mprj/_25662_/X
 mprj/_25663_/X
 mprj/_25664_/Y
 mprj/_25665_/X
 mprj/_25666_/X
 mprj/_25667_/X
 mprj/_25668_/X
 mprj/_25669_/X
 mprj/_25670_/X
 mprj/_25671_/X
 mprj/_25672_/Y
 mprj/_25673_/Y
 mprj/_25674_/X
 mprj/_25675_/X
 mprj/_25676_/X
 mprj/_25677_/X
 mprj/_25678_/X
 mprj/_25679_/X
 mprj/_25680_/X
 mprj/_25681_/X
 mprj/_25682_/X
 mprj/_25683_/Y
 mprj/_25684_/X
 mprj/_25685_/X
 mprj/_25686_/X
 mprj/_25687_/X
 mprj/_25688_/X
 mprj/_25689_/X
 mprj/_25690_/X
 mprj/_25691_/X
 mprj/_25692_/Y
 mprj/_25693_/Y
 mprj/_25694_/X
 mprj/_25695_/X
 mprj/_25696_/Y
 mprj/_25697_/X
 mprj/_25698_/X
 mprj/_25699_/X
 mprj/_25700_/Y
 mprj/_25701_/X
 mprj/_25702_/X
 mprj/_25703_/X
 mprj/_25704_/X
 mprj/_25705_/X
 mprj/_25706_/X
 mprj/_25707_/X
 mprj/_25708_/X
 mprj/_25709_/X
 mprj/_25710_/X
 mprj/_25711_/Y
 mprj/_25712_/X
 mprj/_25713_/X
 mprj/_25714_/X
 mprj/_25715_/X
 mprj/_25716_/X
 mprj/_25717_/X
 mprj/_25718_/X
 mprj/_25719_/X
 mprj/_25720_/X
 mprj/_25721_/Y
 mprj/_25722_/X
 mprj/_25723_/Y
 mprj/_25724_/X
 mprj/_25725_/X
 mprj/_25726_/Y
 mprj/_25727_/X
 mprj/_25728_/Y
 mprj/_25729_/X
 mprj/_25730_/X
 mprj/_25731_/Y
 mprj/_25732_/X
 mprj/_25733_/X
 mprj/_25734_/X
 mprj/_25735_/Y
 mprj/_25736_/Y
 mprj/_25737_/X
 mprj/_25738_/X
 mprj/_25739_/X
 mprj/_25740_/X
 mprj/_25741_/X
 mprj/_25742_/X
 mprj/_25743_/X
 mprj/_25744_/X
 mprj/_25745_/X
 mprj/_25746_/X
 mprj/_25747_/X
 mprj/_25748_/X
 mprj/_25749_/Y
 mprj/_25750_/X
 mprj/_25751_/X
 mprj/_25752_/X
 mprj/_25753_/X
 mprj/_25754_/Y
 mprj/_25755_/X
 mprj/_25756_/X
 mprj/_25757_/Y
 mprj/_25758_/X
 mprj/_25759_/X
 mprj/_25760_/X
 mprj/_25761_/Y
 mprj/_25762_/X
 mprj/_25763_/X
 mprj/_25764_/Y
 mprj/_25765_/X
 mprj/_25766_/X
 mprj/_25767_/X
 mprj/_25768_/X
 mprj/_25769_/Y
 mprj/_25770_/X
 mprj/_25771_/Y
 mprj/_25772_/Y
 mprj/_25773_/Y
 mprj/_25774_/X
 mprj/_25775_/X
 mprj/_25776_/X
 mprj/_25777_/X
 mprj/_25778_/Y
 mprj/_25779_/Y
 mprj/_25780_/X
 mprj/_25781_/Y
 mprj/_25782_/Y
 mprj/_25783_/X
 mprj/_25784_/X
 mprj/_25785_/X
 mprj/_25786_/X
 mprj/_25787_/X
 mprj/_25788_/X
 mprj/_25789_/X
 mprj/_25790_/X
 mprj/_25791_/X
 mprj/_25792_/X
 mprj/_25793_/Y
 mprj/_25794_/X
 mprj/_25795_/X
 mprj/_25796_/X
 mprj/_25797_/X
 mprj/_25798_/X
 mprj/_25799_/X
 mprj/_25800_/X
 mprj/_25801_/X
 mprj/_25802_/X
 mprj/_25803_/X
 mprj/_25804_/X
 mprj/_25805_/X
 mprj/_25806_/X
 mprj/_25807_/X
 mprj/_25808_/X
 mprj/_25809_/X
 mprj/_25810_/X
 mprj/_25811_/X
 mprj/_25812_/X
 mprj/_25813_/Y
 mprj/_25814_/Y
 mprj/_25815_/X
 mprj/_25816_/X
 mprj/_25817_/X
 mprj/_25818_/X
 mprj/_25819_/Y
 mprj/_25820_/X
 mprj/_25821_/X
 mprj/_25822_/X
 mprj/_25823_/X
 mprj/_25824_/X
 mprj/_25825_/X
 mprj/_25826_/Y
 mprj/_25827_/Y
 mprj/_25828_/X
 mprj/_25829_/X
 mprj/_25830_/X
 mprj/_25831_/X
 mprj/_25832_/Y
 mprj/_25833_/Y
 mprj/_25834_/X
 mprj/_25835_/X
 mprj/_25836_/X
 mprj/_25837_/Y
 mprj/_25838_/Y
 mprj/_25839_/Y
 mprj/_25840_/Y
 mprj/_25841_/Y
 mprj/_25842_/X
 mprj/_25843_/X
 mprj/_25844_/X
 mprj/_25845_/X
 mprj/_25846_/Y
 mprj/_25847_/X
 mprj/_25848_/Y
 mprj/_25849_/X
 mprj/_25850_/X
 mprj/_25851_/Y
 mprj/_25852_/X
 mprj/_25853_/X
 mprj/_25854_/X
 mprj/_25855_/Y
 mprj/_25856_/X
 mprj/_25857_/X
 mprj/_25858_/X
 mprj/_25859_/X
 mprj/_25860_/X
 mprj/_25861_/Y
 mprj/_25862_/X
 mprj/_25863_/X
 mprj/_25864_/X
 mprj/_25865_/X
 mprj/_25866_/X
 mprj/_25867_/Y
 mprj/_25868_/Y
 mprj/_25869_/X
 mprj/_25870_/X
 mprj/_25871_/X
 mprj/_25872_/Y
 mprj/_25873_/X
 mprj/_25874_/X
 mprj/_25875_/X
 mprj/_25876_/Y
 mprj/_25877_/X
 mprj/_25878_/X
 mprj/_25879_/X
 mprj/_25880_/X
 mprj/_25881_/Y
 mprj/_25882_/X
 mprj/_25883_/Y
 mprj/_25884_/X
 mprj/_25885_/X
 mprj/_25886_/X
 mprj/_25887_/X
 mprj/_25888_/X
 mprj/_25889_/Y
 mprj/_25890_/X
 mprj/_25891_/X
 mprj/_25892_/X
 mprj/_25893_/X
 mprj/_25894_/X
 mprj/_25895_/X
 mprj/_25896_/X
 mprj/_25897_/X
 mprj/_25898_/Y
 mprj/_25899_/X
 mprj/_25900_/Y
 mprj/_25901_/X
 mprj/_25902_/Y
 mprj/_25903_/X
 mprj/_25904_/Y
 mprj/_25905_/Y
 mprj/_25906_/Y
 mprj/_25907_/X
 mprj/_25908_/X
 mprj/_25909_/Y
 mprj/_25910_/X
 mprj/_25911_/Y
 mprj/_25912_/Y
 mprj/_25913_/X
 mprj/_25914_/Y
 mprj/_25915_/Y
 mprj/_25916_/X
 mprj/_25917_/X
 mprj/_25918_/X
 mprj/_25919_/Y
 mprj/_25920_/X
 mprj/_25921_/Y
 mprj/_25922_/Y
 mprj/_25923_/X
 mprj/_25924_/X
 mprj/_25925_/Y
 mprj/_25926_/Y
 mprj/_25927_/Y
 mprj/_25928_/X
 mprj/_25929_/X
 mprj/_25930_/X
 mprj/_25931_/X
 mprj/_25932_/X
 mprj/_25933_/X
 mprj/_25934_/X
 mprj/_25935_/X
 mprj/_25936_/Y
 mprj/_25937_/Y
 mprj/_25938_/Y
 mprj/_25939_/X
 mprj/_25940_/X
 mprj/_25941_/Y
 mprj/_25942_/X
 mprj/_25943_/Y
 mprj/_25944_/X
 mprj/_25945_/X
 mprj/_25946_/Y
 mprj/_25947_/X
 mprj/_25948_/Y
 mprj/_25949_/X
 mprj/_25950_/X
 mprj/_25951_/Y
 mprj/_25952_/X
 mprj/_25953_/X
 mprj/_25954_/X
 mprj/_25955_/X
 mprj/_25956_/Y
 mprj/_25957_/X
 mprj/_25958_/Y
 mprj/_25959_/X
 mprj/_25960_/Y
 mprj/_25961_/X
 mprj/_25962_/X
 mprj/_25963_/Y
 mprj/_25964_/Y
 mprj/_25965_/X
 mprj/_25966_/X
 mprj/_25967_/X
 mprj/_25968_/X
 mprj/_25969_/X
 mprj/_25970_/X
 mprj/_25971_/X
 mprj/_25972_/X
 mprj/_25973_/X
 mprj/_25974_/X
 mprj/_25975_/X
 mprj/_25976_/Y
 mprj/_25977_/X
 mprj/_25978_/X
 mprj/_25979_/X
 mprj/_25980_/X
 mprj/_25981_/X
 mprj/_25982_/X
 mprj/_25983_/Y
 mprj/_25984_/X
 mprj/_25985_/Y
 mprj/_25986_/X
 mprj/_25987_/X
 mprj/_25988_/X
 mprj/_25989_/Y
 mprj/_25990_/X
 mprj/_25991_/Y
 mprj/_25992_/X
 mprj/_25993_/Y
 mprj/_25994_/Y
 mprj/_25995_/X
 mprj/_25996_/X
 mprj/_25997_/X
 mprj/_25998_/X
 mprj/_25999_/X
 mprj/_26000_/X
 mprj/_26001_/X
 mprj/_26002_/X
 mprj/_26003_/Y
 mprj/_26004_/Y
 mprj/_26005_/X
 mprj/_26006_/X
 mprj/_26007_/X
 mprj/_26008_/X
 mprj/_26009_/X
 mprj/_26010_/X
 mprj/_26011_/X
 mprj/_26012_/X
 mprj/_26013_/X
 mprj/_26014_/X
 mprj/_26015_/X
 mprj/_26016_/X
 mprj/_26017_/X
 mprj/_26018_/X
 mprj/_26019_/X
 mprj/_26020_/Y
 mprj/_26021_/X
 mprj/_26022_/X
 mprj/_26023_/X
 mprj/_26024_/X
 mprj/_26025_/Y
 mprj/_26026_/Y
 mprj/_26027_/X
 mprj/_26028_/X
 mprj/_26029_/X
 mprj/_26030_/X
 mprj/_26031_/X
 mprj/_26032_/Y
 mprj/_26033_/Y
 mprj/_26034_/X
 mprj/_26035_/Y
 mprj/_26036_/Y
 mprj/_26037_/X
 mprj/_26038_/Y
 mprj/_26039_/X
 mprj/_26040_/X
 mprj/_26041_/Y
 mprj/_26042_/Y
 mprj/_26043_/Y
 mprj/_26044_/X
 mprj/_26045_/X
 mprj/_26046_/X
 mprj/_26047_/Y
 mprj/_26048_/Y
 mprj/_26049_/X
 mprj/_26050_/X
 mprj/_26051_/X
 mprj/_26052_/X
 mprj/_26053_/X
 mprj/_26054_/X
 mprj/_26055_/Y
 mprj/_26056_/Y
 mprj/_26057_/X
 mprj/_26058_/X
 mprj/_26059_/X
 mprj/_26060_/X
 mprj/_26061_/X
 mprj/_26062_/X
 mprj/_26063_/X
 mprj/_26064_/Y
 mprj/_26065_/X
 mprj/_26066_/X
 mprj/_26067_/X
 mprj/_26068_/X
 mprj/_26069_/X
 mprj/_26070_/X
 mprj/_26071_/X
 mprj/_26072_/X
 mprj/_26073_/X
 mprj/_26074_/X
 mprj/_26075_/X
 mprj/_26076_/Y
 mprj/_26077_/X
 mprj/_26078_/X
 mprj/_26079_/X
 mprj/_26080_/X
 mprj/_26081_/X
 mprj/_26082_/X
 mprj/_26083_/X
 mprj/_26084_/Y
 mprj/_26085_/Y
 mprj/_26086_/X
 mprj/_26087_/X
 mprj/_26088_/Y
 mprj/_26089_/X
 mprj/_26090_/X
 mprj/_26091_/Y
 mprj/_26092_/X
 mprj/_26093_/X
 mprj/_26094_/X
 mprj/_26095_/Y
 mprj/_26096_/X
 mprj/_26097_/X
 mprj/_26098_/Y
 mprj/_26099_/Y
 mprj/_26100_/Y
 mprj/_26101_/X
 mprj/_26102_/X
 mprj/_26103_/Y
 mprj/_26104_/X
 mprj/_26105_/X
 mprj/_26106_/X
 mprj/_26107_/X
 mprj/_26108_/X
 mprj/_26109_/Y
 mprj/_26110_/X
 mprj/_26111_/X
 mprj/_26112_/X
 mprj/_26113_/X
 mprj/_26114_/X
 mprj/_26115_/Y
 mprj/_26116_/X
 mprj/_26117_/X
 mprj/_26118_/Y
 mprj/_26119_/Y
 mprj/_26120_/Y
 mprj/_26121_/Y
 mprj/_26122_/X
 mprj/_26123_/X
 mprj/_26124_/Y
 mprj/_26125_/X
 mprj/_26126_/X
 mprj/_26127_/X
 mprj/_26128_/X
 mprj/_26129_/X
 mprj/_26130_/X
 mprj/_26131_/X
 mprj/_26132_/X
 mprj/_26133_/X
 mprj/_26134_/X
 mprj/_26135_/X
 mprj/_26136_/X
 mprj/_26137_/X
 mprj/_26138_/X
 mprj/_26139_/Y
 mprj/_26140_/X
 mprj/_26141_/X
 mprj/_26142_/X
 mprj/_26143_/X
 mprj/_26144_/X
 mprj/_26145_/X
 mprj/_26146_/X
 mprj/_26147_/Y
 mprj/_26148_/X
 mprj/_26149_/X
 mprj/_26150_/X
 mprj/_26151_/X
 mprj/_26152_/X
 mprj/_26153_/X
 mprj/_26154_/X
 mprj/_26155_/X
 mprj/_26156_/X
 mprj/_26157_/Y
 mprj/_26158_/Y
 mprj/_26159_/Y
 mprj/_26160_/X
 mprj/_26161_/X
 mprj/_26162_/X
 mprj/_26163_/X
 mprj/_26164_/X
 mprj/_26165_/Y
 mprj/_26166_/X
 mprj/_26167_/X
 mprj/_26168_/X
 mprj/_26169_/X
 mprj/_26170_/X
 mprj/_26171_/Y
 mprj/_26172_/X
 mprj/_26173_/X
 mprj/_26174_/Y
 mprj/_26175_/X
 mprj/_26176_/Y
 mprj/_26177_/X
 mprj/_26178_/X
 mprj/_26179_/X
 mprj/_26180_/X
 mprj/_26181_/X
 mprj/_26182_/Y
 mprj/_26183_/X
 mprj/_26184_/X
 mprj/_26185_/X
 mprj/_26186_/X
 mprj/_26187_/Y
 mprj/_26188_/X
 mprj/_26189_/X
 mprj/_26190_/X
 mprj/_26191_/X
 mprj/_26192_/X
 mprj/_26193_/X
 mprj/_26194_/X
 mprj/_26195_/X
 mprj/_26196_/Y
 mprj/_26197_/X
 mprj/_26198_/X
 mprj/_26199_/X
 mprj/_26200_/Y
 mprj/_26201_/X
 mprj/_26202_/X
 mprj/_26203_/X
 mprj/_26204_/X
 mprj/_26205_/Y
 mprj/_26206_/X
 mprj/_26207_/X
 mprj/_26208_/X
 mprj/_26209_/X
 mprj/_26210_/Y
 mprj/_26211_/Y
 mprj/_26212_/X
 mprj/_26213_/X
 mprj/_26214_/X
 mprj/_26215_/X
 mprj/_26216_/X
 mprj/_26217_/X
 mprj/_26218_/X
 mprj/_26219_/X
 mprj/_26220_/Y
 mprj/_26221_/X
 mprj/_26222_/Y
 mprj/_26223_/X
 mprj/_26224_/X
 mprj/_26225_/Y
 mprj/_26226_/Y
 mprj/_26227_/X
 mprj/_26228_/X
 mprj/_26229_/X
 mprj/_26230_/X
 mprj/_26231_/X
 mprj/_26232_/X
 mprj/_26233_/X
 mprj/_26234_/X
 mprj/_26235_/Y
 mprj/_26236_/X
 mprj/_26237_/Y
 mprj/_26238_/X
 mprj/_26239_/X
 mprj/_26240_/Y
 mprj/_26241_/X
 mprj/_26242_/X
 mprj/_26243_/X
 mprj/_26244_/X
 mprj/_26245_/Y
 mprj/_26246_/Y
 mprj/_26247_/X
 mprj/_26248_/X
 mprj/_26249_/X
 mprj/_26250_/X
 mprj/_26251_/Y
 mprj/_26252_/Y
 mprj/_26253_/X
 mprj/_26254_/Y
 mprj/_26255_/X
 mprj/_26256_/Y
 mprj/_26257_/X
 mprj/_26258_/Y
 mprj/_26259_/X
 mprj/_26260_/Y
 mprj/_26261_/X
 mprj/_26262_/Y
 mprj/_26263_/X
 mprj/_26264_/X
 mprj/_26265_/Y
 mprj/_26266_/Y
 mprj/_26267_/X
 mprj/_26268_/X
 mprj/_26269_/X
 mprj/_26270_/X
 mprj/_26271_/X
 mprj/_26272_/X
 mprj/_26273_/Y
 mprj/_26274_/X
 mprj/_26275_/Y
 mprj/_26276_/X
 mprj/_26277_/X
 mprj/_26278_/Y
 mprj/_26279_/Y
 mprj/_26280_/X
 mprj/_26281_/Y
 mprj/_26282_/Y
 mprj/_26283_/Y
 mprj/_26284_/X
 mprj/_26285_/Y
 mprj/_26286_/Y
 mprj/_26287_/Y
 mprj/_26288_/Y
 mprj/_26289_/X
 mprj/_26290_/X
 mprj/_26291_/X
 mprj/_26292_/X
 mprj/_26293_/Y
 mprj/_26294_/Y
 mprj/_26295_/X
 mprj/_26296_/Y
 mprj/_26297_/X
 mprj/_26298_/X
 mprj/_26299_/X
 mprj/_26300_/X
 mprj/_26301_/X
 mprj/_26302_/X
 mprj/_26303_/Y
 mprj/_26304_/X
 mprj/_26305_/X
 mprj/_26306_/Y
 mprj/_26307_/Y
 mprj/_26308_/X
 mprj/_26309_/X
 mprj/_26310_/Y
 mprj/_26311_/Y
 mprj/_26312_/Y
 mprj/_26313_/Y
 mprj/_26314_/X
 mprj/_26315_/X
 mprj/_26316_/X
 mprj/_26317_/Y
 mprj/_26318_/Y
 mprj/_26319_/Y
 mprj/_26320_/X
 mprj/_26321_/Y
 mprj/_26322_/Y
 mprj/_26323_/X
 mprj/_26324_/X
 mprj/_26325_/Y
 mprj/_26326_/X
 mprj/_26327_/X
 mprj/_26328_/Y
 mprj/_26329_/X
 mprj/_26330_/X
 mprj/_26331_/X
 mprj/_26332_/X
 mprj/_26333_/X
 mprj/_26334_/Y
 mprj/_26335_/X
 mprj/_26336_/X
 mprj/_26337_/Y
 mprj/_26338_/Y
 mprj/_26339_/X
 mprj/_26340_/Y
 mprj/_26341_/Y
 mprj/_26342_/Y
 mprj/_26343_/Y
 mprj/_26344_/Y
 mprj/_26345_/X
 mprj/_26346_/Y
 mprj/_26347_/X
 mprj/_26348_/X
 mprj/_26349_/X
 mprj/_26350_/X
 mprj/_26351_/X
 mprj/_26352_/Y
 mprj/_26353_/Y
 mprj/_26354_/Y
 mprj/_26355_/Y
 mprj/_26356_/Y
 mprj/_26357_/Y
 mprj/_26358_/Y
 mprj/_26359_/Y
 mprj/_26360_/X
 mprj/_26361_/X
 mprj/_26362_/X
 mprj/_26363_/X
 mprj/_26364_/Y
 mprj/_26365_/X
 mprj/_26366_/Y
 mprj/_26367_/X
 mprj/_26368_/Y
 mprj/_26369_/X
 mprj/_26370_/Y
 mprj/_26371_/X
 mprj/_26372_/X
 mprj/_26373_/Y
 mprj/_26374_/X
 mprj/_26375_/Y
 mprj/_26376_/X
 mprj/_26377_/X
 mprj/_26378_/Y
 mprj/_26379_/X
 mprj/_26380_/Y
 mprj/_26381_/X
 mprj/_26382_/Y
 mprj/_26383_/X
 mprj/_26384_/X
 mprj/_26385_/X
 mprj/_26386_/X
 mprj/_26387_/X
 mprj/_26388_/X
 mprj/_26389_/Y
 mprj/_26390_/X
 mprj/_26391_/X
 mprj/_26392_/X
 mprj/_26393_/X
 mprj/_26394_/X
 mprj/_26395_/Y
 mprj/_26396_/X
 mprj/_26397_/X
 mprj/_26398_/Y
 mprj/_26399_/Y
 mprj/_26400_/Y
 mprj/_26401_/Y
 mprj/_26402_/Y
 mprj/_26403_/Y
 mprj/_26404_/X
 mprj/_26405_/Y
 mprj/_26406_/X
 mprj/_26407_/Y
 mprj/_26408_/X
 mprj/_26409_/Y
 mprj/_26410_/X
 mprj/_26411_/X
 mprj/_26412_/X
 mprj/_26413_/X
 mprj/_26414_/X
 mprj/_26415_/Y
 mprj/_26416_/X
 mprj/_26417_/Y
 mprj/_26418_/X
 mprj/_26419_/Y
 mprj/_26420_/Y
 mprj/_26421_/X
 mprj/_26422_/X
 mprj/_26423_/Y
 mprj/_26424_/X
 mprj/_26425_/X
 mprj/_26426_/X
 mprj/_26427_/X
 mprj/_26428_/Y
 mprj/_26429_/Y
 mprj/_26430_/X
 mprj/_26431_/X
 mprj/_26432_/X
 mprj/_26433_/Y
 mprj/_26434_/Y
 mprj/_26435_/X
 mprj/_26436_/X
 mprj/_26437_/X
 mprj/_26438_/Y
 mprj/_26439_/Y
 mprj/_26440_/X
 mprj/_26441_/X
 mprj/_26442_/X
 mprj/_26443_/Y
 mprj/_26444_/Y
 mprj/_26445_/X
 mprj/_26446_/Y
 mprj/_26447_/X
 mprj/_26448_/X
 mprj/_26449_/X
 mprj/_26450_/X
 mprj/_26451_/Y
 mprj/_26452_/X
 mprj/_26453_/X
 mprj/_26454_/Y
 mprj/_26455_/X
 mprj/_26456_/X
 mprj/_26457_/Y
 mprj/_26458_/Y
 mprj/_26459_/Y
 mprj/_26460_/Y
 mprj/_26461_/Y
 mprj/_26462_/Y
 mprj/_26463_/X
 mprj/_26464_/Y
 mprj/_26465_/X
 mprj/_26466_/X
 mprj/_26467_/Y
 mprj/_26468_/X
 mprj/_26469_/X
 mprj/_26470_/Y
 mprj/_26471_/X
 mprj/_26472_/X
 mprj/_26473_/X
 mprj/_26474_/Y
 mprj/_26475_/X
 mprj/_26476_/X
 mprj/_26477_/X
 mprj/_26478_/Y
 mprj/_26479_/X
 mprj/_26480_/Y
 mprj/_26481_/X
 mprj/_26482_/X
 mprj/_26483_/X
 mprj/_26484_/Y
 mprj/_26485_/X
 mprj/_26486_/X
 mprj/_26487_/Y
 mprj/_26488_/Y
 mprj/_26489_/X
 mprj/_26490_/X
 mprj/_26491_/X
 mprj/_26492_/X
 mprj/_26493_/Y
 mprj/_26494_/Y
 mprj/_26495_/Y
 mprj/_26496_/X
 mprj/_26497_/Y
 mprj/_26498_/X
 mprj/_26499_/X
 mprj/_26500_/X
 mprj/_26501_/X
 mprj/_26502_/Y
 mprj/_26503_/Y
 mprj/_26504_/Y
 mprj/_26505_/Y
 mprj/_26506_/X
 mprj/_26507_/Y
 mprj/_26508_/Y
 mprj/_26509_/X
 mprj/_26510_/Y
 mprj/_26511_/Y
 mprj/_26512_/X
 mprj/_26513_/X
 mprj/_26514_/X
 mprj/_26515_/Y
 mprj/_26516_/X
 mprj/_26517_/Y
 mprj/_26518_/X
 mprj/_26519_/Y
 mprj/_26520_/Y
 mprj/_26521_/Y
 mprj/_26522_/X
 mprj/_26523_/Y
 mprj/_26524_/Y
 mprj/_26525_/X
 mprj/_26526_/X
 mprj/_26527_/Y
 mprj/_26528_/Y
 mprj/_26529_/Y
 mprj/_26530_/X
 mprj/_26531_/Y
 mprj/_26532_/X
 mprj/_26533_/X
 mprj/_26534_/X
 mprj/_26535_/X
 mprj/_26536_/Y
 mprj/_26537_/Y
 mprj/_26538_/Y
 mprj/_26539_/Y
 mprj/_26540_/X
 mprj/_26541_/Y
 mprj/_26542_/Y
 mprj/_26543_/Y
 mprj/_26544_/X
 mprj/_26545_/Y
 mprj/_26546_/Y
 mprj/_26547_/X
 mprj/_26548_/X
 mprj/_26549_/Y
 mprj/_26550_/Y
 mprj/_26551_/X
 mprj/_26552_/Y
 mprj/_26553_/X
 mprj/_26554_/X
 mprj/_26555_/Y
 mprj/_26556_/X
 mprj/_26557_/Y
 mprj/_26558_/Y
 mprj/_26559_/X
 mprj/_26560_/X
 mprj/_26561_/Y
 mprj/_26562_/X
 mprj/_26563_/X
 mprj/_26564_/Y
 mprj/_26565_/X
 mprj/_26566_/Y
 mprj/_26567_/Y
 mprj/_26568_/Y
 mprj/_26569_/X
 mprj/_26570_/Y
 mprj/_26571_/X
 mprj/_26572_/Y
 mprj/_26573_/X
 mprj/_26574_/Y
 mprj/_26575_/X
 mprj/_26576_/X
 mprj/_26577_/Y
 mprj/_26578_/Y
 mprj/_26579_/X
 mprj/_26580_/Y
 mprj/_26581_/X
 mprj/_26582_/X
 mprj/_26583_/X
 mprj/_26584_/X
 mprj/_26585_/Y
 mprj/_26586_/X
 mprj/_26587_/Y
 mprj/_26588_/X
 mprj/_26589_/Y
 mprj/_26590_/X
 mprj/_26591_/Y
 mprj/_26592_/Y
 mprj/_26593_/X
 mprj/_26594_/X
 mprj/_26595_/Y
 mprj/_26596_/Y
 mprj/_26597_/Y
 mprj/_26598_/X
 mprj/_26599_/Y
 mprj/_26600_/X
 mprj/_26601_/X
 mprj/_26602_/X
 mprj/_26603_/X
 mprj/_26604_/X
 mprj/_26605_/Y
 mprj/_26606_/X
 mprj/_26607_/Y
 mprj/_26608_/X
 mprj/_26609_/X
 mprj/_26610_/Y
 mprj/_26611_/X
 mprj/_26612_/Y
 mprj/_26613_/Y
 mprj/_26614_/X
 mprj/_26615_/X
 mprj/_26616_/Y
 mprj/_26617_/Y
 mprj/_26618_/X
 mprj/_26619_/Y
 mprj/_26620_/X
 mprj/_26621_/X
 mprj/_26622_/Y
 mprj/_26623_/Y
 mprj/_26624_/Y
 mprj/_26625_/Y
 mprj/_26626_/X
 mprj/_26627_/X
 mprj/_26628_/Y
 mprj/_26629_/X
 mprj/_26630_/Y
 mprj/_26631_/Y
 mprj/_26632_/Y
 mprj/_26633_/Y
 mprj/_26634_/Y
 mprj/_26635_/Y
 mprj/_26636_/Y
 mprj/_26637_/X
 mprj/_26638_/Y
 mprj/_26639_/Y
 mprj/_26640_/Y
 mprj/_26641_/Y
 mprj/_26642_/Y
 mprj/_26643_/X
 mprj/_26644_/X
 mprj/_26645_/Y
 mprj/_26646_/Y
 mprj/_26647_/Y
 mprj/_26648_/Y
 mprj/_26649_/Y
 mprj/_26650_/X
 mprj/_26651_/Y
 mprj/_26652_/X
 mprj/_26653_/Y
 mprj/_26654_/X
 mprj/_26655_/Y
 mprj/_26656_/X
 mprj/_26657_/X
 mprj/_26658_/Y
 mprj/_26659_/X
 mprj/_26660_/X
 mprj/_26661_/X
 mprj/_26662_/X
 mprj/_26663_/X
 mprj/_26664_/Y
 mprj/_26665_/Y
 mprj/_26666_/Y
 mprj/_26667_/Y
 mprj/_26668_/X
 mprj/_26669_/Y
 mprj/_26670_/X
 mprj/_26671_/X
 mprj/_26672_/X
 mprj/_26673_/X
 mprj/_26674_/X
 mprj/_26675_/Y
 mprj/_26676_/X
 mprj/_26677_/X
 mprj/_26678_/Y
 mprj/_26679_/X
 mprj/_26680_/X
 mprj/_26681_/X
 mprj/_26682_/Y
 mprj/_26683_/X
 mprj/_26684_/Y
 mprj/_26685_/X
 mprj/_26686_/Y
 mprj/_26687_/Y
 mprj/_26688_/X
 mprj/_26689_/Y
 mprj/_26690_/Y
 mprj/_26691_/X
 mprj/_26692_/Y
 mprj/_26693_/X
 mprj/_26694_/Y
 mprj/_26695_/Y
 mprj/_26696_/Y
 mprj/_26697_/X
 mprj/_26698_/Y
 mprj/_26699_/X
 mprj/_26700_/X
 mprj/_26701_/Y
 mprj/_26702_/X
 mprj/_26703_/Y
 mprj/_26704_/X
 mprj/_26705_/X
 mprj/_26706_/X
 mprj/_26707_/X
 mprj/_26708_/Y
 mprj/_26709_/Y
 mprj/_26710_/X
 mprj/_26711_/X
 mprj/_26712_/X
 mprj/_26713_/X
 mprj/_26714_/X
 mprj/_26715_/Y
 mprj/_26716_/X
 mprj/_26717_/Y
 mprj/_26718_/Y
 mprj/_26719_/X
 mprj/_26720_/X
 mprj/_26721_/X
 mprj/_26722_/X
 mprj/_26723_/X
 mprj/_26724_/X
 mprj/_26725_/Y
 mprj/_26726_/X
 mprj/_26727_/Y
 mprj/_26728_/X
 mprj/_26729_/X
 mprj/_26730_/X
 mprj/_26731_/X
 mprj/_26732_/X
 mprj/_26733_/X
 mprj/_26734_/Y
 mprj/_26735_/X
 mprj/_26736_/X
 mprj/_26737_/X
 mprj/_26738_/Y
 mprj/_26739_/Y
 mprj/_26740_/X
 mprj/_26741_/Y
 mprj/_26742_/Y
 mprj/_26743_/X
 mprj/_26744_/X
 mprj/_26745_/X
 mprj/_26746_/Y
 mprj/_26747_/Y
 mprj/_26748_/X
 mprj/_26749_/X
 mprj/_26750_/X
 mprj/_26751_/Y
 mprj/_26752_/Y
 mprj/_26753_/X
 mprj/_26754_/X
 mprj/_26755_/Y
 mprj/_26756_/X
 mprj/_26757_/X
 mprj/_26758_/Y
 mprj/_26759_/Y
 mprj/_26760_/X
 mprj/_26761_/Y
 mprj/_26762_/X
 mprj/_26763_/X
 mprj/_26764_/Y
 mprj/_26765_/X
 mprj/_26766_/Y
 mprj/_26767_/Y
 mprj/_26768_/X
 mprj/_26769_/X
 mprj/_26770_/X
 mprj/_26771_/X
 mprj/_26772_/Y
 mprj/_26773_/X
 mprj/_26774_/X
 mprj/_26775_/Y
 mprj/_26776_/Y
 mprj/_26777_/X
 mprj/_26778_/X
 mprj/_26779_/X
 mprj/_26780_/X
 mprj/_26781_/X
 mprj/_26782_/X
 mprj/_26783_/Y
 mprj/_26784_/X
 mprj/_26785_/X
 mprj/_26786_/Y
 mprj/_26787_/X
 mprj/_26788_/Y
 mprj/_26789_/X
 mprj/_26790_/Y
 mprj/_26791_/Y
 mprj/_26792_/Y
 mprj/_26793_/X
 mprj/_26794_/X
 mprj/_26795_/X
 mprj/_26796_/Y
 mprj/_26797_/X
 mprj/_26798_/Y
 mprj/_26799_/X
 mprj/_26800_/Y
 mprj/_26801_/X
 mprj/_26802_/X
 mprj/_26803_/Y
 mprj/_26804_/Y
 mprj/_26805_/Y
 mprj/_26806_/Y
 mprj/_26807_/X
 mprj/_26808_/X
 mprj/_26809_/X
 mprj/_26810_/X
 mprj/_26811_/Y
 mprj/_26812_/X
 mprj/_26813_/Y
 mprj/_26814_/X
 mprj/_26815_/X
 mprj/_26816_/X
 mprj/_26817_/X
 mprj/_26818_/X
 mprj/_26819_/X
 mprj/_26820_/Y
 mprj/_26821_/X
 mprj/_26822_/Y
 mprj/_26823_/Y
 mprj/_26824_/X
 mprj/_26825_/X
 mprj/_26826_/Y
 mprj/_26827_/X
 mprj/_26828_/Y
 mprj/_26829_/Y
 mprj/_26830_/Y
 mprj/_26831_/Y
 mprj/_26832_/X
 mprj/_26833_/Y
 mprj/_26834_/X
 mprj/_26835_/Y
 mprj/_26836_/X
 mprj/_26837_/Y
 mprj/_26838_/X
 mprj/_26839_/Y
 mprj/_26840_/X
 mprj/_26841_/Y
 mprj/_26842_/X
 mprj/_26843_/X
 mprj/_26844_/Y
 mprj/_26845_/Y
 mprj/_26846_/Y
 mprj/_26847_/X
 mprj/_26848_/Y
 mprj/_26849_/Y
 mprj/_26850_/X
 mprj/_26851_/X
 mprj/_26852_/X
 mprj/_26853_/Y
 mprj/_26854_/Y
 mprj/_26855_/Y
 mprj/_26856_/Y
 mprj/_26857_/X
 mprj/_26858_/X
 mprj/_26859_/Y
 mprj/_26860_/Y
 mprj/_26861_/X
 mprj/_26862_/X
 mprj/_26863_/X
 mprj/_26864_/Y
 mprj/_26865_/X
 mprj/_26866_/X
 mprj/_26867_/X
 mprj/_26868_/Y
 mprj/_26869_/Y
 mprj/_26870_/Y
 mprj/_26871_/X
 mprj/_26872_/Y
 mprj/_26873_/X
 mprj/_26874_/X
 mprj/_26875_/Y
 mprj/_26876_/Y
 mprj/_26877_/X
 mprj/_26878_/Y
 mprj/_26879_/Y
 mprj/_26880_/X
 mprj/_26881_/X
 mprj/_26882_/Y
 mprj/_26883_/Y
 mprj/_26884_/X
 mprj/_26885_/Y
 mprj/_26886_/Y
 mprj/_26887_/Y
 mprj/_26888_/Y
 mprj/_26889_/X
 mprj/_26890_/X
 mprj/_26891_/X
 mprj/_26892_/Y
 mprj/_26893_/X
 mprj/_26894_/X
 mprj/_26895_/X
 mprj/_26896_/X
 mprj/_26897_/X
 mprj/_26898_/X
 mprj/_26899_/X
 mprj/_26900_/Y
 mprj/_26901_/X
 mprj/_26902_/Y
 mprj/_26903_/X
 mprj/_26904_/Y
 mprj/_26905_/Y
 mprj/_26906_/X
 mprj/_26907_/Y
 mprj/_26908_/Y
 mprj/_26909_/Y
 mprj/_26910_/X
 mprj/_26911_/X
 mprj/_26912_/Y
 mprj/_26913_/Y
 mprj/_26914_/X
 mprj/_26915_/X
 mprj/_26916_/Y
 mprj/_26917_/Y
 mprj/_26918_/X
 mprj/_26919_/X
 mprj/_26920_/Y
 mprj/_26921_/Y
 mprj/_26922_/Y
 mprj/_26923_/Y
 mprj/_26924_/X
 mprj/_26925_/X
 mprj/_26926_/X
 mprj/_26927_/Y
 mprj/_26928_/X
 mprj/_26929_/X
 mprj/_26930_/X
 mprj/_26931_/X
 mprj/_26932_/Y
 mprj/_26933_/Y
 mprj/_26934_/X
 mprj/_26935_/Y
 mprj/_26936_/Y
 mprj/_26937_/X
 mprj/_26938_/Y
 mprj/_26939_/Y
 mprj/_26940_/X
 mprj/_26941_/X
 mprj/_26942_/X
 mprj/_26943_/Y
 mprj/_26944_/Y
 mprj/_26945_/X
 mprj/_26946_/Y
 mprj/_26947_/Y
 mprj/_26948_/Y
 mprj/_26949_/Y
 mprj/_26950_/X
 mprj/_26951_/Y
 mprj/_26952_/Y
 mprj/_26953_/Y
 mprj/_26954_/Y
 mprj/_26955_/Y
 mprj/_26956_/Y
 mprj/_26957_/X
 mprj/_26958_/X
 mprj/_26959_/Y
 mprj/_26960_/X
 mprj/_26961_/X
 mprj/_26962_/X
 mprj/_26963_/X
 mprj/_26964_/X
 mprj/_26965_/Y
 mprj/_26966_/Y
 mprj/_26967_/Y
 mprj/_26968_/X
 mprj/_26969_/X
 mprj/_26970_/Y
 mprj/_26971_/X
 mprj/_26972_/Y
 mprj/_26973_/X
 mprj/_26974_/X
 mprj/_26975_/Y
 mprj/_26976_/X
 mprj/_26977_/X
 mprj/_26978_/X
 mprj/_26979_/X
 mprj/_26980_/X
 mprj/_26981_/X
 mprj/_26982_/X
 mprj/_26983_/X
 mprj/_26984_/X
 mprj/_26985_/Y
 mprj/_26986_/Y
 mprj/_26987_/X
 mprj/_26988_/X
 mprj/_26989_/X
 mprj/_26990_/X
 mprj/_26991_/Y
 mprj/_26992_/X
 mprj/_26993_/Y
 mprj/_26994_/X
 mprj/_26995_/Y
 mprj/_26996_/X
 mprj/_26997_/X
 mprj/_26998_/X
 mprj/_26999_/X
 mprj/_27000_/Y
 mprj/_27001_/X
 mprj/_27002_/X
 mprj/_27003_/X
 mprj/_27004_/X
 mprj/_27005_/X
 mprj/_27006_/Y
 mprj/_27007_/X
 mprj/_27008_/Y
 mprj/_27009_/Y
 mprj/_27010_/X
 mprj/_27011_/Y
 mprj/_27012_/X
 mprj/_27013_/X
 mprj/_27014_/Y
 mprj/_27015_/X
 mprj/_27016_/X
 mprj/_27017_/Y
 mprj/_27018_/X
 mprj/_27019_/Y
 mprj/_27020_/Y
 mprj/_27021_/X
 mprj/_27022_/Y
 mprj/_27023_/Y
 mprj/_27024_/X
 mprj/_27025_/Y
 mprj/_27026_/Y
 mprj/_27027_/X
 mprj/_27028_/Y
 mprj/_27029_/Y
 mprj/_27030_/Y
 mprj/_27031_/X
 mprj/_27032_/X
 mprj/_27033_/X
 mprj/_27034_/Y
 mprj/_27035_/X
 mprj/_27036_/Y
 mprj/_27037_/Y
 mprj/_27038_/Y
 mprj/_27039_/Y
 mprj/_27040_/X
 mprj/_27041_/Y
 mprj/_27042_/X
 mprj/_27043_/Y
 mprj/_27044_/Y
 mprj/_27045_/Y
 mprj/_27046_/X
 mprj/_27047_/Y
 mprj/_27048_/X
 mprj/_27049_/Y
 mprj/_27050_/X
 mprj/_27051_/Y
 mprj/_27052_/X
 mprj/_27053_/X
 mprj/_27054_/Y
 mprj/_27055_/Y
 mprj/_27056_/X
 mprj/_27057_/Y
 mprj/_27058_/X
 mprj/_27059_/X
 mprj/_27060_/Y
 mprj/_27061_/Y
 mprj/_27062_/X
 mprj/_27063_/X
 mprj/_27064_/X
 mprj/_27065_/X
 mprj/_27066_/Y
 mprj/_27067_/Y
 mprj/_27068_/X
 mprj/_27069_/Y
 mprj/_27070_/Y
 mprj/_27071_/X
 mprj/_27072_/Y
 mprj/_27073_/Y
 mprj/_27074_/X
 mprj/_27075_/Y
 mprj/_27076_/Y
 mprj/_27077_/X
 mprj/_27078_/X
 mprj/_27079_/Y
 mprj/_27080_/Y
 mprj/_27081_/X
 mprj/_27082_/Y
 mprj/_27083_/X
 mprj/_27084_/Y
 mprj/_27085_/Y
 mprj/_27086_/Y
 mprj/_27087_/Y
 mprj/_27088_/Y
 mprj/_27089_/Y
 mprj/_27090_/X
 mprj/_27091_/Y
 mprj/_27092_/Y
 mprj/_27093_/Y
 mprj/_27094_/X
 mprj/_27095_/X
 mprj/_27096_/X
 mprj/_27097_/Y
 mprj/_27098_/Y
 mprj/_27099_/X
 mprj/_27100_/Y
 mprj/_27101_/Y
 mprj/_27102_/Y
 mprj/_27103_/Y
 mprj/_27104_/X
 mprj/_27105_/Y
 mprj/_27106_/Y
 mprj/_27107_/X
 mprj/_27108_/X
 mprj/_27109_/Y
 mprj/_27110_/Y
 mprj/_27111_/Y
 mprj/_27112_/X
 mprj/_27113_/X
 mprj/_27114_/X
 mprj/_27115_/Y
 mprj/_27116_/X
 mprj/_27117_/Y
 mprj/_27118_/X
 mprj/_27119_/X
 mprj/_27120_/Y
 mprj/_27121_/Y
 mprj/_27122_/Y
 mprj/_27123_/X
 mprj/_27124_/Y
 mprj/_27125_/X
 mprj/_27126_/X
 mprj/_27127_/Y
 mprj/_27128_/Y
 mprj/_27129_/X
 mprj/_27130_/X
 mprj/_27131_/Y
 mprj/_27132_/X
 mprj/_27133_/Y
 mprj/_27134_/X
 mprj/_27135_/X
 mprj/_27136_/X
 mprj/_27137_/Y
 mprj/_27138_/Y
 mprj/_27139_/X
 mprj/_27140_/Y
 mprj/_27141_/Y
 mprj/_27142_/Y
 mprj/_27143_/Y
 mprj/_27144_/X
 mprj/_27145_/Y
 mprj/_27146_/Y
 mprj/_27147_/X
 mprj/_27148_/Y
 mprj/_27149_/X
 mprj/_27150_/Y
 mprj/_27151_/Y
 mprj/_27152_/X
 mprj/_27153_/Y
 mprj/_27154_/X
 mprj/_27155_/X
 mprj/_27156_/Y
 mprj/_27157_/Y
 mprj/_27158_/Y
 mprj/_27159_/Y
 mprj/_27160_/X
 mprj/_27161_/Y
 mprj/_27162_/Y
 mprj/_27163_/X
 mprj/_27164_/Y
 mprj/_27165_/Y
 mprj/_27166_/X
 mprj/_27167_/Y
 mprj/_27168_/X
 mprj/_27169_/Y
 mprj/_27170_/Y
 mprj/_27171_/X
 mprj/_27172_/X
 mprj/_27173_/Y
 mprj/_27174_/X
 mprj/_27175_/Y
 mprj/_27176_/Y
 mprj/_27177_/X
 mprj/_27178_/Y
 mprj/_27179_/Y
 mprj/_27180_/X
 mprj/_27181_/Y
 mprj/_27182_/Y
 mprj/_27183_/X
 mprj/_27184_/Y
 mprj/_27185_/Y
 mprj/_27186_/Y
 mprj/_27187_/X
 mprj/_27188_/Y
 mprj/_27189_/X
 mprj/_27190_/Y
 mprj/_27191_/Y
 mprj/_27192_/Y
 mprj/_27193_/Y
 mprj/_27194_/Y
 mprj/_27195_/Y
 mprj/_27196_/X
 mprj/_27197_/Y
 mprj/_27198_/Y
 mprj/_27199_/Y
 mprj/_27200_/Y
 mprj/_27201_/X
 mprj/_27202_/X
 mprj/_27203_/Y
 mprj/_27204_/X
 mprj/_27205_/X
 mprj/_27206_/Y
 mprj/_27207_/X
 mprj/_27208_/Y
 mprj/_27209_/X
 mprj/_27210_/Y
 mprj/_27211_/X
 mprj/_27212_/X
 mprj/_27213_/Y
 mprj/_27214_/Y
 mprj/_27215_/X
 mprj/_27216_/X
 mprj/_27217_/X
 mprj/_27218_/X
 mprj/_27219_/Y
 mprj/_27220_/X
 mprj/_27221_/X
 mprj/_27222_/X
 mprj/_27223_/Y
 mprj/_27224_/X
 mprj/_27225_/Y
 mprj/_27226_/X
 mprj/_27227_/X
 mprj/_27228_/Y
 mprj/_27229_/Y
 mprj/_27230_/Y
 mprj/_27231_/X
 mprj/_27232_/X
 mprj/_27233_/X
 mprj/_27234_/X
 mprj/_27235_/X
 mprj/_27236_/X
 mprj/_27237_/Y
 mprj/_27238_/X
 mprj/_27239_/X
 mprj/_27240_/X
 mprj/_27241_/X
 mprj/_27242_/Y
 mprj/_27243_/Y
 mprj/_27244_/X
 mprj/_27245_/X
 mprj/_27246_/X
 mprj/_27247_/Y
 mprj/_27248_/Y
 mprj/_27249_/Y
 mprj/_27250_/Y
 mprj/_27251_/X
 mprj/_27252_/X
 mprj/_27253_/X
 mprj/_27254_/X
 mprj/_27255_/Y
 mprj/_27256_/Y
 mprj/_27257_/Y
 mprj/_27258_/X
 mprj/_27259_/Y
 mprj/_27260_/X
 mprj/_27261_/Y
 mprj/_27262_/Y
 mprj/_27263_/Y
 mprj/_27264_/X
 mprj/_27265_/Y
 mprj/_27266_/X
 mprj/_27267_/X
 mprj/_27268_/X
 mprj/_27269_/X
 mprj/_27270_/X
 mprj/_27271_/Y
 mprj/_27272_/X
 mprj/_27273_/X
 mprj/_27274_/Y
 mprj/_27275_/X
 mprj/_27276_/X
 mprj/_27277_/Y
 mprj/_27278_/Y
 mprj/_27279_/X
 mprj/_27280_/Y
 mprj/_27281_/Y
 mprj/_27282_/X
 mprj/_27283_/X
 mprj/_27284_/Y
 mprj/_27285_/Y
 mprj/_27286_/X
 mprj/_27287_/X
 mprj/_27288_/X
 mprj/_27289_/Y
 mprj/_27290_/X
 mprj/_27291_/Y
 mprj/_27292_/X
 mprj/_27293_/X
 mprj/_27294_/X
 mprj/_27295_/X
 mprj/_27296_/X
 mprj/_27297_/Y
 mprj/_27298_/Y
 mprj/_27299_/X
 mprj/_27300_/Y
 mprj/_27301_/Y
 mprj/_27302_/Y
 mprj/_27303_/Y
 mprj/_27304_/Y
 mprj/_27305_/X
 mprj/_27306_/X
 mprj/_27307_/X
 mprj/_27308_/X
 mprj/_27309_/Y
 mprj/_27310_/Y
 mprj/_27311_/X
 mprj/_27312_/Y
 mprj/_27313_/X
 mprj/_27314_/Y
 mprj/_27315_/X
 mprj/_27316_/Y
 mprj/_27317_/Y
 mprj/_27318_/Y
 mprj/_27319_/Y
 mprj/_27320_/Y
 mprj/_27321_/Y
 mprj/_27322_/X
 mprj/_27323_/X
 mprj/_27324_/X
 mprj/_27325_/Y
 mprj/_27326_/X
 mprj/_27327_/X
 mprj/_27328_/Y
 mprj/_27329_/X
 mprj/_27330_/X
 mprj/_27331_/X
 mprj/_27332_/X
 mprj/_27333_/X
 mprj/_27334_/Y
 mprj/_27335_/X
 mprj/_27336_/Y
 mprj/_27337_/X
 mprj/_27338_/X
 mprj/_27339_/X
 mprj/_27340_/Y
 mprj/_27341_/Y
 mprj/_27342_/X
 mprj/_27343_/X
 mprj/_27344_/X
 mprj/_27345_/Y
 mprj/_27346_/Y
 mprj/_27347_/Y
 mprj/_27348_/X
 mprj/_27349_/Y
 mprj/_27350_/Y
 mprj/_27351_/Y
 mprj/_27352_/Y
 mprj/_27353_/Y
 mprj/_27354_/Y
 mprj/_27355_/X
 mprj/_27356_/Y
 mprj/_27357_/X
 mprj/_27358_/Y
 mprj/_27359_/X
 mprj/_27360_/X
 mprj/_27361_/Y
 mprj/_27362_/Y
 mprj/_27363_/Y
 mprj/_27364_/Y
 mprj/_27365_/Y
 mprj/_27366_/X
 mprj/_27367_/X
 mprj/_27368_/X
 mprj/_27369_/Y
 mprj/_27370_/Y
 mprj/_27371_/Y
 mprj/_27372_/Y
 mprj/_27373_/Y
 mprj/_27374_/Y
 mprj/_27375_/Y
 mprj/_27376_/Y
 mprj/_27377_/X
 mprj/_27378_/X
 mprj/_27379_/Y
 mprj/_27380_/Y
 mprj/_27381_/Y
 mprj/_27382_/X
 mprj/_27383_/Y
 mprj/_27384_/X
 mprj/_27385_/Y
 mprj/_27386_/Y
 mprj/_27387_/X
 mprj/_27388_/X
 mprj/_27389_/Y
 mprj/_27390_/X
 mprj/_27391_/Y
 mprj/_27392_/Y
 mprj/_27393_/X
 mprj/_27394_/Y
 mprj/_27395_/X
 mprj/_27396_/X
 mprj/_27397_/Y
 mprj/_27398_/Y
 mprj/_27399_/Y
 mprj/_27400_/Y
 mprj/_27401_/Y
 mprj/_27402_/X
 mprj/_27403_/Y
 mprj/_27404_/X
 mprj/_27405_/X
 mprj/_27406_/Y
 mprj/_27407_/Y
 mprj/_27408_/Y
 mprj/_27409_/X
 mprj/_27410_/Y
 mprj/_27411_/Y
 mprj/_27412_/Y
 mprj/_27413_/Y
 mprj/_27414_/X
 mprj/_27415_/X
 mprj/_27416_/Y
 mprj/_27417_/Y
 mprj/_27418_/Y
 mprj/_27419_/Y
 mprj/_27420_/Y
 mprj/_27421_/Y
 mprj/_27422_/Y
 mprj/_27423_/Y
 mprj/_27424_/X
 mprj/_27425_/Y
 mprj/_27426_/X
 mprj/_27427_/Y
 mprj/_27428_/X
 mprj/_27429_/Y
 mprj/_27430_/Y
 mprj/_27431_/Y
 mprj/_27432_/X
 mprj/_27433_/Y
 mprj/_27434_/X
 mprj/_27435_/Y
 mprj/_27436_/X
 mprj/_27437_/Y
 mprj/_27438_/Y
 mprj/_27439_/X
 mprj/_27440_/X
 mprj/_27441_/Y
 mprj/_27442_/Y
 mprj/_27443_/Y
 mprj/_27444_/Y
 mprj/_27445_/Y
 mprj/_27446_/Y
 mprj/_27447_/X
 mprj/_27448_/X
 mprj/_27449_/X
 mprj/_27450_/Y
 mprj/_27451_/X
 mprj/_27452_/X
 mprj/_27453_/Y
 mprj/_27454_/Y
 mprj/_27455_/Y
 mprj/_27456_/X
 mprj/_27457_/X
 mprj/_27458_/Y
 mprj/_27459_/X
 mprj/_27460_/Y
 mprj/_27461_/Y
 mprj/_27462_/Y
 mprj/_27463_/X
 mprj/_27464_/Y
 mprj/_27465_/Y
 mprj/_27466_/Y
 mprj/_27467_/Y
 mprj/_27468_/Y
 mprj/_27469_/Y
 mprj/_27470_/X
 mprj/_27471_/X
 mprj/_27472_/Y
 mprj/_27473_/Y
 mprj/_27474_/Y
 mprj/_27475_/X
 mprj/_27476_/X
 mprj/_27477_/X
 mprj/_27478_/Y
 mprj/_27479_/Y
 mprj/_27480_/X
 mprj/_27481_/X
 mprj/_27482_/X
 mprj/_27483_/Y
 mprj/_27484_/X
 mprj/_27485_/Y
 mprj/_27486_/X
 mprj/_27487_/Y
 mprj/_27488_/X
 mprj/_27489_/Y
 mprj/_27490_/Y
 mprj/_27491_/X
 mprj/_27492_/X
 mprj/_27493_/Y
 mprj/_27494_/X
 mprj/_27495_/Y
 mprj/_27496_/X
 mprj/_27497_/X
 mprj/_27498_/X
 mprj/_27499_/X
 mprj/_27500_/X
 mprj/_27501_/Y
 mprj/_27502_/Y
 mprj/_27503_/Y
 mprj/_27504_/Y
 mprj/_27505_/Y
 mprj/_27506_/Y
 mprj/_27507_/X
 mprj/_27508_/X
 mprj/_27509_/Y
 mprj/_27510_/X
 mprj/_27511_/Y
 mprj/_27512_/X
 mprj/_27513_/X
 mprj/_27514_/Y
 mprj/_27515_/Y
 mprj/_27516_/Y
 mprj/_27517_/X
 mprj/_27518_/X
 mprj/_27519_/X
 mprj/_27520_/Y
 mprj/_27521_/X
 mprj/_27522_/X
 mprj/_27523_/Y
 mprj/_27524_/Y
 mprj/_27525_/Y
 mprj/_27526_/X
 mprj/_27527_/X
 mprj/_27528_/X
 mprj/_27529_/Y
 mprj/_27530_/Y
 mprj/_27531_/Y
 mprj/_27532_/Y
 mprj/_27533_/Y
 mprj/_27534_/Y
 mprj/_27535_/Y
 mprj/_27536_/Y
 mprj/_27537_/X
 mprj/_27538_/X
 mprj/_27539_/Y
 mprj/_27540_/X
 mprj/_27541_/X
 mprj/_27542_/Y
 mprj/_27543_/Y
 mprj/_27544_/Y
 mprj/_27545_/Y
 mprj/_27546_/X
 mprj/_27547_/X
 mprj/_27548_/Y
 mprj/_27549_/Y
 mprj/_27550_/X
 mprj/_27551_/Y
 mprj/_27552_/X
 mprj/_27553_/X
 mprj/_27554_/Y
 mprj/_27555_/X
 mprj/_27556_/X
 mprj/_27557_/X
 mprj/_27558_/X
 mprj/_27559_/Y
 mprj/_27560_/X
 mprj/_27561_/X
 mprj/_27562_/X
 mprj/_27563_/Y
 mprj/_27564_/X
 mprj/_27565_/X
 mprj/_27566_/Y
 mprj/_27567_/Y
 mprj/_27568_/X
 mprj/_27569_/X
 mprj/_27570_/Y
 mprj/_27571_/Y
 mprj/_27572_/Y
 mprj/_27573_/Y
 mprj/_27574_/Y
 mprj/_27575_/X
 mprj/_27576_/X
 mprj/_27577_/Y
 mprj/_27578_/X
 mprj/_27579_/Y
 mprj/_27580_/Y
 mprj/_27581_/X
 mprj/_27582_/X
 mprj/_27583_/Y
 mprj/_27584_/Y
 mprj/_27585_/Y
 mprj/_27586_/X
 mprj/_27587_/X
 mprj/_27588_/X
 mprj/_27589_/Y
 mprj/_27590_/Y
 mprj/_27591_/Y
 mprj/_27592_/Y
 mprj/_27593_/X
 mprj/_27594_/X
 mprj/_27595_/X
 mprj/_27596_/Y
 mprj/_27597_/Y
 mprj/_27598_/Y
 mprj/_27599_/Y
 mprj/_27600_/X
 mprj/_27601_/Y
 mprj/_27602_/X
 mprj/_27603_/X
 mprj/_27604_/X
 mprj/_27605_/X
 mprj/_27606_/X
 mprj/_27607_/Y
 mprj/_27608_/Y
 mprj/_27609_/Y
 mprj/_27610_/Y
 mprj/_27611_/X
 mprj/_27612_/Y
 mprj/_27613_/X
 mprj/_27614_/X
 mprj/_27615_/X
 mprj/_27616_/X
 mprj/_27617_/Y
 mprj/_27618_/Y
 mprj/_27619_/X
 mprj/_27620_/X
 mprj/_27621_/Y
 mprj/_27622_/X
 mprj/_27623_/X
 mprj/_27624_/X
 mprj/_27625_/Y
 mprj/_27626_/X
 mprj/_27627_/X
 mprj/_27628_/Y
 mprj/_27629_/X
 mprj/_27630_/Y
 mprj/_27631_/Y
 mprj/_27632_/Y
 mprj/_27633_/X
 mprj/_27634_/X
 mprj/_27635_/X
 mprj/_27636_/Y
 mprj/_27637_/X
 mprj/_27638_/X
 mprj/_27639_/Y
 mprj/_27640_/X
 mprj/_27641_/Y
 mprj/_27642_/Y
 mprj/_27643_/X
 mprj/_27644_/Y
 mprj/_27645_/Y
 mprj/_27646_/X
 mprj/_27647_/Y
 mprj/_27648_/Y
 mprj/_27649_/Y
 mprj/_27650_/Y
 mprj/_27651_/X
 mprj/_27652_/X
 mprj/_27653_/Y
 mprj/_27654_/X
 mprj/_27655_/X
 mprj/_27656_/X
 mprj/_27657_/Y
 mprj/_27658_/X
 mprj/_27659_/X
 mprj/_27660_/X
 mprj/_27661_/X
 mprj/_27662_/Y
 mprj/_27663_/X
 mprj/_27664_/X
 mprj/_27665_/X
 mprj/_27666_/Y
 mprj/_27667_/X
 mprj/_27668_/X
 mprj/_27669_/X
 mprj/_27670_/Y
 mprj/_27671_/X
 mprj/_27672_/X
 mprj/_27673_/X
 mprj/_27674_/Y
 mprj/_27675_/Y
 mprj/_27676_/X
 mprj/_27677_/Y
 mprj/_27678_/Y
 mprj/_27679_/Y
 mprj/_27680_/Y
 mprj/_27681_/X
 mprj/_27682_/X
 mprj/_27683_/Y
 mprj/_27684_/Y
 mprj/_27685_/Y
 mprj/_27686_/X
 mprj/_27687_/X
 mprj/_27688_/Y
 mprj/_27689_/Y
 mprj/_27690_/X
 mprj/_27691_/X
 mprj/_27692_/Y
 mprj/_27693_/Y
 mprj/_27694_/Y
 mprj/_27695_/Y
 mprj/_27696_/X
 mprj/_27697_/X
 mprj/_27698_/X
 mprj/_27699_/X
 mprj/_27700_/X
 mprj/_27701_/Y
 mprj/_27702_/Y
 mprj/_27703_/X
 mprj/_27704_/Y
 mprj/_27705_/X
 mprj/_27706_/X
 mprj/_27707_/X
 mprj/_27708_/X
 mprj/_27709_/X
 mprj/_27710_/Y
 mprj/_27711_/X
 mprj/_27712_/X
 mprj/_27713_/X
 mprj/_27714_/Y
 mprj/_27715_/X
 mprj/_27716_/X
 mprj/_27717_/X
 mprj/_27718_/Y
 mprj/_27719_/Y
 mprj/_27720_/Y
 mprj/_27721_/X
 mprj/_27722_/Y
 mprj/_27723_/Y
 mprj/_27724_/X
 mprj/_27725_/X
 mprj/_27726_/X
 mprj/_27727_/X
 mprj/_27728_/Y
 mprj/_27729_/X
 mprj/_27730_/X
 mprj/_27731_/Y
 mprj/_27732_/X
 mprj/_27733_/X
 mprj/_27734_/X
 mprj/_27735_/Y
 mprj/_27736_/Y
 mprj/_27737_/X
 mprj/_27738_/X
 mprj/_27739_/X
 mprj/_27740_/X
 mprj/_27741_/X
 mprj/_27742_/Y
 mprj/_27743_/X
 mprj/_27744_/Y
 mprj/_27745_/X
 mprj/_27746_/Y
 mprj/_27747_/X
 mprj/_27748_/Y
 mprj/_27749_/Y
 mprj/_27750_/Y
 mprj/_27751_/Y
 mprj/_27752_/X
 mprj/_27753_/X
 mprj/_27754_/Y
 mprj/_27755_/X
 mprj/_27756_/Y
 mprj/_27757_/Y
 mprj/_27758_/X
 mprj/_27759_/Y
 mprj/_27760_/Y
 mprj/_27761_/X
 mprj/_27762_/Y
 mprj/_27763_/X
 mprj/_27764_/Y
 mprj/_27765_/Y
 mprj/_27766_/X
 mprj/_27767_/Y
 mprj/_27768_/X
 mprj/_27769_/X
 mprj/_27770_/Y
 mprj/_27771_/X
 mprj/_27772_/X
 mprj/_27773_/Y
 mprj/_27774_/X
 mprj/_27775_/Y
 mprj/_27776_/X
 mprj/_27777_/X
 mprj/_27778_/Y
 mprj/_27779_/Y
 mprj/_27780_/Y
 mprj/_27781_/X
 mprj/_27782_/X
 mprj/_27783_/Y
 mprj/_27784_/Y
 mprj/_27785_/Y
 mprj/_27786_/X
 mprj/_27787_/Y
 mprj/_27788_/Y
 mprj/_27789_/X
 mprj/_27790_/Y
 mprj/_27791_/X
 mprj/_27792_/Y
 mprj/_27793_/Y
 mprj/_27794_/Y
 mprj/_27795_/Y
 mprj/_27796_/Y
 mprj/_27797_/X
 mprj/_27798_/X
 mprj/_27799_/X
 mprj/_27800_/X
 mprj/_27801_/Y
 mprj/_27802_/X
 mprj/_27803_/X
 mprj/_27804_/Y
 mprj/_27805_/X
 mprj/_27806_/Y
 mprj/_27807_/X
 mprj/_27808_/X
 mprj/_27809_/X
 mprj/_27810_/Y
 mprj/_27811_/Y
 mprj/_27812_/Y
 mprj/_27813_/X
 mprj/_27814_/Y
 mprj/_27815_/X
 mprj/_27816_/Y
 mprj/_27817_/X
 mprj/_27818_/Y
 mprj/_27819_/Y
 mprj/_27820_/Y
 mprj/_27821_/Y
 mprj/_27822_/Y
 mprj/_27823_/Y
 mprj/_27824_/Y
 mprj/_27825_/X
 mprj/_27826_/X
 mprj/_27827_/Y
 mprj/_27828_/X
 mprj/_27829_/Y
 mprj/_27830_/X
 mprj/_27831_/Y
 mprj/_27832_/X
 mprj/_27833_/Y
 mprj/_27834_/Y
 mprj/_27835_/X
 mprj/_27836_/Y
 mprj/_27837_/X
 mprj/_27838_/X
 mprj/_27839_/X
 mprj/_27840_/X
 mprj/_27841_/Y
 mprj/_27842_/X
 mprj/_27843_/X
 mprj/_27844_/Y
 mprj/_27845_/X
 mprj/_27846_/Y
 mprj/_27847_/X
 mprj/_27848_/X
 mprj/_27849_/Y
 mprj/_27850_/Y
 mprj/_27851_/X
 mprj/_27852_/X
 mprj/_27853_/Y
 mprj/_27854_/Y
 mprj/_27855_/X
 mprj/_27856_/X
 mprj/_27857_/Y
 mprj/_27858_/Y
 mprj/_27859_/X
 mprj/_27860_/Y
 mprj/_27861_/Y
 mprj/_27862_/X
 mprj/_27863_/Y
 mprj/_27864_/X
 mprj/_27865_/Y
 mprj/_27866_/Y
 mprj/_27867_/Y
 mprj/_27868_/X
 mprj/_27869_/X
 mprj/_27870_/Y
 mprj/_27871_/Y
 mprj/_27872_/X
 mprj/_27873_/X
 mprj/_27874_/Y
 mprj/_27875_/Y
 mprj/_27876_/X
 mprj/_27877_/Y
 mprj/_27878_/X
 mprj/_27879_/Y
 mprj/_27880_/X
 mprj/_27881_/X
 mprj/_27882_/Y
 mprj/_27883_/Y
 mprj/_27884_/X
 mprj/_27885_/Y
 mprj/_27886_/Y
 mprj/_27887_/X
 mprj/_27888_/Y
 mprj/_27889_/X
 mprj/_27890_/X
 mprj/_27891_/Y
 mprj/_27892_/X
 mprj/_27893_/Y
 mprj/_27894_/X
 mprj/_27895_/X
 mprj/_27896_/Y
 mprj/_27897_/Y
 mprj/_27898_/X
 mprj/_27899_/X
 mprj/_27900_/Y
 mprj/_27901_/X
 mprj/_27902_/Y
 mprj/_27903_/X
 mprj/_27904_/X
 mprj/_27905_/Y
 mprj/_27906_/Y
 mprj/_27907_/Y
 mprj/_27908_/Y
 mprj/_27909_/X
 mprj/_27910_/X
 mprj/_27911_/Y
 mprj/_27912_/X
 mprj/_27913_/Y
 mprj/_27914_/X
 mprj/_27915_/X
 mprj/_27916_/X
 mprj/_27917_/X
 mprj/_27918_/Y
 mprj/_27919_/X
 mprj/_27920_/Y
 mprj/_27921_/X
 mprj/_27922_/X
 mprj/_27923_/Y
 mprj/_27924_/Y
 mprj/_27925_/Y
 mprj/_27926_/X
 mprj/_27927_/X
 mprj/_27928_/Y
 mprj/_27929_/X
 mprj/_27930_/X
 mprj/_27931_/X
 mprj/_27932_/X
 mprj/_27933_/Y
 mprj/_27934_/Y
 mprj/_27935_/Y
 mprj/_27936_/X
 mprj/_27937_/X
 mprj/_27938_/Y
 mprj/_27939_/Y
 mprj/_27940_/X
 mprj/_27941_/X
 mprj/_27942_/X
 mprj/_27943_/X
 mprj/_27944_/Y
 mprj/_27945_/X
 mprj/_27946_/X
 mprj/_27947_/Y
 mprj/_27948_/Y
 mprj/_27949_/Y
 mprj/_27950_/X
 mprj/_27951_/Y
 mprj/_27952_/X
 mprj/_27953_/Y
 mprj/_27954_/X
 mprj/_27955_/Y
 mprj/_27956_/X
 mprj/_27957_/Y
 mprj/_27958_/X
 mprj/_27959_/Y
 mprj/_27960_/Y
 mprj/_27961_/X
 mprj/_27962_/X
 mprj/_27963_/Y
 mprj/_27964_/Y
 mprj/_27965_/Y
 mprj/_27966_/X
 mprj/_27967_/Y
 mprj/_27968_/X
 mprj/_27969_/Y
 mprj/_27970_/Y
 mprj/_27971_/Y
 mprj/_27972_/Y
 mprj/_27973_/Y
 mprj/_27974_/X
 mprj/_27975_/X
 mprj/_27976_/X
 mprj/_27977_/Y
 mprj/_27978_/X
 mprj/_27979_/Y
 mprj/_27980_/Y
 mprj/_27981_/X
 mprj/_27982_/Y
 mprj/_27983_/Y
 mprj/_27984_/X
 mprj/_27985_/X
 mprj/_27986_/Y
 mprj/_27987_/Y
 mprj/_27988_/X
 mprj/_27989_/X
 mprj/_27990_/X
 mprj/_27991_/X
 mprj/_27992_/X
 mprj/_27993_/X
 mprj/_27994_/Y
 mprj/_27995_/X
 mprj/_27996_/X
 mprj/_27997_/X
 mprj/_27998_/Y
 mprj/_27999_/X
 mprj/_28000_/X
 mprj/_28001_/Y
 mprj/_28002_/Y
 mprj/_28003_/Y
 mprj/_28004_/X
 mprj/_28005_/X
 mprj/_28006_/X
 mprj/_28007_/X
 mprj/_28008_/X
 mprj/_28009_/Y
 mprj/_28010_/Y
 mprj/_28011_/X
 mprj/_28012_/X
 mprj/_28013_/Y
 mprj/_28014_/Y
 mprj/_28015_/X
 mprj/_28016_/Y
 mprj/_28017_/X
 mprj/_28018_/Y
 mprj/_28019_/Y
 mprj/_28020_/Y
 mprj/_28021_/X
 mprj/_28022_/Y
 mprj/_28023_/Y
 mprj/_28024_/Y
 mprj/_28025_/Y
 mprj/_28026_/Y
 mprj/_28027_/X
 mprj/_28028_/X
 mprj/_28029_/X
 mprj/_28030_/Y
 mprj/_28031_/X
 mprj/_28032_/Y
 mprj/_28033_/Y
 mprj/_28034_/Y
 mprj/_28035_/X
 mprj/_28036_/X
 mprj/_28037_/Y
 mprj/_28038_/Y
 mprj/_28039_/X
 mprj/_28040_/Y
 mprj/_28041_/Y
 mprj/_28042_/X
 mprj/_28043_/Y
 mprj/_28044_/X
 mprj/_28045_/Y
 mprj/_28046_/X
 mprj/_28047_/Y
 mprj/_28048_/X
 mprj/_28049_/X
 mprj/_28050_/Y
 mprj/_28051_/Y
 mprj/_28052_/Y
 mprj/_28053_/Y
 mprj/_28054_/X
 mprj/_28055_/X
 mprj/_28056_/Y
 mprj/_28057_/Y
 mprj/_28058_/Y
 mprj/_28059_/Y
 mprj/_28060_/Y
 mprj/_28061_/Y
 mprj/_28062_/X
 mprj/_28063_/Y
 mprj/_28064_/Y
 mprj/_28065_/Y
 mprj/_28066_/X
 mprj/_28067_/X
 mprj/_28068_/X
 mprj/_28069_/X
 mprj/_28070_/Y
 mprj/_28071_/Y
 mprj/_28072_/Y
 mprj/_28073_/X
 mprj/_28074_/Y
 mprj/_28075_/X
 mprj/_28076_/Y
 mprj/_28077_/Y
 mprj/_28078_/Y
 mprj/_28079_/X
 mprj/_28080_/X
 mprj/_28081_/Y
 mprj/_28082_/X
 mprj/_28083_/X
 mprj/_28084_/X
 mprj/_28085_/Y
 mprj/_28086_/Y
 mprj/_28087_/Y
 mprj/_28088_/Y
 mprj/_28089_/X
 mprj/_28090_/Y
 mprj/_28091_/Y
 mprj/_28092_/X
 mprj/_28093_/X
 mprj/_28094_/Y
 mprj/_28095_/Y
 mprj/_28096_/Y
 mprj/_28097_/Y
 mprj/_28098_/X
 mprj/_28099_/Y
 mprj/_28100_/Y
 mprj/_28101_/Y
 mprj/_28102_/X
 mprj/_28103_/Y
 mprj/_28104_/Y
 mprj/_28105_/X
 mprj/_28106_/X
 mprj/_28107_/Y
 mprj/_28108_/Y
 mprj/_28109_/Y
 mprj/_28110_/X
 mprj/_28111_/X
 mprj/_28112_/Y
 mprj/_28113_/X
 mprj/_28114_/X
 mprj/_28115_/X
 mprj/_28116_/Y
 mprj/_28117_/X
 mprj/_28118_/X
 mprj/_28119_/Y
 mprj/_28120_/X
 mprj/_28121_/Y
 mprj/_28122_/X
 mprj/_28123_/Y
 mprj/_28124_/X
 mprj/_28125_/Y
 mprj/_28126_/X
 mprj/_28127_/Y
 mprj/_28128_/X
 mprj/_28129_/Y
 mprj/_28130_/X
 mprj/_28131_/X
 mprj/_28132_/X
 mprj/_28133_/X
 mprj/_28134_/Y
 mprj/_28135_/X
 mprj/_28136_/X
 mprj/_28137_/X
 mprj/_28138_/Y
 mprj/_28139_/X
 mprj/_28140_/Y
 mprj/_28141_/Y
 mprj/_28142_/Y
 mprj/_28143_/Y
 mprj/_28144_/Y
 mprj/_28145_/X
 mprj/_28146_/Y
 mprj/_28147_/X
 mprj/_28148_/X
 mprj/_28149_/Y
 mprj/_28150_/Y
 mprj/_28151_/X
 mprj/_28152_/X
 mprj/_28153_/Y
 mprj/_28154_/Y
 mprj/_28155_/X
 mprj/_28156_/X
 mprj/_28157_/Y
 mprj/_28158_/Y
 mprj/_28159_/Y
 mprj/_28160_/X
 mprj/_28161_/Y
 mprj/_28162_/X
 mprj/_28163_/Y
 mprj/_28164_/Y
 mprj/_28165_/X
 mprj/_28166_/Y
 mprj/_28167_/Y
 mprj/_28168_/Y
 mprj/_28169_/X
 mprj/_28170_/X
 mprj/_28171_/Y
 mprj/_28172_/X
 mprj/_28173_/Y
 mprj/_28174_/Y
 mprj/_28175_/Y
 mprj/_28176_/X
 mprj/_28177_/Y
 mprj/_28178_/Y
 mprj/_28179_/X
 mprj/_28180_/X
 mprj/_28181_/Y
 mprj/_28182_/Y
 mprj/_28183_/Y
 mprj/_28184_/Y
 mprj/_28185_/Y
 mprj/_28186_/X
 mprj/_28187_/Y
 mprj/_28188_/X
 mprj/_28189_/Y
 mprj/_28190_/Y
 mprj/_28191_/Y
 mprj/_28192_/Y
 mprj/_28193_/X
 mprj/_28194_/Y
 mprj/_28195_/X
 mprj/_28196_/X
 mprj/_28197_/Y
 mprj/_28198_/Y
 mprj/_28199_/X
 mprj/_28200_/X
 mprj/_28201_/Y
 mprj/_28202_/Y
 mprj/_28203_/Y
 mprj/_28204_/Y
 mprj/_28205_/Y
 mprj/_28206_/X
 mprj/_28207_/X
 mprj/_28208_/X
 mprj/_28209_/Y
 mprj/_28210_/Y
 mprj/_28211_/Y
 mprj/_28212_/Y
 mprj/_28213_/Y
 mprj/_28214_/X
 mprj/_28215_/Y
 mprj/_28216_/Y
 mprj/_28217_/Y
 mprj/_28218_/Y
 mprj/_28219_/X
 mprj/_28220_/X
 mprj/_28221_/Y
 mprj/_28222_/X
 mprj/_28223_/X
 mprj/_28224_/X
 mprj/_28225_/Y
 mprj/_28226_/X
 mprj/_28227_/Y
 mprj/_28228_/X
 mprj/_28229_/Y
 mprj/_28230_/X
 mprj/_28231_/Y
 mprj/_28232_/Y
 mprj/_28233_/Y
 mprj/_28234_/X
 mprj/_28235_/Y
 mprj/_28236_/Y
 mprj/_28237_/X
 mprj/_28238_/X
 mprj/_28239_/Y
 mprj/_28240_/Y
 mprj/_28241_/X
 mprj/_28242_/X
 mprj/_28243_/Y
 mprj/_28244_/Y
 mprj/_28245_/Y
 mprj/_28246_/X
 mprj/_28247_/Y
 mprj/_28248_/Y
 mprj/_28249_/Y
 mprj/_28250_/Y
 mprj/_28251_/X
 mprj/_28252_/X
 mprj/_28253_/Y
 mprj/_28254_/X
 mprj/_28255_/Y
 mprj/_28256_/X
 mprj/_28257_/Y
 mprj/_28258_/X
 mprj/_28259_/Y
 mprj/_28260_/Y
 mprj/_28261_/Y
 mprj/_28262_/Y
 mprj/_28263_/Y
 mprj/_28264_/Y
 mprj/_28265_/X
 mprj/_28266_/X
 mprj/_28267_/Y
 mprj/_28268_/X
 mprj/_28269_/X
 mprj/_28270_/Y
 mprj/_28271_/X
 mprj/_28272_/X
 mprj/_28273_/X
 mprj/_28274_/Y
 mprj/_28275_/Y
 mprj/_28276_/X
 mprj/_28277_/X
 mprj/_28278_/Y
 mprj/_28279_/Y
 mprj/_28280_/X
 mprj/_28281_/Y
 mprj/_28282_/Y
 mprj/_28283_/Y
 mprj/_28284_/X
 mprj/_28285_/X
 mprj/_28286_/Y
 mprj/_28287_/Y
 mprj/_28288_/X
 mprj/_28289_/X
 mprj/_28290_/X
 mprj/_28291_/X
 mprj/_28292_/X
 mprj/_28293_/X
 mprj/_28294_/Y
 mprj/_28295_/X
 mprj/_28296_/X
 mprj/_28297_/X
 mprj/_28298_/Y
 mprj/_28299_/Y
 mprj/_28300_/X
 mprj/_28301_/Y
 mprj/_28302_/X
 mprj/_28303_/Y
 mprj/_28304_/Y
 mprj/_28305_/Y
 mprj/_28306_/Y
 mprj/_28307_/X
 mprj/_28308_/X
 mprj/_28309_/Y
 mprj/_28310_/Y
 mprj/_28311_/Y
 mprj/_28312_/X
 mprj/_28313_/X
 mprj/_28314_/Y
 mprj/_28315_/Y
 mprj/_28316_/Y
 mprj/_28317_/Y
 mprj/_28318_/Y
 mprj/_28319_/X
 mprj/_28320_/Y
 mprj/_28321_/Y
 mprj/_28322_/Y
 mprj/_28323_/X
 mprj/_28324_/Y
 mprj/_28325_/X
 mprj/_28326_/X
 mprj/_28327_/Y
 mprj/_28328_/X
 mprj/_28329_/X
 mprj/_28330_/Y
 mprj/_28331_/X
 mprj/_28332_/Y
 mprj/_28333_/X
 mprj/_28334_/X
 mprj/_28335_/Y
 mprj/_28336_/X
 mprj/_28337_/X
 mprj/_28338_/X
 mprj/_28339_/X
 mprj/_28340_/X
 mprj/_28341_/X
 mprj/_28342_/Y
 mprj/_28343_/X
 mprj/_28344_/Y
 mprj/_28345_/Y
 mprj/_28346_/X
 mprj/_28347_/Y
 mprj/_28348_/X
 mprj/_28349_/X
 mprj/_28350_/X
 mprj/_28351_/X
 mprj/_28352_/X
 mprj/_28353_/Y
 mprj/_28354_/Y
 mprj/_28355_/X
 mprj/_28356_/X
 mprj/_28357_/X
 mprj/_28358_/Y
 mprj/_28359_/X
 mprj/_28360_/X
 mprj/_28361_/Y
 mprj/_28362_/X
 mprj/_28363_/Y
 mprj/_28364_/Y
 mprj/_28365_/Y
 mprj/_28366_/X
 mprj/_28367_/Y
 mprj/_28368_/Y
 mprj/_28369_/X
 mprj/_28370_/Y
 mprj/_28371_/X
 mprj/_28372_/X
 mprj/_28373_/Y
 mprj/_28374_/Y
 mprj/_28375_/Y
 mprj/_28376_/Y
 mprj/_28377_/X
 mprj/_28378_/X
 mprj/_28379_/X
 mprj/_28380_/Y
 mprj/_28381_/Y
 mprj/_28382_/X
 mprj/_28383_/X
 mprj/_28384_/X
 mprj/_28385_/Y
 mprj/_28386_/Y
 mprj/_28387_/X
 mprj/_28388_/X
 mprj/_28389_/X
 mprj/_28390_/Y
 mprj/_28391_/X
 mprj/_28392_/X
 mprj/_28393_/X
 mprj/_28394_/X
 mprj/_28395_/X
 mprj/_28396_/Y
 mprj/_28397_/X
 mprj/_28398_/Y
 mprj/_28399_/X
 mprj/_28400_/Y
 mprj/_28401_/X
 mprj/_28402_/X
 mprj/_28403_/X
 mprj/_28404_/X
 mprj/_28405_/X
 mprj/_28406_/X
 mprj/_28407_/Y
 mprj/_28408_/X
 mprj/_28409_/Y
 mprj/_28410_/Y
 mprj/_28411_/X
 mprj/_28412_/X
 mprj/_28413_/X
 mprj/_28414_/Y
 mprj/_28415_/X
 mprj/_28416_/Y
 mprj/_28417_/X
 mprj/_28418_/Y
 mprj/_28419_/Y
 mprj/_28420_/Y
 mprj/_28421_/Y
 mprj/_28422_/Y
 mprj/_28423_/Y
 mprj/_28424_/Y
 mprj/_28425_/X
 mprj/_28426_/X
 mprj/_28427_/Y
 mprj/_28428_/Y
 mprj/_28429_/Y
 mprj/_28430_/X
 mprj/_28431_/Y
 mprj/_28432_/X
 mprj/_28433_/X
 mprj/_28434_/X
 mprj/_28435_/Y
 mprj/_28436_/X
 mprj/_28437_/Y
 mprj/_28438_/X
 mprj/_28439_/Y
 mprj/_28440_/Y
 mprj/_28441_/X
 mprj/_28442_/X
 mprj/_28443_/Y
 mprj/_28444_/X
 mprj/_28445_/X
 mprj/_28446_/X
 mprj/_28447_/Y
 mprj/_28448_/X
 mprj/_28449_/Y
 mprj/_28450_/X
 mprj/_28451_/Y
 mprj/_28452_/Y
 mprj/_28453_/X
 mprj/_28454_/X
 mprj/_28455_/X
 mprj/_28456_/Y
 mprj/_28457_/X
 mprj/_28458_/Y
 mprj/_28459_/X
 mprj/_28460_/Y
 mprj/_28461_/Y
 mprj/_28462_/X
 mprj/_28463_/Y
 mprj/_28464_/X
 mprj/_28465_/X
 mprj/_28466_/X
 mprj/_28467_/X
 mprj/_28468_/Y
 mprj/_28469_/X
 mprj/_28470_/X
 mprj/_28471_/Y
 mprj/_28472_/Y
 mprj/_28473_/X
 mprj/_28474_/X
 mprj/_28475_/X
 mprj/_28476_/X
 mprj/_28477_/X
 mprj/_28478_/X
 mprj/_28479_/X
 mprj/_28480_/X
 mprj/_28481_/X
 mprj/_28482_/Y
 mprj/_28483_/Y
 mprj/_28484_/X
 mprj/_28485_/X
 mprj/_28486_/Y
 mprj/_28487_/Y
 mprj/_28488_/Y
 mprj/_28489_/X
 mprj/_28490_/X
 mprj/_28491_/X
 mprj/_28492_/Y
 mprj/_28493_/X
 mprj/_28494_/X
 mprj/_28495_/X
 mprj/_28496_/Y
 mprj/_28497_/Y
 mprj/_28498_/X
 mprj/_28499_/Y
 mprj/_28500_/Y
 mprj/_28501_/X
 mprj/_28502_/X
 mprj/_28503_/Y
 mprj/_28504_/X
 mprj/_28505_/Y
 mprj/_28506_/X
 mprj/_28507_/Y
 mprj/_28508_/Y
 mprj/_28509_/Y
 mprj/_28510_/X
 mprj/_28511_/X
 mprj/_28512_/Y
 mprj/_28513_/X
 mprj/_28514_/Y
 mprj/_28515_/X
 mprj/_28516_/X
 mprj/_28517_/X
 mprj/_28518_/Y
 mprj/_28519_/Y
 mprj/_28520_/X
 mprj/_28521_/X
 mprj/_28522_/Y
 mprj/_28523_/X
 mprj/_28524_/Y
 mprj/_28525_/X
 mprj/_28526_/Y
 mprj/_28527_/X
 mprj/_28528_/Y
 mprj/_28529_/X
 mprj/_28530_/X
 mprj/_28531_/Y
 mprj/_28532_/X
 mprj/_28533_/X
 mprj/_28534_/Y
 mprj/_28535_/X
 mprj/_28536_/X
 mprj/_28537_/Y
 mprj/_28538_/X
 mprj/_28539_/X
 mprj/_28540_/X
 mprj/_28541_/Y
 mprj/_28542_/Y
 mprj/_28543_/Y
 mprj/_28544_/X
 mprj/_28545_/X
 mprj/_28546_/Y
 mprj/_28547_/Y
 mprj/_28548_/Y
 mprj/_28549_/Y
 mprj/_28550_/X
 mprj/_28551_/Y
 mprj/_28552_/Y
 mprj/_28553_/X
 mprj/_28554_/Y
 mprj/_28555_/Y
 mprj/_28556_/X
 mprj/_28557_/Y
 mprj/_28558_/X
 mprj/_28559_/Y
 mprj/_28560_/X
 mprj/_28561_/X
 mprj/_28562_/X
 mprj/_28563_/Y
 mprj/_28564_/X
 mprj/_28565_/Y
 mprj/_28566_/X
 mprj/_28567_/X
 mprj/_28568_/Y
 mprj/_28569_/Y
 mprj/_28570_/X
 mprj/_28571_/X
 mprj/_28572_/Y
 mprj/_28573_/X
 mprj/_28574_/Y
 mprj/_28575_/X
 mprj/_28576_/Y
 mprj/_28577_/X
 mprj/_28578_/Y
 mprj/_28579_/Y
 mprj/_28580_/X
 mprj/_28581_/X
 mprj/_28582_/Y
 mprj/_28583_/X
 mprj/_28584_/X
 mprj/_28585_/X
 mprj/_28586_/Y
 mprj/_28587_/X
 mprj/_28588_/Y
 mprj/_28589_/X
 mprj/_28590_/X
 mprj/_28591_/Y
 mprj/_28592_/Y
 mprj/_28593_/X
 mprj/_28594_/Y
 mprj/_28595_/Y
 mprj/_28596_/Y
 mprj/_28597_/X
 mprj/_28598_/Y
 mprj/_28599_/Y
 mprj/_28600_/Y
 mprj/_28601_/Y
 mprj/_28602_/Y
 mprj/_28603_/Y
 mprj/_28604_/Y
 mprj/_28605_/Y
 mprj/_28606_/X
 mprj/_28607_/X
 mprj/_28608_/X
 mprj/_28609_/Y
 mprj/_28610_/X
 mprj/_28611_/Y
 mprj/_28612_/Y
 mprj/_28613_/X
 mprj/_28614_/X
 mprj/_28615_/Y
 mprj/_28616_/X
 mprj/_28617_/X
 mprj/_28618_/Y
 mprj/_28619_/Y
 mprj/_28620_/X
 mprj/_28621_/Y
 mprj/_28622_/X
 mprj/_28623_/Y
 mprj/_28624_/Y
 mprj/_28625_/X
 mprj/_28626_/X
 mprj/_28627_/X
 mprj/_28628_/Y
 mprj/_28629_/X
 mprj/_28630_/X
 mprj/_28631_/X
 mprj/_28632_/Y
 mprj/_28633_/X
 mprj/_28634_/X
 mprj/_28635_/Y
 mprj/_28636_/X
 mprj/_28637_/Y
 mprj/_28638_/Y
 mprj/_28639_/X
 mprj/_28640_/X
 mprj/_28641_/X
 mprj/_28642_/X
 mprj/_28643_/X
 mprj/_28644_/Y
 mprj/_28645_/X
 mprj/_28646_/Y
 mprj/_28647_/Y
 mprj/_28648_/X
 mprj/_28649_/X
 mprj/_28650_/X
 mprj/_28651_/Y
 mprj/_28652_/X
 mprj/_28653_/Y
 mprj/_28654_/Y
 mprj/_28655_/X
 mprj/_28656_/X
 mprj/_28657_/Y
 mprj/_28658_/X
 mprj/_28659_/X
 mprj/_28660_/X
 mprj/_28661_/X
 mprj/_28662_/Y
 mprj/_28663_/Y
 mprj/_28664_/X
 mprj/_28665_/Y
 mprj/_28666_/X
 mprj/_28667_/Y
 mprj/_28668_/X
 mprj/_28669_/Y
 mprj/_28670_/Y
 mprj/_28671_/Y
 mprj/_28672_/X
 mprj/_28673_/X
 mprj/_28674_/Y
 mprj/_28675_/X
 mprj/_28676_/Y
 mprj/_28677_/X
 mprj/_28678_/X
 mprj/_28679_/Y
 mprj/_28680_/X
 mprj/_28681_/Y
 mprj/_28682_/Y
 mprj/_28683_/Y
 mprj/_28684_/X
 mprj/_28685_/Y
 mprj/_28686_/X
 mprj/_28687_/Y
 mprj/_28688_/X
 mprj/_28689_/Y
 mprj/_28690_/X
 mprj/_28691_/Y
 mprj/_28692_/Y
 mprj/_28693_/X
 mprj/_28694_/Y
 mprj/_28695_/Y
 mprj/_28696_/X
 mprj/_28697_/X
 mprj/_28698_/X
 mprj/_28699_/X
 mprj/_28700_/Y
 mprj/_28701_/Y
 mprj/_28702_/Y
 mprj/_28703_/Y
 mprj/_28704_/Y
 mprj/_28705_/X
 mprj/_28706_/X
 mprj/_28707_/Y
 mprj/_28708_/X
 mprj/_28709_/Y
 mprj/_28710_/Y
 mprj/_28711_/X
 mprj/_28712_/X
 mprj/_28713_/X
 mprj/_28714_/Y
 mprj/_28715_/Y
 mprj/_28716_/X
 mprj/_28717_/Y
 mprj/_28718_/X
 mprj/_28719_/X
 mprj/_28720_/Y
 mprj/_28721_/Y
 mprj/_28722_/Y
 mprj/_28723_/Y
 mprj/_28724_/X
 mprj/_28725_/Y
 mprj/_28726_/Y
 mprj/_28727_/Y
 mprj/_28728_/X
 mprj/_28729_/X
 mprj/_28730_/Y
 mprj/_28731_/X
 mprj/_28732_/Y
 mprj/_28733_/Y
 mprj/_28734_/Y
 mprj/_28735_/Y
 mprj/_28736_/Y
 mprj/_28737_/X
 mprj/_28738_/X
 mprj/_28739_/Y
 mprj/_28740_/X
 mprj/_28741_/Y
 mprj/_28742_/Y
 mprj/_28743_/Y
 mprj/_28744_/X
 mprj/_28745_/X
 mprj/_28746_/X
 mprj/_28747_/Y
 mprj/_28748_/X
 mprj/_28749_/X
 mprj/_28750_/Y
 mprj/_28751_/X
 mprj/_28752_/Y
 mprj/_28753_/Y
 mprj/_28754_/Y
 mprj/_28755_/Y
 mprj/_28756_/X
 mprj/_28757_/Y
 mprj/_28758_/Y
 mprj/_28759_/X
 mprj/_28760_/Y
 mprj/_28761_/X
 mprj/_28762_/Y
 mprj/_28763_/Y
 mprj/_28764_/X
 mprj/_28765_/Y
 mprj/_28766_/X
 mprj/_28767_/X
 mprj/_28768_/Y
 mprj/_28769_/Y
 mprj/_28770_/Y
 mprj/_28771_/Y
 mprj/_28772_/X
 mprj/_28773_/Y
 mprj/_28774_/Y
 mprj/_28775_/X
 mprj/_28776_/Y
 mprj/_28777_/Y
 mprj/_28778_/X
 mprj/_28779_/Y
 mprj/_28780_/X
 mprj/_28781_/Y
 mprj/_28782_/Y
 mprj/_28783_/X
 mprj/_28784_/Y
 mprj/_28785_/Y
 mprj/_28786_/Y
 mprj/_28787_/Y
 mprj/_28788_/X
 mprj/_28789_/Y
 mprj/_28790_/X
 mprj/_28791_/Y
 mprj/_28792_/Y
 mprj/_28793_/X
 mprj/_28794_/Y
 mprj/_28795_/X
 mprj/_28796_/X
 mprj/_28797_/X
 mprj/_28798_/Y
 mprj/_28799_/X
 mprj/_28800_/Y
 mprj/_28801_/Y
 mprj/_28802_/X
 mprj/_28803_/Y
 mprj/_28804_/Y
 mprj/_28805_/X
 mprj/_28806_/Y
 mprj/_28807_/Y
 mprj/_28808_/X
 mprj/_28809_/Y
 mprj/_28810_/Y
 mprj/_28811_/Y
 mprj/_28812_/Y
 mprj/_28813_/X
 mprj/_28814_/Y
 mprj/_28815_/X
 mprj/_28816_/X
 mprj/_28817_/X
 mprj/_28818_/Y
 mprj/_28819_/Y
 mprj/_28820_/X
 mprj/_28821_/X
 mprj/_28822_/X
 mprj/_28823_/Y
 mprj/_28824_/Y
 mprj/_28825_/X
 mprj/_28826_/Y
 mprj/_28827_/X
 mprj/_28828_/Y
 mprj/_28829_/X
 mprj/_28830_/X
 mprj/_28831_/X
 mprj/_28832_/X
 mprj/_28833_/Y
 mprj/_28834_/Y
 mprj/_28835_/X
 mprj/_28836_/X
 mprj/_28837_/Y
 mprj/_28838_/X
 mprj/_28839_/Y
 mprj/_28840_/X
 mprj/_28841_/X
 mprj/_28842_/Y
 mprj/_28843_/X
 mprj/_28844_/X
 mprj/_28845_/Y
 mprj/_28846_/Y
 mprj/_28847_/X
 mprj/_28848_/X
 mprj/_28849_/X
 mprj/_28850_/X
 mprj/_28851_/X
 mprj/_28852_/Y
 mprj/_28853_/X
 mprj/_28854_/Y
 mprj/_28855_/Y
 mprj/_28856_/X
 mprj/_28857_/X
 mprj/_28858_/X
 mprj/_28859_/X
 mprj/_28860_/X
 mprj/_28861_/Y
 mprj/_28862_/Y
 mprj/_28863_/Y
 mprj/_28864_/Y
 mprj/_28865_/X
 mprj/_28866_/Y
 mprj/_28867_/Y
 mprj/_28868_/X
 mprj/_28869_/Y
 mprj/_28870_/X
 mprj/_28871_/X
 mprj/_28872_/Y
 mprj/_28873_/Y
 mprj/_28874_/Y
 mprj/_28875_/X
 mprj/_28876_/Y
 mprj/_28877_/Y
 mprj/_28878_/Y
 mprj/_28879_/X
 mprj/_28880_/Y
 mprj/_28881_/Y
 mprj/_28882_/Y
 mprj/_28883_/Y
 mprj/_28884_/X
 mprj/_28885_/Y
 mprj/_28886_/X
 mprj/_28887_/X
 mprj/_28888_/Y
 mprj/_28889_/Y
 mprj/_28890_/X
 mprj/_28891_/X
 mprj/_28892_/X
 mprj/_28893_/X
 mprj/_28894_/X
 mprj/_28895_/X
 mprj/_28896_/Y
 mprj/_28897_/Y
 mprj/_28898_/X
 mprj/_28899_/X
 mprj/_28900_/Y
 mprj/_28901_/X
 mprj/_28902_/Y
 mprj/_28903_/X
 mprj/_28904_/Y
 mprj/_28905_/X
 mprj/_28906_/Y
 mprj/_28907_/X
 mprj/_28908_/Y
 mprj/_28909_/X
 mprj/_28910_/Y
 mprj/_28911_/X
 mprj/_28912_/X
 mprj/_28913_/Y
 mprj/_28914_/X
 mprj/_28915_/X
 mprj/_28916_/Y
 mprj/_28917_/Y
 mprj/_28918_/X
 mprj/_28919_/X
 mprj/_28920_/X
 mprj/_28921_/Y
 mprj/_28922_/Y
 mprj/_28923_/Y
 mprj/_28924_/Y
 mprj/_28925_/Y
 mprj/_28926_/Y
 mprj/_28927_/X
 mprj/_28928_/X
 mprj/_28929_/X
 mprj/_28930_/X
 mprj/_28931_/X
 mprj/_28932_/Y
 mprj/_28933_/Y
 mprj/_28934_/Y
 mprj/_28935_/Y
 mprj/_28936_/Y
 mprj/_28937_/X
 mprj/_28938_/Y
 mprj/_28939_/Y
 mprj/_28940_/X
 mprj/_28941_/Y
 mprj/_28942_/Y
 mprj/_28943_/X
 mprj/_28944_/X
 mprj/_28945_/Y
 mprj/_28946_/Y
 mprj/_28947_/Y
 mprj/_28948_/Y
 mprj/_28949_/X
 mprj/_28950_/Y
 mprj/_28951_/Y
 mprj/_28952_/Y
 mprj/_28953_/Y
 mprj/_28954_/Y
 mprj/_28955_/Y
 mprj/_28956_/X
 mprj/_28957_/X
 mprj/_28958_/Y
 mprj/_28959_/Y
 mprj/_28960_/Y
 mprj/_28961_/X
 mprj/_28962_/X
 mprj/_28963_/X
 mprj/_28964_/Y
 mprj/_28965_/Y
 mprj/_28966_/X
 mprj/_28967_/Y
 mprj/_28968_/X
 mprj/_28969_/Y
 mprj/_28970_/X
 mprj/_28971_/X
 mprj/_28972_/Y
 mprj/_28973_/X
 mprj/_28974_/X
 mprj/_28975_/X
 mprj/_28976_/X
 mprj/_28977_/X
 mprj/_28978_/X
 mprj/_28979_/Y
 mprj/_28980_/Y
 mprj/_28981_/X
 mprj/_28982_/Y
 mprj/_28983_/Y
 mprj/_28984_/X
 mprj/_28985_/Y
 mprj/_28986_/Y
 mprj/_28987_/X
 mprj/_28988_/Y
 mprj/_28989_/X
 mprj/_28990_/X
 mprj/_28991_/Y
 mprj/_28992_/Y
 mprj/_28993_/X
 mprj/_28994_/Y
 mprj/_28995_/Y
 mprj/_28996_/X
 mprj/_28997_/X
 mprj/_28998_/X
 mprj/_28999_/X
 mprj/_29000_/X
 mprj/_29001_/Y
 mprj/_29002_/X
 mprj/_29003_/Y
 mprj/_29004_/Y
 mprj/_29005_/Y
 mprj/_29006_/X
 mprj/_29007_/Y
 mprj/_29008_/Y
 mprj/_29009_/Y
 mprj/_29010_/Y
 mprj/_29011_/Y
 mprj/_29012_/X
 mprj/_29013_/Y
 mprj/_29014_/X
 mprj/_29015_/X
 mprj/_29016_/X
 mprj/_29017_/Y
 mprj/_29018_/Y
 mprj/_29019_/X
 mprj/_29020_/Y
 mprj/_29021_/Y
 mprj/_29022_/Y
 mprj/_29023_/Y
 mprj/_29024_/Y
 mprj/_29025_/X
 mprj/_29026_/X
 mprj/_29027_/Y
 mprj/_29028_/X
 mprj/_29029_/Y
 mprj/_29030_/Y
 mprj/_29031_/X
 mprj/_29032_/X
 mprj/_29033_/Y
 mprj/_29034_/Y
 mprj/_29035_/Y
 mprj/_29036_/X
 mprj/_29037_/Y
 mprj/_29038_/X
 mprj/_29039_/X
 mprj/_29040_/X
 mprj/_29041_/X
 mprj/_29042_/Y
 mprj/_29043_/X
 mprj/_29044_/X
 mprj/_29045_/Y
 mprj/_29046_/X
 mprj/_29047_/X
 mprj/_29048_/X
 mprj/_29049_/X
 mprj/_29050_/X
 mprj/_29051_/X
 mprj/_29052_/X
 mprj/_29053_/Y
 mprj/_29054_/Y
 mprj/_29055_/Y
 mprj/_29056_/Y
 mprj/_29057_/Y
 mprj/_29058_/Y
 mprj/_29059_/Y
 mprj/_29060_/Y
 mprj/_29061_/Y
 mprj/_29062_/Y
 mprj/_29063_/X
 mprj/_29064_/X
 mprj/_29065_/X
 mprj/_29066_/X
 mprj/_29067_/X
 mprj/_29068_/Y
 mprj/_29069_/Y
 mprj/_29070_/X
 mprj/_29071_/X
 mprj/_29072_/Y
 mprj/_29073_/Y
 mprj/_29074_/X
 mprj/_29075_/Y
 mprj/_29076_/X
 mprj/_29077_/Y
 mprj/_29078_/Y
 mprj/_29079_/Y
 mprj/_29080_/Y
 mprj/_29081_/Y
 mprj/_29082_/Y
 mprj/_29083_/X
 mprj/_29084_/Y
 mprj/_29085_/Y
 mprj/_29086_/Y
 mprj/_29087_/Y
 mprj/_29088_/X
 mprj/_29089_/X
 mprj/_29090_/X
 mprj/_29091_/Y
 mprj/_29092_/Y
 mprj/_29093_/X
 mprj/_29094_/Y
 mprj/_29095_/Y
 mprj/_29096_/Y
 mprj/_29097_/Y
 mprj/_29098_/X
 mprj/_29099_/Y
 mprj/_29100_/X
 mprj/_29101_/Y
 mprj/_29102_/Y
 mprj/_29103_/Y
 mprj/_29104_/X
 mprj/_29105_/Y
 mprj/_29106_/X
 mprj/_29107_/Y
 mprj/_29108_/X
 mprj/_29109_/Y
 mprj/_29110_/X
 mprj/_29111_/X
 mprj/_29112_/Y
 mprj/_29113_/Y
 mprj/_29114_/Y
 mprj/_29115_/X
 mprj/_29116_/X
 mprj/_29117_/Y
 mprj/_29118_/Y
 mprj/_29119_/X
 mprj/_29120_/Y
 mprj/_29121_/Y
 mprj/_29122_/X
 mprj/_29123_/Y
 mprj/_29124_/X
 mprj/_29125_/X
 mprj/_29126_/Y
 mprj/_29127_/X
 mprj/_29128_/Y
 mprj/_29129_/Y
 mprj/_29130_/X
 mprj/_29131_/Y
 mprj/_29132_/Y
 mprj/_29133_/X
 mprj/_29134_/X
 mprj/_29135_/X
 mprj/_29136_/Y
 mprj/_29137_/X
 mprj/_29138_/Y
 mprj/_29139_/X
 mprj/_29140_/X
 mprj/_29141_/X
 mprj/_29142_/Y
 mprj/_29143_/X
 mprj/_29144_/Y
 mprj/_29145_/X
 mprj/_29146_/Y
 mprj/_29147_/Y
 mprj/_29148_/X
 mprj/_29149_/X
 mprj/_29150_/Y
 mprj/_29151_/X
 mprj/_29152_/X
 mprj/_29153_/Y
 mprj/_29154_/Y
 mprj/_29155_/Y
 mprj/_29156_/Y
 mprj/_29157_/X
 mprj/_29158_/Y
 mprj/_29159_/X
 mprj/_29160_/Y
 mprj/_29161_/X
 mprj/_29162_/Y
 mprj/_29163_/Y
 mprj/_29164_/X
 mprj/_29165_/X
 mprj/_29166_/Y
 mprj/_29167_/X
 mprj/_29168_/X
 mprj/_29169_/X
 mprj/_29170_/X
 mprj/_29171_/Y
 mprj/_29172_/X
 mprj/_29173_/Y
 mprj/_29174_/Y
 mprj/_29175_/X
 mprj/_29176_/Y
 mprj/_29177_/Y
 mprj/_29178_/Y
 mprj/_29179_/Y
 mprj/_29180_/X
 mprj/_29181_/Y
 mprj/_29182_/X
 mprj/_29183_/Y
 mprj/_29184_/Y
 mprj/_29185_/X
 mprj/_29186_/Y
 mprj/_29187_/X
 mprj/_29188_/X
 mprj/_29189_/X
 mprj/_29190_/Y
 mprj/_29191_/X
 mprj/_29192_/Y
 mprj/_29193_/X
 mprj/_29194_/Y
 mprj/_29195_/Y
 mprj/_29196_/Y
 mprj/_29197_/Y
 mprj/_29198_/Y
 mprj/_29199_/Y
 mprj/_29200_/Y
 mprj/_29201_/X
 mprj/_29202_/Y
 mprj/_29203_/X
 mprj/_29204_/Y
 mprj/_29205_/Y
 mprj/_29206_/Y
 mprj/_29207_/X
 mprj/_29208_/Y
 mprj/_29209_/X
 mprj/_29210_/X
 mprj/_29211_/X
 mprj/_29212_/Y
 mprj/_29213_/X
 mprj/_29214_/Y
 mprj/_29215_/X
 mprj/_29216_/Y
 mprj/_29217_/Y
 mprj/_29218_/Y
 mprj/_29219_/X
 mprj/_29220_/X
 mprj/_29221_/X
 mprj/_29222_/X
 mprj/_29223_/Y
 mprj/_29224_/Y
 mprj/_29225_/Y
 mprj/_29226_/Y
 mprj/_29227_/Y
 mprj/_29228_/X
 mprj/_29229_/Y
 mprj/_29230_/X
 mprj/_29231_/X
 mprj/_29232_/X
 mprj/_29233_/Y
 mprj/_29234_/X
 mprj/_29235_/Y
 mprj/_29236_/X
 mprj/_29237_/Y
 mprj/_29238_/Y
 mprj/_29239_/Y
 mprj/_29240_/Y
 mprj/_29241_/Y
 mprj/_29242_/X
 mprj/_29243_/Y
 mprj/_29244_/Y
 mprj/_29245_/X
 mprj/_29246_/X
 mprj/_29247_/Y
 mprj/_29248_/Y
 mprj/_29249_/Y
 mprj/_29250_/Y
 mprj/_29251_/X
 mprj/_29252_/Y
 mprj/_29253_/X
 mprj/_29254_/Y
 mprj/_29255_/Y
 mprj/_29256_/X
 mprj/_29257_/Y
 mprj/_29258_/Y
 mprj/_29259_/Y
 mprj/_29260_/X
 mprj/_29261_/Y
 mprj/_29262_/Y
 mprj/_29263_/Y
 mprj/_29264_/X
 mprj/_29265_/X
 mprj/_29266_/X
 mprj/_29267_/Y
 mprj/_29268_/X
 mprj/_29269_/Y
 mprj/_29270_/X
 mprj/_29271_/X
 mprj/_29272_/Y
 mprj/_29273_/X
 mprj/_29274_/Y
 mprj/_29275_/Y
 mprj/_29276_/X
 mprj/_29277_/X
 mprj/_29278_/X
 mprj/_29279_/X
 mprj/_29280_/Y
 mprj/_29281_/X
 mprj/_29282_/Y
 mprj/_29283_/Y
 mprj/_29284_/X
 mprj/_29285_/Y
 mprj/_29286_/Y
 mprj/_29287_/X
 mprj/_29288_/X
 mprj/_29289_/X
 mprj/_29290_/Y
 mprj/_29291_/X
 mprj/_29292_/Y
 mprj/_29293_/X
 mprj/_29294_/X
 mprj/_29295_/Y
 mprj/_29296_/Y
 mprj/_29297_/Y
 mprj/_29298_/Y
 mprj/_29299_/Y
 mprj/_29300_/Y
 mprj/_29301_/X
 mprj/_29302_/Y
 mprj/_29303_/X
 mprj/_29304_/Y
 mprj/_29305_/Y
 mprj/_29306_/Y
 mprj/_29307_/Y
 mprj/_29308_/Y
 mprj/_29309_/X
 mprj/_29310_/X
 mprj/_29311_/Y
 mprj/_29312_/X
 mprj/_29313_/Y
 mprj/_29314_/X
 mprj/_29315_/X
 mprj/_29316_/X
 mprj/_29317_/Y
 mprj/_29318_/Y
 mprj/_29319_/Y
 mprj/_29320_/X
 mprj/_29321_/X
 mprj/_29322_/Y
 mprj/_29323_/Y
 mprj/_29324_/Y
 mprj/_29325_/Y
 mprj/_29326_/X
 mprj/_29327_/Y
 mprj/_29328_/X
 mprj/_29329_/X
 mprj/_29330_/X
 mprj/_29331_/Y
 mprj/_29332_/X
 mprj/_29333_/Y
 mprj/_29334_/X
 mprj/_29335_/Y
 mprj/_29336_/Y
 mprj/_29337_/X
 mprj/_29338_/X
 mprj/_29339_/X
 mprj/_29340_/Y
 mprj/_29341_/X
 mprj/_29342_/Y
 mprj/_29343_/X
 mprj/_29344_/X
 mprj/_29345_/Y
 mprj/_29346_/Y
 mprj/_29347_/Y
 mprj/_29348_/Y
 mprj/_29349_/Y
 mprj/_29350_/Y
 mprj/_29351_/Y
 mprj/_29352_/X
 mprj/_29353_/Y
 mprj/_29354_/X
 mprj/_29355_/Y
 mprj/_29356_/X
 mprj/_29357_/X
 mprj/_29358_/Y
 mprj/_29359_/X
 mprj/_29360_/X
 mprj/_29361_/X
 mprj/_29362_/Y
 mprj/_29363_/Y
 mprj/_29364_/X
 mprj/_29365_/X
 mprj/_29366_/X
 mprj/_29367_/Y
 mprj/_29368_/Y
 mprj/_29369_/Y
 mprj/_29370_/Y
 mprj/_29371_/X
 mprj/_29372_/X
 mprj/_29373_/Y
 mprj/_29374_/Y
 mprj/_29375_/Y
 mprj/_29376_/X
 mprj/_29377_/Y
 mprj/_29378_/Y
 mprj/_29379_/Y
 mprj/_29380_/X
 mprj/_29381_/X
 mprj/_29382_/X
 mprj/_29383_/Y
 mprj/_29384_/X
 mprj/_29385_/Y
 mprj/_29386_/X
 mprj/_29387_/Y
 mprj/_29388_/Y
 mprj/_29389_/Y
 mprj/_29390_/X
 mprj/_29391_/X
 mprj/_29392_/Y
 mprj/_29393_/X
 mprj/_29394_/Y
 mprj/_29395_/X
 mprj/_29396_/X
 mprj/_29397_/X
 mprj/_29398_/Y
 mprj/_29399_/Y
 mprj/_29400_/Y
 mprj/_29401_/Y
 mprj/_29402_/X
 mprj/_29403_/X
 mprj/_29404_/X
 mprj/_29405_/Y
 mprj/_29406_/X
 mprj/_29407_/X
 mprj/_29408_/Y
 mprj/_29409_/X
 mprj/_29410_/Y
 mprj/_29411_/Y
 mprj/_29412_/Y
 mprj/_29413_/X
 mprj/_29414_/Y
 mprj/_29415_/Y
 mprj/_29416_/X
 mprj/_29417_/X
 mprj/_29418_/Y
 mprj/_29419_/Y
 mprj/_29420_/Y
 mprj/_29421_/Y
 mprj/_29422_/X
 mprj/_29423_/X
 mprj/_29424_/Y
 mprj/_29425_/X
 mprj/_29426_/X
 mprj/_29427_/Y
 mprj/_29428_/X
 mprj/_29429_/X
 mprj/_29430_/X
 mprj/_29431_/Y
 mprj/_29432_/X
 mprj/_29433_/Y
 mprj/_29434_/X
 mprj/_29435_/Y
 mprj/_29436_/Y
 mprj/_29437_/Y
 mprj/_29438_/X
 mprj/_29439_/Y
 mprj/_29440_/Y
 mprj/_29441_/X
 mprj/_29442_/X
 mprj/_29443_/X
 mprj/_29444_/Y
 mprj/_29445_/Y
 mprj/_29446_/Y
 mprj/_29447_/Y
 mprj/_29448_/X
 mprj/_29449_/Y
 mprj/_29450_/Y
 mprj/_29451_/X
 mprj/_29452_/Y
 mprj/_29453_/Y
 mprj/_29454_/Y
 mprj/_29455_/Y
 mprj/_29456_/Y
 mprj/_29457_/Y
 mprj/_29458_/Y
 mprj/_29459_/Y
 mprj/_29460_/X
 mprj/_29461_/X
 mprj/_29462_/X
 mprj/_29463_/Y
 mprj/_29464_/X
 mprj/_29465_/Y
 mprj/_29466_/Y
 mprj/_29467_/X
 mprj/_29468_/X
 mprj/_29469_/Y
 mprj/_29470_/Y
 mprj/_29471_/Y
 mprj/_29472_/Y
 mprj/_29473_/Y
 mprj/_29474_/X
 mprj/_29475_/Y
 mprj/_29476_/X
 mprj/_29477_/X
 mprj/_29478_/X
 mprj/_29479_/X
 mprj/_29480_/Y
 mprj/_29481_/Y
 mprj/_29482_/Y
 mprj/_29483_/Y
 mprj/_29484_/Y
 mprj/_29485_/Y
 mprj/_29486_/X
 mprj/_29487_/Y
 mprj/_29488_/X
 mprj/_29489_/X
 mprj/_29490_/Y
 mprj/_29491_/Y
 mprj/_29492_/X
 mprj/_29493_/Y
 mprj/_29494_/Y
 mprj/_29495_/Y
 mprj/_29496_/X
 mprj/_29497_/Y
 mprj/_29498_/Y
 mprj/_29499_/Y
 mprj/_29500_/Y
 mprj/_29501_/X
 mprj/_29502_/Y
 mprj/_29503_/X
 mprj/_29504_/Y
 mprj/_29505_/Y
 mprj/_29506_/Y
 mprj/_29507_/X
 mprj/_29508_/Y
 mprj/_29509_/Y
 mprj/_29510_/X
 mprj/_29511_/X
 mprj/_29512_/Y
 mprj/_29513_/Y
 mprj/_29514_/Y
 mprj/_29515_/Y
 mprj/_29516_/Y
 mprj/_29517_/Y
 mprj/_29518_/Y
 mprj/_29519_/X
 mprj/_29520_/X
 mprj/_29521_/Y
 mprj/_29522_/Y
 mprj/_29523_/X
 mprj/_29524_/X
 mprj/_29525_/Y
 mprj/_29526_/X
 mprj/_29527_/X
 mprj/_29528_/Y
 mprj/_29529_/Y
 mprj/_29530_/X
 mprj/_29531_/X
 mprj/_29532_/Y
 mprj/_29533_/Y
 mprj/_29534_/X
 mprj/_29535_/X
 mprj/_29536_/Y
 mprj/_29537_/Y
 mprj/_29538_/X
 mprj/_29539_/Y
 mprj/_29540_/Y
 mprj/_29541_/Y
 mprj/_29542_/X
 mprj/_29543_/Y
 mprj/_29544_/Y
 mprj/_29545_/Y
 mprj/_29546_/X
 mprj/_29547_/Y
 mprj/_29548_/Y
 mprj/_29549_/Y
 mprj/_29550_/X
 mprj/_29551_/X
 mprj/_29552_/X
 mprj/_29553_/Y
 mprj/_29554_/Y
 mprj/_29555_/Y
 mprj/_29556_/Y
 mprj/_29557_/X
 mprj/_29558_/Y
 mprj/_29559_/X
 mprj/_29560_/Y
 mprj/_29561_/Y
 mprj/_29562_/X
 mprj/_29563_/X
 mprj/_29564_/Y
 mprj/_29565_/Y
 mprj/_29566_/X
 mprj/_29567_/Y
 mprj/_29568_/X
 mprj/_29569_/Y
 mprj/_29570_/Y
 mprj/_29571_/Y
 mprj/_29572_/X
 mprj/_29573_/X
 mprj/_29574_/X
 mprj/_29575_/X
 mprj/_29576_/X
 mprj/_29577_/X
 mprj/_29578_/X
 mprj/_29579_/X
 mprj/_29580_/X
 mprj/_29581_/X
 mprj/_29582_/X
 mprj/_29583_/X
 mprj/_29584_/X
 mprj/_29585_/X
 mprj/_29586_/X
 mprj/_29587_/X
 mprj/_29588_/X
 mprj/_29589_/X
 mprj/_29590_/X
 mprj/_29591_/X
 mprj/_29592_/X
 mprj/_29593_/X
 mprj/_29594_/X
 mprj/_29595_/X
 mprj/_29596_/X
 mprj/_29597_/X
 mprj/_29598_/X
 mprj/_29599_/X
 mprj/_29600_/X
 mprj/_29601_/X
 mprj/_29602_/X
 mprj/_29603_/X
 mprj/_29604_/X
 mprj/_29605_/X
 mprj/_29606_/X
 mprj/_29607_/X
 mprj/_29608_/X
 mprj/_29609_/X
 mprj/_29610_/X
 mprj/_29611_/X
 mprj/_29612_/X
 mprj/_29613_/X
 mprj/_29614_/X
 mprj/_29615_/X
 mprj/_29616_/X
 mprj/_29617_/X
 mprj/_29618_/X
 mprj/_29619_/X
 mprj/_29620_/X
 mprj/_29621_/X
 mprj/_29622_/X
 mprj/_29623_/X
 mprj/_29624_/X
 mprj/_29625_/X
 mprj/_29626_/X
 mprj/_29627_/X
 mprj/_29628_/X
 mprj/_29629_/X
 mprj/_29630_/X
 mprj/_29631_/X
 mprj/_29632_/X
 mprj/_29633_/X
 mprj/_29634_/X
 mprj/_29635_/X
 mprj/_29636_/X
 mprj/_29637_/X
 mprj/_29638_/X
 mprj/_29639_/X
 mprj/_29640_/X
 mprj/_29641_/X
 mprj/_29642_/X
 mprj/_29643_/X
 mprj/_29644_/X
 mprj/_29645_/X
 mprj/_29646_/X
 mprj/_29647_/X
 mprj/_29648_/X
 mprj/_29649_/X
 mprj/_29650_/X
 mprj/_29651_/X
 mprj/_29652_/X
 mprj/_29653_/X
 mprj/_29654_/X
 mprj/_29655_/X
 mprj/_29656_/X
 mprj/_29657_/X
 mprj/_29658_/X
 mprj/_29659_/X
 mprj/_29660_/X
 mprj/_29661_/X
 mprj/_29662_/Y
 mprj/_29663_/X
 mprj/_29664_/X
 mprj/_29665_/X
 mprj/_29666_/X
 mprj/_29667_/X
 mprj/_29668_/X
 mprj/_29669_/X
 mprj/_29670_/X
 mprj/_29671_/X
 mprj/_29672_/X
 mprj/_29673_/X
 mprj/_29674_/X
 mprj/_29675_/X
 mprj/_29676_/X
 mprj/_29677_/Y
 mprj/_29678_/X
 mprj/_29679_/X
 mprj/_29680_/X
 mprj/_29681_/Y
 mprj/_29682_/X
 mprj/_29683_/Y
 mprj/_29684_/X
 mprj/_29685_/X
 mprj/_29686_/Y
 mprj/_29687_/Y
 mprj/_29688_/Y
 mprj/_29689_/Y
 mprj/_29690_/X
 mprj/_29691_/Y
 mprj/_29692_/X
 mprj/_29693_/Y
 mprj/_29694_/X
 mprj/_29695_/Y
 mprj/_29696_/X
 mprj/_29697_/X
 mprj/_29698_/Y
 mprj/_29699_/Y
 mprj/_29700_/Y
 mprj/_29701_/Y
 mprj/_29702_/X
 mprj/_29703_/Y
 mprj/_29704_/X
 mprj/_29705_/Y
 mprj/_29706_/X
 mprj/_29707_/Y
 mprj/_29708_/X
 mprj/_29709_/X
 mprj/_29710_/Y
 mprj/_29711_/Y
 mprj/_29712_/Y
 mprj/_29713_/Y
 mprj/_29714_/X
 mprj/_29715_/X
 mprj/_29716_/Y
 mprj/_29717_/Y
 mprj/_29718_/Y
 mprj/_29719_/X
 mprj/_29720_/X
 mprj/_29721_/X
 mprj/_29722_/Y
 mprj/_29723_/Y
 mprj/_29724_/Y
 mprj/_29725_/Y
 mprj/_29726_/Y
 mprj/_29727_/X
 mprj/_29728_/Y
 mprj/_29729_/X
 mprj/_29730_/Y
 mprj/_29731_/X
 mprj/_29732_/Y
 mprj/_29733_/X
 mprj/_29734_/X
 mprj/_29735_/Y
 mprj/_29736_/Y
 mprj/_29737_/Y
 mprj/_29738_/Y
 mprj/_29739_/X
 mprj/_29740_/X
 mprj/_29741_/Y
 mprj/_29742_/Y
 mprj/_29743_/Y
 mprj/_29744_/Y
 mprj/_29745_/X
 mprj/_29746_/X
 mprj/_29747_/Y
 mprj/_29748_/Y
 mprj/_29749_/Y
 mprj/_29750_/Y
 mprj/_29751_/Y
 mprj/_29752_/X
 mprj/_29753_/Y
 mprj/_29754_/X
 mprj/_29755_/Y
 mprj/_29756_/X
 mprj/_29757_/Y
 mprj/_29758_/X
 mprj/_29759_/X
 mprj/_29760_/X
 mprj/_29761_/Y
 mprj/_29762_/X
 mprj/_29763_/Y
 mprj/_29764_/X
 mprj/_29765_/X
 mprj/_29766_/X
 mprj/_29767_/Y
 mprj/_29768_/X
 mprj/_29769_/X
 mprj/_29770_/Y
 mprj/_29771_/Y
 mprj/_29772_/X
 mprj/_29773_/Y
 mprj/_29774_/Y
 mprj/_29775_/Y
 mprj/_29776_/Y
 mprj/_29777_/X
 mprj/_29778_/X
 mprj/_29779_/X
 mprj/_29780_/X
 mprj/_29781_/X
 mprj/_29782_/X
 mprj/_29783_/Y
 mprj/_29784_/X
 mprj/_29785_/Y
 mprj/_29786_/X
 mprj/_29787_/X
 mprj/_29788_/Y
 mprj/_29789_/X
 mprj/_29790_/X
 mprj/_29791_/X
 mprj/_29792_/X
 mprj/_29793_/Y
 mprj/_29794_/X
 mprj/_29795_/X
 mprj/_29796_/X
 mprj/_29797_/Y
 mprj/_29798_/Y
 mprj/_29799_/X
 mprj/_29800_/Y
 mprj/_29801_/X
 mprj/_29802_/Y
 mprj/_29803_/X
 mprj/_29804_/Y
 mprj/_29805_/X
 mprj/_29806_/Y
 mprj/_29807_/X
 mprj/_29808_/X
 mprj/_29809_/X
 mprj/_29810_/Y
 mprj/_29811_/X
 mprj/_29812_/X
 mprj/_29813_/X
 mprj/_29814_/X
 mprj/_29815_/X
 mprj/_29816_/Y
 mprj/_29817_/X
 mprj/_29818_/Y
 mprj/_29819_/Y
 mprj/_29820_/Y
 mprj/_29821_/Y
 mprj/_29822_/Y
 mprj/_29823_/Y
 mprj/_29824_/X
 mprj/_29825_/X
 mprj/_29826_/X
 mprj/_29827_/Y
 mprj/_29828_/X
 mprj/_29829_/Y
 mprj/_29830_/X
 mprj/_29831_/Y
 mprj/_29832_/X
 mprj/_29833_/X
 mprj/_29834_/X
 mprj/_29835_/Y
 mprj/_29836_/X
 mprj/_29837_/Y
 mprj/_29838_/X
 mprj/_29839_/X
 mprj/_29840_/X
 mprj/_29841_/Y
 mprj/_29842_/X
 mprj/_29843_/Y
 mprj/_29844_/X
 mprj/_29845_/X
 mprj/_29846_/Y
 mprj/_29847_/Y
 mprj/_29848_/Y
 mprj/_29849_/Y
 mprj/_29850_/X
 mprj/_29851_/X
 mprj/_29852_/Y
 mprj/_29853_/Y
 mprj/_29854_/Y
 mprj/_29855_/Y
 mprj/_29856_/Y
 mprj/_29857_/X
 mprj/_29858_/X
 mprj/_29859_/X
 mprj/_29860_/Y
 mprj/_29861_/Y
 mprj/_29862_/Y
 mprj/_29863_/X
 mprj/_29864_/Y
 mprj/_29865_/Y
 mprj/_29866_/Y
 mprj/_29867_/Y
 mprj/_29868_/Y
 mprj/_29869_/X
 mprj/_29870_/X
 mprj/_29871_/Y
 mprj/_29872_/Y
 mprj/_29873_/Y
 mprj/_29874_/Y
 mprj/_29875_/Y
 mprj/_29876_/X
 mprj/_29877_/Y
 mprj/_29878_/X
 mprj/_29879_/Y
 mprj/_29880_/X
 mprj/_29881_/Y
 mprj/_29882_/X
 mprj/_29883_/X
 mprj/_29884_/Y
 mprj/_29885_/Y
 mprj/_29886_/Y
 mprj/_29887_/Y
 mprj/_29888_/X
 mprj/_29889_/X
 mprj/_29890_/Y
 mprj/_29891_/Y
 mprj/_29892_/Y
 mprj/_29893_/Y
 mprj/_29894_/X
 mprj/_29895_/X
 mprj/_29896_/X
 mprj/_29897_/X
 mprj/_29898_/Y
 mprj/_29899_/Y
 mprj/_29900_/Y
 mprj/_29901_/X
 mprj/_29902_/Y
 mprj/_29903_/Y
 mprj/_29904_/Y
 mprj/_29905_/Y
 mprj/_29906_/X
 mprj/_29907_/X
 mprj/_29908_/X
 mprj/_29909_/Y
 mprj/_29910_/Y
 mprj/_29911_/Y
 mprj/_29912_/Y
 mprj/_29913_/Y
 mprj/_29914_/X
 mprj/_29915_/Y
 mprj/_29916_/X
 mprj/_29917_/Y
 mprj/_29918_/X
 mprj/_29919_/Y
 mprj/_29920_/X
 mprj/_29921_/X
 mprj/_29922_/Y
 mprj/_29923_/Y
 mprj/_29924_/Y
 mprj/_29925_/Y
 mprj/_29926_/X
 mprj/_29927_/Y
 mprj/_29928_/X
 mprj/_29929_/Y
 mprj/_29930_/X
 mprj/_29931_/Y
 mprj/_29932_/X
 mprj/_29933_/X
 mprj/_29934_/X
 mprj/_29935_/Y
 mprj/_29936_/X
 mprj/_29937_/Y
 mprj/_29938_/X
 mprj/_29939_/X
 mprj/_29940_/X
 mprj/_29941_/Y
 mprj/_29942_/X
 mprj/_29943_/X
 mprj/_29944_/X
 mprj/_29945_/Y
 mprj/_29946_/Y
 mprj/_29947_/X
 mprj/_29948_/Y
 mprj/_29949_/Y
 mprj/_29950_/Y
 mprj/_29951_/X
 mprj/_29952_/X
 mprj/_29953_/X
 mprj/_29954_/X
 mprj/_29955_/Y
 mprj/_29956_/X
 mprj/_29957_/X
 mprj/_29958_/X
 mprj/_29959_/Y
 mprj/_29960_/X
 mprj/_29961_/Y
 mprj/_29962_/Y
 mprj/_29963_/Y
 mprj/_29964_/X
 mprj/_29965_/X
 mprj/_29966_/Y
 mprj/_29967_/X
 mprj/_29968_/X
 mprj/_29969_/X
 mprj/_29970_/X
 mprj/_29971_/Y
 mprj/_29972_/X
 mprj/_29973_/X
 mprj/_29974_/Y
 mprj/_29975_/X
 mprj/_29976_/Y
 mprj/_29977_/X
 mprj/_29978_/Y
 mprj/_29979_/X
 mprj/_29980_/X
 mprj/_29981_/X
 mprj/_29982_/Y
 mprj/_29983_/X
 mprj/_29984_/X
 mprj/_29985_/X
 mprj/_29986_/Y
 mprj/_29987_/X
 mprj/_29988_/Y
 mprj/_29989_/Y
 mprj/_29990_/Y
 mprj/_29991_/X
 mprj/_29992_/Y
 mprj/_29993_/X
 mprj/_29994_/X
 mprj/_29995_/X
 mprj/_29996_/X
 mprj/_29997_/X
 mprj/_29998_/Y
 mprj/_29999_/X
 mprj/_30000_/X
 mprj/_30001_/X
 mprj/_30002_/X
 mprj/_30003_/Y
 mprj/_30004_/Y
 mprj/_30005_/X
 mprj/_30006_/X
 mprj/_30007_/X
 mprj/_30008_/Y
 mprj/_30009_/Y
 mprj/_30010_/Y
 mprj/_30011_/Y
 mprj/_30012_/X
 mprj/_30013_/Y
 mprj/_30014_/Y
 mprj/_30015_/Y
 mprj/_30016_/Y
 mprj/_30017_/Y
 mprj/_30018_/Y
 mprj/_30019_/X
 mprj/_30020_/X
 mprj/_30021_/X
 mprj/_30022_/Y
 mprj/_30023_/Y
 mprj/_30024_/Y
 mprj/_30025_/X
 mprj/_30026_/Y
 mprj/_30027_/Y
 mprj/_30028_/Y
 mprj/_30029_/Y
 mprj/_30030_/Y
 mprj/_30031_/Y
 mprj/_30032_/X
 mprj/_30033_/X
 mprj/_30034_/X
 mprj/_30035_/Y
 mprj/_30036_/Y
 mprj/_30037_/Y
 mprj/_30038_/X
 mprj/_30039_/Y
 mprj/_30040_/Y
 mprj/_30041_/Y
 mprj/_30042_/Y
 mprj/_30043_/Y
 mprj/_30044_/Y
 mprj/_30045_/X
 mprj/_30046_/X
 mprj/_30047_/X
 mprj/_30048_/Y
 mprj/_30049_/Y
 mprj/_30050_/Y
 mprj/_30051_/X
 mprj/_30052_/Y
 mprj/_30053_/Y
 mprj/_30054_/Y
 mprj/_30055_/Y
 mprj/_30056_/Y
 mprj/_30057_/Y
 mprj/_30058_/X
 mprj/_30059_/X
 mprj/_30060_/X
 mprj/_30061_/Y
 mprj/_30062_/Y
 mprj/_30063_/Y
 mprj/_30064_/X
 mprj/_30065_/Y
 mprj/_30066_/Y
 mprj/_30067_/Y
 mprj/_30068_/Y
 mprj/_30069_/Y
 mprj/_30070_/X
 mprj/_30071_/X
 mprj/_30072_/X
 mprj/_30073_/X
 mprj/_30074_/Y
 mprj/_30075_/Y
 mprj/_30076_/Y
 mprj/_30077_/X
 mprj/_30078_/Y
 mprj/_30079_/Y
 mprj/_30080_/Y
 mprj/_30081_/Y
 mprj/_30082_/Y
 mprj/_30083_/Y
 mprj/_30084_/X
 mprj/_30085_/X
 mprj/_30086_/X
 mprj/_30087_/Y
 mprj/_30088_/Y
 mprj/_30089_/Y
 mprj/_30090_/X
 mprj/_30091_/Y
 mprj/_30092_/Y
 mprj/_30093_/Y
 mprj/_30094_/Y
 mprj/_30095_/Y
 mprj/_30096_/X
 mprj/_30097_/X
 mprj/_30098_/Y
 mprj/_30099_/Y
 mprj/_30100_/Y
 mprj/_30101_/Y
 mprj/_30102_/Y
 mprj/_30103_/X
 mprj/_30104_/Y
 mprj/_30105_/X
 mprj/_30106_/Y
 mprj/_30107_/X
 mprj/_30108_/Y
 mprj/_30109_/X
 mprj/_30110_/X
 mprj/_30111_/X
 mprj/_30112_/Y
 mprj/_30113_/X
 mprj/_30114_/Y
 mprj/_30115_/X
 mprj/_30116_/X
 mprj/_30117_/X
 mprj/_30118_/Y
 mprj/_30119_/Y
 mprj/_30120_/X
 mprj/_30121_/X
 mprj/_30122_/X
 mprj/_30123_/Y
 mprj/_30124_/Y
 mprj/_30125_/Y
 mprj/_30126_/Y
 mprj/_30127_/X
 mprj/_30128_/X
 mprj/_30129_/Y
 mprj/_30130_/Y
 mprj/_30131_/X
 mprj/_30132_/X
 mprj/_30133_/X
 mprj/_30134_/X
 mprj/_30135_/X
 mprj/_30136_/X
 mprj/_30137_/X
 mprj/_30138_/X
 mprj/_30139_/X
 mprj/_30140_/X
 mprj/_30141_/X
 mprj/_30142_/X
 mprj/_30143_/X
 mprj/_30144_/X
 mprj/_30145_/X
 mprj/_30146_/X
 mprj/_30147_/X
 mprj/_30148_/X
 mprj/_30149_/Y
 mprj/_30150_/X
 mprj/_30151_/Y
 mprj/_30152_/X
 mprj/_30153_/Y
 mprj/_30154_/X
 mprj/_30155_/Y
 mprj/_30156_/Y
 mprj/_30157_/Y
 mprj/_30158_/X
 mprj/_30159_/Y
 mprj/_30160_/X
 mprj/_30161_/Y
 mprj/_30162_/X
 mprj/_30163_/X
 mprj/_30164_/X
 mprj/_30165_/Y
 mprj/_30166_/X
 mprj/_30167_/Y
 mprj/_30168_/Y
 mprj/_30169_/X
 mprj/_30170_/Y
 mprj/_30171_/X
 mprj/_30172_/Y
 mprj/_30173_/X
 mprj/_30174_/X
 mprj/_30175_/X
 mprj/_30176_/Y
 mprj/_30177_/Y
 mprj/_30178_/Y
 mprj/_30179_/Y
 mprj/_30180_/Y
 mprj/_30181_/X
 mprj/_30182_/Y
 mprj/_30183_/Y
 mprj/_30184_/X
 mprj/_30185_/X
 mprj/_30186_/X
 mprj/_30187_/X
 mprj/_30188_/Y
 mprj/_30189_/Y
 mprj/_30190_/X
 mprj/_30191_/Y
 mprj/_30192_/Y
 mprj/_30193_/X
 mprj/_30194_/Y
 mprj/_30195_/X
 mprj/_30196_/X
 mprj/_30197_/X
 mprj/_30198_/Y
 mprj/_30199_/Y
 mprj/_30200_/X
 mprj/_30201_/Y
 mprj/_30202_/Y
 mprj/_30203_/X
 mprj/_30204_/Y
 mprj/_30205_/Y
 mprj/_30206_/X
 mprj/_30207_/X
 mprj/_30208_/Y
 mprj/_30209_/Y
 mprj/_30210_/X
 mprj/_30211_/Y
 mprj/_30212_/Y
 mprj/_30213_/X
 mprj/_30214_/Y
 mprj/_30215_/Y
 mprj/_30216_/X
 mprj/_30217_/X
 mprj/_30218_/Y
 mprj/_30219_/Y
 mprj/_30220_/X
 mprj/_30221_/Y
 mprj/_30222_/Y
 mprj/_30223_/X
 mprj/_30224_/Y
 mprj/_30225_/Y
 mprj/_30226_/X
 mprj/_30227_/X
 mprj/_30228_/Y
 mprj/_30229_/Y
 mprj/_30230_/X
 mprj/_30231_/Y
 mprj/_30232_/Y
 mprj/_30233_/X
 mprj/_30234_/Y
 mprj/_30235_/Y
 mprj/_30236_/X
 mprj/_30237_/X
 mprj/_30238_/Y
 mprj/_30239_/Y
 mprj/_30240_/X
 mprj/_30241_/Y
 mprj/_30242_/Y
 mprj/_30243_/Y
 mprj/_30244_/X
 mprj/_30245_/Y
 mprj/_30246_/Y
 mprj/_30247_/X
 mprj/_30248_/X
 mprj/_30249_/Y
 mprj/_30250_/Y
 mprj/_30251_/X
 mprj/_30252_/Y
 mprj/_30253_/Y
 mprj/_30254_/X
 mprj/_30255_/Y
 mprj/_30256_/X
 mprj/_30257_/Y
 mprj/_30258_/X
 mprj/_30259_/X
 mprj/_30260_/X
 mprj/_30261_/Y
 mprj/_30262_/Y
 mprj/_30263_/X
 mprj/_30264_/Y
 mprj/_30265_/Y
 mprj/_30266_/X
 mprj/_30267_/Y
 mprj/_30268_/X
 mprj/_30269_/Y
 mprj/_30270_/X
 mprj/_30271_/X
 mprj/_30272_/X
 mprj/_30273_/Y
 mprj/_30274_/Y
 mprj/_30275_/X
 mprj/_30276_/Y
 mprj/_30277_/Y
 mprj/_30278_/X
 mprj/_30279_/Y
 mprj/_30280_/X
 mprj/_30281_/Y
 mprj/_30282_/X
 mprj/_30283_/X
 mprj/_30284_/X
 mprj/_30285_/Y
 mprj/_30286_/Y
 mprj/_30287_/X
 mprj/_30288_/Y
 mprj/_30289_/Y
 mprj/_30290_/X
 mprj/_30291_/Y
 mprj/_30292_/X
 mprj/_30293_/Y
 mprj/_30294_/X
 mprj/_30295_/X
 mprj/_30296_/X
 mprj/_30297_/X
 mprj/_30298_/Y
 mprj/_30299_/Y
 mprj/_30300_/Y
 mprj/_30301_/X
 mprj/_30302_/Y
 mprj/_30303_/X
 mprj/_30304_/Y
 mprj/_30305_/X
 mprj/_30306_/X
 mprj/_30307_/X
 mprj/_30308_/Y
 mprj/_30309_/Y
 mprj/_30310_/Y
 mprj/_30311_/X
 mprj/_30312_/Y
 mprj/_30313_/Y
 mprj/_30314_/X
 mprj/_30315_/Y
 mprj/_30316_/X
 mprj/_30317_/Y
 mprj/_30318_/X
 mprj/_30319_/X
 mprj/_30320_/Y
 mprj/_30321_/X
 mprj/_30322_/X
 mprj/_30323_/X
 mprj/_30324_/Y
 mprj/_30325_/Y
 mprj/_30326_/Y
 mprj/_30327_/X
 mprj/_30328_/Y
 mprj/_30329_/X
 mprj/_30330_/X
 mprj/_30331_/X
 mprj/_30332_/Y
 mprj/_30333_/Y
 mprj/_30334_/Y
 mprj/_30335_/X
 mprj/_30336_/Y
 mprj/_30337_/X
 mprj/_30338_/X
 mprj/_30339_/Y
 mprj/_30340_/X
 mprj/_30341_/Y
 mprj/_30342_/Y
 mprj/_30343_/X
 mprj/_30344_/X
 mprj/_30345_/Y
 mprj/_30346_/Y
 mprj/_30347_/Y
 mprj/_30348_/X
 mprj/_30349_/Y
 mprj/_30350_/X
 mprj/_30351_/X
 mprj/_30352_/Y
 mprj/_30353_/X
 mprj/_30354_/Y
 mprj/_30355_/Y
 mprj/_30356_/X
 mprj/_30357_/X
 mprj/_30358_/Y
 mprj/_30359_/Y
 mprj/_30360_/Y
 mprj/_30361_/X
 mprj/_30362_/Y
 mprj/_30363_/X
 mprj/_30364_/X
 mprj/_30365_/Y
 mprj/_30366_/X
 mprj/_30367_/Y
 mprj/_30368_/Y
 mprj/_30369_/X
 mprj/_30370_/X
 mprj/_30371_/Y
 mprj/_30372_/X
 mprj/_30373_/Y
 mprj/_30374_/Y
 mprj/_30375_/Y
 mprj/_30376_/Y
 mprj/_30377_/X
 mprj/_30378_/Y
 mprj/_30379_/X
 mprj/_30380_/X
 mprj/_30381_/X
 mprj/_30382_/X
 mprj/_30383_/Y
 mprj/_30384_/X
 mprj/_30385_/X
 mprj/_30386_/Y
 mprj/_30387_/X
 mprj/_30388_/X
 mprj/_30389_/Y
 mprj/_30390_/Y
 mprj/_30391_/Y
 mprj/_30392_/Y
 mprj/_30393_/X
 mprj/_30394_/X
 mprj/_30395_/Y
 mprj/_30396_/X
 mprj/_30397_/X
 mprj/_30398_/Y
 mprj/_30399_/X
 mprj/_30400_/Y
 mprj/_30401_/X
 mprj/_30402_/Y
 mprj/_30403_/X
 mprj/_30404_/X
 mprj/_30405_/Y
 mprj/_30406_/X
 mprj/_30407_/Y
 mprj/_30408_/X
 mprj/_30409_/X
 mprj/_30410_/X
 mprj/_30411_/Y
 mprj/_30412_/X
 mprj/_30413_/X
 mprj/_30414_/X
 mprj/_30415_/Y
 mprj/_30416_/Y
 mprj/_30417_/X
 mprj/_30418_/Y
 mprj/_30419_/Y
 mprj/_30420_/X
 mprj/_30421_/Y
 mprj/_30422_/X
 mprj/_30423_/Y
 mprj/_30424_/X
 mprj/_30425_/X
 mprj/_30426_/X
 mprj/_30427_/X
 mprj/_30428_/Y
 mprj/_30429_/Y
 mprj/_30430_/X
 mprj/_30431_/Y
 mprj/_30432_/X
 mprj/_30433_/X
 mprj/_30434_/Y
 mprj/_30435_/Y
 mprj/_30436_/X
 mprj/_30437_/Y
 mprj/_30438_/X
 mprj/_30439_/X
 mprj/_30440_/X
 mprj/_30441_/Y
 mprj/_30442_/Y
 mprj/_30443_/X
 mprj/_30444_/X
 mprj/_30445_/Y
 mprj/_30446_/X
 mprj/_30447_/Y
 mprj/_30448_/Y
 mprj/_30449_/X
 mprj/_30450_/Y
 mprj/_30451_/X
 mprj/_30452_/Y
 mprj/_30453_/X
 mprj/_30454_/Y
 mprj/_30455_/Y
 mprj/_30456_/Y
 mprj/_30457_/X
 mprj/_30458_/Y
 mprj/_30459_/X
 mprj/_30460_/Y
 mprj/_30461_/Y
 mprj/_30462_/X
 mprj/_30463_/Y
 mprj/_30464_/X
 mprj/_30465_/Y
 mprj/_30466_/X
 mprj/_30467_/Y
 mprj/_30468_/Y
 mprj/_30469_/X
 mprj/_30470_/X
 mprj/_30471_/Y
 mprj/_30472_/X
 mprj/_30473_/Y
 mprj/_30474_/Y
 mprj/_30475_/X
 mprj/_30476_/Y
 mprj/_30477_/X
 mprj/_30478_/Y
 mprj/_30479_/Y
 mprj/_30480_/X
 mprj/_30481_/Y
 mprj/_30482_/X
 mprj/_30483_/X
 mprj/_30484_/Y
 mprj/_30485_/X
 mprj/_30486_/Y
 mprj/_30487_/Y
 mprj/_30488_/Y
 mprj/_30489_/X
 mprj/_30490_/Y
 mprj/_30491_/Y
 mprj/_30492_/X
 mprj/_30493_/Y
 mprj/_30494_/X
 mprj/_30495_/X
 mprj/_30496_/Y
 mprj/_30497_/X
 mprj/_30498_/Y
 mprj/_30499_/Y
 mprj/_30500_/Y
 mprj/_30501_/X
 mprj/_30502_/Y
 mprj/_30503_/Y
 mprj/_30504_/X
 mprj/_30505_/Y
 mprj/_30506_/X
 mprj/_30507_/X
 mprj/_30508_/Y
 mprj/_30509_/X
 mprj/_30510_/Y
 mprj/_30511_/Y
 mprj/_30512_/Y
 mprj/_30513_/X
 mprj/_30514_/Y
 mprj/_30515_/Y
 mprj/_30516_/X
 mprj/_30517_/Y
 mprj/_30518_/X
 mprj/_30519_/X
 mprj/_30520_/Y
 mprj/_30521_/X
 mprj/_30522_/Y
 mprj/_30523_/Y
 mprj/_30524_/Y
 mprj/_30525_/X
 mprj/_30526_/Y
 mprj/_30527_/Y
 mprj/_30528_/X
 mprj/_30529_/X
 mprj/_30530_/Y
 mprj/_30531_/X
 mprj/_30532_/X
 mprj/_30533_/Y
 mprj/_30534_/X
 mprj/_30535_/Y
 mprj/_30536_/Y
 mprj/_30537_/Y
 mprj/_30538_/X
 mprj/_30539_/Y
 mprj/_30540_/Y
 mprj/_30541_/Y
 mprj/_30542_/X
 mprj/_30543_/Y
 mprj/_30544_/X
 mprj/_30545_/Y
 mprj/_30546_/X
 mprj/_30547_/Y
 mprj/_30548_/Y
 mprj/_30549_/Y
 mprj/_30550_/X
 mprj/_30551_/X
 mprj/_30552_/Y
 mprj/_30553_/X
 mprj/_30554_/Y
 mprj/_30555_/X
 mprj/_30556_/X
 mprj/_30557_/X
 mprj/_30558_/X
 mprj/_30559_/X
 mprj/_30560_/X
 mprj/_30561_/X
 mprj/_30562_/X
 mprj/_30563_/X
 mprj/_30564_/X
 mprj/_30565_/X
 mprj/_30566_/X
 mprj/_30567_/X
 mprj/_30568_/X
 mprj/_30569_/X
 mprj/_30570_/X
 mprj/_30571_/X
 mprj/_30572_/X
 mprj/_30573_/X
 mprj/_30574_/X
 mprj/_30575_/X
 mprj/_30576_/X
 mprj/_30577_/X
 mprj/_30578_/X
 mprj/_30579_/X
 mprj/_30580_/X
 mprj/_30581_/X
 mprj/_30582_/X
 mprj/_30583_/X
 mprj/_30584_/X
 mprj/_30585_/X
 mprj/_30586_/X
 mprj/_30587_/X
 mprj/_30588_/X
 mprj/_30589_/X
 mprj/_30590_/X
 mprj/_30591_/X
 mprj/_30592_/X
 mprj/_30593_/X
 mprj/_30594_/X
 mprj/_30595_/X
 mprj/_30596_/X
 mprj/_30597_/X
 mprj/_30598_/X
 mprj/_30599_/X
 mprj/_30600_/X
 mprj/_30601_/X
 mprj/_30602_/X
 mprj/_30603_/X
 mprj/_30604_/X
 mprj/_30605_/X
 mprj/_30606_/X
 mprj/_30607_/X
 mprj/_30608_/X
 mprj/_30609_/X
 mprj/_30610_/X
 mprj/_30611_/X
 mprj/_30612_/X
 mprj/_30613_/X
 mprj/_30614_/X
 mprj/_30615_/X
 mprj/_30616_/X
 mprj/_30617_/X
 mprj/_30618_/X
 mprj/_30619_/X
 mprj/_30620_/X
 mprj/_30621_/X
 mprj/_30622_/X
 mprj/_30623_/X
 mprj/_30624_/X
 mprj/_30625_/X
 mprj/_30626_/X
 mprj/_30627_/X
 mprj/_30628_/X
 mprj/_30629_/X
 mprj/_30630_/X
 mprj/_30631_/X
 mprj/_30632_/X
 mprj/_30633_/X
 mprj/_30634_/X
 mprj/_30635_/X
 mprj/_30636_/X
 mprj/_30637_/X
 mprj/_30638_/X
 mprj/_30639_/X
 mprj/_30640_/X
 mprj/_30641_/X
 mprj/_30642_/X
 mprj/_30643_/X
 mprj/_30644_/X
 mprj/_30645_/X
 mprj/_30646_/X
 mprj/_30647_/X
 mprj/_30648_/X
 mprj/_30649_/X
 mprj/_30650_/X
 mprj/_30651_/X
 mprj/_30652_/X
 mprj/_30653_/X
 mprj/_30654_/X
 mprj/_30655_/X
 mprj/_30656_/X
 mprj/_30657_/X
 mprj/_30658_/X
 mprj/_30659_/X
 mprj/_30660_/X
 mprj/_30661_/X
 mprj/_30662_/X
 mprj/_30663_/X
 mprj/_30664_/X
 mprj/_30665_/X
 mprj/_30666_/X
 mprj/_30667_/X
 mprj/_30668_/X
 mprj/_30669_/X
 mprj/_30670_/X
 mprj/_30671_/X
 mprj/_30672_/X
 mprj/_30673_/X
 mprj/_30674_/X
 mprj/_30675_/X
 mprj/_30676_/X
 mprj/_30677_/X
 mprj/_30678_/X
 mprj/_30679_/X
 mprj/_30680_/X
 mprj/_30681_/X
 mprj/_30682_/X
 mprj/_30683_/X
 mprj/_30684_/X
 mprj/_30685_/X
 mprj/_30686_/X
 mprj/_30687_/X
 mprj/_30688_/X
 mprj/_30689_/X
 mprj/_30690_/X
 mprj/_30691_/X
 mprj/_30692_/X
 mprj/_30693_/X
 mprj/_30694_/X
 mprj/_30695_/X
 mprj/_30696_/X
 mprj/_30697_/X
 mprj/_30698_/X
 mprj/_30699_/Y
 mprj/_30700_/X
 mprj/_30701_/Y
 mprj/_30702_/X
 mprj/_30703_/X
 mprj/_30704_/Y
 mprj/_30705_/X
 mprj/_30706_/X
 mprj/_30707_/Y
 mprj/_30708_/X
 mprj/_30709_/Y
 mprj/_30710_/Y
 mprj/_30711_/Y
 mprj/_30712_/X
 mprj/_30713_/Y
 mprj/_30714_/X
 mprj/_30715_/Y
 mprj/_30716_/X
 mprj/_30717_/X
 mprj/_30718_/X
 mprj/_30719_/X
 mprj/_30720_/X
 mprj/_30721_/X
 mprj/_30722_/Y
 mprj/_30723_/X
 mprj/_30724_/Y
 mprj/_30725_/Y
 mprj/_30726_/X
 mprj/_30727_/Y
 mprj/_30728_/X
 mprj/_30729_/Y
 mprj/_30730_/Y
 mprj/_30731_/Y
 mprj/_30732_/X
 mprj/_30733_/X
 mprj/_30734_/X
 mprj/_30735_/X
 mprj/_30736_/Y
 mprj/_30737_/X
 mprj/_30738_/X
 mprj/_30739_/X
 mprj/_30740_/X
 mprj/_30741_/X
 mprj/_30742_/Y
 mprj/_30743_/X
 mprj/_30744_/Y
 mprj/_30745_/Y
 mprj/_30746_/Y
 mprj/_30747_/X
 mprj/_30748_/Y
 mprj/_30749_/Y
 mprj/_30750_/X
 mprj/_30751_/X
 mprj/_30752_/Y
 mprj/_30753_/Y
 mprj/_30754_/X
 mprj/_30755_/X
 mprj/_30756_/X
 mprj/_30757_/X
 mprj/_30758_/X
 mprj/_30759_/X
 mprj/_30760_/Y
 mprj/_30761_/X
 mprj/_30762_/Y
 mprj/_30763_/X
 mprj/_30764_/X
 mprj/_30765_/Y
 mprj/_30766_/Y
 mprj/_30767_/X
 mprj/_30768_/Y
 mprj/_30769_/X
 mprj/_30770_/Y
 mprj/_30771_/Y
 mprj/_30772_/Y
 mprj/_30773_/Y
 mprj/_30774_/X
 mprj/_30775_/Y
 mprj/_30776_/X
 mprj/_30777_/X
 mprj/_30778_/X
 mprj/_30779_/Y
 mprj/_30780_/Y
 mprj/_30781_/X
 mprj/_30782_/Y
 mprj/_30783_/Y
 mprj/_30784_/X
 mprj/_30785_/Y
 mprj/_30786_/X
 mprj/_30787_/Y
 mprj/_30788_/X
 mprj/_30789_/X
 mprj/_30790_/Y
 mprj/_30791_/Y
 mprj/_30792_/Y
 mprj/_30793_/X
 mprj/_30794_/Y
 mprj/_30795_/X
 mprj/_30796_/X
 mprj/_30797_/Y
 mprj/_30798_/Y
 mprj/_30799_/Y
 mprj/_30800_/Y
 mprj/_30801_/X
 mprj/_30802_/Y
 mprj/_30803_/Y
 mprj/_30804_/X
 mprj/_30805_/Y
 mprj/_30806_/Y
 mprj/_30807_/X
 mprj/_30808_/Y
 mprj/_30809_/Y
 mprj/_30810_/Y
 mprj/_30811_/X
 mprj/_30812_/Y
 mprj/_30813_/X
 mprj/_30814_/X
 mprj/_30815_/X
 mprj/_30816_/Y
 mprj/_30817_/X
 mprj/_30818_/X
 mprj/_30819_/Y
 mprj/_30820_/Y
 mprj/_30821_/X
 mprj/_30822_/X
 mprj/_30823_/Y
 mprj/_30824_/X
 mprj/_30825_/Y
 mprj/_30826_/X
 mprj/_30827_/X
 mprj/_30828_/Y
 mprj/_30829_/Y
 mprj/_30830_/X
 mprj/_30831_/Y
 mprj/_30832_/X
 mprj/_30833_/Y
 mprj/_30834_/Y
 mprj/_30835_/X
 mprj/_30836_/Y
 mprj/_30837_/Y
 mprj/_30838_/Y
 mprj/_30839_/Y
 mprj/_30840_/Y
 mprj/_30841_/X
 mprj/_30842_/Y
 mprj/_30843_/Y
 mprj/_30844_/Y
 mprj/_30845_/Y
 mprj/_30846_/X
 mprj/_30847_/X
 mprj/_30848_/X
 mprj/_30849_/X
 mprj/_30850_/Y
 mprj/_30851_/X
 mprj/_30852_/X
 mprj/_30853_/Y
 mprj/_30854_/X
 mprj/_30855_/X
 mprj/_30856_/X
 mprj/_30857_/X
 mprj/_30858_/Y
 mprj/_30859_/Y
 mprj/_30860_/X
 mprj/_30861_/X
 mprj/_30862_/Y
 mprj/_30863_/X
 mprj/_30864_/Y
 mprj/_30865_/Y
 mprj/_30866_/X
 mprj/_30867_/X
 mprj/_30868_/X
 mprj/_30869_/Y
 mprj/_30870_/Y
 mprj/_30871_/X
 mprj/_30872_/Y
 mprj/_30873_/Y
 mprj/_30874_/Y
 mprj/_30875_/Y
 mprj/_30876_/X
 mprj/_30877_/Y
 mprj/_30878_/Y
 mprj/_30879_/X
 mprj/_30880_/X
 mprj/_30881_/Y
 mprj/_30882_/Y
 mprj/_30883_/Y
 mprj/_30884_/Y
 mprj/_30885_/Y
 mprj/_30886_/Y
 mprj/_30887_/X
 mprj/_30888_/Y
 mprj/_30889_/X
 mprj/_30890_/Y
 mprj/_30891_/Y
 mprj/_30892_/X
 mprj/_30893_/X
 mprj/_30894_/Y
 mprj/_30895_/Y
 mprj/_30896_/Y
 mprj/_30897_/X
 mprj/_30898_/X
 mprj/_30899_/Y
 mprj/_30900_/X
 mprj/_30901_/Y
 mprj/_30902_/X
 mprj/_30903_/Y
 mprj/_30904_/X
 mprj/_30905_/X
 mprj/_30906_/Y
 mprj/_30907_/X
 mprj/_30908_/Y
 mprj/_30909_/X
 mprj/_30910_/Y
 mprj/_30911_/X
 mprj/_30912_/Y
 mprj/_30913_/X
 mprj/_30914_/Y
 mprj/_30915_/Y
 mprj/_30916_/Y
 mprj/_30917_/X
 mprj/_30918_/Y
 mprj/_30919_/Y
 mprj/_30920_/X
 mprj/_30921_/X
 mprj/_30922_/X
 mprj/_30923_/Y
 mprj/_30924_/Y
 mprj/_30925_/X
 mprj/_30926_/Y
 mprj/_30927_/X
 mprj/_30928_/Y
 mprj/_30929_/Y
 mprj/_30930_/X
 mprj/_30931_/X
 mprj/_30932_/X
 mprj/_30933_/X
 mprj/_30934_/Y
 mprj/_30935_/X
 mprj/_30936_/X
 mprj/_30937_/Y
 mprj/_30938_/X
 mprj/_30939_/Y
 mprj/_30940_/X
 mprj/_30941_/Y
 mprj/_30942_/X
 mprj/_30943_/X
 mprj/_30944_/Y
 mprj/_30945_/Y
 mprj/_30946_/X
 mprj/_30947_/X
 mprj/_30948_/Y
 mprj/_30949_/X
 mprj/_30950_/Y
 mprj/_30951_/Y
 mprj/_30952_/X
 mprj/_30953_/X
 mprj/_30954_/Y
 mprj/_30955_/Y
 mprj/_30956_/X
 mprj/_30957_/Y
 mprj/_30958_/X
 mprj/_30959_/Y
 mprj/_30960_/Y
 mprj/_30961_/Y
 mprj/_30962_/X
 mprj/_30963_/Y
 mprj/_30964_/Y
 mprj/_30965_/X
 mprj/_30966_/X
 mprj/_30967_/Y
 mprj/_30968_/Y
 mprj/_30969_/Y
 mprj/_30970_/Y
 mprj/_30971_/Y
 mprj/_30972_/Y
 mprj/_30973_/X
 mprj/_30974_/X
 mprj/_30975_/Y
 mprj/_30976_/X
 mprj/_30977_/X
 mprj/_30978_/X
 mprj/_30979_/X
 mprj/_30980_/Y
 mprj/_30981_/Y
 mprj/_30982_/X
 mprj/_30983_/X
 mprj/_30984_/Y
 mprj/_30985_/X
 mprj/_30986_/Y
 mprj/_30987_/Y
 mprj/_30988_/X
 mprj/_30989_/Y
 mprj/_30990_/Y
 mprj/_30991_/X
 mprj/_30992_/X
 mprj/_30993_/Y
 mprj/_30994_/X
 mprj/_30995_/Y
 mprj/_30996_/Y
 mprj/_30997_/X
 mprj/_30998_/Y
 mprj/_30999_/X
 mprj/_31000_/X
 mprj/_31001_/Y
 mprj/_31002_/X
 mprj/_31003_/Y
 mprj/_31004_/X
 mprj/_31005_/Y
 mprj/_31006_/X
 mprj/_31007_/X
 mprj/_31008_/Y
 mprj/_31009_/Y
 mprj/_31010_/Y
 mprj/_31011_/X
 mprj/_31012_/Y
 mprj/_31013_/Y
 mprj/_31014_/X
 mprj/_31015_/X
 mprj/_31016_/Y
 mprj/_31017_/X
 mprj/_31018_/X
 mprj/_31019_/X
 mprj/_31020_/Y
 mprj/_31021_/X
 mprj/_31022_/X
 mprj/_31023_/X
 mprj/_31024_/X
 mprj/_31025_/X
 mprj/_31026_/X
 mprj/_31027_/Y
 mprj/_31028_/X
 mprj/_31029_/Y
 mprj/_31030_/X
 mprj/_31031_/X
 mprj/_31032_/X
 mprj/_31033_/Y
 mprj/_31034_/X
 mprj/_31035_/Y
 mprj/_31036_/Y
 mprj/_31037_/X
 mprj/_31038_/Y
 mprj/_31039_/Y
 mprj/_31040_/Y
 mprj/_31041_/X
 mprj/_31042_/X
 mprj/_31043_/Y
 mprj/_31044_/X
 mprj/_31045_/Y
 mprj/_31046_/Y
 mprj/_31047_/X
 mprj/_31048_/Y
 mprj/_31049_/X
 mprj/_31050_/X
 mprj/_31051_/Y
 mprj/_31052_/Y
 mprj/_31053_/X
 mprj/_31054_/Y
 mprj/_31055_/Y
 mprj/_31056_/X
 mprj/_31057_/X
 mprj/_31058_/Y
 mprj/_31059_/Y
 mprj/_31060_/Y
 mprj/_31061_/X
 mprj/_31062_/Y
 mprj/_31063_/Y
 mprj/_31064_/Y
 mprj/_31065_/Y
 mprj/_31066_/Y
 mprj/_31067_/X
 mprj/_31068_/X
 mprj/_31069_/Y
 mprj/_31070_/Y
 mprj/_31071_/Y
 mprj/_31072_/Y
 mprj/_31073_/X
 mprj/_31074_/X
 mprj/_31075_/Y
 mprj/_31076_/X
 mprj/_31077_/Y
 mprj/_31078_/X
 mprj/_31079_/X
 mprj/_31080_/X
 mprj/_31081_/Y
 mprj/_31082_/X
 mprj/_31083_/Y
 mprj/_31084_/Y
 mprj/_31085_/X
 mprj/_31086_/Y
 mprj/_31087_/Y
 mprj/_31088_/Y
 mprj/_31089_/X
 mprj/_31090_/X
 mprj/_31091_/Y
 mprj/_31092_/X
 mprj/_31093_/Y
 mprj/_31094_/Y
 mprj/_31095_/X
 mprj/_31096_/Y
 mprj/_31097_/X
 mprj/_31098_/X
 mprj/_31099_/Y
 mprj/_31100_/Y
 mprj/_31101_/X
 mprj/_31102_/Y
 mprj/_31103_/X
 mprj/_31104_/Y
 mprj/_31105_/X
 mprj/_31106_/Y
 mprj/_31107_/Y
 mprj/_31108_/Y
 mprj/_31109_/Y
 mprj/_31110_/Y
 mprj/_31111_/X
 mprj/_31112_/Y
 mprj/_31113_/Y
 mprj/_31114_/Y
 mprj/_31115_/X
 mprj/_31116_/X
 mprj/_31117_/X
 mprj/_31118_/Y
 mprj/_31119_/X
 mprj/_31120_/X
 mprj/_31121_/X
 mprj/_31122_/Y
 mprj/_31123_/Y
 mprj/_31124_/Y
 mprj/_31125_/X
 mprj/_31126_/X
 mprj/_31127_/Y
 mprj/_31128_/X
 mprj/_31129_/Y
 mprj/_31130_/X
 mprj/_31131_/Y
 mprj/_31132_/Y
 mprj/_31133_/X
 mprj/_31134_/Y
 mprj/_31135_/Y
 mprj/_31136_/Y
 mprj/_31137_/X
 mprj/_31138_/Y
 mprj/_31139_/X
 mprj/_31140_/X
 mprj/_31141_/X
 mprj/_31142_/X
 mprj/_31143_/X
 mprj/_31144_/Y
 mprj/_31145_/Y
 mprj/_31146_/X
 mprj/_31147_/Y
 mprj/_31148_/X
 mprj/_31149_/X
 mprj/_31150_/Y
 mprj/_31151_/X
 mprj/_31152_/Y
 mprj/_31153_/Y
 mprj/_31154_/X
 mprj/_31155_/Y
 mprj/_31156_/X
 mprj/_31157_/X
 mprj/_31158_/Y
 mprj/_31159_/Y
 mprj/_31160_/Y
 mprj/_31161_/Y
 mprj/_31162_/X
 mprj/_31163_/X
 mprj/_31164_/Y
 mprj/_31165_/Y
 mprj/_31166_/X
 mprj/_31167_/Y
 mprj/_31168_/Y
 mprj/_31169_/Y
 mprj/_31170_/X
 mprj/_31171_/Y
 mprj/_31172_/Y
 mprj/_31173_/X
 mprj/_31174_/Y
 mprj/_31175_/X
 mprj/_31176_/Y
 mprj/_31177_/Y
 mprj/_31178_/X
 mprj/_31179_/Y
 mprj/_31180_/Y
 mprj/_31181_/X
 mprj/_31182_/Y
 mprj/_31183_/X
 mprj/_31184_/X
 mprj/_31185_/Y
 mprj/_31186_/X
 mprj/_31187_/X
 mprj/_31188_/X
 mprj/_31189_/X
 mprj/_31190_/Y
 mprj/_31191_/X
 mprj/_31192_/Y
 mprj/_31193_/X
 mprj/_31194_/Y
 mprj/_31195_/X
 mprj/_31196_/X
 mprj/_31197_/Y
 mprj/_31198_/Y
 mprj/_31199_/X
 mprj/_31200_/Y
 mprj/_31201_/X
 mprj/_31202_/X
 mprj/_31203_/Y
 mprj/_31204_/Y
 mprj/_31205_/X
 mprj/_31206_/Y
 mprj/_31207_/X
 mprj/_31208_/X
 mprj/_31209_/Y
 mprj/_31210_/X
 mprj/_31211_/Y
 mprj/_31212_/Y
 mprj/_31213_/X
 mprj/_31214_/Y
 mprj/_31215_/X
 mprj/_31216_/X
 mprj/_31217_/Y
 mprj/_31218_/Y
 mprj/_31219_/Y
 mprj/_31220_/X
 mprj/_31221_/Y
 mprj/_31222_/Y
 mprj/_31223_/Y
 mprj/_31224_/Y
 mprj/_31225_/X
 mprj/_31226_/Y
 mprj/_31227_/Y
 mprj/_31228_/X
 mprj/_31229_/Y
 mprj/_31230_/X
 mprj/_31231_/Y
 mprj/_31232_/X
 mprj/_31233_/Y
 mprj/_31234_/X
 mprj/_31235_/Y
 mprj/_31236_/X
 mprj/_31237_/Y
 mprj/_31238_/X
 mprj/_31239_/X
 mprj/_31240_/Y
 mprj/_31241_/X
 mprj/_31242_/X
 mprj/_31243_/X
 mprj/_31244_/X
 mprj/_31245_/Y
 mprj/_31246_/Y
 mprj/_31247_/Y
 mprj/_31248_/X
 mprj/_31249_/X
 mprj/_31250_/X
 mprj/_31251_/Y
 mprj/_31252_/Y
 mprj/_31253_/Y
 mprj/_31254_/X
 mprj/_31255_/Y
 mprj/_31256_/Y
 mprj/_31257_/X
 mprj/_31258_/X
 mprj/_31259_/Y
 mprj/_31260_/X
 mprj/_31261_/Y
 mprj/_31262_/Y
 mprj/_31263_/Y
 mprj/_31264_/X
 mprj/_31265_/Y
 mprj/_31266_/Y
 mprj/_31267_/X
 mprj/_31268_/Y
 mprj/_31269_/X
 mprj/_31270_/X
 mprj/_31271_/Y
 mprj/_31272_/Y
 mprj/_31273_/Y
 mprj/_31274_/X
 mprj/_31275_/Y
 mprj/_31276_/X
 mprj/_31277_/Y
 mprj/_31278_/Y
 mprj/_31279_/Y
 mprj/_31280_/X
 mprj/_31281_/Y
 mprj/_31282_/Y
 mprj/_31283_/Y
 mprj/_31284_/X
 mprj/_31285_/X
 mprj/_31286_/X
 mprj/_31287_/Y
 mprj/_31288_/Y
 mprj/_31289_/X
 mprj/_31290_/Y
 mprj/_31291_/X
 mprj/_31292_/Y
 mprj/_31293_/Y
 mprj/_31294_/X
 mprj/_31295_/Y
 mprj/_31296_/Y
 mprj/_31297_/X
 mprj/_31298_/X
 mprj/_31299_/Y
 mprj/_31300_/Y
 mprj/_31301_/Y
 mprj/_31302_/Y
 mprj/_31303_/X
 mprj/_31304_/X
 mprj/_31305_/X
 mprj/_31306_/X
 mprj/_31307_/X
 mprj/_31308_/Y
 mprj/_31309_/Y
 mprj/_31310_/X
 mprj/_31311_/Y
 mprj/_31312_/Y
 mprj/_31313_/X
 mprj/_31314_/X
 mprj/_31315_/Y
 mprj/_31316_/Y
 mprj/_31317_/X
 mprj/_31318_/Y
 mprj/_31319_/Y
 mprj/_31320_/Y
 mprj/_31321_/X
 mprj/_31322_/Y
 mprj/_31323_/Y
 mprj/_31324_/Y
 mprj/_31325_/X
 mprj/_31326_/Y
 mprj/_31327_/X
 mprj/_31328_/Y
 mprj/_31329_/X
 mprj/_31330_/Y
 mprj/_31331_/Y
 mprj/_31332_/X
 mprj/_31333_/Y
 mprj/_31334_/X
 mprj/_31335_/Y
 mprj/_31336_/Y
 mprj/_31337_/Y
 mprj/_31338_/X
 mprj/_31339_/X
 mprj/_31340_/X
 mprj/_31341_/X
 mprj/_31342_/X
 mprj/_31343_/X
 mprj/_31344_/X
 mprj/_31345_/X
 mprj/_31346_/X
 mprj/_31347_/Y
 mprj/_31348_/X
 mprj/_31349_/Y
 mprj/_31350_/X
 mprj/_31351_/X
 mprj/_31352_/X
 mprj/_31353_/X
 mprj/_31354_/X
 mprj/_31355_/X
 mprj/_31356_/X
 mprj/_31357_/Y
 mprj/_31358_/Y
 mprj/_31359_/Y
 mprj/_31360_/Y
 mprj/_31361_/X
 mprj/_31362_/X
 mprj/_31363_/X
 mprj/_31364_/X
 mprj/_31365_/X
 mprj/_31366_/Y
 mprj/_31367_/Y
 mprj/_31368_/X
 mprj/_31369_/Y
 mprj/_31370_/Y
 mprj/_31371_/X
 mprj/_31372_/X
 mprj/_31373_/Y
 mprj/_31374_/Y
 mprj/_31375_/X
 mprj/_31376_/Y
 mprj/_31377_/Y
 mprj/_31378_/Y
 mprj/_31379_/X
 mprj/_31380_/Y
 mprj/_31381_/Y
 mprj/_31382_/Y
 mprj/_31383_/X
 mprj/_31384_/Y
 mprj/_31385_/X
 mprj/_31386_/Y
 mprj/_31387_/Y
 mprj/_31388_/Y
 mprj/_31389_/X
 mprj/_31390_/Y
 mprj/_31391_/X
 mprj/_31392_/Y
 mprj/_31393_/Y
 mprj/_31394_/Y
 mprj/_31395_/Y
 mprj/_31396_/Y
 mprj/_31397_/X
 mprj/_31398_/Y
 mprj/_31399_/Y
 mprj/_31400_/Y
 mprj/_31401_/X
 mprj/_31402_/X
 mprj/_31403_/Y
 mprj/_31404_/Y
 mprj/_31405_/X
 mprj/_31406_/X
 mprj/_31407_/Y
 mprj/_31408_/Y
 mprj/_31409_/X
 mprj/_31410_/Y
 mprj/_31411_/X
 mprj/_31412_/X
 mprj/_31413_/Y
 mprj/_31414_/Y
 mprj/_31415_/Y
 mprj/_31416_/X
 mprj/_31417_/X
 mprj/_31418_/Y
 mprj/_31419_/Y
 mprj/_31420_/Y
 mprj/_31421_/X
 mprj/_31422_/Y
 mprj/_31423_/Y
 mprj/_31424_/Y
 mprj/_31425_/X
 mprj/_31426_/Y
 mprj/_31427_/Y
 mprj/_31428_/X
 mprj/_31429_/X
 mprj/_31430_/X
 mprj/_31431_/Y
 mprj/_31432_/Y
 mprj/_31433_/Y
 mprj/_31434_/X
 mprj/_31435_/X
 mprj/_31436_/Y
 mprj/_31437_/X
 mprj/_31438_/Y
 mprj/_31439_/X
 mprj/_31440_/X
 mprj/_31441_/Y
 mprj/_31442_/Y
 mprj/_31443_/Y
 mprj/_31444_/X
 mprj/_31445_/Y
 mprj/_31446_/X
 mprj/_31447_/X
 mprj/_31448_/X
 mprj/_31449_/Y
 mprj/_31450_/Y
 mprj/_31451_/X
 mprj/_31452_/Y
 mprj/_31453_/X
 mprj/_31454_/X
 mprj/_31455_/X
 mprj/_31456_/X
 mprj/_31457_/Y
 mprj/_31458_/X
 mprj/_31459_/Y
 mprj/_31460_/Y
 mprj/_31461_/X
 mprj/_31462_/X
 mprj/_31463_/Y
 mprj/_31464_/Y
 mprj/_31465_/Y
 mprj/_31466_/Y
 mprj/_31467_/X
 mprj/_31468_/Y
 mprj/_31469_/Y
 mprj/_31470_/Y
 mprj/_31471_/X
 mprj/_31472_/X
 mprj/_31473_/Y
 mprj/_31474_/Y
 mprj/_31475_/Y
 mprj/_31476_/X
 mprj/_31477_/X
 mprj/_31478_/Y
 mprj/_31479_/Y
 mprj/_31480_/X
 mprj/_31481_/Y
 mprj/_31482_/Y
 mprj/_31483_/Y
 mprj/_31484_/X
 mprj/_31485_/Y
 mprj/_31486_/Y
 mprj/_31487_/X
 mprj/_31488_/X
 mprj/_31489_/X
 mprj/_31490_/X
 mprj/_31491_/Y
 mprj/_31492_/Y
 mprj/_31493_/X
 mprj/_31494_/X
 mprj/_31495_/X
 mprj/_31496_/X
 mprj/_31497_/Y
 mprj/_31498_/X
 mprj/_31499_/Y
 mprj/_31500_/Y
 mprj/_31501_/Y
 mprj/_31502_/Y
 mprj/_31503_/X
 mprj/_31504_/X
 mprj/_31505_/X
 mprj/_31506_/Y
 mprj/_31507_/Y
 mprj/_31508_/Y
 mprj/_31509_/Y
 mprj/_31510_/X
 mprj/_31511_/Y
 mprj/_31512_/Y
 mprj/_31513_/X
 mprj/_31514_/Y
 mprj/_31515_/Y
 mprj/_31516_/Y
 mprj/_31517_/Y
 mprj/_31518_/X
 mprj/_31519_/X
 mprj/_31520_/Y
 mprj/_31521_/X
 mprj/_31522_/X
 mprj/_31523_/Y
 mprj/_31524_/Y
 mprj/_31525_/X
 mprj/_31526_/Y
 mprj/_31527_/Y
 mprj/_31528_/X
 mprj/_31529_/X
 mprj/_31530_/X
 mprj/_31531_/Y
 mprj/_31532_/Y
 mprj/_31533_/X
 mprj/_31534_/X
 mprj/_31535_/X
 mprj/_31536_/Y
 mprj/_31537_/X
 mprj/_31538_/Y
 mprj/_31539_/Y
 mprj/_31540_/Y
 mprj/_31541_/Y
 mprj/_31542_/X
 mprj/_31543_/X
 mprj/_31544_/X
 mprj/_31545_/Y
 mprj/_31546_/Y
 mprj/_31547_/Y
 mprj/_31548_/X
 mprj/_31549_/Y
 mprj/_31550_/Y
 mprj/_31551_/X
 mprj/_31552_/Y
 mprj/_31553_/Y
 mprj/_31554_/Y
 mprj/_31555_/Y
 mprj/_31556_/X
 mprj/_31557_/Y
 mprj/_31558_/X
 mprj/_31559_/Y
 mprj/_31560_/X
 mprj/_31561_/Y
 mprj/_31562_/Y
 mprj/_31563_/Y
 mprj/_31564_/Y
 mprj/_31565_/Y
 mprj/_31566_/Y
 mprj/_31567_/X
 mprj/_31568_/Y
 mprj/_31569_/Y
 mprj/_31570_/Y
 mprj/_31571_/Y
 mprj/_31572_/X
 mprj/_31573_/Y
 mprj/_31574_/Y
 mprj/_31575_/X
 mprj/_31576_/X
 mprj/_31577_/Y
 mprj/_31578_/Y
 mprj/_31579_/Y
 mprj/_31580_/X
 mprj/_31581_/Y
 mprj/_31582_/Y
 mprj/_31583_/Y
 mprj/_31584_/Y
 mprj/_31585_/X
 mprj/_31586_/Y
 mprj/_31587_/X
 mprj/_31588_/Y
 mprj/_31589_/X
 mprj/_31590_/Y
 mprj/_31591_/X
 mprj/_31592_/Y
 mprj/_31593_/X
 mprj/_31594_/X
 mprj/_31595_/Y
 mprj/_31596_/Y
 mprj/_31597_/X
 mprj/_31598_/Y
 mprj/_31599_/X
 mprj/_31600_/Y
 mprj/_31601_/Y
 mprj/_31602_/Y
 mprj/_31603_/X
 mprj/_31604_/X
 mprj/_31605_/X
 mprj/_31606_/X
 mprj/_31607_/Y
 mprj/_31608_/Y
 mprj/_31609_/Y
 mprj/_31610_/Y
 mprj/_31611_/Y
 mprj/_31612_/Y
 mprj/_31613_/X
 mprj/_31614_/X
 mprj/_31615_/Y
 mprj/_31616_/X
 mprj/_31617_/X
 mprj/_31618_/X
 mprj/_31619_/Y
 mprj/_31620_/Y
 mprj/_31621_/X
 mprj/_31622_/Y
 mprj/_31623_/Y
 mprj/_31624_/X
 mprj/_31625_/X
 mprj/_31626_/Y
 mprj/_31627_/Y
 mprj/_31628_/Y
 mprj/_31629_/X
 mprj/_31630_/X
 mprj/_31631_/X
 mprj/_31632_/X
 mprj/_31633_/Y
 mprj/_31634_/Y
 mprj/_31635_/X
 mprj/_31636_/Y
 mprj/_31637_/X
 mprj/_31638_/X
 mprj/_31639_/X
 mprj/_31640_/Y
 mprj/_31641_/X
 mprj/_31642_/X
 mprj/_31643_/Y
 mprj/_31644_/Y
 mprj/_31645_/X
 mprj/_31646_/Y
 mprj/_31647_/Y
 mprj/_31648_/Y
 mprj/_31649_/Y
 mprj/_31650_/Y
 mprj/_31651_/X
 mprj/_31652_/Y
 mprj/_31653_/X
 mprj/_31654_/X
 mprj/_31655_/Y
 mprj/_31656_/X
 mprj/_31657_/X
 mprj/_31658_/Y
 mprj/_31659_/Y
 mprj/_31660_/Y
 mprj/_31661_/X
 mprj/_31662_/Y
 mprj/_31663_/X
 mprj/_31664_/Y
 mprj/_31665_/Y
 mprj/_31666_/Y
 mprj/_31667_/X
 mprj/_31668_/X
 mprj/_31669_/X
 mprj/_31670_/X
 mprj/_31671_/Y
 mprj/_31672_/Y
 mprj/_31673_/X
 mprj/_31674_/X
 mprj/_31675_/X
 mprj/_31676_/X
 mprj/_31677_/Y
 mprj/_31678_/X
 mprj/_31679_/Y
 mprj/_31680_/X
 mprj/_31681_/X
 mprj/_31682_/X
 mprj/_31683_/Y
 mprj/_31684_/X
 mprj/_31685_/Y
 mprj/_31686_/Y
 mprj/_31687_/Y
 mprj/_31688_/X
 mprj/_31689_/Y
 mprj/_31690_/X
 mprj/_31691_/Y
 mprj/_31692_/Y
 mprj/_31693_/X
 mprj/_31694_/X
 mprj/_31695_/Y
 mprj/_31696_/X
 mprj/_31697_/Y
 mprj/_31698_/X
 mprj/_31699_/X
 mprj/_31700_/X
 mprj/_31701_/Y
 mprj/_31702_/X
 mprj/_31703_/Y
 mprj/_31704_/X
 mprj/_31705_/Y
 mprj/_31706_/X
 mprj/_31707_/X
 mprj/_31708_/X
 mprj/_31709_/X
 mprj/_31710_/Y
 mprj/_31711_/X
 mprj/_31712_/X
 mprj/_31713_/Y
 mprj/_31714_/X
 mprj/_31715_/X
 mprj/_31716_/Y
 mprj/_31717_/X
 mprj/_31718_/X
 mprj/_31719_/X
 mprj/_31720_/X
 mprj/_31721_/X
 mprj/_31722_/Y
 mprj/_31723_/Y
 mprj/_31724_/Y
 mprj/_31725_/Y
 mprj/_31726_/Y
 mprj/_31727_/X
 mprj/_31728_/X
 mprj/_31729_/X
 mprj/_31730_/X
 mprj/_31731_/Y
 mprj/_31732_/X
 mprj/_31733_/Y
 mprj/_31734_/X
 mprj/_31735_/X
 mprj/_31736_/X
 mprj/_31737_/Y
 mprj/_31738_/X
 mprj/_31739_/Y
 mprj/_31740_/X
 mprj/_31741_/X
 mprj/_31742_/X
 mprj/_31743_/Y
 mprj/_31744_/X
 mprj/_31745_/X
 mprj/_31746_/X
 mprj/_31747_/Y
 mprj/_31748_/X
 mprj/_31749_/Y
 mprj/_31750_/X
 mprj/_31751_/X
 mprj/_31752_/X
 mprj/_31753_/X
 mprj/_31754_/X
 mprj/_31755_/X
 mprj/_31756_/X
 mprj/_31757_/Y
 mprj/_31758_/Y
 mprj/_31759_/Y
 mprj/_31760_/X
 mprj/_31761_/Y
 mprj/_31762_/X
 mprj/_31763_/Y
 mprj/_31764_/X
 mprj/_31765_/Y
 mprj/_31766_/Y
 mprj/_31767_/Y
 mprj/_31768_/X
 mprj/_31769_/Y
 mprj/_31770_/X
 mprj/_31771_/Y
 mprj/_31772_/X
 mprj/_31773_/Y
 mprj/_31774_/Y
 mprj/_31775_/X
 mprj/_31776_/X
 mprj/_31777_/Y
 mprj/_31778_/X
 mprj/_31779_/Y
 mprj/_31780_/X
 mprj/_31781_/X
 mprj/_31782_/Y
 mprj/_31783_/Y
 mprj/_31784_/X
 mprj/_31785_/Y
 mprj/_31786_/Y
 mprj/_31787_/X
 mprj/_31788_/Y
 mprj/_31789_/X
 mprj/_31790_/Y
 mprj/_31791_/X
 mprj/_31792_/X
 mprj/_31793_/X
 mprj/_31794_/X
 mprj/_31795_/X
 mprj/_31796_/Y
 mprj/_31797_/Y
 mprj/_31798_/Y
 mprj/_31799_/X
 mprj/_31800_/Y
 mprj/_31801_/X
 mprj/_31802_/Y
 mprj/_31803_/Y
 mprj/_31804_/X
 mprj/_31805_/Y
 mprj/_31806_/X
 mprj/_31807_/Y
 mprj/_31808_/X
 mprj/_31809_/Y
 mprj/_31810_/Y
 mprj/_31811_/Y
 mprj/_31812_/X
 mprj/_31813_/Y
 mprj/_31814_/X
 mprj/_31815_/Y
 mprj/_31816_/Y
 mprj/_31817_/X
 mprj/_31818_/Y
 mprj/_31819_/X
 mprj/_31820_/Y
 mprj/_31821_/X
 mprj/_31822_/Y
 mprj/_31823_/X
 mprj/_31824_/X
 mprj/_31825_/X
 mprj/_31826_/X
 mprj/_31827_/X
 mprj/_31828_/X
 mprj/_31829_/X
 mprj/_31830_/X
 mprj/_31831_/X
 mprj/_31832_/X
 mprj/_31833_/X
 mprj/_31834_/X
 mprj/_31835_/X
 mprj/_31836_/X
 mprj/_31837_/X
 mprj/_31838_/X
 mprj/_31839_/X
 mprj/_31840_/X
 mprj/_31841_/X
 mprj/_31842_/X
 mprj/_31843_/X
 mprj/_31844_/X
 mprj/_31845_/X
 mprj/_31846_/X
 mprj/_31847_/X
 mprj/_31848_/X
 mprj/_31849_/X
 mprj/_31850_/X
 mprj/_31851_/X
 mprj/_31852_/X
 mprj/_31853_/X
 mprj/_31854_/X
 mprj/_31855_/X
 mprj/_31856_/X
 mprj/_31857_/X
 mprj/_31858_/X
 mprj/_31859_/X
 mprj/_31860_/X
 mprj/_31861_/X
 mprj/_31862_/X
 mprj/_31863_/X
 mprj/_31864_/X
 mprj/_31865_/X
 mprj/_31866_/X
 mprj/_31867_/X
 mprj/_31868_/X
 mprj/_31869_/X
 mprj/_31870_/X
 mprj/_31871_/X
 mprj/_31872_/X
 mprj/_31873_/X
 mprj/_31874_/X
 mprj/_31875_/X
 mprj/_31876_/X
 mprj/_31877_/X
 mprj/_31878_/X
 mprj/_31879_/X
 mprj/_31880_/X
 mprj/_31881_/X
 mprj/_31882_/X
 mprj/_31883_/X
 mprj/_31884_/X
 mprj/_31885_/X
 mprj/_31886_/X
 mprj/_31887_/X
 mprj/_31888_/X
 mprj/_31889_/X
 mprj/_31890_/X
 mprj/_31891_/Y
 mprj/_31892_/Y
 mprj/_31893_/Y
 mprj/_31894_/X
 mprj/_31895_/Y
 mprj/_31896_/X
 mprj/_31897_/X
 mprj/_31898_/X
 mprj/_31899_/X
 mprj/_31900_/Y
 mprj/_31901_/Y
 mprj/_31902_/X
 mprj/_31903_/Y
 mprj/_31904_/X
 mprj/_31905_/X
 mprj/_31906_/X
 mprj/_31907_/X
 mprj/_31908_/Y
 mprj/_31909_/X
 mprj/_31910_/X
 mprj/_31911_/Y
 mprj/_31912_/Y
 mprj/_31913_/Y
 mprj/_31914_/Y
 mprj/_31915_/X
 mprj/_31916_/X
 mprj/_31917_/Y
 mprj/_31918_/X
 mprj/_31919_/Y
 mprj/_31920_/Y
 mprj/_31921_/X
 mprj/_31922_/Y
 mprj/_31923_/X
 mprj/_31924_/Y
 mprj/_31925_/X
 mprj/_31926_/X
 mprj/_31927_/X
 mprj/_31928_/X
 mprj/_31929_/Y
 mprj/_31930_/Y
 mprj/_31931_/X
 mprj/_31932_/Y
 mprj/_31933_/X
 mprj/_31934_/X
 mprj/_31935_/Y
 mprj/_31936_/Y
 mprj/_31937_/X
 mprj/_31938_/Y
 mprj/_31939_/X
 mprj/_31940_/X
 mprj/_31941_/Y
 mprj/_31942_/X
 mprj/_31943_/Y
 mprj/_31944_/Y
 mprj/_31945_/X
 mprj/_31946_/Y
 mprj/_31947_/X
 mprj/_31948_/Y
 mprj/_31949_/X
 mprj/_31950_/X
 mprj/_31951_/X
 mprj/_31952_/X
 mprj/_31953_/X
 mprj/_31954_/Y
 mprj/_31955_/Y
 mprj/_31956_/X
 mprj/_31957_/X
 mprj/_31958_/Y
 mprj/_31959_/X
 mprj/_31960_/Y
 mprj/_31961_/Y
 mprj/_31962_/X
 mprj/_31963_/Y
 mprj/_31964_/X
 mprj/_31965_/Y
 mprj/_31966_/Y
 mprj/_31967_/Y
 mprj/_31968_/X
 mprj/_31969_/Y
 mprj/_31970_/X
 mprj/_31971_/Y
 mprj/_31972_/X
 mprj/_31973_/Y
 mprj/_31974_/Y
 mprj/_31975_/Y
 mprj/_31976_/X
 mprj/_31977_/Y
 mprj/_31978_/Y
 mprj/_31979_/Y
 mprj/_31980_/Y
 mprj/_31981_/Y
 mprj/_31982_/X
 mprj/_31983_/X
 mprj/_31984_/Y
 mprj/_31985_/X
 mprj/_31986_/Y
 mprj/_31987_/Y
 mprj/_31988_/Y
 mprj/_31989_/X
 mprj/_31990_/Y
 mprj/_31991_/Y
 mprj/_31992_/Y
 mprj/_31993_/Y
 mprj/_31994_/X
 mprj/_31995_/X
 mprj/_31996_/Y
 mprj/_31997_/X
 mprj/_31998_/Y
 mprj/_31999_/Y
 mprj/_32000_/Y
 mprj/_32001_/X
 mprj/_32002_/Y
 mprj/_32003_/Y
 mprj/_32004_/Y
 mprj/_32005_/X
 mprj/_32006_/Y
 mprj/_32007_/X
 mprj/_32008_/X
 mprj/_32009_/X
 mprj/_32010_/Y
 mprj/_32011_/Y
 mprj/_32012_/X
 mprj/_32013_/X
 mprj/_32014_/Y
 mprj/_32015_/X
 mprj/_32016_/Y
 mprj/_32017_/X
 mprj/_32018_/X
 mprj/_32019_/Y
 mprj/_32020_/X
 mprj/_32021_/X
 mprj/_32022_/X
 mprj/_32023_/Y
 mprj/_32024_/Y
 mprj/_32025_/Y
 mprj/_32026_/X
 mprj/_32027_/X
 mprj/_32028_/Y
 mprj/_32029_/X
 mprj/_32030_/Y
 mprj/_32031_/X
 mprj/_32032_/Y
 mprj/_32033_/Y
 mprj/_32034_/X
 mprj/_32035_/Y
 mprj/_32036_/X
 mprj/_32037_/X
 mprj/_32038_/Y
 mprj/_32039_/X
 mprj/_32040_/X
 mprj/_32041_/X
 mprj/_32042_/X
 mprj/_32043_/X
 mprj/_32044_/X
 mprj/_32045_/Y
 mprj/_32046_/Y
 mprj/_32047_/X
 mprj/_32048_/X
 mprj/_32049_/X
 mprj/_32050_/Y
 mprj/_32051_/X
 mprj/_32052_/Y
 mprj/_32053_/X
 mprj/_32054_/Y
 mprj/_32055_/X
 mprj/_32056_/X
 mprj/_32057_/Y
 mprj/_32058_/Y
 mprj/_32059_/X
 mprj/_32060_/Y
 mprj/_32061_/X
 mprj/_32062_/X
 mprj/_32063_/Y
 mprj/_32064_/Y
 mprj/_32065_/X
 mprj/_32066_/Y
 mprj/_32067_/X
 mprj/_32068_/Y
 mprj/_32069_/X
 mprj/_32070_/Y
 mprj/_32071_/Y
 mprj/_32072_/X
 mprj/_32073_/X
 mprj/_32074_/X
 mprj/_32075_/X
 mprj/_32076_/Y
 mprj/_32077_/X
 mprj/_32078_/Y
 mprj/_32079_/Y
 mprj/_32080_/Y
 mprj/_32081_/Y
 mprj/_32082_/X
 mprj/_32083_/X
 mprj/_32084_/Y
 mprj/_32085_/X
 mprj/_32086_/Y
 mprj/_32087_/Y
 mprj/_32088_/Y
 mprj/_32089_/X
 mprj/_32090_/Y
 mprj/_32091_/Y
 mprj/_32092_/Y
 mprj/_32093_/X
 mprj/_32094_/Y
 mprj/_32095_/X
 mprj/_32096_/X
 mprj/_32097_/Y
 mprj/_32098_/Y
 mprj/_32099_/Y
 mprj/_32100_/X
 mprj/_32101_/X
 mprj/_32102_/X
 mprj/_32103_/Y
 mprj/_32104_/Y
 mprj/_32105_/Y
 mprj/_32106_/X
 mprj/_32107_/Y
 mprj/_32108_/X
 mprj/_32109_/X
 mprj/_32110_/Y
 mprj/_32111_/X
 mprj/_32112_/Y
 mprj/_32113_/Y
 mprj/_32114_/Y
 mprj/_32115_/Y
 mprj/_32116_/X
 mprj/_32117_/X
 mprj/_32118_/Y
 mprj/_32119_/Y
 mprj/_32120_/X
 mprj/_32121_/X
 mprj/_32122_/X
 mprj/_32123_/X
 mprj/_32124_/Y
 mprj/_32125_/X
 mprj/_32126_/Y
 mprj/_32127_/X
 mprj/_32128_/X
 mprj/_32129_/Y
 mprj/_32130_/X
 mprj/_32131_/X
 mprj/_32132_/Y
 mprj/_32133_/X
 mprj/_32134_/X
 mprj/_32135_/Y
 mprj/_32136_/Y
 mprj/_32137_/X
 mprj/_32138_/Y
 mprj/_32139_/Y
 mprj/_32140_/X
 mprj/_32141_/X
 mprj/_32142_/X
 mprj/_32143_/X
 mprj/_32144_/X
 mprj/_32145_/X
 mprj/_32146_/X
 mprj/_32147_/X
 mprj/_32148_/X
 mprj/_32149_/X
 mprj/_32150_/X
 mprj/_32151_/X
 mprj/_32152_/X
 mprj/_32153_/X
 mprj/_32154_/X
 mprj/_32155_/X
 mprj/_32156_/X
 mprj/_32157_/X
 mprj/_32158_/X
 mprj/_32159_/X
 mprj/_32160_/X
 mprj/_32161_/X
 mprj/_32162_/X
 mprj/_32163_/X
 mprj/_32164_/X
 mprj/_32165_/X
 mprj/_32166_/X
 mprj/_32167_/X
 mprj/_32168_/X
 mprj/_32169_/X
 mprj/_32170_/X
 mprj/_32171_/X
 mprj/_32172_/X
 mprj/_32173_/X
 mprj/_32174_/X
 mprj/_32175_/Y
 mprj/_32176_/X
 mprj/_32177_/X
 mprj/_32178_/X
 mprj/_32179_/X
 mprj/_32180_/X
 mprj/_32181_/X
 mprj/_32182_/X
 mprj/_32183_/X
 mprj/_32184_/X
 mprj/_32185_/X
 mprj/_32186_/Y
 mprj/_32187_/X
 mprj/_32188_/Y
 mprj/_32189_/X
 mprj/_32190_/Y
 mprj/_32191_/X
 mprj/_32192_/Y
 mprj/_32193_/X
 mprj/_32194_/Y
 mprj/_32195_/X
 mprj/_32196_/Y
 mprj/_32197_/X
 mprj/_32198_/Y
 mprj/_32199_/X
 mprj/_32200_/Y
 mprj/_32201_/X
 mprj/_32202_/Y
 mprj/_32203_/X
 mprj/_32204_/Y
 mprj/_32205_/X
 mprj/_32206_/Y
 mprj/_32207_/X
 mprj/_32208_/Y
 mprj/_32209_/X
 mprj/_32210_/Y
 mprj/_32211_/X
 mprj/_32212_/Y
 mprj/_32213_/X
 mprj/_32214_/X
 mprj/_32215_/Y
 mprj/_32216_/Y
 mprj/_32217_/Y
 mprj/_32218_/X
 mprj/_32219_/X
 mprj/_32220_/Y
 mprj/_32221_/X
 mprj/_32222_/X
 mprj/_32223_/X
 mprj/_32224_/Y
 mprj/_32225_/Y
 mprj/_32226_/X
 mprj/_32227_/Y
 mprj/_32228_/X
 mprj/_32229_/X
 mprj/_32230_/X
 mprj/_32231_/Y
 mprj/_32232_/Y
 mprj/_32233_/X
 mprj/_32234_/Y
 mprj/_32235_/X
 mprj/_32236_/Y
 mprj/_32237_/X
 mprj/_32238_/Y
 mprj/_32239_/X
 mprj/_32240_/Y
 mprj/_32241_/X
 mprj/_32242_/Y
 mprj/_32243_/Y
 mprj/_32244_/X
 mprj/_32245_/Y
 mprj/_32246_/Y
 mprj/_32247_/X
 mprj/_32248_/Y
 mprj/_32249_/X
 mprj/_32250_/Y
 mprj/_32251_/X
 mprj/_32252_/X
 mprj/_32253_/X
 mprj/_32254_/X
 mprj/_32255_/Y
 mprj/_32256_/Y
 mprj/_32257_/X
 mprj/_32258_/Y
 mprj/_32259_/X
 mprj/_32260_/X
 mprj/_32261_/Y
 mprj/_32262_/Y
 mprj/_32263_/X
 mprj/_32264_/Y
 mprj/_32265_/X
 mprj/_32266_/X
 mprj/_32267_/X
 mprj/_32268_/Y
 mprj/_32269_/Y
 mprj/_32270_/X
 mprj/_32271_/X
 mprj/_32272_/Y
 mprj/_32273_/X
 mprj/_32274_/Y
 mprj/_32275_/Y
 mprj/_32276_/X
 mprj/_32277_/Y
 mprj/_32278_/X
 mprj/_32279_/Y
 mprj/_32280_/X
 mprj/_32281_/Y
 mprj/_32282_/Y
 mprj/_32283_/X
 mprj/_32284_/X
 mprj/_32285_/Y
 mprj/_32286_/X
 mprj/_32287_/Y
 mprj/_32288_/Y
 mprj/_32289_/X
 mprj/_32290_/Y
 mprj/_32291_/X
 mprj/_32292_/Y
 mprj/_32293_/X
 mprj/_32294_/Y
 mprj/_32295_/Y
 mprj/_32296_/X
 mprj/_32297_/X
 mprj/_32298_/Y
 mprj/_32299_/X
 mprj/_32300_/Y
 mprj/_32301_/Y
 mprj/_32302_/X
 mprj/_32303_/Y
 mprj/_32304_/X
 mprj/_32305_/Y
 mprj/_32306_/Y
 mprj/_32307_/X
 mprj/_32308_/Y
 mprj/_32309_/X
 mprj/_32310_/X
 mprj/_32311_/Y
 mprj/_32312_/X
 mprj/_32313_/Y
 mprj/_32314_/Y
 mprj/_32315_/Y
 mprj/_32316_/X
 mprj/_32317_/Y
 mprj/_32318_/Y
 mprj/_32319_/X
 mprj/_32320_/Y
 mprj/_32321_/X
 mprj/_32322_/X
 mprj/_32323_/X
 mprj/_32324_/Y
 mprj/_32325_/X
 mprj/_32326_/Y
 mprj/_32327_/Y
 mprj/_32328_/Y
 mprj/_32329_/X
 mprj/_32330_/Y
 mprj/_32331_/Y
 mprj/_32332_/X
 mprj/_32333_/Y
 mprj/_32334_/X
 mprj/_32335_/X
 mprj/_32336_/Y
 mprj/_32337_/X
 mprj/_32338_/Y
 mprj/_32339_/Y
 mprj/_32340_/Y
 mprj/_32341_/X
 mprj/_32342_/Y
 mprj/_32343_/Y
 mprj/_32344_/X
 mprj/_32345_/Y
 mprj/_32346_/X
 mprj/_32347_/X
 mprj/_32348_/Y
 mprj/_32349_/X
 mprj/_32350_/Y
 mprj/_32351_/Y
 mprj/_32352_/Y
 mprj/_32353_/X
 mprj/_32354_/Y
 mprj/_32355_/Y
 mprj/_32356_/X
 mprj/_32357_/Y
 mprj/_32358_/X
 mprj/_32359_/X
 mprj/_32360_/X
 mprj/_32361_/Y
 mprj/_32362_/X
 mprj/_32363_/Y
 mprj/_32364_/Y
 mprj/_32365_/Y
 mprj/_32366_/X
 mprj/_32367_/Y
 mprj/_32368_/Y
 mprj/_32369_/Y
 mprj/_32370_/X
 mprj/_32371_/Y
 mprj/_32372_/X
 mprj/_32373_/Y
 mprj/_32374_/X
 mprj/_32375_/Y
 mprj/_32376_/Y
 mprj/_32377_/Y
 mprj/_32378_/X
 mprj/_32379_/X
 mprj/_32380_/Y
 mprj/_32381_/X
 mprj/_32382_/Y
 mprj/_32383_/X
 mprj/_32384_/X
 mprj/_32385_/X
 mprj/_32386_/X
 mprj/_32387_/X
 mprj/_32388_/X
 mprj/_32389_/X
 mprj/_32390_/X
 mprj/_32391_/X
 mprj/_32392_/X
 mprj/_32393_/X
 mprj/_32394_/X
 mprj/_32395_/X
 mprj/_32396_/X
 mprj/_32397_/X
 mprj/_32398_/X
 mprj/_32399_/X
 mprj/_32400_/X
 mprj/_32401_/X
 mprj/_32402_/Y
 mprj/_32403_/X
 mprj/_32404_/X
 mprj/_32405_/X
 mprj/_32406_/X
 mprj/_32407_/X
 mprj/_32408_/X
 mprj/_32409_/X
 mprj/_32410_/X
 mprj/_32411_/X
 mprj/_32412_/X
 mprj/_32413_/X
 mprj/_32414_/X
 mprj/_32415_/X
 mprj/_32416_/X
 mprj/_32417_/X
 mprj/_32418_/X
 mprj/_32419_/X
 mprj/_32420_/X
 mprj/_32421_/X
 mprj/_32422_/Y
 mprj/_32423_/X
 mprj/_32424_/X
 mprj/_32425_/X
 mprj/_32426_/X
 mprj/_32427_/X
 mprj/_32428_/X
 mprj/_32429_/X
 mprj/_32430_/X
 mprj/_32431_/X
 mprj/_32432_/X
 mprj/_32433_/X
 mprj/_32434_/X
 mprj/_32435_/X
 mprj/_32436_/X
 mprj/_32437_/X
 mprj/_32438_/X
 mprj/_32439_/X
 mprj/_32440_/Y
 mprj/_32441_/X
 mprj/_32442_/X
 mprj/_32443_/X
 mprj/_32444_/X
 mprj/_32445_/X
 mprj/_32446_/X
 mprj/_32447_/X
 mprj/_32448_/X
 mprj/_32449_/X
 mprj/_32450_/X
 mprj/_32451_/X
 mprj/_32452_/X
 mprj/_32453_/X
 mprj/_32454_/X
 mprj/_32455_/X
 mprj/_32456_/X
 mprj/_32457_/X
 mprj/_32458_/X
 mprj/_32459_/X
 mprj/_32460_/X
 mprj/_32461_/X
 mprj/_32462_/X
 mprj/_32463_/X
 mprj/_32464_/X
 mprj/_32465_/X
 mprj/_32466_/X
 mprj/_32467_/X
 mprj/_32468_/X
 mprj/_32469_/X
 mprj/_32470_/X
 mprj/_32471_/X
 mprj/_32472_/X
 mprj/_32473_/X
 mprj/_32474_/X
 mprj/_32475_/Y
 mprj/_32476_/X
 mprj/_32477_/Y
 mprj/_32478_/X
 mprj/_32479_/X
 mprj/_32480_/X
 mprj/_32481_/X
 mprj/_32482_/X
 mprj/_32483_/X
 mprj/_32484_/X
 mprj/_32485_/X
 mprj/_32486_/X
 mprj/_32487_/X
 mprj/_32488_/X
 mprj/_32489_/X
 mprj/_32490_/X
 mprj/_32491_/X
 mprj/_32492_/X
 mprj/_32493_/X
 mprj/_32494_/X
 mprj/_32495_/Y
 mprj/_32496_/X
 mprj/_32497_/X
 mprj/_32498_/X
 mprj/_32499_/X
 mprj/_32500_/X
 mprj/_32501_/X
 mprj/_32502_/X
 mprj/_32503_/X
 mprj/_32504_/X
 mprj/_32505_/X
 mprj/_32506_/X
 mprj/_32507_/X
 mprj/_32508_/X
 mprj/_32509_/X
 mprj/_32510_/X
 mprj/_32511_/X
 mprj/_32512_/X
 mprj/_32513_/Y
 mprj/_32514_/X
 mprj/_32515_/X
 mprj/_32516_/X
 mprj/_32517_/X
 mprj/_32518_/X
 mprj/_32519_/X
 mprj/_32520_/X
 mprj/_32521_/X
 mprj/_32522_/X
 mprj/_32523_/X
 mprj/_32524_/X
 mprj/_32525_/X
 mprj/_32526_/X
 mprj/_32527_/X
 mprj/_32528_/X
 mprj/_32529_/X
 mprj/_32530_/X
 mprj/_32531_/X
 mprj/_32532_/X
 mprj/_32533_/X
 mprj/_32534_/X
 mprj/_32535_/X
 mprj/_32536_/X
 mprj/_32537_/X
 mprj/_32538_/X
 mprj/_32539_/X
 mprj/_32540_/X
 mprj/_32541_/X
 mprj/_32542_/X
 mprj/_32543_/X
 mprj/_32544_/X
 mprj/_32545_/X
 mprj/_32546_/X
 mprj/_32547_/X
 mprj/_32548_/X
 mprj/_32549_/X
 mprj/_32550_/X
 mprj/_32551_/X
 mprj/_32552_/X
 mprj/_32553_/X
 mprj/_32554_/X
 mprj/_32555_/X
 mprj/_32556_/X
 mprj/_32557_/X
 mprj/_32558_/X
 mprj/_32559_/X
 mprj/_32560_/X
 mprj/_32561_/X
 mprj/_32562_/X
 mprj/_32563_/X
 mprj/_32564_/X
 mprj/_32565_/X
 mprj/_32566_/X
 mprj/_32567_/Y
 mprj/_32568_/X
 mprj/_32569_/X
 mprj/_32570_/X
 mprj/_32571_/X
 mprj/_32572_/X
 mprj/_32573_/X
 mprj/_32574_/X
 mprj/_32575_/X
 mprj/_32576_/X
 mprj/_32577_/X
 mprj/_32578_/X
 mprj/_32579_/X
 mprj/_32580_/X
 mprj/_32581_/X
 mprj/_32582_/X
 mprj/_32583_/X
 mprj/_32584_/X
 mprj/_32585_/Y
 mprj/_32586_/X
 mprj/_32587_/X
 mprj/_32588_/X
 mprj/_32589_/X
 mprj/_32590_/X
 mprj/_32591_/X
 mprj/_32592_/X
 mprj/_32593_/X
 mprj/_32594_/X
 mprj/_32595_/X
 mprj/_32596_/X
 mprj/_32597_/X
 mprj/_32598_/X
 mprj/_32599_/X
 mprj/_32600_/X
 mprj/_32601_/X
 mprj/_32602_/X
 mprj/_32603_/Y
 mprj/_32604_/X
 mprj/_32605_/X
 mprj/_32606_/X
 mprj/_32607_/X
 mprj/_32608_/X
 mprj/_32609_/X
 mprj/_32610_/X
 mprj/_32611_/X
 mprj/_32612_/X
 mprj/_32613_/X
 mprj/_32614_/X
 mprj/_32615_/X
 mprj/_32616_/X
 mprj/_32617_/X
 mprj/_32618_/X
 mprj/_32619_/X
 mprj/_32620_/X
 mprj/_32621_/X
 mprj/_32622_/X
 mprj/_32623_/X
 mprj/_32624_/X
 mprj/_32625_/X
 mprj/_32626_/X
 mprj/_32627_/X
 mprj/_32628_/X
 mprj/_32629_/X
 mprj/_32630_/X
 mprj/_32631_/X
 mprj/_32632_/X
 mprj/_32633_/X
 mprj/_32634_/X
 mprj/_32635_/X
 mprj/_32636_/X
 mprj/_32637_/X
 mprj/_32638_/Y
 mprj/_32639_/X
 mprj/_32640_/X
 mprj/_32641_/X
 mprj/_32642_/X
 mprj/_32643_/X
 mprj/_32644_/X
 mprj/_32645_/X
 mprj/_32646_/X
 mprj/_32647_/X
 mprj/_32648_/X
 mprj/_32649_/X
 mprj/_32650_/X
 mprj/_32651_/X
 mprj/_32652_/X
 mprj/_32653_/X
 mprj/_32654_/X
 mprj/_32655_/X
 mprj/_32656_/X
 mprj/_32657_/X
 mprj/_32658_/X
 mprj/_32659_/X
 mprj/_32660_/X
 mprj/_32661_/X
 mprj/_32662_/X
 mprj/_32663_/X
 mprj/_32664_/X
 mprj/_32665_/X
 mprj/_32666_/X
 mprj/_32667_/X
 mprj/_32668_/X
 mprj/_32669_/X
 mprj/_32670_/X
 mprj/_32671_/X
 mprj/_32672_/X
 mprj/_32673_/X
 mprj/_32674_/Y
 mprj/_32675_/X
 mprj/_32676_/X
 mprj/_32677_/X
 mprj/_32678_/X
 mprj/_32679_/X
 mprj/_32680_/X
 mprj/_32681_/X
 mprj/_32682_/X
 mprj/_32683_/X
 mprj/_32684_/X
 mprj/_32685_/X
 mprj/_32686_/X
 mprj/_32687_/X
 mprj/_32688_/X
 mprj/_32689_/X
 mprj/_32690_/X
 mprj/_32691_/X
 mprj/_32692_/Y
 mprj/_32693_/X
 mprj/_32694_/X
 mprj/_32695_/X
 mprj/_32696_/X
 mprj/_32697_/X
 mprj/_32698_/X
 mprj/_32699_/X
 mprj/_32700_/X
 mprj/_32701_/X
 mprj/_32702_/X
 mprj/_32703_/X
 mprj/_32704_/X
 mprj/_32705_/X
 mprj/_32706_/X
 mprj/_32707_/X
 mprj/_32708_/X
 mprj/_32709_/X
 mprj/_32710_/X
 mprj/_32711_/X
 mprj/_32712_/X
 mprj/_32713_/X
 mprj/_32714_/X
 mprj/_32715_/X
 mprj/_32716_/X
 mprj/_32717_/X
 mprj/_32718_/X
 mprj/_32719_/X
 mprj/_32720_/X
 mprj/_32721_/X
 mprj/_32722_/X
 mprj/_32723_/X
 mprj/_32724_/X
 mprj/_32725_/X
 mprj/_32726_/Y
 mprj/_32727_/X
 mprj/_32728_/X
 mprj/_32729_/X
 mprj/_32730_/X
 mprj/_32731_/X
 mprj/_32732_/X
 mprj/_32733_/X
 mprj/_32734_/X
 mprj/_32735_/X
 mprj/_32736_/X
 mprj/_32737_/X
 mprj/_32738_/X
 mprj/_32739_/X
 mprj/_32740_/X
 mprj/_32741_/X
 mprj/_32742_/X
 mprj/_32743_/Y
 mprj/_32744_/X
 mprj/_32745_/X
 mprj/_32746_/X
 mprj/_32747_/X
 mprj/_32748_/X
 mprj/_32749_/X
 mprj/_32750_/X
 mprj/_32751_/X
 mprj/_32752_/X
 mprj/_32753_/X
 mprj/_32754_/X
 mprj/_32755_/X
 mprj/_32756_/X
 mprj/_32757_/X
 mprj/_32758_/X
 mprj/_32759_/X
 mprj/_32760_/Y
 mprj/_32761_/X
 mprj/_32762_/X
 mprj/_32763_/X
 mprj/_32764_/X
 mprj/_32765_/X
 mprj/_32766_/X
 mprj/_32767_/X
 mprj/_32768_/X
 mprj/_32769_/X
 mprj/_32770_/X
 mprj/_32771_/X
 mprj/_32772_/X
 mprj/_32773_/X
 mprj/_32774_/X
 mprj/_32775_/X
 mprj/_32776_/X
 mprj/_32777_/Y
 mprj/_32778_/X
 mprj/_32779_/X
 mprj/_32780_/X
 mprj/_32781_/X
 mprj/_32782_/X
 mprj/_32783_/X
 mprj/_32784_/X
 mprj/_32785_/X
 mprj/_32786_/X
 mprj/_32787_/X
 mprj/_32788_/X
 mprj/_32789_/X
 mprj/_32790_/X
 mprj/_32791_/X
 mprj/_32792_/X
 mprj/_32793_/X
 mprj/_32794_/X
 mprj/_32795_/X
 mprj/_32796_/X
 mprj/_32797_/X
 mprj/_32798_/X
 mprj/_32799_/X
 mprj/_32800_/X
 mprj/_32801_/X
 mprj/_32802_/X
 mprj/_32803_/X
 mprj/_32804_/X
 mprj/_32805_/X
 mprj/_32806_/X
 mprj/_32807_/X
 mprj/_32808_/X
 mprj/_32809_/X
 mprj/_32810_/Y
 mprj/_32811_/X
 mprj/_32812_/X
 mprj/_32813_/X
 mprj/_32814_/X
 mprj/_32815_/X
 mprj/_32816_/X
 mprj/_32817_/X
 mprj/_32818_/X
 mprj/_32819_/X
 mprj/_32820_/X
 mprj/_32821_/X
 mprj/_32822_/X
 mprj/_32823_/X
 mprj/_32824_/X
 mprj/_32825_/X
 mprj/_32826_/X
 mprj/_32827_/Y
 mprj/_32828_/X
 mprj/_32829_/X
 mprj/_32830_/X
 mprj/_32831_/X
 mprj/_32832_/X
 mprj/_32833_/X
 mprj/_32834_/X
 mprj/_32835_/X
 mprj/_32836_/X
 mprj/_32837_/X
 mprj/_32838_/X
 mprj/_32839_/X
 mprj/_32840_/X
 mprj/_32841_/X
 mprj/_32842_/X
 mprj/_32843_/X
 mprj/_32844_/Y
 mprj/_32845_/X
 mprj/_32846_/X
 mprj/_32847_/X
 mprj/_32848_/X
 mprj/_32849_/X
 mprj/_32850_/X
 mprj/_32851_/X
 mprj/_32852_/X
 mprj/_32853_/X
 mprj/_32854_/X
 mprj/_32855_/X
 mprj/_32856_/X
 mprj/_32857_/X
 mprj/_32858_/X
 mprj/_32859_/X
 mprj/_32860_/X
 mprj/_32861_/Y
 mprj/_32862_/X
 mprj/_32863_/X
 mprj/_32864_/X
 mprj/_32865_/X
 mprj/_32866_/X
 mprj/_32867_/X
 mprj/_32868_/X
 mprj/_32869_/X
 mprj/_32870_/X
 mprj/_32871_/X
 mprj/_32872_/X
 mprj/_32873_/X
 mprj/_32874_/X
 mprj/_32875_/X
 mprj/_32876_/X
 mprj/_32877_/X
 mprj/_32878_/Y
 mprj/_32879_/X
 mprj/_32880_/X
 mprj/_32881_/X
 mprj/_32882_/X
 mprj/_32883_/X
 mprj/_32884_/X
 mprj/_32885_/X
 mprj/_32886_/X
 mprj/_32887_/X
 mprj/_32888_/X
 mprj/_32889_/X
 mprj/_32890_/X
 mprj/_32891_/X
 mprj/_32892_/X
 mprj/_32893_/X
 mprj/_32894_/X
 mprj/_32895_/Y
 mprj/_32896_/X
 mprj/_32897_/X
 mprj/_32898_/X
 mprj/_32899_/X
 mprj/_32900_/X
 mprj/_32901_/X
 mprj/_32902_/X
 mprj/_32903_/X
 mprj/_32904_/X
 mprj/_32905_/X
 mprj/_32906_/X
 mprj/_32907_/X
 mprj/_32908_/X
 mprj/_32909_/X
 mprj/_32910_/X
 mprj/_32911_/X
 mprj/_32912_/Y
 mprj/_32913_/X
 mprj/_32914_/X
 mprj/_32915_/X
 mprj/_32916_/X
 mprj/_32917_/X
 mprj/_32918_/X
 mprj/_32919_/X
 mprj/_32920_/X
 mprj/_32921_/X
 mprj/_32922_/X
 mprj/_32923_/X
 mprj/_32924_/X
 mprj/_32925_/X
 mprj/_32926_/X
 mprj/_32927_/X
 mprj/_32928_/X
 mprj/_32929_/Y
 mprj/_32930_/X
 mprj/_32931_/X
 mprj/_32932_/X
 mprj/_32933_/X
 mprj/_32934_/X
 mprj/_32935_/X
 mprj/_32936_/X
 mprj/_32937_/X
 mprj/_32938_/X
 mprj/_32939_/X
 mprj/_32940_/X
 mprj/_32941_/X
 mprj/_32942_/X
 mprj/_32943_/X
 mprj/_32944_/X
 mprj/_32945_/X
 mprj/_32946_/Y
 mprj/_32947_/X
 mprj/_32948_/X
 mprj/_32949_/X
 mprj/_32950_/X
 mprj/_32951_/X
 mprj/_32952_/X
 mprj/_32953_/X
 mprj/_32954_/X
 mprj/_32955_/X
 mprj/_32956_/X
 mprj/_32957_/X
 mprj/_32958_/X
 mprj/_32959_/X
 mprj/_32960_/X
 mprj/_32961_/X
 mprj/_32962_/X
 mprj/_32963_/Y
 mprj/_32964_/X
 mprj/_32965_/X
 mprj/_32966_/X
 mprj/_32967_/X
 mprj/_32968_/X
 mprj/_32969_/X
 mprj/_32970_/X
 mprj/_32971_/X
 mprj/_32972_/X
 mprj/_32973_/X
 mprj/_32974_/X
 mprj/_32975_/X
 mprj/_32976_/X
 mprj/_32977_/X
 mprj/_32978_/X
 mprj/_32979_/X
 mprj/_32980_/Y
 mprj/_32981_/X
 mprj/_32982_/X
 mprj/_32983_/X
 mprj/_32984_/X
 mprj/_32985_/X
 mprj/_32986_/X
 mprj/_32987_/X
 mprj/_32988_/X
 mprj/_32989_/X
 mprj/_32990_/X
 mprj/_32991_/X
 mprj/_32992_/X
 mprj/_32993_/X
 mprj/_32994_/X
 mprj/_32995_/X
 mprj/_32996_/X
 mprj/_32997_/Y
 mprj/_32998_/X
 mprj/_32999_/X
 mprj/_33000_/X
 mprj/_33001_/X
 mprj/_33002_/X
 mprj/_33003_/X
 mprj/_33004_/X
 mprj/_33005_/X
 mprj/_33006_/X
 mprj/_33007_/X
 mprj/_33008_/X
 mprj/_33009_/X
 mprj/_33010_/X
 mprj/_33011_/X
 mprj/_33012_/X
 mprj/_33013_/X
 mprj/_33014_/Y
 mprj/_33015_/X
 mprj/_33016_/X
 mprj/_33017_/X
 mprj/_33018_/X
 mprj/_33019_/X
 mprj/_33020_/X
 mprj/_33021_/X
 mprj/_33022_/X
 mprj/_33023_/X
 mprj/_33024_/X
 mprj/_33025_/X
 mprj/_33026_/X
 mprj/_33027_/X
 mprj/_33028_/X
 mprj/_33029_/X
 mprj/_33030_/X
 mprj/_33031_/Y
 mprj/_33032_/X
 mprj/_33033_/X
 mprj/_33034_/X
 mprj/_33035_/X
 mprj/_33036_/X
 mprj/_33037_/X
 mprj/_33038_/X
 mprj/_33039_/X
 mprj/_33040_/X
 mprj/_33041_/X
 mprj/_33042_/X
 mprj/_33043_/X
 mprj/_33044_/X
 mprj/_33045_/X
 mprj/_33046_/X
 mprj/_33047_/X
 mprj/_33048_/Y
 mprj/_33049_/X
 mprj/_33050_/X
 mprj/_33051_/X
 mprj/_33052_/X
 mprj/_33053_/X
 mprj/_33054_/X
 mprj/_33055_/X
 mprj/_33056_/X
 mprj/_33057_/X
 mprj/_33058_/X
 mprj/_33059_/X
 mprj/_33060_/X
 mprj/_33061_/X
 mprj/_33062_/X
 mprj/_33063_/X
 mprj/_33064_/X
 mprj/_33065_/Y
 mprj/_33066_/X
 mprj/_33067_/X
 mprj/_33068_/X
 mprj/_33069_/X
 mprj/_33070_/X
 mprj/_33071_/X
 mprj/_33072_/X
 mprj/_33073_/X
 mprj/_33074_/X
 mprj/_33075_/X
 mprj/_33076_/X
 mprj/_33077_/X
 mprj/_33078_/X
 mprj/_33079_/X
 mprj/_33080_/X
 mprj/_33081_/X
 mprj/_33082_/Y
 mprj/_33083_/X
 mprj/_33084_/X
 mprj/_33085_/X
 mprj/_33086_/X
 mprj/_33087_/X
 mprj/_33088_/X
 mprj/_33089_/X
 mprj/_33090_/X
 mprj/_33091_/X
 mprj/_33092_/X
 mprj/_33093_/X
 mprj/_33094_/X
 mprj/_33095_/X
 mprj/_33096_/X
 mprj/_33097_/X
 mprj/_33098_/X
 mprj/_33099_/Y
 mprj/_33100_/X
 mprj/_33101_/X
 mprj/_33102_/X
 mprj/_33103_/X
 mprj/_33104_/X
 mprj/_33105_/X
 mprj/_33106_/X
 mprj/_33107_/X
 mprj/_33108_/X
 mprj/_33109_/X
 mprj/_33110_/X
 mprj/_33111_/X
 mprj/_33112_/X
 mprj/_33113_/X
 mprj/_33114_/X
 mprj/_33115_/X
 mprj/_33116_/Y
 mprj/_33117_/X
 mprj/_33118_/X
 mprj/_33119_/X
 mprj/_33120_/X
 mprj/_33121_/X
 mprj/_33122_/X
 mprj/_33123_/X
 mprj/_33124_/X
 mprj/_33125_/X
 mprj/_33126_/X
 mprj/_33127_/X
 mprj/_33128_/X
 mprj/_33129_/X
 mprj/_33130_/X
 mprj/_33131_/X
 mprj/_33132_/X
 mprj/_33133_/Y
 mprj/_33134_/X
 mprj/_33135_/X
 mprj/_33136_/X
 mprj/_33137_/X
 mprj/_33138_/X
 mprj/_33139_/X
 mprj/_33140_/X
 mprj/_33141_/X
 mprj/_33142_/X
 mprj/_33143_/X
 mprj/_33144_/X
 mprj/_33145_/X
 mprj/_33146_/X
 mprj/_33147_/X
 mprj/_33148_/X
 mprj/_33149_/X
 mprj/_33150_/Y
 mprj/_33151_/X
 mprj/_33152_/X
 mprj/_33153_/X
 mprj/_33154_/X
 mprj/_33155_/X
 mprj/_33156_/X
 mprj/_33157_/X
 mprj/_33158_/X
 mprj/_33159_/X
 mprj/_33160_/X
 mprj/_33161_/X
 mprj/_33162_/X
 mprj/_33163_/X
 mprj/_33164_/X
 mprj/_33165_/X
 mprj/_33166_/X
 mprj/_33167_/Y
 mprj/_33168_/X
 mprj/_33169_/X
 mprj/_33170_/X
 mprj/_33171_/X
 mprj/_33172_/X
 mprj/_33173_/X
 mprj/_33174_/X
 mprj/_33175_/X
 mprj/_33176_/X
 mprj/_33177_/X
 mprj/_33178_/X
 mprj/_33179_/X
 mprj/_33180_/X
 mprj/_33181_/X
 mprj/_33182_/X
 mprj/_33183_/X
 mprj/_33184_/Y
 mprj/_33185_/X
 mprj/_33186_/X
 mprj/_33187_/X
 mprj/_33188_/X
 mprj/_33189_/X
 mprj/_33190_/X
 mprj/_33191_/X
 mprj/_33192_/X
 mprj/_33193_/X
 mprj/_33194_/X
 mprj/_33195_/X
 mprj/_33196_/X
 mprj/_33197_/X
 mprj/_33198_/X
 mprj/_33199_/X
 mprj/_33200_/X
 mprj/_33201_/Y
 mprj/_33202_/X
 mprj/_33203_/X
 mprj/_33204_/X
 mprj/_33205_/X
 mprj/_33206_/X
 mprj/_33207_/X
 mprj/_33208_/X
 mprj/_33209_/X
 mprj/_33210_/X
 mprj/_33211_/X
 mprj/_33212_/X
 mprj/_33213_/X
 mprj/_33214_/X
 mprj/_33215_/X
 mprj/_33216_/X
 mprj/_33217_/X
 mprj/_33218_/Y
 mprj/_33219_/X
 mprj/_33220_/X
 mprj/_33221_/X
 mprj/_33222_/X
 mprj/_33223_/X
 mprj/_33224_/X
 mprj/_33225_/X
 mprj/_33226_/X
 mprj/_33227_/X
 mprj/_33228_/X
 mprj/_33229_/X
 mprj/_33230_/X
 mprj/_33231_/X
 mprj/_33232_/X
 mprj/_33233_/X
 mprj/_33234_/X
 mprj/_33235_/Y
 mprj/_33236_/X
 mprj/_33237_/X
 mprj/_33238_/X
 mprj/_33239_/X
 mprj/_33240_/X
 mprj/_33241_/X
 mprj/_33242_/X
 mprj/_33243_/X
 mprj/_33244_/X
 mprj/_33245_/X
 mprj/_33246_/X
 mprj/_33247_/X
 mprj/_33248_/X
 mprj/_33249_/X
 mprj/_33250_/X
 mprj/_33251_/X
 mprj/_33252_/Y
 mprj/_33253_/X
 mprj/_33254_/X
 mprj/_33255_/X
 mprj/_33256_/X
 mprj/_33257_/X
 mprj/_33258_/X
 mprj/_33259_/X
 mprj/_33260_/X
 mprj/_33261_/X
 mprj/_33262_/X
 mprj/_33263_/X
 mprj/_33264_/X
 mprj/_33265_/X
 mprj/_33266_/X
 mprj/_33267_/X
 mprj/_33268_/X
 mprj/_33269_/Y
 mprj/_33270_/X
 mprj/_33271_/X
 mprj/_33272_/X
 mprj/_33273_/X
 mprj/_33274_/X
 mprj/_33275_/X
 mprj/_33276_/X
 mprj/_33277_/X
 mprj/_33278_/X
 mprj/_33279_/X
 mprj/_33280_/X
 mprj/_33281_/X
 mprj/_33282_/X
 mprj/_33283_/X
 mprj/_33284_/X
 mprj/_33285_/X
 mprj/_33286_/Y
 mprj/_33287_/X
 mprj/_33288_/X
 mprj/_33289_/X
 mprj/_33290_/X
 mprj/_33291_/X
 mprj/_33292_/X
 mprj/_33293_/X
 mprj/_33294_/X
 mprj/_33295_/X
 mprj/_33296_/X
 mprj/_33297_/X
 mprj/_33298_/X
 mprj/_33299_/X
 mprj/_33300_/X
 mprj/_33301_/X
 mprj/_33302_/X
 mprj/_33303_/Y
 mprj/_33304_/X
 mprj/_33305_/X
 mprj/_33306_/X
 mprj/_33307_/X
 mprj/_33308_/X
 mprj/_33309_/X
 mprj/_33310_/X
 mprj/_33311_/X
 mprj/_33312_/X
 mprj/_33313_/X
 mprj/_33314_/X
 mprj/_33315_/X
 mprj/_33316_/X
 mprj/_33317_/X
 mprj/_33318_/X
 mprj/_33319_/X
 mprj/_33320_/X
 mprj/_33321_/X
 mprj/_33322_/X
 mprj/_33323_/X
 mprj/_33324_/X
 mprj/_33325_/X
 mprj/_33326_/X
 mprj/_33327_/X
 mprj/_33328_/X
 mprj/_33329_/X
 mprj/_33330_/X
 mprj/_33331_/X
 mprj/_33332_/X
 mprj/_33333_/X
 mprj/_33334_/X
 mprj/_33335_/X
 mprj/_33336_/Y
 mprj/_33337_/X
 mprj/_33338_/X
 mprj/_33339_/X
 mprj/_33340_/X
 mprj/_33341_/X
 mprj/_33342_/X
 mprj/_33343_/X
 mprj/_33344_/X
 mprj/_33345_/X
 mprj/_33346_/X
 mprj/_33347_/X
 mprj/_33348_/X
 mprj/_33349_/X
 mprj/_33350_/X
 mprj/_33351_/X
 mprj/_33352_/X
 mprj/_33353_/X
 mprj/_33354_/X
 mprj/_33355_/X
 mprj/_33356_/X
 mprj/_33357_/X
 mprj/_33358_/X
 mprj/_33359_/X
 mprj/_33360_/X
 mprj/_33361_/X
 mprj/_33362_/X
 mprj/_33363_/X
 mprj/_33364_/X
 mprj/_33365_/X
 mprj/_33366_/X
 mprj/_33367_/X
 mprj/_33368_/X
 mprj/_33369_/X
 mprj/_33370_/X
 mprj/_33371_/X
 mprj/_33372_/X
 mprj/_33373_/X
 mprj/_33374_/X
 mprj/_33375_/X
 mprj/_33376_/X
 mprj/_33377_/X
 mprj/_33378_/X
 mprj/_33379_/X
 mprj/_33380_/X
 mprj/_33381_/X
 mprj/_33382_/X
 mprj/_33383_/X
 mprj/_33384_/X
 mprj/_33385_/X
 mprj/_33386_/X
 mprj/_33387_/X
 mprj/_33388_/X
 mprj/_33389_/X
 mprj/_33390_/X
 mprj/_33391_/X
 mprj/_33392_/X
 mprj/_33393_/X
 mprj/_33394_/X
 mprj/_33395_/X
 mprj/_33396_/X
 mprj/_33397_/X
 mprj/_33398_/X
 mprj/_33399_/X
 mprj/_33400_/X
 mprj/_33401_/X
 mprj/_33402_/X
 mprj/_33403_/X
 mprj/_33404_/X
 mprj/_33405_/X
 mprj/_33406_/X
 mprj/_33407_/X
 mprj/_33408_/X
 mprj/_33409_/X
 mprj/_33410_/X
 mprj/_33411_/X
 mprj/_33412_/X
 mprj/_33413_/X
 mprj/_33414_/X
 mprj/_33415_/X
 mprj/_33416_/X
 mprj/_33417_/X
 mprj/_33418_/X
 mprj/_33419_/X
 mprj/_33420_/X
 mprj/_33421_/X
 mprj/_33422_/X
 mprj/_33423_/X
 mprj/_33424_/X
 mprj/_33425_/X
 mprj/_33426_/X
 mprj/_33427_/X
 mprj/_33428_/X
 mprj/_33429_/X
 mprj/_33430_/X
 mprj/_33431_/X
 mprj/_33432_/X
 mprj/_33433_/X
 mprj/_33434_/X
 mprj/_33435_/X
 mprj/_33436_/X
 mprj/_33437_/X
 mprj/_33438_/X
 mprj/_33439_/X
 mprj/_33440_/X
 mprj/_33441_/X
 mprj/_33442_/X
 mprj/_33443_/X
 mprj/_33444_/X
 mprj/_33445_/X
 mprj/_33446_/X
 mprj/_33447_/X
 mprj/_33448_/X
 mprj/_33449_/X
 mprj/_33450_/X
 mprj/_33451_/X
 mprj/_33452_/X
 mprj/_33453_/X
 mprj/_33454_/X
 mprj/_33455_/X
 mprj/_33456_/X
 mprj/_33457_/X
 mprj/_33458_/X
 mprj/_33459_/X
 mprj/_33460_/X
 mprj/_33461_/X
 mprj/_33462_/X
 mprj/_33463_/X
 mprj/_33464_/X
 mprj/_33465_/X
 mprj/_33466_/X
 mprj/_33467_/X
 mprj/_33468_/X
 mprj/_33469_/X
 mprj/_33470_/X
 mprj/_33471_/X
 mprj/_33472_/X
 mprj/_33473_/X
 mprj/_33474_/X
 mprj/_33475_/X
 mprj/_33476_/X
 mprj/_33477_/X
 mprj/_33478_/X
 mprj/_33479_/X
 mprj/_33480_/X
 mprj/_33481_/X
 mprj/_33482_/X
 mprj/_33483_/X
 mprj/_33484_/X
 mprj/_33485_/X
 mprj/_33486_/X
 mprj/_33487_/X
 mprj/_33488_/X
 mprj/_33489_/X
 mprj/_33490_/X
 mprj/_33491_/X
 mprj/_33492_/X
 mprj/_33493_/X
 mprj/_33494_/X
 mprj/_33495_/X
 mprj/_33496_/X
 mprj/_33497_/X
 mprj/_33498_/X
 mprj/_33499_/X
 mprj/_33500_/X
 mprj/_33501_/X
 mprj/_33502_/X
 mprj/_33503_/X
 mprj/_33504_/X
 mprj/_33505_/X
 mprj/_33506_/X
 mprj/_33507_/X
 mprj/_33508_/X
 mprj/_33509_/X
 mprj/_33510_/X
 mprj/_33511_/X
 mprj/_33512_/X
 mprj/_33513_/X
 mprj/_33514_/X
 mprj/_33515_/X
 mprj/_33516_/X
 mprj/_33517_/X
 mprj/_33518_/X
 mprj/_33519_/X
 mprj/_33520_/X
 mprj/_33521_/X
 mprj/_33522_/X
 mprj/_33523_/X
 mprj/_33524_/X
 mprj/_33525_/X
 mprj/_33526_/X
 mprj/_33527_/X
 mprj/_33528_/X
 mprj/_33529_/X
 mprj/_33530_/X
 mprj/_33531_/X
 mprj/_33532_/X
 mprj/_33533_/X
 mprj/_33534_/X
 mprj/_33535_/X
 mprj/_33536_/X
 mprj/_33537_/X
 mprj/_33538_/X
 mprj/_33539_/X
 mprj/_33540_/X
 mprj/_33541_/X
 mprj/_33542_/X
 mprj/_33543_/X
 mprj/_33544_/X
 mprj/_33545_/Y
 mprj/_33546_/X
 mprj/_33547_/X
 mprj/_33548_/X
 mprj/_33549_/X
 mprj/_33550_/X
 mprj/_33551_/X
 mprj/_33552_/X
 mprj/_33553_/X
 mprj/_33554_/X
 mprj/_33555_/X
 mprj/_33556_/X
 mprj/_33557_/X
 mprj/_33558_/X
 mprj/_33559_/X
 mprj/_33560_/X
 mprj/_33561_/X
 mprj/_33562_/X
 mprj/_33563_/X
 mprj/_33564_/X
 mprj/_33565_/X
 mprj/_33566_/X
 mprj/_33567_/X
 mprj/_33568_/X
 mprj/_33569_/X
 mprj/_33570_/X
 mprj/_33571_/X
 mprj/_33572_/X
 mprj/_33573_/X
 mprj/_33574_/X
 mprj/_33575_/X
 mprj/_33576_/X
 mprj/_33577_/X
 mprj/_33578_/X
 mprj/_33579_/X
 mprj/_33580_/X
 mprj/_33581_/X
 mprj/_33582_/X
 mprj/_33583_/X
 mprj/_33584_/X
 mprj/_33585_/X
 mprj/_33586_/X
 mprj/_33587_/X
 mprj/_33588_/X
 mprj/_33589_/X
 mprj/_33590_/X
 mprj/_33591_/X
 mprj/_33592_/X
 mprj/_33593_/X
 mprj/_33594_/X
 mprj/_33595_/X
 mprj/_33596_/X
 mprj/_33597_/X
 mprj/_33598_/X
 mprj/_33599_/X
 mprj/_33600_/X
 mprj/_33601_/X
 mprj/_33602_/X
 mprj/_33603_/X
 mprj/_33604_/X
 mprj/_33605_/X
 mprj/_33606_/X
 mprj/_33607_/X
 mprj/_33608_/X
 mprj/_33609_/X
 mprj/_33610_/Y
 mprj/_33611_/X
 mprj/_33612_/X
 mprj/_33613_/X
 mprj/_33614_/X
 mprj/_33615_/X
 mprj/_33616_/X
 mprj/_33617_/X
 mprj/_33618_/X
 mprj/_33619_/X
 mprj/_33620_/X
 mprj/_33621_/X
 mprj/_33622_/X
 mprj/_33623_/X
 mprj/_33624_/X
 mprj/_33625_/X
 mprj/_33626_/X
 mprj/_33627_/Y
 mprj/_33628_/X
 mprj/_33629_/X
 mprj/_33630_/X
 mprj/_33631_/X
 mprj/_33632_/X
 mprj/_33633_/X
 mprj/_33634_/X
 mprj/_33635_/X
 mprj/_33636_/X
 mprj/_33637_/X
 mprj/_33638_/X
 mprj/_33639_/X
 mprj/_33640_/X
 mprj/_33641_/X
 mprj/_33642_/X
 mprj/_33643_/X
 mprj/_33644_/X
 mprj/_33645_/X
 mprj/_33646_/X
 mprj/_33647_/X
 mprj/_33648_/X
 mprj/_33649_/X
 mprj/_33650_/X
 mprj/_33651_/X
 mprj/_33652_/X
 mprj/_33653_/X
 mprj/_33654_/X
 mprj/_33655_/X
 mprj/_33656_/X
 mprj/_33657_/X
 mprj/_33658_/X
 mprj/_33659_/X
 mprj/_33660_/X
 mprj/_33661_/X
 mprj/_33662_/X
 mprj/_33663_/X
 mprj/_33664_/X
 mprj/_33665_/X
 mprj/_33666_/X
 mprj/_33667_/X
 mprj/_33668_/X
 mprj/_33669_/X
 mprj/_33670_/X
 mprj/_33671_/X
 mprj/_33672_/X
 mprj/_33673_/X
 mprj/_33674_/X
 mprj/_33675_/X
 mprj/_33676_/X
 mprj/_33677_/X
 mprj/_33678_/X
 mprj/_33679_/X
 mprj/_33680_/X
 mprj/_33681_/X
 mprj/_33682_/X
 mprj/_33683_/X
 mprj/_33684_/X
 mprj/_33685_/X
 mprj/_33686_/X
 mprj/_33687_/X
 mprj/_33688_/X
 mprj/_33689_/X
 mprj/_33690_/X
 mprj/_33691_/X
 mprj/_33692_/X
 mprj/_33693_/X
 mprj/_33694_/X
 mprj/_33695_/X
 mprj/_33696_/X
 mprj/_33697_/X
 mprj/_33698_/X
 mprj/_33699_/X
 mprj/_33700_/X
 mprj/_33701_/X
 mprj/_33702_/X
 mprj/_33703_/X
 mprj/_33704_/X
 mprj/_33705_/X
 mprj/_33706_/X
 mprj/_33707_/X
 mprj/_33708_/X
 mprj/_33709_/X
 mprj/_33710_/X
 mprj/_33711_/X
 mprj/_33712_/X
 mprj/_33713_/X
 mprj/_33714_/X
 mprj/_33715_/X
 mprj/_33716_/X
 mprj/_33717_/X
 mprj/_33718_/X
 mprj/_33719_/X
 mprj/_33720_/X
 mprj/_33721_/X
 mprj/_33722_/X
 mprj/_33723_/X
 mprj/_33724_/Y
 mprj/_33725_/X
 mprj/_33726_/X
 mprj/_33727_/X
 mprj/_33728_/X
 mprj/_33729_/X
 mprj/_33730_/X
 mprj/_33731_/X
 mprj/_33732_/X
 mprj/_33733_/X
 mprj/_33734_/X
 mprj/_33735_/X
 mprj/_33736_/X
 mprj/_33737_/X
 mprj/_33738_/X
 mprj/_33739_/X
 mprj/_33740_/X
 mprj/_33741_/X
 mprj/_33742_/X
 mprj/_33743_/X
 mprj/_33744_/X
 mprj/_33745_/X
 mprj/_33746_/X
 mprj/_33747_/X
 mprj/_33748_/X
 mprj/_33749_/X
 mprj/_33750_/X
 mprj/_33751_/X
 mprj/_33752_/X
 mprj/_33753_/X
 mprj/_33754_/X
 mprj/_33755_/X
 mprj/_33756_/X
 mprj/_33757_/Y
 mprj/_33758_/X
 mprj/_33759_/X
 mprj/_33760_/X
 mprj/_33761_/X
 mprj/_33762_/X
 mprj/_33763_/X
 mprj/_33764_/X
 mprj/_33765_/X
 mprj/_33766_/X
 mprj/_33767_/X
 mprj/_33768_/X
 mprj/_33769_/X
 mprj/_33770_/X
 mprj/_33771_/X
 mprj/_33772_/X
 mprj/_33773_/X
 mprj/_33774_/X
 mprj/_33775_/X
 mprj/_33776_/X
 mprj/_33777_/X
 mprj/_33778_/X
 mprj/_33779_/X
 mprj/_33780_/X
 mprj/_33781_/X
 mprj/_33782_/X
 mprj/_33783_/X
 mprj/_33784_/X
 mprj/_33785_/X
 mprj/_33786_/X
 mprj/_33787_/X
 mprj/_33788_/X
 mprj/_33789_/X
 mprj/_33790_/X
 mprj/_33791_/X
 mprj/_33792_/X
 mprj/_33793_/X
 mprj/_33794_/X
 mprj/_33795_/X
 mprj/_33796_/X
 mprj/_33797_/X
 mprj/_33798_/X
 mprj/_33799_/X
 mprj/_33800_/X
 mprj/_33801_/X
 mprj/_33802_/X
 mprj/_33803_/X
 mprj/_33804_/X
 mprj/_33805_/X
 mprj/_33806_/X
 mprj/_33807_/X
 mprj/_33808_/X
 mprj/_33809_/X
 mprj/_33810_/X
 mprj/_33811_/X
 mprj/_33812_/X
 mprj/_33813_/X
 mprj/_33814_/X
 mprj/_33815_/X
 mprj/_33816_/X
 mprj/_33817_/X
 mprj/_33818_/X
 mprj/_33819_/X
 mprj/_33820_/X
 mprj/_33821_/X
 mprj/_33822_/X
 mprj/_33823_/X
 mprj/_33824_/X
 mprj/_33825_/X
 mprj/_33826_/X
 mprj/_33827_/X
 mprj/_33828_/X
 mprj/_33829_/X
 mprj/_33830_/X
 mprj/_33831_/X
 mprj/_33832_/X
 mprj/_33833_/X
 mprj/_33834_/X
 mprj/_33835_/X
 mprj/_33836_/X
 mprj/_33837_/X
 mprj/_33838_/X
 mprj/_33839_/X
 mprj/_33840_/X
 mprj/_33841_/X
 mprj/_33842_/X
 mprj/_33843_/X
 mprj/_33844_/X
 mprj/_33845_/X
 mprj/_33846_/X
 mprj/_33847_/X
 mprj/_33848_/X
 mprj/_33849_/X
 mprj/_33850_/X
 mprj/_33851_/X
 mprj/_33852_/X
 mprj/_33853_/X
 mprj/_33854_/X
 mprj/_33855_/X
 mprj/_33856_/X
 mprj/_33857_/X
 mprj/_33858_/X
 mprj/_33859_/X
 mprj/_33860_/X
 mprj/_33861_/X
 mprj/_33862_/X
 mprj/_33863_/X
 mprj/_33864_/X
 mprj/_33865_/X
 mprj/_33866_/X
 mprj/_33867_/X
 mprj/_33868_/X
 mprj/_33869_/X
 mprj/_33870_/X
 mprj/_33871_/X
 mprj/_33872_/X
 mprj/_33873_/X
 mprj/_33874_/X
 mprj/_33875_/X
 mprj/_33876_/X
 mprj/_33877_/X
 mprj/_33878_/X
 mprj/_33879_/X
 mprj/_33880_/X
 mprj/_33881_/X
 mprj/_33882_/X
 mprj/_33883_/X
 mprj/_33884_/X
 mprj/_33885_/X
 mprj/_33886_/X
 mprj/_33887_/X
 mprj/_33888_/X
 mprj/_33889_/X
 mprj/_33890_/X
 mprj/_33891_/X
 mprj/_33892_/X
 mprj/_33893_/X
 mprj/_33894_/X
 mprj/_33895_/X
 mprj/_33896_/X
 mprj/_33897_/X
 mprj/_33898_/X
 mprj/_33899_/X
 mprj/_33900_/X
 mprj/_33901_/X
 mprj/_33902_/Y
 mprj/_33903_/X
 mprj/_33904_/X
 mprj/_33905_/X
 mprj/_33906_/X
 mprj/_33907_/X
 mprj/_33908_/X
 mprj/_33909_/X
 mprj/_33910_/X
 mprj/_33911_/X
 mprj/_33912_/X
 mprj/_33913_/X
 mprj/_33914_/X
 mprj/_33915_/X
 mprj/_33916_/X
 mprj/_33917_/X
 mprj/_33918_/X
 mprj/_33919_/Y
 mprj/_33920_/X
 mprj/_33921_/X
 mprj/_33922_/X
 mprj/_33923_/X
 mprj/_33924_/X
 mprj/_33925_/X
 mprj/_33926_/X
 mprj/_33927_/X
 mprj/_33928_/X
 mprj/_33929_/X
 mprj/_33930_/X
 mprj/_33931_/X
 mprj/_33932_/X
 mprj/_33933_/X
 mprj/_33934_/X
 mprj/_33935_/X
 mprj/_33936_/X
 mprj/_33937_/X
 mprj/_33938_/X
 mprj/_33939_/X
 mprj/_33940_/X
 mprj/_33941_/X
 mprj/_33942_/X
 mprj/_33943_/X
 mprj/_33944_/X
 mprj/_33945_/X
 mprj/_33946_/X
 mprj/_33947_/X
 mprj/_33948_/X
 mprj/_33949_/X
 mprj/_33950_/X
 mprj/_33951_/X
 mprj/_33952_/Y
 mprj/_33953_/X
 mprj/_33954_/X
 mprj/_33955_/X
 mprj/_33956_/X
 mprj/_33957_/X
 mprj/_33958_/X
 mprj/_33959_/X
 mprj/_33960_/X
 mprj/_33961_/X
 mprj/_33962_/X
 mprj/_33963_/X
 mprj/_33964_/X
 mprj/_33965_/X
 mprj/_33966_/X
 mprj/_33967_/X
 mprj/_33968_/X
 mprj/_33969_/Y
 mprj/_33970_/X
 mprj/_33971_/X
 mprj/_33972_/X
 mprj/_33973_/X
 mprj/_33974_/X
 mprj/_33975_/X
 mprj/_33976_/X
 mprj/_33977_/X
 mprj/_33978_/X
 mprj/_33979_/X
 mprj/_33980_/X
 mprj/_33981_/X
 mprj/_33982_/X
 mprj/_33983_/X
 mprj/_33984_/X
 mprj/_33985_/X
 mprj/_33986_/X
 mprj/_33987_/X
 mprj/_33988_/X
 mprj/_33989_/X
 mprj/_33990_/X
 mprj/_33991_/X
 mprj/_33992_/X
 mprj/_33993_/X
 mprj/_33994_/X
 mprj/_33995_/X
 mprj/_33996_/X
 mprj/_33997_/X
 mprj/_33998_/X
 mprj/_33999_/X
 mprj/_34000_/X
 mprj/_34001_/X
 mprj/_34002_/Y
 mprj/_34003_/X
 mprj/_34004_/X
 mprj/_34005_/X
 mprj/_34006_/X
 mprj/_34007_/X
 mprj/_34008_/X
 mprj/_34009_/X
 mprj/_34010_/X
 mprj/_34011_/X
 mprj/_34012_/X
 mprj/_34013_/X
 mprj/_34014_/X
 mprj/_34015_/X
 mprj/_34016_/X
 mprj/_34017_/X
 mprj/_34018_/X
 mprj/_34019_/X
 mprj/_34020_/X
 mprj/_34021_/X
 mprj/_34022_/X
 mprj/_34023_/X
 mprj/_34024_/X
 mprj/_34025_/X
 mprj/_34026_/X
 mprj/_34027_/X
 mprj/_34028_/X
 mprj/_34029_/X
 mprj/_34030_/X
 mprj/_34031_/X
 mprj/_34032_/X
 mprj/_34033_/X
 mprj/_34034_/X
 mprj/_34035_/X
 mprj/_34036_/X
 mprj/_34037_/X
 mprj/_34038_/X
 mprj/_34039_/X
 mprj/_34040_/X
 mprj/_34041_/X
 mprj/_34042_/X
 mprj/_34043_/X
 mprj/_34044_/X
 mprj/_34045_/X
 mprj/_34046_/X
 mprj/_34047_/X
 mprj/_34048_/X
 mprj/_34049_/X
 mprj/_34050_/X
 mprj/_34051_/X
 mprj/_34052_/X
 mprj/_34053_/X
 mprj/_34054_/X
 mprj/_34055_/X
 mprj/_34056_/X
 mprj/_34057_/X
 mprj/_34058_/X
 mprj/_34059_/X
 mprj/_34060_/X
 mprj/_34061_/X
 mprj/_34062_/X
 mprj/_34063_/X
 mprj/_34064_/X
 mprj/_34065_/X
 mprj/_34066_/X
 mprj/_34067_/X
 mprj/_34068_/X
 mprj/_34069_/X
 mprj/_34070_/X
 mprj/_34071_/X
 mprj/_34072_/X
 mprj/_34073_/X
 mprj/_34074_/X
 mprj/_34075_/X
 mprj/_34076_/X
 mprj/_34077_/X
 mprj/_34078_/X
 mprj/_34079_/X
 mprj/_34080_/X
 mprj/_34081_/X
 mprj/_34082_/X
 mprj/_34083_/X
 mprj/_34084_/X
 mprj/_34085_/X
 mprj/_34086_/X
 mprj/_34087_/X
 mprj/_34088_/X
 mprj/_34089_/X
 mprj/_34090_/X
 mprj/_34091_/X
 mprj/_34092_/X
 mprj/_34093_/X
 mprj/_34094_/X
 mprj/_34095_/X
 mprj/_34096_/X
 mprj/_34097_/X
 mprj/_34098_/X
 mprj/_34099_/X
 mprj/_34100_/X
 mprj/_34101_/X
 mprj/_34102_/X
 mprj/_34103_/X
 mprj/_34104_/X
 mprj/_34105_/X
 mprj/_34106_/X
 mprj/_34107_/X
 mprj/_34108_/X
 mprj/_34109_/X
 mprj/_34110_/X
 mprj/_34111_/X
 mprj/_34112_/X
 mprj/_34113_/X
 mprj/_34114_/X
 mprj/_34115_/X
 mprj/_34116_/X
 mprj/_34117_/X
 mprj/_34118_/X
 mprj/_34119_/X
 mprj/_34120_/X
 mprj/_34121_/X
 mprj/_34122_/X
 mprj/_34123_/X
 mprj/_34124_/X
 mprj/_34125_/X
 mprj/_34126_/X
 mprj/_34127_/X
 mprj/_34128_/X
 mprj/_34129_/X
 mprj/_34130_/X
 mprj/_34131_/X
 mprj/_34132_/X
 mprj/_34133_/X
 mprj/_34134_/X
 mprj/_34135_/X
 mprj/_34136_/X
 mprj/_34137_/X
 mprj/_34138_/X
 mprj/_34139_/X
 mprj/_34140_/X
 mprj/_34141_/X
 mprj/_34142_/X
 mprj/_34143_/X
 mprj/_34144_/X
 mprj/_34145_/X
 mprj/_34146_/X
 mprj/_34147_/X
 mprj/_34148_/X
 mprj/_34149_/X
 mprj/_34150_/X
 mprj/_34151_/X
 mprj/_34152_/X
 mprj/_34153_/X
 mprj/_34154_/X
 mprj/_34155_/X
 mprj/_34156_/X
 mprj/_34157_/X
 mprj/_34158_/X
 mprj/_34159_/X
 mprj/_34160_/X
 mprj/_34161_/X
 mprj/_34162_/X
 mprj/_34163_/X
 mprj/_34164_/X
 mprj/_34165_/X
 mprj/_34166_/X
 mprj/_34167_/X
 mprj/_34168_/X
 mprj/_34169_/X
 mprj/_34170_/X
 mprj/_34171_/X
 mprj/_34172_/X
 mprj/_34173_/X
 mprj/_34174_/X
 mprj/_34175_/X
 mprj/_34176_/X
 mprj/_34177_/X
 mprj/_34178_/X
 mprj/_34179_/X
 mprj/_34180_/X
 mprj/_34181_/X
 mprj/_34182_/X
 mprj/_34183_/X
 mprj/_34184_/X
 mprj/_34185_/X
 mprj/_34186_/X
 mprj/_34187_/X
 mprj/_34188_/X
 mprj/_34189_/X
 mprj/_34190_/X
 mprj/_34191_/X
 mprj/_34192_/X
 mprj/_34193_/X
 mprj/_34194_/X
 mprj/_34195_/X
 mprj/_34196_/X
 mprj/_34197_/X
 mprj/_34198_/X
 mprj/_34199_/X
 mprj/_34200_/X
 mprj/_34201_/X
 mprj/_34202_/X
 mprj/_34203_/X
 mprj/_34204_/X
 mprj/_34205_/X
 mprj/_34206_/X
 mprj/_34207_/X
 mprj/_34208_/X
 mprj/_34209_/X
 mprj/_34210_/X
 mprj/_34211_/X
 mprj/_34212_/X
 mprj/_34213_/X
 mprj/_34214_/X
 mprj/_34215_/X
 mprj/_34216_/X
 mprj/_34217_/X
 mprj/_34218_/X
 mprj/_34219_/X
 mprj/_34220_/X
 mprj/_34221_/X
 mprj/_34222_/X
 mprj/_34223_/X
 mprj/_34224_/X
 mprj/_34225_/X
 mprj/_34226_/X
 mprj/_34227_/X
 mprj/_34228_/X
 mprj/_34229_/X
 mprj/_34230_/X
 mprj/_34231_/X
 mprj/_34232_/X
 mprj/_34233_/X
 mprj/_34234_/X
 mprj/_34235_/X
 mprj/_34236_/X
 mprj/_34237_/X
 mprj/_34238_/X
 mprj/_34239_/X
 mprj/_34240_/X
 mprj/_34241_/X
 mprj/_34242_/X
 mprj/_34243_/X
 mprj/_34244_/X
 mprj/_34245_/X
 mprj/_34246_/X
 mprj/_34247_/X
 mprj/_34248_/X
 mprj/_34249_/X
 mprj/_34250_/X
 mprj/_34251_/X
 mprj/_34252_/X
 mprj/_34253_/X
 mprj/_34254_/X
 mprj/_34255_/X
 mprj/_34256_/X
 mprj/_34257_/X
 mprj/_34258_/X
 mprj/_34259_/X
 mprj/_34260_/X
 mprj/_34261_/X
 mprj/_34262_/X
 mprj/_34263_/X
 mprj/_34264_/X
 mprj/_34265_/X
 mprj/_34266_/X
 mprj/_34267_/X
 mprj/_34268_/X
 mprj/_34269_/X
 mprj/_34270_/X
 mprj/_34271_/X
 mprj/_34272_/X
 mprj/_34273_/X
 mprj/_34274_/X
 mprj/_34275_/X
 mprj/_34276_/X
 mprj/_34277_/X
 mprj/_34278_/X
 mprj/_34279_/X
 mprj/_34280_/X
 mprj/_34281_/X
 mprj/_34282_/X
 mprj/_34283_/X
 mprj/_34284_/X
 mprj/_34285_/X
 mprj/_34286_/X
 mprj/_34287_/X
 mprj/_34288_/X
 mprj/_34289_/X
 mprj/_34290_/X
 mprj/_34291_/X
 mprj/_34292_/X
 mprj/_34293_/X
 mprj/_34294_/X
 mprj/_34295_/X
 mprj/_34296_/X
 mprj/_34297_/X
 mprj/_34298_/X
 mprj/_34299_/X
 mprj/_34300_/X
 mprj/_34301_/X
 mprj/_34302_/X
 mprj/_34303_/X
 mprj/_34304_/X
 mprj/_34305_/X
 mprj/_34306_/X
 mprj/_34307_/X
 mprj/_34308_/X
 mprj/_34309_/X
 mprj/_34310_/X
 mprj/_34311_/X
 mprj/_34312_/X
 mprj/_34313_/X
 mprj/_34314_/X
 mprj/_34315_/X
 mprj/_34316_/X
 mprj/_34317_/X
 mprj/_34318_/X
 mprj/_34319_/X
 mprj/_34320_/X
 mprj/_34321_/X
 mprj/_34322_/X
 mprj/_34323_/X
 mprj/_34324_/X
 mprj/_34325_/X
 mprj/_34326_/X
 mprj/_34327_/X
 mprj/_34328_/X
 mprj/_34329_/X
 mprj/_34330_/X
 mprj/_34331_/X
 mprj/_34332_/X
 mprj/_34333_/X
 mprj/_34334_/X
 mprj/_34335_/X
 mprj/_34336_/X
 mprj/_34337_/X
 mprj/_34338_/X
 mprj/_34339_/X
 mprj/_34340_/X
 mprj/_34341_/X
 mprj/_34342_/X
 mprj/_34343_/X
 mprj/_34344_/X
 mprj/_34345_/X
 mprj/_34346_/X
 mprj/_34347_/X
 mprj/_34348_/X
 mprj/_34349_/X
 mprj/_34350_/X
 mprj/_34351_/X
 mprj/_34352_/X
 mprj/_34353_/X
 mprj/_34354_/X
 mprj/_34355_/X
 mprj/_34356_/X
 mprj/_34357_/X
 mprj/_34358_/X
 mprj/_34359_/X
 mprj/_34360_/X
 mprj/_34361_/X
 mprj/_34362_/X
 mprj/_34363_/X
 mprj/_34364_/X
 mprj/_34365_/X
 mprj/_34366_/X
 mprj/_34367_/X
 mprj/_34368_/X
 mprj/_34369_/X
 mprj/_34370_/X
 mprj/_34371_/X
 mprj/_34372_/Y
 mprj/_34373_/Y
 mprj/_34374_/X
 mprj/_34375_/X
 mprj/_34376_/X
 mprj/_34377_/Y
 mprj/_34378_/X
 mprj/_34379_/Y
 mprj/_34380_/X
 mprj/_34381_/X
 mprj/_34382_/X
 mprj/_34383_/X
 mprj/_34384_/X
 mprj/_34385_/X
 mprj/_34386_/X
 mprj/_34387_/X
 mprj/_34388_/X
 mprj/_34389_/X
 mprj/_34390_/X
 mprj/_34391_/X
 mprj/_34392_/X
 mprj/_34393_/X
 mprj/_34394_/X
 mprj/_34395_/X
 mprj/_34396_/X
 mprj/_34397_/X
 mprj/_34398_/X
 mprj/_34399_/X
 mprj/_34400_/X
 mprj/_34401_/X
 mprj/_34402_/X
 mprj/_34403_/X
 mprj/_34404_/X
 mprj/_34405_/X
 mprj/_34406_/X
 mprj/_34407_/X
 mprj/_34408_/X
 mprj/_34409_/X
 mprj/_34410_/X
 mprj/_34411_/X
 mprj/_34412_/X
 mprj/_34413_/X
 mprj/_34414_/Y
 mprj/_34415_/X
 mprj/_34416_/Y
 mprj/_34417_/Y
 mprj/_34418_/X
 mprj/_34419_/X
 mprj/_34420_/Y
 mprj/_34421_/X
 mprj/_34422_/Y
 mprj/_34423_/Y
 mprj/_34424_/X
 mprj/_34425_/Y
 mprj/_34426_/Y
 mprj/_34427_/X
 mprj/_34428_/Y
 mprj/_34429_/X
 mprj/_34430_/X
 mprj/_34431_/Y
 mprj/_34432_/X
 mprj/_34433_/X
 mprj/_34434_/X
 mprj/_34435_/X
 mprj/_34436_/X
 mprj/_34437_/X
 mprj/_34438_/X
 mprj/_34439_/X
 mprj/_34440_/X
 mprj/_34441_/X
 mprj/_34442_/X
 mprj/_34443_/X
 mprj/_34444_/X
 mprj/_34445_/X
 mprj/_34446_/X
 mprj/_34447_/X
 mprj/_34448_/X
 mprj/_34449_/X
 mprj/_34450_/X
 mprj/_34451_/X
 mprj/_34452_/X
 mprj/_34453_/X
 mprj/_34454_/X
 mprj/_34455_/X
 mprj/_34456_/X
 mprj/_34457_/X
 mprj/_34458_/X
 mprj/_34459_/X
 mprj/_34460_/X
 mprj/_34461_/X
 mprj/_34462_/X
 mprj/_34463_/X
 mprj/_34464_/X
 mprj/_34465_/X
 mprj/_34466_/X
 mprj/_34467_/X
 mprj/_34468_/X
 mprj/_34469_/X
 mprj/_34470_/X
 mprj/_34471_/X
 mprj/_34472_/X
 mprj/_34473_/X
 mprj/_34474_/X
 mprj/_34475_/X
 mprj/_34476_/X
 mprj/_34477_/X
 mprj/_34478_/X
 mprj/_34479_/X
 mprj/_34480_/X
 mprj/_34481_/X
 mprj/_34482_/X
 mprj/_34483_/X
 mprj/_34484_/X
 mprj/_34485_/X
 mprj/_34486_/X
 mprj/_34487_/X
 mprj/_34488_/X
 mprj/_34489_/X
 mprj/_34490_/X
 mprj/_34491_/X
 mprj/_34492_/X
 mprj/_34493_/X
 mprj/_34494_/X
 mprj/_34495_/X
 mprj/_34496_/X
 mprj/_34497_/X
 mprj/_34498_/X
 mprj/_34499_/X
 mprj/_34500_/X
 mprj/_34501_/X
 mprj/_34502_/X
 mprj/_34503_/X
 mprj/_34504_/X
 mprj/_34505_/X
 mprj/_34506_/X
 mprj/_34507_/X
 mprj/_34508_/X
 mprj/_34509_/X
 mprj/_34510_/X
 mprj/_34511_/X
 mprj/_34512_/X
 mprj/_34513_/X
 mprj/_34514_/X
 mprj/_34515_/X
 mprj/_34516_/Y
 mprj/_34517_/Y
 mprj/_34518_/Y
 mprj/_34519_/Y
 mprj/_34520_/X
 mprj/_34521_/Y
 mprj/_34522_/Y
 mprj/_34523_/X
 mprj/_34524_/Y
 mprj/_34525_/Y
 mprj/_34526_/Y
 mprj/_34527_/Y
 mprj/_34528_/Y
 mprj/_34529_/X
 mprj/_34530_/Y
 mprj/_34531_/X
 mprj/_34532_/X
 mprj/_34533_/Y
 mprj/_34534_/Y
 mprj/_34535_/Y
 mprj/_34536_/X
 mprj/_34537_/Y
 mprj/_34538_/Y
 mprj/_34539_/X
 mprj/_34540_/X
 mprj/_34541_/Y
 mprj/_34542_/Y
 mprj/_34543_/Y
 mprj/_34544_/Y
 mprj/_34545_/X
 mprj/_34546_/Y
 mprj/_34547_/Y
 mprj/_34548_/Y
 mprj/_34549_/Y
 mprj/_34550_/X
 mprj/_34551_/Y
 mprj/_34552_/Y
 mprj/_34553_/X
 mprj/_34554_/X
 mprj/_34555_/X
 mprj/_34556_/X
 mprj/_34557_/X
 mprj/_34558_/X
 mprj/_34559_/X
 mprj/_34560_/Y
 mprj/_34561_/Y
 mprj/_34562_/X
 mprj/_34563_/X
 mprj/_34564_/X
 mprj/_34565_/X
 mprj/_34566_/X
 mprj/_34567_/Y
 mprj/_34568_/X
 mprj/_34569_/Y
 mprj/_34570_/X
 mprj/_34571_/X
 mprj/_34572_/X
 mprj/_34573_/X
 mprj/_34574_/X
 mprj/_34575_/X
 mprj/_34576_/Y
 mprj/_34577_/X
 mprj/_34578_/X
 mprj/_34579_/X
 mprj/_34580_/X
 mprj/_34581_/X
 mprj/_34582_/X
 mprj/_34583_/X
 mprj/_34584_/X
 mprj/_34585_/X
 mprj/_34586_/X
 mprj/_34587_/Y
 mprj/_34588_/X
 mprj/_34589_/X
 mprj/_34590_/X
 mprj/_34591_/X
 mprj/_34592_/X
 mprj/_34593_/X
 mprj/_34594_/X
 mprj/_34595_/X
 mprj/_34596_/X
 mprj/_34597_/X
 mprj/_34598_/X
 mprj/_34599_/X
 mprj/_34600_/Y
 mprj/_34601_/Y
 mprj/_34602_/Y
 mprj/_34603_/X
 mprj/_34604_/X
 mprj/_34605_/X
 mprj/_34606_/X
 mprj/_34607_/X
 mprj/_34608_/X
 mprj/_34609_/X
 mprj/_34610_/X
 mprj/_34611_/X
 mprj/_34612_/X
 mprj/_34613_/X
 mprj/_34614_/X
 mprj/_34615_/X
 mprj/_34616_/X
 mprj/_34617_/X
 mprj/_34618_/X
 mprj/_34619_/X
 mprj/_34620_/Y
 mprj/_34621_/X
 mprj/_34622_/X
 mprj/_34623_/X
 mprj/_34624_/X
 mprj/_34625_/X
 mprj/_34626_/X
 mprj/_34627_/X
 mprj/_34628_/X
 mprj/_34629_/X
 mprj/_34630_/X
 mprj/_34631_/X
 mprj/_34632_/X
 mprj/_34633_/X
 mprj/_34634_/X
 mprj/_34635_/X
 mprj/_34636_/X
 mprj/_34637_/X
 mprj/_34638_/X
 mprj/_34639_/X
 mprj/_34640_/X
 mprj/_34641_/X
 mprj/_34642_/X
 mprj/_34643_/X
 mprj/_34644_/X
 mprj/_34645_/X
 mprj/_34646_/X
 mprj/_34647_/X
 mprj/_34648_/X
 mprj/_34649_/X
 mprj/_34650_/X
 mprj/_34651_/X
 mprj/_34652_/X
 mprj/_34653_/X
 mprj/_34654_/X
 mprj/_34655_/X
 mprj/_34656_/X
 mprj/_34657_/X
 mprj/_34658_/X
 mprj/_34659_/X
 mprj/_34660_/X
 mprj/_34661_/X
 mprj/_34662_/X
 mprj/_34663_/X
 mprj/_34664_/X
 mprj/_34665_/X
 mprj/_34666_/X
 mprj/_34667_/X
 mprj/_34668_/X
 mprj/_34669_/X
 mprj/_34670_/X
 mprj/_34671_/X
 mprj/_34672_/X
 mprj/_34673_/Y
 mprj/_34674_/Y
 mprj/_34675_/Y
 mprj/_34676_/X
 mprj/_34677_/X
 mprj/_34678_/Y
 mprj/_34679_/Y
 mprj/_34680_/Y
 mprj/_34681_/X
 mprj/_34682_/Y
 mprj/_34683_/Y
 mprj/_34684_/Y
 mprj/_34685_/X
 mprj/_34686_/X
 mprj/_34687_/Y
 mprj/_34688_/X
 mprj/_34689_/X
 mprj/_34690_/Y
 mprj/_34691_/Y
 mprj/_34692_/Y
 mprj/_34693_/X
 mprj/_34694_/X
 mprj/_34695_/X
 mprj/_34696_/X
 mprj/_34697_/X
 mprj/_34698_/Y
 mprj/_34699_/X
 mprj/_34700_/X
 mprj/_34701_/Y
 mprj/_34702_/Y
 mprj/_34703_/X
 mprj/_34704_/X
 mprj/_34705_/Y
 mprj/_34706_/Y
 mprj/_34707_/X
 mprj/_34708_/Y
 mprj/_34709_/X
 mprj/_34710_/Y
 mprj/_34711_/X
 mprj/_34712_/X
 mprj/_34713_/X
 mprj/_34714_/Y
 mprj/_34715_/Y
 mprj/_34716_/X
 mprj/_34717_/X
 mprj/_34718_/X
 mprj/_34719_/X
 mprj/_34720_/Y
 mprj/_34721_/X
 mprj/_34722_/Y
 mprj/_34723_/X
 mprj/_34724_/X
 mprj/_34725_/X
 mprj/_34726_/Y
 mprj/_34727_/X
 mprj/_34728_/Y
 mprj/_34729_/Y
 mprj/_34730_/X
 mprj/_34731_/Y
 mprj/_34732_/X
 mprj/_34733_/X
 mprj/_34734_/X
 mprj/_34735_/X
 mprj/_34736_/X
 mprj/_34737_/X
 mprj/_34738_/X
 mprj/_34739_/X
 mprj/_34740_/X
 mprj/_34741_/X
 mprj/_34742_/X
 mprj/_34743_/X
 mprj/_34744_/X
 mprj/_34745_/X
 mprj/_34746_/X
 mprj/_34747_/X
 mprj/_34748_/X
 mprj/_34749_/X
 mprj/_34750_/X
 mprj/_34751_/X
 mprj/_34752_/X
 mprj/_34753_/X
 mprj/_34754_/X
 mprj/_34755_/X
 mprj/_34756_/X
 mprj/_34757_/X
 mprj/_34758_/X
 mprj/_34759_/X
 mprj/_34760_/X
 mprj/_34761_/X
 mprj/_34762_/X
 mprj/_34763_/X
 mprj/_34764_/X
 mprj/_34765_/X
 mprj/_34766_/X
 mprj/_34767_/X
 mprj/_34768_/X
 mprj/_34769_/X
 mprj/_34770_/X
 mprj/_34771_/X
 mprj/_34772_/X
 mprj/_34773_/Y
 mprj/_34774_/Y
 mprj/_34775_/X
 mprj/_34776_/X
 mprj/_34777_/X
 mprj/_34778_/X
 mprj/_34779_/X
 mprj/_34780_/X
 mprj/_34781_/X
 mprj/_34782_/X
 mprj/_34783_/X
 mprj/_34784_/X
 mprj/_34785_/X
 mprj/_34786_/Y
 mprj/_34787_/Y
 mprj/_34788_/Y
 mprj/_34789_/Y
 mprj/_34790_/X
 mprj/_34791_/Y
 mprj/_34792_/Y
 mprj/_34793_/Y
 mprj/_34794_/Y
 mprj/_34795_/X
 mprj/_34796_/Y
 mprj/_34797_/X
 mprj/_34798_/Y
 mprj/_34799_/X
 mprj/_34800_/X
 mprj/_34801_/X
 mprj/_34802_/Y
 mprj/_34803_/X
 mprj/_34804_/X
 mprj/_34805_/Y
 mprj/_34806_/X
 mprj/_34807_/Y
 mprj/_34808_/X
 mprj/_34809_/X
 mprj/_34810_/X
 mprj/_34811_/X
 mprj/_34812_/X
 mprj/_34813_/X
 mprj/_34814_/Y
 mprj/_34815_/X
 mprj/_34816_/X
 mprj/_34817_/X
 mprj/_34818_/X
 mprj/_34819_/Y
 mprj/_34820_/X
 mprj/_34821_/Y
 mprj/_34822_/Y
 mprj/_34823_/X
 mprj/_34824_/X
 mprj/_34825_/X
 mprj/_34826_/Y
 mprj/_34827_/Y
 mprj/_34828_/Y
 mprj/_34829_/X
 mprj/_34830_/X
 mprj/_34831_/Y
 mprj/_34832_/Y
 mprj/_34833_/X
 mprj/_34834_/X
 mprj/_34835_/X
 mprj/_34836_/X
 mprj/_34837_/X
 mprj/_34838_/X
 mprj/_34839_/X
 mprj/_34840_/X
 mprj/_34841_/X
 mprj/_34842_/X
 mprj/_34843_/X
 mprj/_34844_/X
 mprj/_34845_/X
 mprj/_34846_/X
 mprj/_34847_/X
 mprj/_34848_/X
 mprj/_34849_/X
 mprj/_34850_/X
 mprj/_34851_/X
 mprj/_34852_/X
 mprj/_34853_/X
 mprj/_34854_/X
 mprj/_34855_/X
 mprj/_34856_/X
 mprj/_34857_/X
 mprj/_34858_/X
 mprj/_34859_/X
 mprj/_34860_/X
 mprj/_34861_/X
 mprj/_34862_/X
 mprj/_34863_/X
 mprj/_34864_/X
 mprj/_34865_/X
 mprj/_34866_/X
 mprj/_34867_/X
 mprj/_34868_/X
 mprj/_34869_/X
 mprj/_34870_/X
 mprj/_34871_/X
 mprj/_34872_/Y
 mprj/_34873_/Y
 mprj/_34874_/X
 mprj/_34875_/X
 mprj/_34876_/X
 mprj/_34877_/X
 mprj/_34878_/X
 mprj/_34879_/X
 mprj/_34880_/X
 mprj/_34881_/X
 mprj/_34882_/X
 mprj/_34883_/X
 mprj/_34884_/X
 mprj/_34885_/X
 mprj/_34886_/X
 mprj/_34887_/X
 mprj/_34888_/X
 mprj/_34889_/X
 mprj/_34890_/X
 mprj/_34891_/X
 mprj/_34892_/X
 mprj/_34893_/X
 mprj/_34894_/X
 mprj/_34895_/X
 mprj/_34896_/X
 mprj/_34897_/X
 mprj/_34898_/X
 mprj/_34899_/X
 mprj/_34900_/X
 mprj/_34901_/X
 mprj/_34902_/X
 mprj/_34903_/X
 mprj/_34904_/X
 mprj/_34905_/X
 mprj/_34906_/X
 mprj/_34907_/X
 mprj/_34908_/X
 mprj/_34909_/X
 mprj/_34910_/X
 mprj/_34911_/X
 mprj/_34912_/X
 mprj/_34913_/X
 mprj/_34914_/X
 mprj/_34915_/X
 mprj/_34916_/X
 mprj/_34917_/X
 mprj/_34918_/X
 mprj/_34919_/X
 mprj/_34920_/X
 mprj/_34921_/X
 mprj/_34922_/X
 mprj/_34923_/X
 mprj/_34924_/X
 mprj/_34925_/X
 mprj/_34926_/X
 mprj/_34927_/X
 mprj/_34928_/X
 mprj/_34929_/X
 mprj/_34930_/X
 mprj/_34931_/Y
 mprj/_34932_/X
 mprj/_34933_/X
 mprj/_34934_/X
 mprj/_34935_/X
 mprj/_34936_/X
 mprj/_34937_/Y
 mprj/_34938_/Y
 mprj/_34939_/Y
 mprj/_34940_/X
 mprj/_34941_/X
 mprj/_34942_/X
 mprj/_34943_/X
 mprj/_34944_/X
 mprj/_34945_/X
 mprj/_34946_/X
 mprj/_34947_/X
 mprj/_34948_/X
 mprj/_34949_/X
 mprj/_34950_/X
 mprj/_34951_/X
 mprj/_34952_/X
 mprj/_34953_/X
 mprj/_34954_/X
 mprj/_34955_/X
 mprj/_34956_/X
 mprj/_34957_/X
 mprj/_34958_/X
 mprj/_34959_/X
 mprj/_34960_/X
 mprj/_34961_/X
 mprj/_34962_/X
 mprj/_34963_/X
 mprj/_34964_/X
 mprj/_34965_/X
 mprj/_34966_/X
 mprj/_34967_/X
 mprj/_34968_/X
 mprj/_34969_/X
 mprj/_34970_/X
 mprj/_34971_/X
 mprj/_34972_/X
 mprj/_34973_/X
 mprj/_34974_/X
 mprj/_34975_/X
 mprj/_34976_/X
 mprj/_34977_/Y
 mprj/_34978_/Y
 mprj/_34979_/Y
 mprj/_34980_/X
 mprj/_34981_/X
 mprj/_34982_/X
 mprj/_34983_/Y
 mprj/_34984_/X
 mprj/_34985_/X
 mprj/_34986_/X
 mprj/_34987_/X
 mprj/_34988_/X
 mprj/_34989_/Y
 mprj/_34990_/Y
 mprj/_34991_/Y
 mprj/_34992_/X
 mprj/_34993_/X
 mprj/_34994_/Y
 mprj/_34995_/Y
 mprj/_34996_/X
 mprj/_34997_/X
 mprj/_34998_/X
 mprj/_34999_/X
 mprj/_35000_/X
 mprj/_35001_/X
 mprj/_35002_/X
 mprj/_35003_/X
 mprj/_35004_/X
 mprj/_35005_/X
 mprj/_35006_/X
 mprj/_35007_/X
 mprj/_35008_/X
 mprj/_35009_/X
 mprj/_35010_/X
 mprj/_35011_/X
 mprj/_35012_/X
 mprj/_35013_/X
 mprj/_35014_/X
 mprj/_35015_/X
 mprj/_35016_/X
 mprj/_35017_/X
 mprj/_35018_/X
 mprj/_35019_/X
 mprj/_35020_/X
 mprj/_35021_/X
 mprj/_35022_/X
 mprj/_35023_/X
 mprj/_35024_/X
 mprj/_35025_/X
 mprj/_35026_/X
 mprj/_35027_/X
 mprj/_35028_/X
 mprj/_35029_/X
 mprj/_35030_/X
 mprj/_35031_/X
 mprj/_35032_/X
 mprj/_35033_/X
 mprj/_35034_/X
 mprj/_35035_/X
 mprj/_35036_/Y
 mprj/_35037_/Y
 mprj/_35038_/Y
 mprj/_35039_/X
 mprj/_35040_/X
 mprj/_35041_/X
 mprj/_35042_/X
 mprj/_35043_/X
 mprj/_35044_/X
 mprj/_35045_/X
 mprj/_35046_/X
 mprj/_35047_/X
 mprj/_35048_/X
 mprj/_35049_/X
 mprj/_35050_/X
 mprj/_35051_/X
 mprj/_35052_/X
 mprj/_35053_/X
 mprj/_35054_/X
 mprj/_35055_/X
 mprj/_35056_/X
 mprj/_35057_/X
 mprj/_35058_/X
 mprj/_35059_/X
 mprj/_35060_/X
 mprj/_35061_/X
 mprj/_35062_/X
 mprj/_35063_/X
 mprj/_35064_/X
 mprj/_35065_/X
 mprj/_35066_/X
 mprj/_35067_/X
 mprj/_35068_/X
 mprj/_35069_/X
 mprj/_35070_/X
 mprj/_35071_/X
 mprj/_35072_/X
 mprj/_35073_/X
 mprj/_35074_/X
 mprj/_35075_/X
 mprj/_35076_/X
 mprj/_35077_/Y
 mprj/_35078_/Y
 mprj/_35079_/X
 mprj/_35080_/Y
 mprj/_35081_/X
 mprj/_35082_/X
 mprj/_35083_/X
 mprj/_35084_/X
 mprj/_35085_/X
 mprj/_35086_/Y
 mprj/_35087_/X
 mprj/_35088_/Y
 mprj/_35089_/X
 mprj/_35090_/X
 mprj/_35091_/X
 mprj/_35092_/X
 mprj/_35093_/X
 mprj/_35094_/X
 mprj/_35095_/X
 mprj/_35096_/X
 mprj/_35097_/X
 mprj/_35098_/X
 mprj/_35099_/X
 mprj/_35100_/X
 mprj/_35101_/X
 mprj/_35102_/X
 mprj/_35103_/X
 mprj/_35104_/X
 mprj/_35105_/X
 mprj/_35106_/X
 mprj/_35107_/X
 mprj/_35108_/X
 mprj/_35109_/X
 mprj/_35110_/X
 mprj/_35111_/X
 mprj/_35112_/X
 mprj/_35113_/X
 mprj/_35114_/X
 mprj/_35115_/X
 mprj/_35116_/X
 mprj/_35117_/X
 mprj/_35118_/X
 mprj/_35119_/X
 mprj/_35120_/X
 mprj/_35121_/X
 mprj/_35122_/X
 mprj/_35123_/X
 mprj/_35124_/X
 mprj/_35125_/X
 mprj/_35126_/Y
 mprj/_35127_/X
 mprj/_35128_/X
 mprj/_35129_/Y
 mprj/_35130_/X
 mprj/_35131_/Y
 mprj/_35132_/X
 mprj/_35133_/Y
 mprj/_35134_/Y
 mprj/_35135_/Y
 mprj/_35136_/X
 mprj/_35137_/Y
 mprj/_35138_/Y
 mprj/_35139_/X
 mprj/_35140_/X
 mprj/_35141_/X
 mprj/_35142_/X
 mprj/_35143_/X
 mprj/_35144_/X
 mprj/_35145_/X
 mprj/_35146_/X
 mprj/_35147_/X
 mprj/_35148_/X
 mprj/_35149_/X
 mprj/_35150_/X
 mprj/_35151_/X
 mprj/_35152_/X
 mprj/_35153_/X
 mprj/_35154_/X
 mprj/_35155_/X
 mprj/_35156_/X
 mprj/_35157_/X
 mprj/_35158_/X
 mprj/_35159_/X
 mprj/_35160_/X
 mprj/_35161_/X
 mprj/_35162_/X
 mprj/_35163_/X
 mprj/_35164_/X
 mprj/_35165_/X
 mprj/_35166_/X
 mprj/_35167_/X
 mprj/_35168_/X
 mprj/_35169_/X
 mprj/_35170_/X
 mprj/_35171_/X
 mprj/_35172_/X
 mprj/_35173_/X
 mprj/_35174_/X
 mprj/_35175_/X
 mprj/_35176_/X
 mprj/_35177_/X
 mprj/_35178_/X
 mprj/_35179_/X
 mprj/_35180_/X
 mprj/_35181_/X
 mprj/_35182_/X
 mprj/_35183_/X
 mprj/_35184_/X
 mprj/_35185_/X
 mprj/_35186_/X
 mprj/_35187_/X
 mprj/_35188_/X
 mprj/_35189_/X
 mprj/_35190_/X
 mprj/_35191_/X
 mprj/_35192_/X
 mprj/_35193_/X
 mprj/_35194_/X
 mprj/_35195_/X
 mprj/_35196_/X
 mprj/_35197_/Y
 mprj/_35198_/X
 mprj/_35199_/Y
 mprj/_35200_/Y
 mprj/_35201_/X
 mprj/_35202_/X
 mprj/_35203_/X
 mprj/_35204_/Y
 mprj/_35205_/X
 mprj/_35206_/X
 mprj/_35207_/Y
 mprj/_35208_/X
 mprj/_35209_/X
 mprj/_35210_/X
 mprj/_35211_/X
 mprj/_35212_/Y
 mprj/_35213_/X
 mprj/_35214_/X
 mprj/_35215_/Y
 mprj/_35216_/X
 mprj/_35217_/X
 mprj/_35218_/X
 mprj/_35219_/Y
 mprj/_35220_/X
 mprj/_35221_/X
 mprj/_35222_/Y
 mprj/_35223_/X
 mprj/_35224_/X
 mprj/_35225_/X
 mprj/_35226_/X
 mprj/_35227_/X
 mprj/_35228_/Y
 mprj/_35229_/X
 mprj/_35230_/X
 mprj/_35231_/X
 mprj/_35232_/Y
 mprj/_35233_/X
 mprj/_35234_/X
 mprj/_35235_/X
 mprj/_35236_/X
 mprj/_35237_/X
 mprj/_35238_/X
 mprj/_35239_/X
 mprj/_35240_/X
 mprj/_35241_/X
 mprj/_35242_/X
 mprj/_35243_/X
 mprj/_35244_/X
 mprj/_35245_/X
 mprj/_35246_/X
 mprj/_35247_/X
 mprj/_35248_/X
 mprj/_35249_/X
 mprj/_35250_/X
 mprj/_35251_/X
 mprj/_35252_/X
 mprj/_35253_/X
 mprj/_35254_/X
 mprj/_35255_/X
 mprj/_35256_/X
 mprj/_35257_/X
 mprj/_35258_/X
 mprj/_35259_/X
 mprj/_35260_/X
 mprj/_35261_/X
 mprj/_35262_/X
 mprj/_35263_/X
 mprj/_35264_/X
 mprj/_35265_/X
 mprj/_35266_/X
 mprj/_35267_/X
 mprj/_35268_/X
 mprj/_35269_/X
 mprj/_35270_/X
 mprj/_35271_/Y
 mprj/_35272_/Y
 mprj/_35273_/Y
 mprj/_35274_/X
 mprj/_35275_/X
 mprj/_35276_/X
 mprj/_35277_/X
 mprj/_35278_/Y
 mprj/_35279_/X
 mprj/_35280_/X
 mprj/_35281_/Y
 mprj/_35282_/X
 mprj/_35283_/Y
 mprj/_35284_/Y
 mprj/_35285_/X
 mprj/_35286_/Y
 mprj/_35287_/X
 mprj/_35288_/Y
 mprj/_35289_/X
 mprj/_35290_/X
 mprj/_35291_/Y
 mprj/_35292_/Y
 mprj/_35293_/X
 mprj/_35294_/Y
 mprj/_35295_/Y
 mprj/_35296_/X
 mprj/_35297_/X
 mprj/_35298_/X
 mprj/_35299_/X
 mprj/_35300_/X
 mprj/_35301_/X
 mprj/_35302_/X
 mprj/_35303_/X
 mprj/_35304_/X
 mprj/_35305_/X
 mprj/_35306_/X
 mprj/_35307_/X
 mprj/_35308_/X
 mprj/_35309_/X
 mprj/_35310_/X
 mprj/_35311_/X
 mprj/_35312_/X
 mprj/_35313_/X
 mprj/_35314_/X
 mprj/_35315_/X
 mprj/_35316_/X
 mprj/_35317_/X
 mprj/_35318_/X
 mprj/_35319_/X
 mprj/_35320_/X
 mprj/_35321_/X
 mprj/_35322_/X
 mprj/_35323_/X
 mprj/_35324_/X
 mprj/_35325_/X
 mprj/_35326_/X
 mprj/_35327_/X
 mprj/_35328_/X
 mprj/_35329_/X
 mprj/_35330_/X
 mprj/_35331_/X
 mprj/_35332_/X
 mprj/_35333_/X
 mprj/_35334_/X
 mprj/_35335_/X
 mprj/_35336_/X
 mprj/_35337_/X
 mprj/_35338_/X
 mprj/_35339_/X
 mprj/_35340_/X
 mprj/_35341_/X
 mprj/_35342_/X
 mprj/_35343_/X
 mprj/_35344_/X
 mprj/_35345_/X
 mprj/_35346_/X
 mprj/_35347_/X
 mprj/_35348_/X
 mprj/_35349_/X
 mprj/_35350_/Y
 mprj/_35351_/X
 mprj/_35352_/X
 mprj/_35353_/Y
 mprj/_35354_/X
 mprj/_35355_/X
 mprj/_35356_/X
 mprj/_35357_/Y
 mprj/_35358_/X
 mprj/_35359_/Y
 mprj/_35360_/Y
 mprj/_35361_/Y
 mprj/_35362_/Y
 mprj/_35363_/X
 mprj/_35364_/X
 mprj/_35365_/X
 mprj/_35366_/X
 mprj/_35367_/Y
 mprj/_35368_/Y
 mprj/_35369_/Y
 mprj/_35370_/Y
 mprj/_35371_/Y
 mprj/_35372_/Y
 mprj/_35373_/Y
 mprj/_35374_/X
 mprj/_35375_/X
 mprj/_35376_/Y
 mprj/_35377_/X
 mprj/_35378_/Y
 mprj/_35379_/Y
 mprj/_35380_/X
 mprj/_35381_/X
 mprj/_35382_/Y
 mprj/_35383_/X
 mprj/_35384_/X
 mprj/_35385_/X
 mprj/_35386_/X
 mprj/_35387_/X
 mprj/_35388_/X
 mprj/_35389_/X
 mprj/_35390_/X
 mprj/_35391_/X
 mprj/_35392_/X
 mprj/_35393_/X
 mprj/_35394_/Y
 mprj/_35395_/Y
 mprj/_35396_/Y
 mprj/_35397_/Y
 mprj/_35398_/Y
 mprj/_35399_/Y
 mprj/_35400_/Y
 mprj/_35401_/Y
 mprj/_35402_/X
 mprj/_35403_/Y
 mprj/_35404_/Y
 mprj/_35405_/Y
 mprj/_35406_/Y
 mprj/_35407_/Y
 mprj/_35408_/X
 mprj/_35409_/X
 mprj/_35410_/Y
 mprj/_35411_/X
 mprj/_35412_/X
 mprj/_35413_/Y
 mprj/_35414_/X
 mprj/_35415_/X
 mprj/_35416_/Y
 mprj/_35417_/X
 mprj/_35418_/Y
 mprj/_35419_/Y
 mprj/_35420_/X
 mprj/_35421_/Y
 mprj/_35422_/Y
 mprj/_35423_/X
 mprj/_35424_/Y
 mprj/_35425_/X
 mprj/_35426_/X
 mprj/_35427_/Y
 mprj/_35428_/X
 mprj/_35429_/Y
 mprj/_35430_/X
 mprj/_35431_/Y
 mprj/_35432_/X
 mprj/_35433_/X
 mprj/_35434_/Y
 mprj/_35435_/Y
 mprj/_35436_/X
 mprj/_35437_/Y
 mprj/_35438_/X
 mprj/_35439_/X
 mprj/_35440_/Y
 mprj/_35441_/X
 mprj/_35442_/Y
 mprj/_35443_/Y
 mprj/_35444_/Y
 mprj/_35445_/X
 mprj/_35446_/X
 mprj/_35447_/X
 mprj/_35448_/Y
 mprj/_35449_/Y
 mprj/_35450_/X
 mprj/_35451_/Y
 mprj/_35452_/Y
 mprj/_35453_/Y
 mprj/_35454_/X
 mprj/_35455_/Y
 mprj/_35456_/X
 mprj/_35457_/X
 mprj/_35458_/X
 mprj/_35459_/X
 mprj/_35460_/Y
 mprj/_35461_/Y
 mprj/_35462_/X
 mprj/_35463_/X
 mprj/_35464_/Y
 mprj/_35465_/X
 mprj/_35466_/X
 mprj/_35467_/Y
 mprj/_35468_/X
 mprj/_35469_/Y
 mprj/_35470_/X
 mprj/_35471_/Y
 mprj/_35472_/Y
 mprj/_35473_/Y
 mprj/_35474_/X
 mprj/_35475_/X
 mprj/_35476_/X
 mprj/_35477_/X
 mprj/_35478_/X
 mprj/_35479_/Y
 mprj/_35480_/Y
 mprj/_35481_/Y
 mprj/_35482_/Y
 mprj/_35483_/Y
 mprj/_35484_/X
 mprj/_35485_/Y
 mprj/_35486_/X
 mprj/_35487_/Y
 mprj/_35488_/X
 mprj/_35489_/Y
 mprj/_35490_/X
 mprj/_35491_/Y
 mprj/_35492_/X
 mprj/_35493_/Y
 mprj/_35494_/X
 mprj/_35495_/Y
 mprj/_35496_/Y
 mprj/_35497_/Y
 mprj/_35498_/Y
 mprj/_35499_/Y
 mprj/_35500_/X
 mprj/_35501_/X
 mprj/_35502_/X
 mprj/_35503_/Y
 mprj/_35504_/Y
 mprj/_35505_/X
 mprj/_35506_/X
 mprj/_35507_/X
 mprj/_35508_/Y
 mprj/_35509_/X
 mprj/_35510_/Y
 mprj/_35511_/Y
 mprj/_35512_/X
 mprj/_35513_/X
 mprj/_35514_/Y
 mprj/_35515_/Y
 mprj/_35516_/X
 mprj/_35517_/X
 mprj/_35518_/Y
 mprj/_35519_/Y
 mprj/_35520_/Y
 mprj/_35521_/X
 mprj/_35522_/Y
 mprj/_35523_/X
 mprj/_35524_/X
 mprj/_35525_/Y
 mprj/_35526_/Y
 mprj/_35527_/X
 mprj/_35528_/X
 mprj/_35529_/Y
 mprj/_35530_/Y
 mprj/_35531_/Y
 mprj/_35532_/Y
 mprj/_35533_/X
 mprj/_35534_/X
 mprj/_35535_/X
 mprj/_35536_/Y
 mprj/_35537_/X
 mprj/_35538_/Y
 mprj/_35539_/X
 mprj/_35540_/Y
 mprj/_35541_/X
 mprj/_35542_/X
 mprj/_35543_/X
 mprj/_35544_/X
 mprj/_35545_/X
 mprj/_35546_/Y
 mprj/_35547_/Y
 mprj/_35548_/X
 mprj/_35549_/Y
 mprj/_35550_/X
 mprj/_35551_/Y
 mprj/_35552_/Y
 mprj/_35553_/Y
 mprj/_35554_/Y
 mprj/_35555_/X
 mprj/_35556_/X
 mprj/_35557_/X
 mprj/_35558_/X
 mprj/_35559_/X
 mprj/_35560_/X
 mprj/_35561_/Y
 mprj/_35562_/X
 mprj/_35563_/Y
 mprj/_35564_/Y
 mprj/_35565_/X
 mprj/_35566_/X
 mprj/_35567_/Y
 mprj/_35568_/X
 mprj/_35569_/Y
 mprj/_35570_/X
 mprj/_35571_/Y
 mprj/_35572_/Y
 mprj/_35573_/X
 mprj/_35574_/X
 mprj/_35575_/Y
 mprj/_35576_/X
 mprj/_35577_/X
 mprj/_35578_/X
 mprj/_35579_/X
 mprj/_35580_/X
 mprj/_35581_/Y
 mprj/_35582_/X
 mprj/_35583_/X
 mprj/_35584_/Y
 mprj/_35585_/X
 mprj/_35586_/Y
 mprj/_35587_/Y
 mprj/_35588_/X
 mprj/_35589_/X
 mprj/_35590_/Y
 mprj/_35591_/X
 mprj/_35592_/X
 mprj/_35593_/Y
 mprj/_35594_/X
 mprj/_35595_/Y
 mprj/_35596_/Y
 mprj/_35597_/Y
 mprj/_35598_/X
 mprj/_35599_/Y
 mprj/_35600_/Y
 mprj/_35601_/Y
 mprj/_35602_/X
 mprj/_35603_/Y
 mprj/_35604_/Y
 mprj/_35605_/X
 mprj/_35606_/Y
 mprj/_35607_/X
 mprj/_35608_/Y
 mprj/_35609_/Y
 mprj/_35610_/X
 mprj/_35611_/X
 mprj/_35612_/X
 mprj/_35613_/Y
 mprj/_35614_/Y
 mprj/_35615_/X
 mprj/_35616_/Y
 mprj/_35617_/Y
 mprj/_35618_/Y
 mprj/_35619_/X
 mprj/_35620_/Y
 mprj/_35621_/Y
 mprj/_35622_/X
 mprj/_35623_/X
 mprj/_35624_/Y
 mprj/_35625_/X
 mprj/_35626_/Y
 mprj/_35627_/X
 mprj/_35628_/X
 mprj/_35629_/X
 mprj/_35630_/X
 mprj/_35631_/X
 mprj/_35632_/Y
 mprj/_35633_/X
 mprj/_35634_/Y
 mprj/_35635_/Y
 mprj/_35636_/Y
 mprj/_35637_/Y
 mprj/_35638_/Y
 mprj/_35639_/Y
 mprj/_35640_/X
 mprj/_35641_/Y
 mprj/_35642_/Y
 mprj/_35643_/Y
 mprj/_35644_/X
 mprj/_35645_/Y
 mprj/_35646_/Y
 mprj/_35647_/Y
 mprj/_35648_/Y
 mprj/_35649_/X
 mprj/_35650_/X
 mprj/_35651_/X
 mprj/_35652_/X
 mprj/_35653_/Y
 mprj/_35654_/Y
 mprj/_35655_/X
 mprj/_35656_/Y
 mprj/_35657_/Y
 mprj/_35658_/X
 mprj/_35659_/Y
 mprj/_35660_/Y
 mprj/_35661_/Y
 mprj/_35662_/Y
 mprj/_35663_/X
 mprj/_35664_/Y
 mprj/_35665_/Y
 mprj/_35666_/Y
 mprj/_35667_/X
 mprj/_35668_/Y
 mprj/_35669_/X
 mprj/_35670_/Y
 mprj/_35671_/Y
 mprj/_35672_/X
 mprj/_35673_/X
 mprj/_35674_/Y
 mprj/_35675_/X
 mprj/_35676_/X
 mprj/_35677_/X
 mprj/_35678_/X
 mprj/_35679_/X
 mprj/_35680_/X
 mprj/_35681_/X
 mprj/_35682_/X
 mprj/_35683_/X
 mprj/_35684_/X
 mprj/_35685_/X
 mprj/_35686_/X
 mprj/_35687_/X
 mprj/_35688_/X
 mprj/_35689_/X
 mprj/_35690_/X
 mprj/_35691_/X
 mprj/_35692_/X
 mprj/_35693_/X
 mprj/_35694_/X
 mprj/_35695_/X
 mprj/_35696_/X
 mprj/_35697_/X
 mprj/_35698_/X
 mprj/_35699_/X
 mprj/_35700_/X
 mprj/_35701_/X
 mprj/_35702_/X
 mprj/_35703_/X
 mprj/_35704_/X
 mprj/_35705_/X
 mprj/_35706_/X
 mprj/_35707_/X
 mprj/_35708_/X
 mprj/_35709_/X
 mprj/_35710_/X
 mprj/_35711_/X
 mprj/_35712_/X
 mprj/_35713_/X
 mprj/_35714_/X
 mprj/_35715_/X
 mprj/_35716_/X
 mprj/_35717_/X
 mprj/_35718_/X
 mprj/_35719_/X
 mprj/_35720_/X
 mprj/_35721_/X
 mprj/_35722_/X
 mprj/_35723_/X
 mprj/_35724_/X
 mprj/_35725_/X
 mprj/_35726_/X
 mprj/_35727_/X
 mprj/_35728_/X
 mprj/_35729_/X
 mprj/_35730_/X
 mprj/_35731_/X
 mprj/_35732_/X
 mprj/_35733_/Y
 mprj/_35734_/Y
 mprj/_35735_/Y
 mprj/_35736_/Y
 mprj/_35737_/X
 mprj/_35738_/X
 mprj/_35739_/Y
 mprj/_35740_/X
 mprj/_35741_/X
 mprj/_35742_/Y
 mprj/_35743_/X
 mprj/_35744_/Y
 mprj/_35745_/Y
 mprj/_35746_/X
 mprj/_35747_/X
 mprj/_35748_/X
 mprj/_35749_/Y
 mprj/_35750_/Y
 mprj/_35751_/X
 mprj/_35752_/Y
 mprj/_35753_/X
 mprj/_35754_/X
 mprj/_35755_/Y
 mprj/_35756_/Y
 mprj/_35757_/Y
 mprj/_35758_/X
 mprj/_35759_/X
 mprj/_35760_/X
 mprj/_35761_/X
 mprj/_35762_/X
 mprj/_35763_/X
 mprj/_35764_/X
 mprj/_35765_/X
 mprj/_35766_/X
 mprj/_35767_/X
 mprj/_35768_/X
 mprj/_35769_/X
 mprj/_35770_/X
 mprj/_35771_/X
 mprj/_35772_/X
 mprj/_35773_/X
 mprj/_35774_/X
 mprj/_35775_/X
 mprj/_35776_/X
 mprj/_35777_/X
 mprj/_35778_/X
 mprj/_35779_/X
 mprj/_35780_/X
 mprj/_35781_/X
 mprj/_35782_/X
 mprj/_35783_/X
 mprj/_35784_/X
 mprj/_35785_/X
 mprj/_35786_/X
 mprj/_35787_/X
 mprj/_35788_/X
 mprj/_35789_/X
 mprj/_35790_/X
 mprj/_35791_/X
 mprj/_35792_/X
 mprj/_35793_/X
 mprj/_35794_/X
 mprj/_35795_/X
 mprj/_35796_/X
 mprj/_35797_/X
 mprj/_35798_/X
 mprj/_35799_/X
 mprj/_35800_/X
 mprj/_35801_/X
 mprj/_35802_/X
 mprj/_35803_/X
 mprj/_35804_/X
 mprj/_35805_/X
 mprj/_35806_/X
 mprj/_35807_/X
 mprj/_35808_/X
 mprj/_35809_/X
 mprj/_35810_/X
 mprj/_35811_/X
 mprj/_35812_/X
 mprj/_35813_/X
 mprj/_35814_/X
 mprj/_35815_/X
 mprj/_35816_/X
 mprj/_35817_/Y
 mprj/_35818_/X
 mprj/_35819_/Y
 mprj/_35820_/X
 mprj/_35821_/Y
 mprj/_35822_/Y
 mprj/_35823_/X
 mprj/_35824_/Y
 mprj/_35825_/Y
 mprj/_35826_/X
 mprj/_35827_/X
 mprj/_35828_/X
 mprj/_35829_/Y
 mprj/_35830_/Y
 mprj/_35831_/X
 mprj/_35832_/Y
 mprj/_35833_/Y
 mprj/_35834_/X
 mprj/_35835_/Y
 mprj/_35836_/X
 mprj/_35837_/X
 mprj/_35838_/Y
 mprj/_35839_/X
 mprj/_35840_/X
 mprj/_35841_/Y
 mprj/_35842_/X
 mprj/_35843_/X
 mprj/_35844_/Y
 mprj/_35845_/X
 mprj/_35846_/X
 mprj/_35847_/Y
 mprj/_35848_/Y
 mprj/_35849_/Y
 mprj/_35850_/Y
 mprj/_35851_/Y
 mprj/_35852_/X
 mprj/_35853_/Y
 mprj/_35854_/X
 mprj/_35855_/Y
 mprj/_35856_/X
 mprj/_35857_/X
 mprj/_35858_/X
 mprj/_35859_/X
 mprj/_35860_/X
 mprj/_35861_/X
 mprj/_35862_/X
 mprj/_35863_/X
 mprj/_35864_/X
 mprj/_35865_/X
 mprj/_35866_/X
 mprj/_35867_/X
 mprj/_35868_/X
 mprj/_35869_/X
 mprj/_35870_/X
 mprj/_35871_/X
 mprj/_35872_/X
 mprj/_35873_/X
 mprj/_35874_/X
 mprj/_35875_/X
 mprj/_35876_/X
 mprj/_35877_/X
 mprj/_35878_/X
 mprj/_35879_/X
 mprj/_35880_/X
 mprj/_35881_/X
 mprj/_35882_/X
 mprj/_35883_/X
 mprj/_35884_/X
 mprj/_35885_/X
 mprj/_35886_/X
 mprj/_35887_/X
 mprj/_35888_/X
 mprj/_35889_/X
 mprj/_35890_/X
 mprj/_35891_/X
 mprj/_35892_/X
 mprj/_35893_/X
 mprj/_35894_/X
 mprj/_35895_/X
 mprj/_35896_/X
 mprj/_35897_/X
 mprj/_35898_/X
 mprj/_35899_/X
 mprj/_35900_/X
 mprj/_35901_/X
 mprj/_35902_/X
 mprj/_35903_/X
 mprj/_35904_/X
 mprj/_35905_/X
 mprj/_35906_/X
 mprj/_35907_/X
 mprj/_35908_/X
 mprj/_35909_/Y
 mprj/_35910_/X
 mprj/_35911_/X
 mprj/_35912_/Y
 mprj/_35913_/X
 mprj/_35914_/Y
 mprj/_35915_/X
 mprj/_35916_/Y
 mprj/_35917_/Y
 mprj/_35918_/Y
 mprj/_35919_/Y
 mprj/_35920_/X
 mprj/_35921_/Y
 mprj/_35922_/Y
 mprj/_35923_/Y
 mprj/_35924_/X
 mprj/_35925_/Y
 mprj/_35926_/X
 mprj/_35927_/X
 mprj/_35928_/X
 mprj/_35929_/X
 mprj/_35930_/Y
 mprj/_35931_/X
 mprj/_35932_/Y
 mprj/_35933_/X
 mprj/_35934_/Y
 mprj/_35935_/Y
 mprj/_35936_/X
 mprj/_35937_/Y
 mprj/_35938_/Y
 mprj/_35939_/X
 mprj/_35940_/X
 mprj/_35941_/Y
 mprj/_35942_/X
 mprj/_35943_/X
 mprj/_35944_/X
 mprj/_35945_/Y
 mprj/_35946_/Y
 mprj/_35947_/X
 mprj/_35948_/X
 mprj/_35949_/X
 mprj/_35950_/Y
 mprj/_35951_/Y
 mprj/_35952_/Y
 mprj/_35953_/Y
 mprj/_35954_/X
 mprj/_35955_/Y
 mprj/_35956_/Y
 mprj/_35957_/Y
 mprj/_35958_/Y
 mprj/_35959_/X
 mprj/_35960_/Y
 mprj/_35961_/X
 mprj/_35962_/X
 mprj/_35963_/X
 mprj/_35964_/X
 mprj/_35965_/X
 mprj/_35966_/X
 mprj/_35967_/X
 mprj/_35968_/X
 mprj/_35969_/X
 mprj/_35970_/X
 mprj/_35971_/X
 mprj/_35972_/X
 mprj/_35973_/X
 mprj/_35974_/X
 mprj/_35975_/X
 mprj/_35976_/X
 mprj/_35977_/X
 mprj/_35978_/X
 mprj/_35979_/X
 mprj/_35980_/X
 mprj/_35981_/X
 mprj/_35982_/X
 mprj/_35983_/X
 mprj/_35984_/X
 mprj/_35985_/X
 mprj/_35986_/X
 mprj/_35987_/X
 mprj/_35988_/X
 mprj/_35989_/X
 mprj/_35990_/X
 mprj/_35991_/X
 mprj/_35992_/X
 mprj/_35993_/X
 mprj/_35994_/X
 mprj/_35995_/X
 mprj/_35996_/X
 mprj/_35997_/X
 mprj/_35998_/X
 mprj/_35999_/X
 mprj/_36000_/X
 mprj/_36001_/X
 mprj/_36002_/X
 mprj/_36003_/X
 mprj/_36004_/X
 mprj/_36005_/X
 mprj/_36006_/X
 mprj/_36007_/X
 mprj/_36008_/X
 mprj/_36009_/X
 mprj/_36010_/X
 mprj/_36011_/X
 mprj/_36012_/X
 mprj/_36013_/X
 mprj/_36014_/X
 mprj/_36015_/X
 mprj/_36016_/X
 mprj/_36017_/X
 mprj/_36018_/X
 mprj/_36019_/Y
 mprj/_36020_/Y
 mprj/_36021_/X
 mprj/_36022_/X
 mprj/_36023_/Y
 mprj/_36024_/X
 mprj/_36025_/X
 mprj/_36026_/Y
 mprj/_36027_/Y
 mprj/_36028_/Y
 mprj/_36029_/Y
 mprj/_36030_/X
 mprj/_36031_/Y
 mprj/_36032_/X
 mprj/_36033_/X
 mprj/_36034_/X
 mprj/_36035_/Y
 mprj/_36036_/Y
 mprj/_36037_/Y
 mprj/_36038_/Y
 mprj/_36039_/X
 mprj/_36040_/X
 mprj/_36041_/Y
 mprj/_36042_/Y
 mprj/_36043_/X
 mprj/_36044_/X
 mprj/_36045_/Y
 mprj/_36046_/X
 mprj/_36047_/X
 mprj/_36048_/Y
 mprj/_36049_/Y
 mprj/_36050_/X
 mprj/_36051_/X
 mprj/_36052_/X
 mprj/_36053_/Y
 mprj/_36054_/Y
 mprj/_36055_/Y
 mprj/_36056_/X
 mprj/_36057_/X
 mprj/_36058_/X
 mprj/_36059_/Y
 mprj/_36060_/Y
 mprj/_36061_/X
 mprj/_36062_/X
 mprj/_36063_/Y
 mprj/_36064_/X
 mprj/_36065_/X
 mprj/_36066_/X
 mprj/_36067_/Y
 mprj/_36068_/Y
 mprj/_36069_/X
 mprj/_36070_/Y
 mprj/_36071_/Y
 mprj/_36072_/Y
 mprj/_36073_/Y
 mprj/_36074_/X
 mprj/_36075_/Y
 mprj/_36076_/X
 mprj/_36077_/X
 mprj/_36078_/X
 mprj/_36079_/X
 mprj/_36080_/X
 mprj/_36081_/X
 mprj/_36082_/X
 mprj/_36083_/X
 mprj/_36084_/X
 mprj/_36085_/X
 mprj/_36086_/X
 mprj/_36087_/X
 mprj/_36088_/X
 mprj/_36089_/X
 mprj/_36090_/X
 mprj/_36091_/X
 mprj/_36092_/X
 mprj/_36093_/X
 mprj/_36094_/X
 mprj/_36095_/X
 mprj/_36096_/X
 mprj/_36097_/X
 mprj/_36098_/X
 mprj/_36099_/X
 mprj/_36100_/X
 mprj/_36101_/X
 mprj/_36102_/X
 mprj/_36103_/X
 mprj/_36104_/X
 mprj/_36105_/X
 mprj/_36106_/X
 mprj/_36107_/X
 mprj/_36108_/X
 mprj/_36109_/X
 mprj/_36110_/X
 mprj/_36111_/X
 mprj/_36112_/X
 mprj/_36113_/X
 mprj/_36114_/X
 mprj/_36115_/X
 mprj/_36116_/X
 mprj/_36117_/X
 mprj/_36118_/X
 mprj/_36119_/X
 mprj/_36120_/X
 mprj/_36121_/X
 mprj/_36122_/X
 mprj/_36123_/X
 mprj/_36124_/X
 mprj/_36125_/X
 mprj/_36126_/X
 mprj/_36127_/X
 mprj/_36128_/X
 mprj/_36129_/X
 mprj/_36130_/X
 mprj/_36131_/X
 mprj/_36132_/X
 mprj/_36133_/X
 mprj/_36134_/X
 mprj/_36135_/X
 mprj/_36136_/Y
 mprj/_36137_/Y
 mprj/_36138_/X
 mprj/_36139_/Y
 mprj/_36140_/Y
 mprj/_36141_/Y
 mprj/_36142_/X
 mprj/_36143_/X
 mprj/_36144_/X
 mprj/_36145_/Y
 mprj/_36146_/Y
 mprj/_36147_/Y
 mprj/_36148_/Y
 mprj/_36149_/X
 mprj/_36150_/X
 mprj/_36151_/Y
 mprj/_36152_/X
 mprj/_36153_/Y
 mprj/_36154_/X
 mprj/_36155_/X
 mprj/_36156_/Y
 mprj/_36157_/Y
 mprj/_36158_/Y
 mprj/_36159_/X
 mprj/_36160_/Y
 mprj/_36161_/Y
 mprj/_36162_/X
 mprj/_36163_/X
 mprj/_36164_/Y
 mprj/_36165_/X
 mprj/_36166_/Y
 mprj/_36167_/X
 mprj/_36168_/Y
 mprj/_36169_/X
 mprj/_36170_/X
 mprj/_36171_/Y
 mprj/_36172_/X
 mprj/_36173_/Y
 mprj/_36174_/Y
 mprj/_36175_/X
 mprj/_36176_/Y
 mprj/_36177_/X
 mprj/_36178_/X
 mprj/_36179_/X
 mprj/_36180_/Y
 mprj/_36181_/Y
 mprj/_36182_/Y
 mprj/_36183_/X
 mprj/_36184_/X
 mprj/_36185_/X
 mprj/_36186_/X
 mprj/_36187_/X
 mprj/_36188_/X
 mprj/_36189_/X
 mprj/_36190_/X
 mprj/_36191_/X
 mprj/_36192_/X
 mprj/_36193_/X
 mprj/_36194_/X
 mprj/_36195_/X
 mprj/_36196_/X
 mprj/_36197_/X
 mprj/_36198_/X
 mprj/_36199_/X
 mprj/_36200_/X
 mprj/_36201_/X
 mprj/_36202_/X
 mprj/_36203_/X
 mprj/_36204_/X
 mprj/_36205_/X
 mprj/_36206_/X
 mprj/_36207_/X
 mprj/_36208_/X
 mprj/_36209_/X
 mprj/_36210_/X
 mprj/_36211_/X
 mprj/_36212_/X
 mprj/_36213_/X
 mprj/_36214_/X
 mprj/_36215_/X
 mprj/_36216_/X
 mprj/_36217_/X
 mprj/_36218_/X
 mprj/_36219_/X
 mprj/_36220_/X
 mprj/_36221_/X
 mprj/_36222_/X
 mprj/_36223_/X
 mprj/_36224_/X
 mprj/_36225_/X
 mprj/_36226_/X
 mprj/_36227_/X
 mprj/_36228_/X
 mprj/_36229_/X
 mprj/_36230_/X
 mprj/_36231_/X
 mprj/_36232_/X
 mprj/_36233_/X
 mprj/_36234_/X
 mprj/_36235_/X
 mprj/_36236_/X
 mprj/_36237_/X
 mprj/_36238_/X
 mprj/_36239_/Y
 mprj/_36240_/X
 mprj/_36241_/X
 mprj/_36242_/Y
 mprj/_36243_/X
 mprj/_36244_/X
 mprj/_36245_/X
 mprj/_36246_/Y
 mprj/_36247_/X
 mprj/_36248_/X
 mprj/_36249_/X
 mprj/_36250_/Y
 mprj/_36251_/Y
 mprj/_36252_/X
 mprj/_36253_/X
 mprj/_36254_/Y
 mprj/_36255_/X
 mprj/_36256_/Y
 mprj/_36257_/X
 mprj/_36258_/X
 mprj/_36259_/Y
 mprj/_36260_/Y
 mprj/_36261_/X
 mprj/_36262_/Y
 mprj/_36263_/X
 mprj/_36264_/X
 mprj/_36265_/X
 mprj/_36266_/Y
 mprj/_36267_/X
 mprj/_36268_/X
 mprj/_36269_/Y
 mprj/_36270_/Y
 mprj/_36271_/Y
 mprj/_36272_/X
 mprj/_36273_/Y
 mprj/_36274_/X
 mprj/_36275_/X
 mprj/_36276_/Y
 mprj/_36277_/X
 mprj/_36278_/X
 mprj/_36279_/X
 mprj/_36280_/Y
 mprj/_36281_/Y
 mprj/_36282_/X
 mprj/_36283_/Y
 mprj/_36284_/X
 mprj/_36285_/Y
 mprj/_36286_/X
 mprj/_36287_/Y
 mprj/_36288_/X
 mprj/_36289_/Y
 mprj/_36290_/X
 mprj/_36291_/X
 mprj/_36292_/X
 mprj/_36293_/X
 mprj/_36294_/X
 mprj/_36295_/X
 mprj/_36296_/Y
 mprj/_36297_/Y
 mprj/_36298_/X
 mprj/_36299_/X
 mprj/_36300_/Y
 mprj/_36301_/Y
 mprj/_36302_/Y
 mprj/_36303_/Y
 mprj/_36304_/X
 mprj/_36305_/Y
 mprj/_36306_/X
 mprj/_36307_/Y
 mprj/_36308_/Y
 mprj/_36309_/X
 mprj/_36310_/Y
 mprj/_36311_/Y
 mprj/_36312_/Y
 mprj/_36313_/X
 mprj/_36314_/X
 mprj/_36315_/Y
 mprj/_36316_/Y
 mprj/_36317_/Y
 mprj/_36318_/Y
 mprj/_36319_/Y
 mprj/_36320_/X
 mprj/_36321_/Y
 mprj/_36322_/X
 mprj/_36323_/X
 mprj/_36324_/X
 mprj/_36325_/X
 mprj/_36326_/X
 mprj/_36327_/X
 mprj/_36328_/X
 mprj/_36329_/X
 mprj/_36330_/X
 mprj/_36331_/X
 mprj/_36332_/X
 mprj/_36333_/X
 mprj/_36334_/X
 mprj/_36335_/X
 mprj/_36336_/X
 mprj/_36337_/X
 mprj/_36338_/X
 mprj/_36339_/X
 mprj/_36340_/X
 mprj/_36341_/X
 mprj/_36342_/X
 mprj/_36343_/X
 mprj/_36344_/X
 mprj/_36345_/X
 mprj/_36346_/X
 mprj/_36347_/X
 mprj/_36348_/X
 mprj/_36349_/X
 mprj/_36350_/X
 mprj/_36351_/X
 mprj/_36352_/X
 mprj/_36353_/X
 mprj/_36354_/X
 mprj/_36355_/X
 mprj/_36356_/X
 mprj/_36357_/X
 mprj/_36358_/X
 mprj/_36359_/X
 mprj/_36360_/X
 mprj/_36361_/X
 mprj/_36362_/X
 mprj/_36363_/X
 mprj/_36364_/X
 mprj/_36365_/X
 mprj/_36366_/X
 mprj/_36367_/X
 mprj/_36368_/X
 mprj/_36369_/X
 mprj/_36370_/X
 mprj/_36371_/X
 mprj/_36372_/X
 mprj/_36373_/X
 mprj/_36374_/X
 mprj/_36375_/X
 mprj/_36376_/X
 mprj/_36377_/X
 mprj/_36378_/X
 mprj/_36379_/X
 mprj/_36380_/Y
 mprj/_36381_/X
 mprj/_36382_/Y
 mprj/_36383_/X
 mprj/_36384_/Y
 mprj/_36385_/Y
 mprj/_36386_/X
 mprj/_36387_/X
 mprj/_36388_/Y
 mprj/_36389_/X
 mprj/_36390_/X
 mprj/_36391_/X
 mprj/_36392_/Y
 mprj/_36393_/X
 mprj/_36394_/X
 mprj/_36395_/Y
 mprj/_36396_/X
 mprj/_36397_/Y
 mprj/_36398_/Y
 mprj/_36399_/X
 mprj/_36400_/X
 mprj/_36401_/X
 mprj/_36402_/X
 mprj/_36403_/Y
 mprj/_36404_/Y
 mprj/_36405_/Y
 mprj/_36406_/Y
 mprj/_36407_/Y
 mprj/_36408_/X
 mprj/_36409_/X
 mprj/_36410_/X
 mprj/_36411_/X
 mprj/_36412_/Y
 mprj/_36413_/X
 mprj/_36414_/Y
 mprj/_36415_/X
 mprj/_36416_/X
 mprj/_36417_/Y
 mprj/_36418_/X
 mprj/_36419_/Y
 mprj/_36420_/Y
 mprj/_36421_/Y
 mprj/_36422_/X
 mprj/_36423_/Y
 mprj/_36424_/Y
 mprj/_36425_/X
 mprj/_36426_/Y
 mprj/_36427_/Y
 mprj/_36428_/Y
 mprj/_36429_/X
 mprj/_36430_/X
 mprj/_36431_/X
 mprj/_36432_/X
 mprj/_36433_/X
 mprj/_36434_/X
 mprj/_36435_/X
 mprj/_36436_/X
 mprj/_36437_/X
 mprj/_36438_/X
 mprj/_36439_/X
 mprj/_36440_/X
 mprj/_36441_/X
 mprj/_36442_/X
 mprj/_36443_/X
 mprj/_36444_/X
 mprj/_36445_/X
 mprj/_36446_/X
 mprj/_36447_/X
 mprj/_36448_/X
 mprj/_36449_/X
 mprj/_36450_/X
 mprj/_36451_/X
 mprj/_36452_/X
 mprj/_36453_/X
 mprj/_36454_/X
 mprj/_36455_/X
 mprj/_36456_/X
 mprj/_36457_/X
 mprj/_36458_/X
 mprj/_36459_/X
 mprj/_36460_/X
 mprj/_36461_/X
 mprj/_36462_/X
 mprj/_36463_/X
 mprj/_36464_/X
 mprj/_36465_/X
 mprj/_36466_/X
 mprj/_36467_/X
 mprj/_36468_/X
 mprj/_36469_/X
 mprj/_36470_/X
 mprj/_36471_/X
 mprj/_36472_/X
 mprj/_36473_/X
 mprj/_36474_/X
 mprj/_36475_/X
 mprj/_36476_/X
 mprj/_36477_/X
 mprj/_36478_/X
 mprj/_36479_/X
 mprj/_36480_/X
 mprj/_36481_/X
 mprj/_36482_/X
 mprj/_36483_/X
 mprj/_36484_/X
 mprj/_36485_/Y
 mprj/_36486_/X
 mprj/_36487_/X
 mprj/_36488_/Y
 mprj/_36489_/X
 mprj/_36490_/X
 mprj/_36491_/X
 mprj/_36492_/Y
 mprj/_36493_/X
 mprj/_36494_/X
 mprj/_36495_/X
 mprj/_36496_/Y
 mprj/_36497_/Y
 mprj/_36498_/X
 mprj/_36499_/X
 mprj/_36500_/X
 mprj/_36501_/Y
 mprj/_36502_/X
 mprj/_36503_/X
 mprj/_36504_/Y
 mprj/_36505_/Y
 mprj/_36506_/X
 mprj/_36507_/Y
 mprj/_36508_/X
 mprj/_36509_/Y
 mprj/_36510_/X
 mprj/_36511_/Y
 mprj/_36512_/X
 mprj/_36513_/X
 mprj/_36514_/Y
 mprj/_36515_/Y
 mprj/_36516_/X
 mprj/_36517_/Y
 mprj/_36518_/Y
 mprj/_36519_/X
 mprj/_36520_/Y
 mprj/_36521_/Y
 mprj/_36522_/Y
 mprj/_36523_/Y
 mprj/_36524_/Y
 mprj/_36525_/X
 mprj/_36526_/Y
 mprj/_36527_/Y
 mprj/_36528_/Y
 mprj/_36529_/X
 mprj/_36530_/X
 mprj/_36531_/X
 mprj/_36532_/Y
 mprj/_36533_/X
 mprj/_36534_/Y
 mprj/_36535_/Y
 mprj/_36536_/X
 mprj/_36537_/Y
 mprj/_36538_/Y
 mprj/_36539_/X
 mprj/_36540_/Y
 mprj/_36541_/Y
 mprj/_36542_/X
 mprj/_36543_/X
 mprj/_36544_/X
 mprj/_36545_/X
 mprj/_36546_/X
 mprj/_36547_/Y
 mprj/_36548_/Y
 mprj/_36549_/X
 mprj/_36550_/Y
 mprj/_36551_/Y
 mprj/_36552_/X
 mprj/_36553_/X
 mprj/_36554_/Y
 mprj/_36555_/X
 mprj/_36556_/Y
 mprj/_36557_/Y
 mprj/_36558_/Y
 mprj/_36559_/X
 mprj/_36560_/Y
 mprj/_36561_/Y
 mprj/_36562_/X
 mprj/_36563_/X
 mprj/_36564_/Y
 mprj/_36565_/X
 mprj/_36566_/X
 mprj/_36567_/Y
 mprj/_36568_/X
 mprj/_36569_/Y
 mprj/_36570_/X
 mprj/_36571_/X
 mprj/_36572_/Y
 mprj/_36573_/X
 mprj/_36574_/Y
 mprj/_36575_/X
 mprj/_36576_/X
 mprj/_36577_/X
 mprj/_36578_/X
 mprj/_36579_/X
 mprj/_36580_/X
 mprj/_36581_/X
 mprj/_36582_/X
 mprj/_36583_/X
 mprj/_36584_/X
 mprj/_36585_/X
 mprj/_36586_/X
 mprj/_36587_/X
 mprj/_36588_/X
 mprj/_36589_/X
 mprj/_36590_/X
 mprj/_36591_/X
 mprj/_36592_/X
 mprj/_36593_/X
 mprj/_36594_/X
 mprj/_36595_/X
 mprj/_36596_/X
 mprj/_36597_/X
 mprj/_36598_/X
 mprj/_36599_/X
 mprj/_36600_/X
 mprj/_36601_/X
 mprj/_36602_/X
 mprj/_36603_/X
 mprj/_36604_/X
 mprj/_36605_/X
 mprj/_36606_/X
 mprj/_36607_/X
 mprj/_36608_/X
 mprj/_36609_/X
 mprj/_36610_/X
 mprj/_36611_/X
 mprj/_36612_/X
 mprj/_36613_/X
 mprj/_36614_/X
 mprj/_36615_/X
 mprj/_36616_/X
 mprj/_36617_/X
 mprj/_36618_/X
 mprj/_36619_/X
 mprj/_36620_/X
 mprj/_36621_/X
 mprj/_36622_/X
 mprj/_36623_/X
 mprj/_36624_/X
 mprj/_36625_/X
 mprj/_36626_/X
 mprj/_36627_/X
 mprj/_36628_/X
 mprj/_36629_/X
 mprj/_36630_/X
 mprj/_36631_/X
 mprj/_36632_/X
 mprj/_36633_/Y
 mprj/_36634_/X
 mprj/_36635_/Y
 mprj/_36636_/X
 mprj/_36637_/Y
 mprj/_36638_/Y
 mprj/_36639_/X
 mprj/_36640_/Y
 mprj/_36641_/Y
 mprj/_36642_/Y
 mprj/_36643_/X
 mprj/_36644_/Y
 mprj/_36645_/Y
 mprj/_36646_/X
 mprj/_36647_/Y
 mprj/_36648_/Y
 mprj/_36649_/Y
 mprj/_36650_/Y
 mprj/_36651_/Y
 mprj/_36652_/Y
 mprj/_36653_/X
 mprj/_36654_/X
 mprj/_36655_/X
 mprj/_36656_/Y
 mprj/_36657_/Y
 mprj/_36658_/Y
 mprj/_36659_/Y
 mprj/_36660_/X
 mprj/_36661_/X
 mprj/_36662_/Y
 mprj/_36663_/X
 mprj/_36664_/Y
 mprj/_36665_/X
 mprj/_36666_/Y
 mprj/_36667_/X
 mprj/_36668_/Y
 mprj/_36669_/X
 mprj/_36670_/X
 mprj/_36671_/Y
 mprj/_36672_/X
 mprj/_36673_/Y
 mprj/_36674_/X
 mprj/_36675_/Y
 mprj/_36676_/Y
 mprj/_36677_/Y
 mprj/_36678_/X
 mprj/_36679_/X
 mprj/_36680_/X
 mprj/_36681_/X
 mprj/_36682_/X
 mprj/_36683_/X
 mprj/_36684_/X
 mprj/_36685_/X
 mprj/_36686_/X
 mprj/_36687_/X
 mprj/_36688_/X
 mprj/_36689_/X
 mprj/_36690_/X
 mprj/_36691_/X
 mprj/_36692_/X
 mprj/_36693_/X
 mprj/_36694_/X
 mprj/_36695_/X
 mprj/_36696_/X
 mprj/_36697_/X
 mprj/_36698_/X
 mprj/_36699_/X
 mprj/_36700_/X
 mprj/_36701_/X
 mprj/_36702_/X
 mprj/_36703_/X
 mprj/_36704_/X
 mprj/_36705_/X
 mprj/_36706_/X
 mprj/_36707_/X
 mprj/_36708_/X
 mprj/_36709_/X
 mprj/_36710_/X
 mprj/_36711_/X
 mprj/_36712_/X
 mprj/_36713_/X
 mprj/_36714_/X
 mprj/_36715_/X
 mprj/_36716_/X
 mprj/_36717_/X
 mprj/_36718_/X
 mprj/_36719_/X
 mprj/_36720_/X
 mprj/_36721_/X
 mprj/_36722_/X
 mprj/_36723_/X
 mprj/_36724_/X
 mprj/_36725_/X
 mprj/_36726_/X
 mprj/_36727_/X
 mprj/_36728_/X
 mprj/_36729_/X
 mprj/_36730_/X
 mprj/_36731_/X
 mprj/_36732_/X
 mprj/_36733_/X
 mprj/_36734_/X
 mprj/_36735_/X
 mprj/_36736_/X
 mprj/_36737_/Y
 mprj/_36738_/X
 mprj/_36739_/X
 mprj/_36740_/Y
 mprj/_36741_/X
 mprj/_36742_/X
 mprj/_36743_/X
 mprj/_36744_/Y
 mprj/_36745_/X
 mprj/_36746_/X
 mprj/_36747_/X
 mprj/_36748_/Y
 mprj/_36749_/Y
 mprj/_36750_/X
 mprj/_36751_/X
 mprj/_36752_/Y
 mprj/_36753_/Y
 mprj/_36754_/Y
 mprj/_36755_/Y
 mprj/_36756_/Y
 mprj/_36757_/Y
 mprj/_36758_/X
 mprj/_36759_/Y
 mprj/_36760_/Y
 mprj/_36761_/X
 mprj/_36762_/Y
 mprj/_36763_/X
 mprj/_36764_/Y
 mprj/_36765_/X
 mprj/_36766_/Y
 mprj/_36767_/Y
 mprj/_36768_/Y
 mprj/_36769_/Y
 mprj/_36770_/X
 mprj/_36771_/X
 mprj/_36772_/X
 mprj/_36773_/Y
 mprj/_36774_/X
 mprj/_36775_/X
 mprj/_36776_/Y
 mprj/_36777_/X
 mprj/_36778_/X
 mprj/_36779_/Y
 mprj/_36780_/Y
 mprj/_36781_/Y
 mprj/_36782_/X
 mprj/_36783_/X
 mprj/_36784_/X
 mprj/_36785_/Y
 mprj/_36786_/X
 mprj/_36787_/Y
 mprj/_36788_/X
 mprj/_36789_/X
 mprj/_36790_/Y
 mprj/_36791_/X
 mprj/_36792_/Y
 mprj/_36793_/Y
 mprj/_36794_/X
 mprj/_36795_/X
 mprj/_36796_/X
 mprj/_36797_/Y
 mprj/_36798_/Y
 mprj/_36799_/X
 mprj/_36800_/X
 mprj/_36801_/Y
 mprj/_36802_/Y
 mprj/_36803_/X
 mprj/_36804_/X
 mprj/_36805_/Y
 mprj/_36806_/X
 mprj/_36807_/X
 mprj/_36808_/X
 mprj/_36809_/X
 mprj/_36810_/Y
 mprj/_36811_/X
 mprj/_36812_/Y
 mprj/_36813_/X
 mprj/_36814_/X
 mprj/_36815_/Y
 mprj/_36816_/Y
 mprj/_36817_/Y
 mprj/_36818_/Y
 mprj/_36819_/Y
 mprj/_36820_/Y
 mprj/_36821_/Y
 mprj/_36822_/X
 mprj/_36823_/X
 mprj/_36824_/X
 mprj/_36825_/X
 mprj/_36826_/X
 mprj/_36827_/X
 mprj/_36828_/X
 mprj/_36829_/X
 mprj/_36830_/X
 mprj/_36831_/X
 mprj/_36832_/X
 mprj/_36833_/X
 mprj/_36834_/X
 mprj/_36835_/X
 mprj/_36836_/X
 mprj/_36837_/X
 mprj/_36838_/X
 mprj/_36839_/X
 mprj/_36840_/X
 mprj/_36841_/X
 mprj/_36842_/X
 mprj/_36843_/X
 mprj/_36844_/X
 mprj/_36845_/X
 mprj/_36846_/X
 mprj/_36847_/X
 mprj/_36848_/X
 mprj/_36849_/X
 mprj/_36850_/X
 mprj/_36851_/X
 mprj/_36852_/X
 mprj/_36853_/X
 mprj/_36854_/X
 mprj/_36855_/X
 mprj/_36856_/X
 mprj/_36857_/X
 mprj/_36858_/X
 mprj/_36859_/X
 mprj/_36860_/X
 mprj/_36861_/X
 mprj/_36862_/X
 mprj/_36863_/X
 mprj/_36864_/X
 mprj/_36865_/X
 mprj/_36866_/Y
 mprj/_36867_/X
 mprj/_36868_/X
 mprj/_36869_/X
 mprj/_36870_/X
 mprj/_36871_/X
 mprj/_36872_/X
 mprj/_36873_/X
 mprj/_36874_/X
 mprj/_36875_/Y
 mprj/_36876_/X
 mprj/_36877_/X
 mprj/_36878_/Y
 mprj/_36879_/X
 mprj/_36880_/X
 mprj/_36881_/Y
 mprj/_36882_/X
 mprj/_36883_/X
 mprj/_36884_/Y
 mprj/_36885_/Y
 mprj/_36886_/Y
 mprj/_36887_/Y
 mprj/_36888_/Y
 mprj/_36889_/X
 mprj/_36890_/Y
 mprj/_36891_/Y
 mprj/_36892_/X
 mprj/_36893_/X
 mprj/_36894_/X
 mprj/_36895_/Y
 mprj/_36896_/X
 mprj/_36897_/X
 mprj/_36898_/Y
 mprj/_36899_/Y
 mprj/_36900_/Y
 mprj/_36901_/X
 mprj/_36902_/X
 mprj/_36903_/Y
 mprj/_36904_/X
 mprj/_36905_/X
 mprj/_36906_/Y
 mprj/_36907_/X
 mprj/_36908_/X
 mprj/_36909_/X
 mprj/_36910_/Y
 mprj/_36911_/Y
 mprj/_36912_/Y
 mprj/_36913_/X
 mprj/_36914_/X
 mprj/_36915_/X
 mprj/_36916_/X
 mprj/_36917_/Y
 mprj/_36918_/Y
 mprj/_36919_/X
 mprj/_36920_/Y
 mprj/_36921_/Y
 mprj/_36922_/X
 mprj/_36923_/Y
 mprj/_36924_/X
 mprj/_36925_/Y
 mprj/_36926_/Y
 mprj/_36927_/Y
 mprj/_36928_/X
 mprj/_36929_/X
 mprj/_36930_/X
 mprj/_36931_/X
 mprj/_36932_/X
 mprj/_36933_/X
 mprj/_36934_/X
 mprj/_36935_/X
 mprj/_36936_/X
 mprj/_36937_/X
 mprj/_36938_/X
 mprj/_36939_/X
 mprj/_36940_/X
 mprj/_36941_/X
 mprj/_36942_/X
 mprj/_36943_/X
 mprj/_36944_/X
 mprj/_36945_/X
 mprj/_36946_/X
 mprj/_36947_/X
 mprj/_36948_/X
 mprj/_36949_/X
 mprj/_36950_/X
 mprj/_36951_/X
 mprj/_36952_/X
 mprj/_36953_/X
 mprj/_36954_/X
 mprj/_36955_/X
 mprj/_36956_/X
 mprj/_36957_/X
 mprj/_36958_/X
 mprj/_36959_/X
 mprj/_36960_/X
 mprj/_36961_/X
 mprj/_36962_/X
 mprj/_36963_/X
 mprj/_36964_/X
 mprj/_36965_/X
 mprj/_36966_/X
 mprj/_36967_/X
 mprj/_36968_/X
 mprj/_36969_/X
 mprj/_36970_/X
 mprj/_36971_/X
 mprj/_36972_/X
 mprj/_36973_/X
 mprj/_36974_/X
 mprj/_36975_/X
 mprj/_36976_/X
 mprj/_36977_/X
 mprj/_36978_/X
 mprj/_36979_/X
 mprj/_36980_/X
 mprj/_36981_/X
 mprj/_36982_/X
 mprj/_36983_/X
 mprj/_36984_/Y
 mprj/_36985_/X
 mprj/_36986_/X
 mprj/_36987_/X
 mprj/_36988_/X
 mprj/_36989_/X
 mprj/_36990_/X
 mprj/_36991_/X
 mprj/_36992_/X
 mprj/_36993_/Y
 mprj/_36994_/X
 mprj/_36995_/X
 mprj/_36996_/X
 mprj/_36997_/Y
 mprj/_36998_/Y
 mprj/_36999_/X
 mprj/_37000_/X
 mprj/_37001_/Y
 mprj/_37002_/Y
 mprj/_37003_/Y
 mprj/_37004_/Y
 mprj/_37005_/Y
 mprj/_37006_/Y
 mprj/_37007_/X
 mprj/_37008_/Y
 mprj/_37009_/Y
 mprj/_37010_/X
 mprj/_37011_/X
 mprj/_37012_/Y
 mprj/_37013_/X
 mprj/_37014_/X
 mprj/_37015_/Y
 mprj/_37016_/Y
 mprj/_37017_/X
 mprj/_37018_/Y
 mprj/_37019_/X
 mprj/_37020_/X
 mprj/_37021_/X
 mprj/_37022_/Y
 mprj/_37023_/X
 mprj/_37024_/Y
 mprj/_37025_/X
 mprj/_37026_/Y
 mprj/_37027_/Y
 mprj/_37028_/Y
 mprj/_37029_/X
 mprj/_37030_/X
 mprj/_37031_/X
 mprj/_37032_/X
 mprj/_37033_/X
 mprj/_37034_/X
 mprj/_37035_/Y
 mprj/_37036_/Y
 mprj/_37037_/X
 mprj/_37038_/X
 mprj/_37039_/X
 mprj/_37040_/Y
 mprj/_37041_/X
 mprj/_37042_/X
 mprj/_37043_/Y
 mprj/_37044_/X
 mprj/_37045_/Y
 mprj/_37046_/Y
 mprj/_37047_/X
 mprj/_37048_/X
 mprj/_37049_/Y
 mprj/_37050_/Y
 mprj/_37051_/Y
 mprj/_37052_/Y
 mprj/_37053_/X
 mprj/_37054_/X
 mprj/_37055_/Y
 mprj/_37056_/Y
 mprj/_37057_/X
 mprj/_37058_/X
 mprj/_37059_/Y
 mprj/_37060_/X
 mprj/_37061_/Y
 mprj/_37062_/Y
 mprj/_37063_/Y
 mprj/_37064_/Y
 mprj/_37065_/Y
 mprj/_37066_/Y
 mprj/_37067_/X
 mprj/_37068_/Y
 mprj/_37069_/X
 mprj/_37070_/X
 mprj/_37071_/Y
 mprj/_37072_/X
 mprj/_37073_/X
 mprj/_37074_/X
 mprj/_37075_/Y
 mprj/_37076_/X
 mprj/_37077_/Y
 mprj/_37078_/Y
 mprj/_37079_/Y
 mprj/_37080_/X
 mprj/_37081_/Y
 mprj/_37082_/Y
 mprj/_37083_/Y
 mprj/_37084_/X
 mprj/_37085_/X
 mprj/_37086_/X
 mprj/_37087_/X
 mprj/_37088_/X
 mprj/_37089_/X
 mprj/_37090_/X
 mprj/_37091_/X
 mprj/_37092_/X
 mprj/_37093_/X
 mprj/_37094_/X
 mprj/_37095_/X
 mprj/_37096_/X
 mprj/_37097_/X
 mprj/_37098_/X
 mprj/_37099_/X
 mprj/_37100_/X
 mprj/_37101_/X
 mprj/_37102_/X
 mprj/_37103_/X
 mprj/_37104_/X
 mprj/_37105_/X
 mprj/_37106_/X
 mprj/_37107_/X
 mprj/_37108_/X
 mprj/_37109_/X
 mprj/_37110_/X
 mprj/_37111_/X
 mprj/_37112_/X
 mprj/_37113_/X
 mprj/_37114_/X
 mprj/_37115_/X
 mprj/_37116_/X
 mprj/_37117_/X
 mprj/_37118_/X
 mprj/_37119_/X
 mprj/_37120_/X
 mprj/_37121_/X
 mprj/_37122_/X
 mprj/_37123_/X
 mprj/_37124_/X
 mprj/_37125_/X
 mprj/_37126_/X
 mprj/_37127_/X
 mprj/_37128_/X
 mprj/_37129_/X
 mprj/_37130_/X
 mprj/_37131_/X
 mprj/_37132_/X
 mprj/_37133_/X
 mprj/_37134_/X
 mprj/_37135_/X
 mprj/_37136_/X
 mprj/_37137_/X
 mprj/_37138_/X
 mprj/_37139_/X
 mprj/_37140_/X
 mprj/_37141_/Y
 mprj/_37142_/X
 mprj/_37143_/Y
 mprj/_37144_/X
 mprj/_37145_/Y
 mprj/_37146_/X
 mprj/_37147_/X
 mprj/_37148_/Y
 mprj/_37149_/Y
 mprj/_37150_/X
 mprj/_37151_/X
 mprj/_37152_/X
 mprj/_37153_/Y
 mprj/_37154_/Y
 mprj/_37155_/Y
 mprj/_37156_/Y
 mprj/_37157_/X
 mprj/_37158_/Y
 mprj/_37159_/X
 mprj/_37160_/Y
 mprj/_37161_/X
 mprj/_37162_/X
 mprj/_37163_/Y
 mprj/_37164_/Y
 mprj/_37165_/X
 mprj/_37166_/X
 mprj/_37167_/X
 mprj/_37168_/Y
 mprj/_37169_/X
 mprj/_37170_/Y
 mprj/_37171_/Y
 mprj/_37172_/Y
 mprj/_37173_/X
 mprj/_37174_/X
 mprj/_37175_/Y
 mprj/_37176_/Y
 mprj/_37177_/X
 mprj/_37178_/X
 mprj/_37179_/Y
 mprj/_37180_/Y
 mprj/_37181_/Y
 mprj/_37182_/Y
 mprj/_37183_/Y
 mprj/_37184_/X
 mprj/_37185_/X
 mprj/_37186_/Y
 mprj/_37187_/Y
 mprj/_37188_/X
 mprj/_37189_/Y
 mprj/_37190_/X
 mprj/_37191_/Y
 mprj/_37192_/Y
 mprj/_37193_/Y
 mprj/_37194_/Y
 mprj/_37195_/X
 mprj/_37196_/X
 mprj/_37197_/Y
 mprj/_37198_/Y
 mprj/_37199_/Y
 mprj/_37200_/Y
 mprj/_37201_/Y
 mprj/_37202_/Y
 mprj/_37203_/X
 mprj/_37204_/X
 mprj/_37205_/X
 mprj/_37206_/X
 mprj/_37207_/X
 mprj/_37208_/X
 mprj/_37209_/X
 mprj/_37210_/X
 mprj/_37211_/X
 mprj/_37212_/X
 mprj/_37213_/X
 mprj/_37214_/X
 mprj/_37215_/X
 mprj/_37216_/X
 mprj/_37217_/X
 mprj/_37218_/X
 mprj/_37219_/X
 mprj/_37220_/X
 mprj/_37221_/X
 mprj/_37222_/X
 mprj/_37223_/X
 mprj/_37224_/X
 mprj/_37225_/X
 mprj/_37226_/X
 mprj/_37227_/X
 mprj/_37228_/X
 mprj/_37229_/X
 mprj/_37230_/X
 mprj/_37231_/X
 mprj/_37232_/X
 mprj/_37233_/X
 mprj/_37234_/X
 mprj/_37235_/X
 mprj/_37236_/X
 mprj/_37237_/X
 mprj/_37238_/X
 mprj/_37239_/X
 mprj/_37240_/X
 mprj/_37241_/X
 mprj/_37242_/X
 mprj/_37243_/X
 mprj/_37244_/X
 mprj/_37245_/X
 mprj/_37246_/X
 mprj/_37247_/X
 mprj/_37248_/X
 mprj/_37249_/X
 mprj/_37250_/X
 mprj/_37251_/X
 mprj/_37252_/X
 mprj/_37253_/X
 mprj/_37254_/X
 mprj/_37255_/X
 mprj/_37256_/X
 mprj/_37257_/X
 mprj/_37258_/X
 mprj/_37259_/Y
 mprj/_37260_/X
 mprj/_37261_/Y
 mprj/_37262_/Y
 mprj/_37263_/X
 mprj/_37264_/X
 mprj/_37265_/X
 mprj/_37266_/Y
 mprj/_37267_/X
 mprj/_37268_/X
 mprj/_37269_/X
 mprj/_37270_/X
 mprj/_37271_/Y
 mprj/_37272_/Y
 mprj/_37273_/Y
 mprj/_37274_/X
 mprj/_37275_/Y
 mprj/_37276_/Y
 mprj/_37277_/X
 mprj/_37278_/Y
 mprj/_37279_/X
 mprj/_37280_/Y
 mprj/_37281_/Y
 mprj/_37282_/X
 mprj/_37283_/Y
 mprj/_37284_/Y
 mprj/_37285_/X
 mprj/_37286_/X
 mprj/_37287_/X
 mprj/_37288_/X
 mprj/_37289_/Y
 mprj/_37290_/X
 mprj/_37291_/Y
 mprj/_37292_/X
 mprj/_37293_/X
 mprj/_37294_/Y
 mprj/_37295_/X
 mprj/_37296_/Y
 mprj/_37297_/Y
 mprj/_37298_/X
 mprj/_37299_/X
 mprj/_37300_/X
 mprj/_37301_/X
 mprj/_37302_/X
 mprj/_37303_/Y
 mprj/_37304_/Y
 mprj/_37305_/Y
 mprj/_37306_/Y
 mprj/_37307_/X
 mprj/_37308_/X
 mprj/_37309_/Y
 mprj/_37310_/X
 mprj/_37311_/X
 mprj/_37312_/Y
 mprj/_37313_/Y
 mprj/_37314_/X
 mprj/_37315_/Y
 mprj/_37316_/X
 mprj/_37317_/Y
 mprj/_37318_/Y
 mprj/_37319_/X
 mprj/_37320_/X
 mprj/_37321_/Y
 mprj/_37322_/Y
 mprj/_37323_/X
 mprj/_37324_/X
 mprj/_37325_/Y
 mprj/_37326_/Y
 mprj/_37327_/Y
 mprj/_37328_/Y
 mprj/_37329_/X
 mprj/_37330_/Y
 mprj/_37331_/Y
 mprj/_37332_/X
 mprj/_37333_/X
 mprj/_37334_/Y
 mprj/_37335_/Y
 mprj/_37336_/Y
 mprj/_37337_/X
 mprj/_37338_/Y
 mprj/_37339_/X
 mprj/_37340_/Y
 mprj/_37341_/Y
 mprj/_37342_/X
 mprj/_37343_/X
 mprj/_37344_/X
 mprj/_37345_/Y
 mprj/_37346_/Y
 mprj/_37347_/X
 mprj/_37348_/Y
 mprj/_37349_/X
 mprj/_37350_/X
 mprj/_37351_/X
 mprj/_37352_/X
 mprj/_37353_/X
 mprj/_37354_/X
 mprj/_37355_/X
 mprj/_37356_/X
 mprj/_37357_/X
 mprj/_37358_/X
 mprj/_37359_/X
 mprj/_37360_/X
 mprj/_37361_/X
 mprj/_37362_/X
 mprj/_37363_/X
 mprj/_37364_/X
 mprj/_37365_/X
 mprj/_37366_/X
 mprj/_37367_/X
 mprj/_37368_/X
 mprj/_37369_/X
 mprj/_37370_/X
 mprj/_37371_/X
 mprj/_37372_/X
 mprj/_37373_/X
 mprj/_37374_/X
 mprj/_37375_/X
 mprj/_37376_/X
 mprj/_37377_/X
 mprj/_37378_/X
 mprj/_37379_/X
 mprj/_37380_/X
 mprj/_37381_/X
 mprj/_37382_/X
 mprj/_37383_/X
 mprj/_37384_/X
 mprj/_37385_/X
 mprj/_37386_/X
 mprj/_37387_/X
 mprj/_37388_/X
 mprj/_37389_/X
 mprj/_37390_/X
 mprj/_37391_/X
 mprj/_37392_/X
 mprj/_37393_/X
 mprj/_37394_/X
 mprj/_37395_/X
 mprj/_37396_/X
 mprj/_37397_/X
 mprj/_37398_/X
 mprj/_37399_/X
 mprj/_37400_/X
 mprj/_37401_/X
 mprj/_37402_/X
 mprj/_37403_/X
 mprj/_37404_/X
 mprj/_37405_/X
 mprj/_37406_/Y
 mprj/_37407_/Y
 mprj/_37408_/Y
 mprj/_37409_/X
 mprj/_37410_/Y
 mprj/_37411_/X
 mprj/_37412_/Y
 mprj/_37413_/Y
 mprj/_37414_/X
 mprj/_37415_/Y
 mprj/_37416_/Y
 mprj/_37417_/Y
 mprj/_37418_/X
 mprj/_37419_/Y
 mprj/_37420_/X
 mprj/_37421_/Y
 mprj/_37422_/Y
 mprj/_37423_/X
 mprj/_37424_/X
 mprj/_37425_/X
 mprj/_37426_/Y
 mprj/_37427_/X
 mprj/_37428_/X
 mprj/_37429_/Y
 mprj/_37430_/Y
 mprj/_37431_/Y
 mprj/_37432_/X
 mprj/_37433_/X
 mprj/_37434_/Y
 mprj/_37435_/Y
 mprj/_37436_/X
 mprj/_37437_/X
 mprj/_37438_/Y
 mprj/_37439_/X
 mprj/_37440_/Y
 mprj/_37441_/Y
 mprj/_37442_/Y
 mprj/_37443_/Y
 mprj/_37444_/Y
 mprj/_37445_/X
 mprj/_37446_/X
 mprj/_37447_/Y
 mprj/_37448_/Y
 mprj/_37449_/X
 mprj/_37450_/Y
 mprj/_37451_/Y
 mprj/_37452_/X
 mprj/_37453_/Y
 mprj/_37454_/X
 mprj/_37455_/X
 mprj/_37456_/X
 mprj/_37457_/Y
 mprj/_37458_/Y
 mprj/_37459_/Y
 mprj/_37460_/X
 mprj/_37461_/X
 mprj/_37462_/X
 mprj/_37463_/X
 mprj/_37464_/X
 mprj/_37465_/X
 mprj/_37466_/X
 mprj/_37467_/X
 mprj/_37468_/X
 mprj/_37469_/X
 mprj/_37470_/X
 mprj/_37471_/X
 mprj/_37472_/X
 mprj/_37473_/X
 mprj/_37474_/X
 mprj/_37475_/X
 mprj/_37476_/X
 mprj/_37477_/X
 mprj/_37478_/X
 mprj/_37479_/X
 mprj/_37480_/X
 mprj/_37481_/X
 mprj/_37482_/X
 mprj/_37483_/X
 mprj/_37484_/X
 mprj/_37485_/X
 mprj/_37486_/X
 mprj/_37487_/X
 mprj/_37488_/X
 mprj/_37489_/X
 mprj/_37490_/X
 mprj/_37491_/X
 mprj/_37492_/X
 mprj/_37493_/X
 mprj/_37494_/X
 mprj/_37495_/X
 mprj/_37496_/X
 mprj/_37497_/X
 mprj/_37498_/X
 mprj/_37499_/X
 mprj/_37500_/X
 mprj/_37501_/X
 mprj/_37502_/X
 mprj/_37503_/X
 mprj/_37504_/X
 mprj/_37505_/X
 mprj/_37506_/X
 mprj/_37507_/X
 mprj/_37508_/X
 mprj/_37509_/X
 mprj/_37510_/X
 mprj/_37511_/X
 mprj/_37512_/X
 mprj/_37513_/X
 mprj/_37514_/X
 mprj/_37515_/X
 mprj/_37516_/X
 mprj/_37517_/X
 mprj/_37518_/X
 mprj/_37519_/Y
 mprj/_37520_/X
 mprj/_37521_/X
 mprj/_37522_/Y
 mprj/_37523_/X
 mprj/_37524_/X
 mprj/_37525_/X
 mprj/_37526_/Y
 mprj/_37527_/X
 mprj/_37528_/X
 mprj/_37529_/Y
 mprj/_37530_/Y
 mprj/_37531_/X
 mprj/_37532_/X
 mprj/_37533_/X
 mprj/_37534_/Y
 mprj/_37535_/X
 mprj/_37536_/Y
 mprj/_37537_/Y
 mprj/_37538_/X
 mprj/_37539_/X
 mprj/_37540_/X
 mprj/_37541_/Y
 mprj/_37542_/X
 mprj/_37543_/Y
 mprj/_37544_/Y
 mprj/_37545_/Y
 mprj/_37546_/Y
 mprj/_37547_/X
 mprj/_37548_/Y
 mprj/_37549_/Y
 mprj/_37550_/X
 mprj/_37551_/X
 mprj/_37552_/Y
 mprj/_37553_/X
 mprj/_37554_/X
 mprj/_37555_/X
 mprj/_37556_/Y
 mprj/_37557_/X
 mprj/_37558_/X
 mprj/_37559_/X
 mprj/_37560_/Y
 mprj/_37561_/X
 mprj/_37562_/Y
 mprj/_37563_/Y
 mprj/_37564_/Y
 mprj/_37565_/Y
 mprj/_37566_/Y
 mprj/_37567_/Y
 mprj/_37568_/Y
 mprj/_37569_/X
 mprj/_37570_/Y
 mprj/_37571_/Y
 mprj/_37572_/Y
 mprj/_37573_/Y
 mprj/_37574_/Y
 mprj/_37575_/Y
 mprj/_37576_/X
 mprj/_37577_/Y
 mprj/_37578_/X
 mprj/_37579_/Y
 mprj/_37580_/X
 mprj/_37581_/X
 mprj/_37582_/Y
 mprj/_37583_/Y
 mprj/_37584_/Y
 mprj/_37585_/X
 mprj/_37586_/Y
 mprj/_37587_/X
 mprj/_37588_/Y
 mprj/_37589_/Y
 mprj/_37590_/Y
 mprj/_37591_/X
 mprj/_37592_/Y
 mprj/_37593_/X
 mprj/_37594_/Y
 mprj/_37595_/X
 mprj/_37596_/Y
 mprj/_37597_/Y
 mprj/_37598_/X
 mprj/_37599_/X
 mprj/_37600_/Y
 mprj/_37601_/Y
 mprj/_37602_/Y
 mprj/_37603_/X
 mprj/_37604_/X
 mprj/_37605_/X
 mprj/_37606_/Y
 mprj/_37607_/X
 mprj/_37608_/Y
 mprj/_37609_/Y
 mprj/_37610_/Y
 mprj/_37611_/X
 mprj/_37612_/Y
 mprj/_37613_/X
 mprj/_37614_/X
 mprj/_37615_/X
 mprj/_37616_/X
 mprj/_37617_/X
 mprj/_37618_/X
 mprj/_37619_/X
 mprj/_37620_/X
 mprj/_37621_/X
 mprj/_37622_/X
 mprj/_37623_/X
 mprj/_37624_/X
 mprj/_37625_/X
 mprj/_37626_/X
 mprj/_37627_/X
 mprj/_37628_/X
 mprj/_37629_/X
 mprj/_37630_/X
 mprj/_37631_/X
 mprj/_37632_/X
 mprj/_37633_/X
 mprj/_37634_/X
 mprj/_37635_/X
 mprj/_37636_/X
 mprj/_37637_/X
 mprj/_37638_/X
 mprj/_37639_/X
 mprj/_37640_/X
 mprj/_37641_/X
 mprj/_37642_/X
 mprj/_37643_/X
 mprj/_37644_/X
 mprj/_37645_/X
 mprj/_37646_/X
 mprj/_37647_/X
 mprj/_37648_/X
 mprj/_37649_/X
 mprj/_37650_/X
 mprj/_37651_/X
 mprj/_37652_/X
 mprj/_37653_/X
 mprj/_37654_/X
 mprj/_37655_/X
 mprj/_37656_/X
 mprj/_37657_/X
 mprj/_37658_/X
 mprj/_37659_/X
 mprj/_37660_/X
 mprj/_37661_/X
 mprj/_37662_/X
 mprj/_37663_/X
 mprj/_37664_/X
 mprj/_37665_/X
 mprj/_37666_/X
 mprj/_37667_/X
 mprj/_37668_/X
 mprj/_37669_/X
 mprj/_37670_/X
 mprj/_37671_/Y
 mprj/_37672_/X
 mprj/_37673_/Y
 mprj/_37674_/X
 mprj/_37675_/Y
 mprj/_37676_/X
 mprj/_37677_/X
 mprj/_37678_/X
 mprj/_37679_/Y
 mprj/_37680_/X
 mprj/_37681_/X
 mprj/_37682_/X
 mprj/_37683_/Y
 mprj/_37684_/Y
 mprj/_37685_/X
 mprj/_37686_/X
 mprj/_37687_/Y
 mprj/_37688_/X
 mprj/_37689_/Y
 mprj/_37690_/X
 mprj/_37691_/Y
 mprj/_37692_/X
 mprj/_37693_/X
 mprj/_37694_/Y
 mprj/_37695_/X
 mprj/_37696_/X
 mprj/_37697_/X
 mprj/_37698_/X
 mprj/_37699_/Y
 mprj/_37700_/X
 mprj/_37701_/Y
 mprj/_37702_/Y
 mprj/_37703_/Y
 mprj/_37704_/Y
 mprj/_37705_/X
 mprj/_37706_/X
 mprj/_37707_/X
 mprj/_37708_/X
 mprj/_37709_/X
 mprj/_37710_/Y
 mprj/_37711_/Y
 mprj/_37712_/Y
 mprj/_37713_/Y
 mprj/_37714_/X
 mprj/_37715_/X
 mprj/_37716_/Y
 mprj/_37717_/X
 mprj/_37718_/X
 mprj/_37719_/Y
 mprj/_37720_/Y
 mprj/_37721_/Y
 mprj/_37722_/Y
 mprj/_37723_/X
 mprj/_37724_/X
 mprj/_37725_/X
 mprj/_37726_/Y
 mprj/_37727_/Y
 mprj/_37728_/Y
 mprj/_37729_/Y
 mprj/_37730_/Y
 mprj/_37731_/X
 mprj/_37732_/X
 mprj/_37733_/X
 mprj/_37734_/X
 mprj/_37735_/X
 mprj/_37736_/X
 mprj/_37737_/X
 mprj/_37738_/X
 mprj/_37739_/X
 mprj/_37740_/X
 mprj/_37741_/X
 mprj/_37742_/X
 mprj/_37743_/X
 mprj/_37744_/X
 mprj/_37745_/X
 mprj/_37746_/X
 mprj/_37747_/X
 mprj/_37748_/X
 mprj/_37749_/X
 mprj/_37750_/X
 mprj/_37751_/X
 mprj/_37752_/X
 mprj/_37753_/X
 mprj/_37754_/X
 mprj/_37755_/X
 mprj/_37756_/X
 mprj/_37757_/X
 mprj/_37758_/X
 mprj/_37759_/X
 mprj/_37760_/X
 mprj/_37761_/X
 mprj/_37762_/X
 mprj/_37763_/X
 mprj/_37764_/X
 mprj/_37765_/X
 mprj/_37766_/X
 mprj/_37767_/X
 mprj/_37768_/X
 mprj/_37769_/X
 mprj/_37770_/X
 mprj/_37771_/X
 mprj/_37772_/X
 mprj/_37773_/X
 mprj/_37774_/X
 mprj/_37775_/X
 mprj/_37776_/X
 mprj/_37777_/X
 mprj/_37778_/X
 mprj/_37779_/X
 mprj/_37780_/X
 mprj/_37781_/X
 mprj/_37782_/X
 mprj/_37783_/X
 mprj/_37784_/X
 mprj/_37785_/X
 mprj/_37786_/X
 mprj/_37787_/X
 mprj/_37788_/X
 mprj/_37789_/X
 mprj/_37790_/X
 mprj/_37791_/X
 mprj/_37792_/X
 mprj/_37793_/X
 mprj/_37794_/Y
 mprj/_37795_/X
 mprj/_37796_/Y
 mprj/_37797_/Y
 mprj/_37798_/X
 mprj/_37799_/X
 mprj/_37800_/X
 mprj/_37801_/X
 mprj/_37802_/Y
 mprj/_37803_/X
 mprj/_37804_/X
 mprj/_37805_/Y
 mprj/_37806_/X
 mprj/_37807_/Y
 mprj/_37808_/Y
 mprj/_37809_/X
 mprj/_37810_/Y
 mprj/_37811_/Y
 mprj/_37812_/Y
 mprj/_37813_/X
 mprj/_37814_/Y
 mprj/_37815_/Y
 mprj/_37816_/X
 mprj/_37817_/Y
 mprj/_37818_/X
 mprj/_37819_/Y
 mprj/_37820_/X
 mprj/_37821_/X
 mprj/_37822_/X
 mprj/_37823_/Y
 mprj/_37824_/X
 mprj/_37825_/X
 mprj/_37826_/X
 mprj/_37827_/Y
 mprj/_37828_/Y
 mprj/_37829_/X
 mprj/_37830_/Y
 mprj/_37831_/Y
 mprj/_37832_/Y
 mprj/_37833_/Y
 mprj/_37834_/X
 mprj/_37835_/Y
 mprj/_37836_/X
 mprj/_37837_/X
 mprj/_37838_/X
 mprj/_37839_/Y
 mprj/_37840_/X
 mprj/_37841_/X
 mprj/_37842_/Y
 mprj/_37843_/X
 mprj/_37844_/X
 mprj/_37845_/Y
 mprj/_37846_/X
 mprj/_37847_/X
 mprj/_37848_/X
 mprj/_37849_/X
 mprj/_37850_/Y
 mprj/_37851_/Y
 mprj/_37852_/Y
 mprj/_37853_/X
 mprj/_37854_/Y
 mprj/_37855_/Y
 mprj/_37856_/Y
 mprj/_37857_/Y
 mprj/_37858_/Y
 mprj/_37859_/Y
 mprj/_37860_/Y
 mprj/_37861_/X
 mprj/_37862_/X
 mprj/_37863_/Y
 mprj/_37864_/X
 mprj/_37865_/X
 mprj/_37866_/X
 mprj/_37867_/Y
 mprj/_37868_/Y
 mprj/_37869_/Y
 mprj/_37870_/Y
 mprj/_37871_/Y
 mprj/_37872_/X
 mprj/_37873_/Y
 mprj/_37874_/Y
 mprj/_37875_/X
 mprj/_37876_/X
 mprj/_37877_/Y
 mprj/_37878_/X
 mprj/_37879_/X
 mprj/_37880_/X
 mprj/_37881_/Y
 mprj/_37882_/Y
 mprj/_37883_/X
 mprj/_37884_/Y
 mprj/_37885_/X
 mprj/_37886_/X
 mprj/_37887_/Y
 mprj/_37888_/Y
 mprj/_37889_/X
 mprj/_37890_/Y
 mprj/_37891_/X
 mprj/_37892_/X
 mprj/_37893_/X
 mprj/_37894_/X
 mprj/_37895_/X
 mprj/_37896_/X
 mprj/_37897_/X
 mprj/_37898_/X
 mprj/_37899_/X
 mprj/_37900_/X
 mprj/_37901_/X
 mprj/_37902_/X
 mprj/_37903_/X
 mprj/_37904_/X
 mprj/_37905_/X
 mprj/_37906_/X
 mprj/_37907_/X
 mprj/_37908_/X
 mprj/_37909_/X
 mprj/_37910_/X
 mprj/_37911_/X
 mprj/_37912_/X
 mprj/_37913_/X
 mprj/_37914_/X
 mprj/_37915_/X
 mprj/_37916_/X
 mprj/_37917_/X
 mprj/_37918_/X
 mprj/_37919_/X
 mprj/_37920_/X
 mprj/_37921_/X
 mprj/_37922_/X
 mprj/_37923_/X
 mprj/_37924_/X
 mprj/_37925_/X
 mprj/_37926_/X
 mprj/_37927_/X
 mprj/_37928_/X
 mprj/_37929_/X
 mprj/_37930_/X
 mprj/_37931_/X
 mprj/_37932_/X
 mprj/_37933_/X
 mprj/_37934_/X
 mprj/_37935_/X
 mprj/_37936_/X
 mprj/_37937_/X
 mprj/_37938_/X
 mprj/_37939_/X
 mprj/_37940_/X
 mprj/_37941_/X
 mprj/_37942_/X
 mprj/_37943_/X
 mprj/_37944_/X
 mprj/_37945_/X
 mprj/_37946_/X
 mprj/_37947_/Y
 mprj/_37948_/Y
 mprj/_37949_/Y
 mprj/_37950_/X
 mprj/_37951_/Y
 mprj/_37952_/Y
 mprj/_37953_/X
 mprj/_37954_/X
 mprj/_37955_/Y
 mprj/_37956_/Y
 mprj/_37957_/Y
 mprj/_37958_/X
 mprj/_37959_/Y
 mprj/_37960_/Y
 mprj/_37961_/X
 mprj/_37962_/Y
 mprj/_37963_/Y
 mprj/_37964_/X
 mprj/_37965_/Y
 mprj/_37966_/Y
 mprj/_37967_/Y
 mprj/_37968_/Y
 mprj/_37969_/X
 mprj/_37970_/Y
 mprj/_37971_/X
 mprj/_37972_/Y
 mprj/_37973_/X
 mprj/_37974_/X
 mprj/_37975_/X
 mprj/_37976_/Y
 mprj/_37977_/X
 mprj/_37978_/X
 mprj/_37979_/Y
 mprj/_37980_/X
 mprj/_37981_/X
 mprj/_37982_/Y
 mprj/_37983_/Y
 mprj/_37984_/Y
 mprj/_37985_/X
 mprj/_37986_/X
 mprj/_37987_/X
 mprj/_37988_/X
 mprj/_37989_/Y
 mprj/_37990_/Y
 mprj/_37991_/X
 mprj/_37992_/X
 mprj/_37993_/Y
 mprj/_37994_/Y
 mprj/_37995_/Y
 mprj/_37996_/Y
 mprj/_37997_/Y
 mprj/_37998_/X
 mprj/_37999_/Y
 mprj/_38000_/Y
 mprj/_38001_/Y
 mprj/_38002_/X
 mprj/_38003_/Y
 mprj/_38004_/Y
 mprj/_38005_/X
 mprj/_38006_/X
 mprj/_38007_/X
 mprj/_38008_/X
 mprj/_38009_/X
 mprj/_38010_/X
 mprj/_38011_/X
 mprj/_38012_/X
 mprj/_38013_/X
 mprj/_38014_/X
 mprj/_38015_/X
 mprj/_38016_/X
 mprj/_38017_/X
 mprj/_38018_/X
 mprj/_38019_/X
 mprj/_38020_/X
 mprj/_38021_/X
 mprj/_38022_/X
 mprj/_38023_/X
 mprj/_38024_/X
 mprj/_38025_/X
 mprj/_38026_/X
 mprj/_38027_/X
 mprj/_38028_/X
 mprj/_38029_/X
 mprj/_38030_/X
 mprj/_38031_/X
 mprj/_38032_/X
 mprj/_38033_/X
 mprj/_38034_/X
 mprj/_38035_/X
 mprj/_38036_/X
 mprj/_38037_/X
 mprj/_38038_/X
 mprj/_38039_/X
 mprj/_38040_/X
 mprj/_38041_/X
 mprj/_38042_/X
 mprj/_38043_/X
 mprj/_38044_/X
 mprj/_38045_/X
 mprj/_38046_/X
 mprj/_38047_/X
 mprj/_38048_/X
 mprj/_38049_/X
 mprj/_38050_/X
 mprj/_38051_/X
 mprj/_38052_/X
 mprj/_38053_/X
 mprj/_38054_/X
 mprj/_38055_/X
 mprj/_38056_/X
 mprj/_38057_/X
 mprj/_38058_/X
 mprj/_38059_/X
 mprj/_38060_/X
 mprj/_38061_/X
 mprj/_38062_/X
 mprj/_38063_/X
 mprj/_38064_/X
 mprj/_38065_/X
 mprj/_38066_/X
 mprj/_38067_/X
 mprj/_38068_/X
 mprj/_38069_/Y
 mprj/_38070_/X
 mprj/_38071_/X
 mprj/_38072_/Y
 mprj/_38073_/X
 mprj/_38074_/X
 mprj/_38075_/X
 mprj/_38076_/X
 mprj/_38077_/X
 mprj/_38078_/Y
 mprj/_38079_/X
 mprj/_38080_/Y
 mprj/_38081_/X
 mprj/_38082_/X
 mprj/_38083_/Y
 mprj/_38084_/X
 mprj/_38085_/X
 mprj/_38086_/Y
 mprj/_38087_/X
 mprj/_38088_/Y
 mprj/_38089_/X
 mprj/_38090_/Y
 mprj/_38091_/X
 mprj/_38092_/Y
 mprj/_38093_/X
 mprj/_38094_/Y
 mprj/_38095_/Y
 mprj/_38096_/Y
 mprj/_38097_/X
 mprj/_38098_/X
 mprj/_38099_/Y
 mprj/_38100_/Y
 mprj/_38101_/Y
 mprj/_38102_/X
 mprj/_38103_/Y
 mprj/_38104_/X
 mprj/_38105_/Y
 mprj/_38106_/Y
 mprj/_38107_/X
 mprj/_38108_/X
 mprj/_38109_/Y
 mprj/_38110_/X
 mprj/_38111_/X
 mprj/_38112_/Y
 mprj/_38113_/Y
 mprj/_38114_/X
 mprj/_38115_/Y
 mprj/_38116_/X
 mprj/_38117_/X
 mprj/_38118_/Y
 mprj/_38119_/Y
 mprj/_38120_/Y
 mprj/_38121_/X
 mprj/_38122_/Y
 mprj/_38123_/X
 mprj/_38124_/Y
 mprj/_38125_/X
 mprj/_38126_/X
 mprj/_38127_/Y
 mprj/_38128_/Y
 mprj/_38129_/Y
 mprj/_38130_/X
 mprj/_38131_/X
 mprj/_38132_/Y
 mprj/_38133_/X
 mprj/_38134_/X
 mprj/_38135_/Y
 mprj/_38136_/X
 mprj/_38137_/Y
 mprj/_38138_/X
 mprj/_38139_/Y
 mprj/_38140_/X
 mprj/_38141_/Y
 mprj/_38142_/Y
 mprj/_38143_/Y
 mprj/_38144_/X
 mprj/_38145_/X
 mprj/_38146_/Y
 mprj/_38147_/Y
 mprj/_38148_/Y
 mprj/_38149_/X
 mprj/_38150_/Y
 mprj/_38151_/X
 mprj/_38152_/Y
 mprj/_38153_/X
 mprj/_38154_/Y
 mprj/_38155_/X
 mprj/_38156_/Y
 mprj/_38157_/Y
 mprj/_38158_/Y
 mprj/_38159_/Y
 mprj/_38160_/Y
 mprj/_38161_/Y
 mprj/_38162_/Y
 mprj/_38163_/X
 mprj/_38164_/X
 mprj/_38165_/Y
 mprj/_38166_/Y
 mprj/_38167_/X
 mprj/_38168_/Y
 mprj/_38169_/Y
 mprj/_38170_/Y
 mprj/_38171_/Y
 mprj/_38172_/Y
 mprj/_38173_/Y
 mprj/_38174_/Y
 mprj/_38175_/Y
 mprj/_38176_/X
 mprj/_38177_/Y
 mprj/_38178_/X
 mprj/_38179_/X
 mprj/_38180_/X
 mprj/_38181_/X
 mprj/_38182_/Y
 mprj/_38183_/X
 mprj/_38184_/X
 mprj/_38185_/Y
 mprj/_38186_/Y
 mprj/_38187_/X
 mprj/_38188_/X
 mprj/_38189_/X
 mprj/_38190_/Y
 mprj/_38191_/X
 mprj/_38192_/Y
 mprj/_38193_/Y
 mprj/_38194_/Y
 mprj/_38195_/Y
 mprj/_38196_/X
 mprj/_38197_/X
 mprj/_38198_/Y
 mprj/_38199_/X
 mprj/_38200_/Y
 mprj/_38201_/Y
 mprj/_38202_/Y
 mprj/_38203_/Y
 mprj/_38204_/Y
 mprj/_38205_/Y
 mprj/_38206_/X
 mprj/_38207_/X
 mprj/_38208_/Y
 mprj/_38209_/X
 mprj/_38210_/Y
 mprj/_38211_/X
 mprj/_38212_/X
 mprj/_38213_/Y
 mprj/_38214_/Y
 mprj/_38215_/Y
 mprj/_38216_/X
 mprj/_38217_/X
 mprj/_38218_/Y
 mprj/_38219_/X
 mprj/_38220_/Y
 mprj/_38221_/X
 mprj/_38222_/Y
 mprj/_38223_/Y
 mprj/_38224_/X
 mprj/_38225_/X
 mprj/_38226_/X
 mprj/_38227_/X
 mprj/_38228_/X
 mprj/_38229_/X
 mprj/_38230_/X
 mprj/_38231_/X
 mprj/_38232_/X
 mprj/_38233_/X
 mprj/_38234_/X
 mprj/_38235_/X
 mprj/_38236_/X
 mprj/_38237_/X
 mprj/_38238_/X
 mprj/_38239_/X
 mprj/_38240_/X
 mprj/_38241_/X
 mprj/_38242_/X
 mprj/_38243_/X
 mprj/_38244_/X
 mprj/_38245_/X
 mprj/_38246_/X
 mprj/_38247_/X
 mprj/_38248_/X
 mprj/_38249_/X
 mprj/_38250_/X
 mprj/_38251_/X
 mprj/_38252_/X
 mprj/_38253_/X
 mprj/_38254_/X
 mprj/_38255_/X
 mprj/_38256_/X
 mprj/_38257_/X
 mprj/_38258_/X
 mprj/_38259_/X
 mprj/_38260_/X
 mprj/_38261_/X
 mprj/_38262_/X
 mprj/_38263_/X
 mprj/_38264_/X
 mprj/_38265_/X
 mprj/_38266_/X
 mprj/_38267_/X
 mprj/_38268_/X
 mprj/_38269_/X
 mprj/_38270_/X
 mprj/_38271_/X
 mprj/_38272_/X
 mprj/_38273_/X
 mprj/_38274_/X
 mprj/_38275_/X
 mprj/_38276_/X
 mprj/_38277_/X
 mprj/_38278_/X
 mprj/_38279_/X
 mprj/_38280_/X
 mprj/_38281_/X
 mprj/_38282_/X
 mprj/_38283_/X
 mprj/_38284_/X
 mprj/_38285_/X
 mprj/_38286_/X
 mprj/_38287_/X
 mprj/_38288_/Y
 mprj/_38289_/X
 mprj/_38290_/Y
 mprj/_38291_/X
 mprj/_38292_/Y
 mprj/_38293_/X
 mprj/_38294_/Y
 mprj/_38295_/X
 mprj/_38296_/X
 mprj/_38297_/Y
 mprj/_38298_/X
 mprj/_38299_/Y
 mprj/_38300_/X
 mprj/_38301_/X
 mprj/_38302_/Y
 mprj/_38303_/Y
 mprj/_38304_/Y
 mprj/_38305_/Y
 mprj/_38306_/Y
 mprj/_38307_/X
 mprj/_38308_/Y
 mprj/_38309_/Y
 mprj/_38310_/X
 mprj/_38311_/Y
 mprj/_38312_/Y
 mprj/_38313_/X
 mprj/_38314_/X
 mprj/_38315_/X
 mprj/_38316_/X
 mprj/_38317_/Y
 mprj/_38318_/X
 mprj/_38319_/Y
 mprj/_38320_/X
 mprj/_38321_/X
 mprj/_38322_/X
 mprj/_38323_/Y
 mprj/_38324_/Y
 mprj/_38325_/Y
 mprj/_38326_/Y
 mprj/_38327_/X
 mprj/_38328_/Y
 mprj/_38329_/X
 mprj/_38330_/Y
 mprj/_38331_/Y
 mprj/_38332_/X
 mprj/_38333_/X
 mprj/_38334_/X
 mprj/_38335_/X
 mprj/_38336_/X
 mprj/_38337_/X
 mprj/_38338_/X
 mprj/_38339_/X
 mprj/_38340_/X
 mprj/_38341_/X
 mprj/_38342_/Y
 mprj/_38343_/X
 mprj/_38344_/Y
 mprj/_38345_/Y
 mprj/_38346_/X
 mprj/_38347_/Y
 mprj/_38348_/Y
 mprj/_38349_/X
 mprj/_38350_/Y
 mprj/_38351_/X
 mprj/_38352_/Y
 mprj/_38353_/Y
 mprj/_38354_/Y
 mprj/_38355_/X
 mprj/_38356_/X
 mprj/_38357_/Y
 mprj/_38358_/Y
 mprj/_38359_/Y
 mprj/_38360_/X
 mprj/_38361_/X
 mprj/_38362_/Y
 mprj/_38363_/Y
 mprj/_38364_/X
 mprj/_38365_/X
 mprj/_38366_/Y
 mprj/_38367_/Y
 mprj/_38368_/Y
 mprj/_38369_/Y
 mprj/_38370_/X
 mprj/_38371_/Y
 mprj/_38372_/X
 mprj/_38373_/X
 mprj/_38374_/Y
 mprj/_38375_/Y
 mprj/_38376_/Y
 mprj/_38377_/Y
 mprj/_38378_/X
 mprj/_38379_/X
 mprj/_38380_/Y
 mprj/_38381_/Y
 mprj/_38382_/X
 mprj/_38383_/Y
 mprj/_38384_/Y
 mprj/_38385_/X
 mprj/_38386_/Y
 mprj/_38387_/Y
 mprj/_38388_/X
 mprj/_38389_/X
 mprj/_38390_/Y
 mprj/_38391_/X
 mprj/_38392_/X
 mprj/_38393_/X
 mprj/_38394_/Y
 mprj/_38395_/Y
 mprj/_38396_/Y
 mprj/_38397_/Y
 mprj/_38398_/X
 mprj/_38399_/Y
 mprj/_38400_/X
 mprj/_38401_/Y
 mprj/_38402_/Y
 mprj/_38403_/X
 mprj/_38404_/Y
 mprj/_38405_/Y
 mprj/_38406_/Y
 mprj/_38407_/Y
 mprj/_38408_/Y
 mprj/_38409_/Y
 mprj/_38410_/Y
 mprj/_38411_/X
 mprj/_38412_/X
 mprj/_38413_/X
 mprj/_38414_/Y
 mprj/_38415_/Y
 mprj/_38416_/X
 mprj/_38417_/Y
 mprj/_38418_/X
 mprj/_38419_/X
 mprj/_38420_/X
 mprj/_38421_/X
 mprj/_38422_/X
 mprj/_38423_/Y
 mprj/_38424_/Y
 mprj/_38425_/X
 mprj/_38426_/X
 mprj/_38427_/X
 mprj/_38428_/X
 mprj/_38429_/Y
 mprj/_38430_/Y
 mprj/_38431_/X
 mprj/_38432_/Y
 mprj/_38433_/Y
 mprj/_38434_/Y
 mprj/_38435_/Y
 mprj/_38436_/Y
 mprj/_38437_/Y
 mprj/_38438_/X
 mprj/_38439_/Y
 mprj/_38440_/Y
 mprj/_38441_/X
 mprj/_38442_/X
 mprj/_38443_/Y
 mprj/_38444_/X
 mprj/_38445_/X
 mprj/_38446_/X
 mprj/_38447_/Y
 mprj/_38448_/X
 mprj/_38449_/X
 mprj/_38450_/X
 mprj/_38451_/Y
 mprj/_38452_/Y
 mprj/_38453_/Y
 mprj/_38454_/Y
 mprj/_38455_/Y
 mprj/_38456_/Y
 mprj/_38457_/X
 mprj/_38458_/Y
 mprj/_38459_/Y
 mprj/_38460_/Y
 mprj/_38461_/Y
 mprj/_38462_/Y
 mprj/_38463_/X
 mprj/_38464_/Y
 mprj/_38465_/Y
 mprj/_38466_/X
 mprj/_38467_/Y
 mprj/_38468_/X
 mprj/_38469_/Y
 mprj/_38470_/X
 mprj/_38471_/X
 mprj/_38472_/Y
 mprj/_38473_/X
 mprj/_38474_/X
 mprj/_38475_/Y
 mprj/_38476_/X
 mprj/_38477_/Y
 mprj/_38478_/X
 mprj/_38479_/Y
 mprj/_38480_/X
 mprj/_38481_/Y
 mprj/_38482_/X
 mprj/_38483_/Y
 mprj/_38484_/X
 mprj/_38485_/X
 mprj/_38486_/Y
 mprj/_38487_/X
 mprj/_38488_/X
 mprj/_38489_/Y
 mprj/_38490_/X
 mprj/_38491_/Y
 mprj/_38492_/Y
 mprj/_38493_/X
 mprj/_38494_/Y
 mprj/_38495_/X
 mprj/_38496_/X
 mprj/_38497_/X
 mprj/_38498_/X
 mprj/_38499_/Y
 mprj/_38500_/Y
 mprj/_38501_/Y
 mprj/_38502_/Y
 mprj/_38503_/X
 mprj/_38504_/Y
 mprj/_38505_/Y
 mprj/_38506_/Y
 mprj/_38507_/X
 mprj/_38508_/Y
 mprj/_38509_/X
 mprj/_38510_/X
 mprj/_38511_/X
 mprj/_38512_/Y
 mprj/_38513_/X
 mprj/_38514_/Y
 mprj/_38515_/Y
 mprj/_38516_/Y
 mprj/_38517_/Y
 mprj/_38518_/Y
 mprj/_38519_/Y
 mprj/_38520_/X
 mprj/_38521_/X
 mprj/_38522_/Y
 mprj/_38523_/Y
 mprj/_38524_/Y
 mprj/_38525_/X
 mprj/_38526_/Y
 mprj/_38527_/X
 mprj/_38528_/Y
 mprj/_38529_/X
 mprj/_38530_/X
 mprj/_38531_/X
 mprj/_38532_/X
 mprj/_38533_/Y
 mprj/_38534_/Y
 mprj/_38535_/X
 mprj/_38536_/Y
 mprj/_38537_/Y
 mprj/_38538_/Y
 mprj/_38539_/Y
 mprj/_38540_/X
 mprj/_38541_/Y
 mprj/_38542_/Y
 mprj/_38543_/Y
 mprj/_38544_/Y
 mprj/_38545_/Y
 mprj/_38546_/X
 mprj/_38547_/Y
 mprj/_38548_/Y
 mprj/_38549_/Y
 mprj/_38550_/X
 mprj/_38551_/X
 mprj/_38552_/Y
 mprj/_38553_/X
 mprj/_38554_/Y
 mprj/_38555_/X
 mprj/_38556_/X
 mprj/_38557_/X
 mprj/_38558_/Y
 mprj/_38559_/Y
 mprj/_38560_/Y
 mprj/_38561_/X
 mprj/_38562_/Y
 mprj/_38563_/X
 mprj/_38564_/X
 mprj/_38565_/Y
 mprj/_38566_/X
 mprj/_38567_/Y
 mprj/_38568_/X
 mprj/_38569_/X
 mprj/_38570_/X
 mprj/_38571_/Y
 mprj/_38572_/Y
 mprj/_38573_/X
 mprj/_38574_/X
 mprj/_38575_/X
 mprj/_38576_/X
 mprj/_38577_/Y
 mprj/_38578_/X
 mprj/_38579_/X
 mprj/_38580_/Y
 mprj/_38581_/Y
 mprj/_38582_/X
 mprj/_38583_/Y
 mprj/_38584_/Y
 mprj/_38585_/Y
 mprj/_38586_/Y
 mprj/_38587_/Y
 mprj/_38588_/Y
 mprj/_38589_/Y
 mprj/_38590_/Y
 mprj/_38591_/Y
 mprj/_38592_/X
 mprj/_38593_/X
 mprj/_38594_/X
 mprj/_38595_/Y
 mprj/_38596_/X
 mprj/_38597_/Y
 mprj/_38598_/X
 mprj/_38599_/Y
 mprj/_38600_/X
 mprj/_38601_/Y
 mprj/_38602_/X
 mprj/_38603_/Y
 mprj/_38604_/X
 mprj/_38605_/X
 mprj/_38606_/X
 mprj/_38607_/Y
 mprj/_38608_/Y
 mprj/_38609_/X
 mprj/_38610_/Y
 mprj/_38611_/X
 mprj/_38612_/X
 mprj/_38613_/Y
 mprj/_38614_/Y
 mprj/_38615_/X
 mprj/_38616_/X
 mprj/_38617_/Y
 mprj/_38618_/Y
 mprj/_38619_/Y
 mprj/_38620_/X
 mprj/_38621_/Y
 mprj/_38622_/X
 mprj/_38623_/X
 mprj/_38624_/X
 mprj/_38625_/Y
 mprj/_38626_/X
 mprj/_38627_/X
 mprj/_38628_/X
 mprj/_38629_/Y
 mprj/_38630_/Y
 mprj/_38631_/X
 mprj/_38632_/X
 mprj/_38633_/X
 mprj/_38634_/Y
 mprj/_38635_/Y
 mprj/_38636_/X
 mprj/_38637_/Y
 mprj/_38638_/Y
 mprj/_38639_/Y
 mprj/_38640_/Y
 mprj/_38641_/X
 mprj/_38642_/X
 mprj/_38643_/Y
 mprj/_38644_/Y
 mprj/_38645_/Y
 mprj/_38646_/Y
 mprj/_38647_/X
 mprj/_38648_/X
 mprj/_38649_/Y
 mprj/_38650_/Y
 mprj/_38651_/X
 mprj/_38652_/Y
 mprj/_38653_/X
 mprj/_38654_/X
 mprj/_38655_/X
 mprj/_38656_/Y
 mprj/_38657_/Y
 mprj/_38658_/Y
 mprj/_38659_/Y
 mprj/_38660_/Y
 mprj/_38661_/Y
 mprj/_38662_/Y
 mprj/_38663_/X
 mprj/_38664_/Y
 mprj/_38665_/Y
 mprj/_38666_/X
 mprj/_38667_/X
 mprj/_38668_/Y
 mprj/_38669_/Y
 mprj/_38670_/X
 mprj/_38671_/Y
 mprj/_38672_/X
 mprj/_38673_/X
 mprj/_38674_/X
 mprj/_38675_/Y
 mprj/_38676_/X
 mprj/_38677_/Y
 mprj/_38678_/X
 mprj/_38679_/Y
 mprj/_38680_/Y
 mprj/_38681_/X
 mprj/_38682_/Y
 mprj/_38683_/Y
 mprj/_38684_/Y
 mprj/_38685_/Y
 mprj/_38686_/Y
 mprj/_38687_/Y
 mprj/_38688_/X
 mprj/_38689_/Y
 mprj/_38690_/X
 mprj/_38691_/Y
 mprj/_38692_/Y
 mprj/_38693_/X
 mprj/_38694_/X
 mprj/_38695_/Y
 mprj/_38696_/Y
 mprj/_38697_/Y
 mprj/_38698_/Y
 mprj/_38699_/Y
 mprj/_38700_/Y
 mprj/_38701_/X
 mprj/_38702_/X
 mprj/_38703_/X
 mprj/_38704_/X
 mprj/_38705_/X
 mprj/_38706_/Y
 mprj/_38707_/X
 mprj/_38708_/Y
 mprj/_38709_/X
 mprj/_38710_/Y
 mprj/_38711_/Y
 mprj/_38712_/Y
 mprj/_38713_/Y
 mprj/_38714_/X
 mprj/_38715_/X
 mprj/_38716_/Y
 mprj/_38717_/X
 mprj/_38718_/X
 mprj/_38719_/Y
 mprj/_38720_/X
 mprj/_38721_/Y
 mprj/_38722_/Y
 mprj/_38723_/X
 mprj/_38724_/X
 mprj/_38725_/Y
 mprj/_38726_/Y
 mprj/_38727_/X
 mprj/_38728_/X
 mprj/_38729_/X
 mprj/_38730_/Y
 mprj/_38731_/Y
 mprj/_38732_/X
 mprj/_38733_/X
 mprj/_38734_/Y
 mprj/_38735_/X
 mprj/_38736_/Y
 mprj/_38737_/Y
 mprj/_38738_/X
 mprj/_38739_/X
 mprj/_38740_/Y
 mprj/_38741_/Y
 mprj/_38742_/X
 mprj/_38743_/X
 mprj/_38744_/Y
 mprj/_38745_/Y
 mprj/_38746_/Y
 mprj/_38747_/Y
 mprj/_38748_/X
 mprj/_38749_/Y
 mprj/_38750_/Y
 mprj/_38751_/X
 mprj/_38752_/Y
 mprj/_38753_/Y
 mprj/_38754_/Y
 mprj/_38755_/X
 mprj/_38756_/X
 mprj/_38757_/X
 mprj/_38758_/Y
 mprj/_38759_/Y
 mprj/_38760_/X
 mprj/_38761_/Y
 mprj/_38762_/X
 mprj/_38763_/X
 mprj/_38764_/X
 mprj/_38765_/Y
 mprj/_38766_/X
 mprj/_38767_/Y
 mprj/_38768_/Y
 mprj/_38769_/X
 mprj/_38770_/Y
 mprj/_38771_/X
 mprj/_38772_/X
 mprj/_38773_/Y
 mprj/_38774_/Y
 mprj/_38775_/X
 mprj/_38776_/Y
 mprj/_38777_/X
 mprj/_38778_/Y
 mprj/_38779_/Y
 mprj/_38780_/X
 mprj/_38781_/Y
 mprj/_38782_/X
 mprj/_38783_/Y
 mprj/_38784_/Y
 mprj/_38785_/Y
 mprj/_38786_/Y
 mprj/_38787_/X
 mprj/_38788_/Y
 mprj/_38789_/Y
 mprj/_38790_/Y
 mprj/_38791_/Y
 mprj/_38792_/Y
 mprj/_38793_/Y
 mprj/_38794_/Y
 mprj/_38795_/X
 mprj/_38796_/X
 mprj/_38797_/X
 mprj/_38798_/Y
 mprj/_38799_/Y
 mprj/_38800_/X
 mprj/_38801_/X
 mprj/_38802_/Y
 mprj/_38803_/X
 mprj/_38804_/Y
 mprj/_38805_/X
 mprj/_38806_/X
 mprj/_38807_/X
 mprj/_38808_/Y
 mprj/_38809_/Y
 mprj/_38810_/Y
 mprj/_38811_/Y
 mprj/_38812_/Y
 mprj/_38813_/Y
 mprj/_38814_/Y
 mprj/_38815_/Y
 mprj/_38816_/Y
 mprj/_38817_/Y
 mprj/_38818_/X
 mprj/_38819_/Y
 mprj/_38820_/Y
 mprj/_38821_/Y
 mprj/_38822_/Y
 mprj/_38823_/X
 mprj/_38824_/Y
 mprj/_38825_/X
 mprj/_38826_/Y
 mprj/_38827_/X
 mprj/_38828_/Y
 mprj/_38829_/Y
 mprj/_38830_/Y
 mprj/_38831_/Y
 mprj/_38832_/Y
 mprj/_38833_/X
 mprj/_38834_/Y
 mprj/_38835_/Y
 mprj/_38836_/X
 mprj/_38837_/Y
 mprj/_38838_/X
 mprj/_38839_/Y
 mprj/_38840_/X
 mprj/_38841_/Y
 mprj/_38842_/X
 mprj/_38843_/Y
 mprj/_38844_/X
 mprj/_38845_/Y
 mprj/_38846_/X
 mprj/_38847_/Y
 mprj/_38848_/Y
 mprj/_38849_/X
 mprj/_38850_/X
 mprj/_38851_/X
 mprj/_38852_/Y
 mprj/_38853_/X
 mprj/_38854_/Y
 mprj/_38855_/Y
 mprj/_38856_/Y
 mprj/_38857_/Y
 mprj/_38858_/Y
 mprj/_38859_/Y
 mprj/_38860_/X
 mprj/_38861_/X
 mprj/_38862_/X
 mprj/_38863_/Y
 mprj/_38864_/X
 mprj/_38865_/Y
 mprj/_38866_/Y
 mprj/_38867_/X
 mprj/_38868_/Y
 mprj/_38869_/Y
 mprj/_38870_/Y
 mprj/_38871_/X
 mprj/_38872_/X
 mprj/_38873_/X
 mprj/_38874_/Y
 mprj/_38875_/X
 mprj/_38876_/Y
 mprj/_38877_/Y
 mprj/_38878_/Y
 mprj/_38879_/Y
 mprj/_38880_/Y
 mprj/_38881_/X
 mprj/_38882_/X
 mprj/_38883_/Y
 mprj/_38884_/X
 mprj/_38885_/X
 mprj/_38886_/Y
 mprj/_38887_/X
 mprj/_38888_/X
 mprj/_38889_/X
 mprj/_38890_/Y
 mprj/_38891_/Y
 mprj/_38892_/Y
 mprj/_38893_/Y
 mprj/_38894_/X
 mprj/_38895_/X
 mprj/_38896_/X
 mprj/_38897_/X
 mprj/_38898_/Y
 mprj/_38899_/Y
 mprj/_38900_/X
 mprj/_38901_/X
 mprj/_38902_/Y
 mprj/_38903_/X
 mprj/_38904_/X
 mprj/_38905_/Y
 mprj/_38906_/X
 mprj/_38907_/Y
 mprj/_38908_/X
 mprj/_38909_/X
 mprj/_38910_/X
 mprj/_38911_/Y
 mprj/_38912_/Y
 mprj/_38913_/Y
 mprj/_38914_/Y
 mprj/_38915_/X
 mprj/_38916_/Y
 mprj/_38917_/X
 mprj/_38918_/Y
 mprj/_38919_/Y
 mprj/_38920_/X
 mprj/_38921_/X
 mprj/_38922_/X
 mprj/_38923_/X
 mprj/_38924_/X
 mprj/_38925_/Y
 mprj/_38926_/X
 mprj/_38927_/Y
 mprj/_38928_/X
 mprj/_38929_/Y
 mprj/_38930_/Y
 mprj/_38931_/Y
 mprj/_38932_/Y
 mprj/_38933_/X
 mprj/_38934_/X
 mprj/_38935_/X
 mprj/_38936_/Y
 mprj/_38937_/X
 mprj/_38938_/Y
 mprj/_38939_/Y
 mprj/_38940_/Y
 mprj/_38941_/Y
 mprj/_38942_/Y
 mprj/_38943_/X
 mprj/_38944_/Y
 mprj/_38945_/X
 mprj/_38946_/Y
 mprj/_38947_/Y
 mprj/_38948_/X
 mprj/_38949_/Y
 mprj/_38950_/X
 mprj/_38951_/Y
 mprj/_38952_/Y
 mprj/_38953_/Y
 mprj/_38954_/X
 mprj/_38955_/X
 mprj/_38956_/X
 mprj/_38957_/Y
 mprj/_38958_/X
 mprj/_38959_/X
 mprj/_38960_/X
 mprj/_38961_/X
 mprj/_38962_/Y
 mprj/_38963_/Y
 mprj/_38964_/Y
 mprj/_38965_/X
 mprj/_38966_/Y
 mprj/_38967_/X
 mprj/_38968_/X
 mprj/_38969_/Y
 mprj/_38970_/Y
 mprj/_38971_/Y
 mprj/_38972_/X
 mprj/_38973_/Y
 mprj/_38974_/Y
 mprj/_38975_/X
 mprj/_38976_/X
 mprj/_38977_/Y
 mprj/_38978_/Y
 mprj/_38979_/Y
 mprj/_38980_/X
 mprj/_38981_/Y
 mprj/_38982_/X
 mprj/_38983_/X
 mprj/_38984_/Y
 mprj/_38985_/X
 mprj/_38986_/X
 mprj/_38987_/X
 mprj/_38988_/Y
 mprj/_38989_/X
 mprj/_38990_/Y
 mprj/_38991_/X
 mprj/_38992_/Y
 mprj/_38993_/X
 mprj/_38994_/X
 mprj/_38995_/X
 mprj/_38996_/Y
 mprj/_38997_/X
 mprj/_38998_/Y
 mprj/_38999_/X
 mprj/_39000_/X
 mprj/_39001_/Y
 mprj/_39002_/Y
 mprj/_39003_/Y
 mprj/_39004_/X
 mprj/_39005_/Y
 mprj/_39006_/X
 mprj/_39007_/Y
 mprj/_39008_/Y
 mprj/_39009_/Y
 mprj/_39010_/X
 mprj/_39011_/X
 mprj/_39012_/Y
 mprj/_39013_/Y
 mprj/_39014_/Y
 mprj/_39015_/Y
 mprj/_39016_/Y
 mprj/_39017_/Y
 mprj/_39018_/X
 mprj/_39019_/Y
 mprj/_39020_/Y
 mprj/_39021_/X
 mprj/_39022_/Y
 mprj/_39023_/Y
 mprj/_39024_/X
 mprj/_39025_/Y
 mprj/_39026_/Y
 mprj/_39027_/Y
 mprj/_39028_/Y
 mprj/_39029_/Y
 mprj/_39030_/Y
 mprj/_39031_/X
 mprj/_39032_/X
 mprj/_39033_/X
 mprj/_39034_/X
 mprj/_39035_/X
 mprj/_39036_/Y
 mprj/_39037_/X
 mprj/_39038_/Y
 mprj/_39039_/X
 mprj/_39040_/Y
 mprj/_39041_/Y
 mprj/_39042_/Y
 mprj/_39043_/Y
 mprj/_39044_/Y
 mprj/_39045_/X
 mprj/_39046_/Y
 mprj/_39047_/Y
 mprj/_39048_/Y
 mprj/_39049_/X
 mprj/_39050_/X
 mprj/_39051_/Y
 mprj/_39052_/Y
 mprj/_39053_/Y
 mprj/_39054_/X
 mprj/_39055_/Y
 mprj/_39056_/Y
 mprj/_39057_/X
 mprj/_39058_/X
 mprj/_39059_/Y
 mprj/_39060_/X
 mprj/_39061_/Y
 mprj/_39062_/Y
 mprj/_39063_/Y
 mprj/_39064_/Y
 mprj/_39065_/X
 mprj/_39066_/Y
 mprj/_39067_/Y
 mprj/_39068_/X
 mprj/_39069_/Y
 mprj/_39070_/Y
 mprj/_39071_/Y
 mprj/_39072_/Y
 mprj/_39073_/X
 mprj/_39074_/Y
 mprj/_39075_/X
 mprj/_39076_/Y
 mprj/_39077_/X
 mprj/_39078_/Y
 mprj/_39079_/X
 mprj/_39080_/Y
 mprj/_39081_/X
 mprj/_39082_/X
 mprj/_39083_/Y
 mprj/_39084_/X
 mprj/_39085_/Y
 mprj/_39086_/Y
 mprj/_39087_/Y
 mprj/_39088_/Y
 mprj/_39089_/Y
 mprj/_39090_/Y
 mprj/_39091_/X
 mprj/_39092_/Y
 mprj/_39093_/Y
 mprj/_39094_/X
 mprj/_39095_/Y
 mprj/_39096_/Y
 mprj/_39097_/X
 mprj/_39098_/Y
 mprj/_39099_/X
 mprj/_39100_/X
 mprj/_39101_/X
 mprj/_39102_/X
 mprj/_39103_/Y
 mprj/_39104_/Y
 mprj/_39105_/Y
 mprj/_39106_/X
 mprj/_39107_/Y
 mprj/_39108_/X
 mprj/_39109_/X
 mprj/_39110_/Y
 mprj/_39111_/Y
 mprj/_39112_/X
 mprj/_39113_/Y
 mprj/_39114_/Y
 mprj/_39115_/X
 mprj/_39116_/Y
 mprj/_39117_/X
 mprj/_39118_/X
 mprj/_39119_/Y
 mprj/_39120_/Y
 mprj/_39121_/Y
 mprj/_39122_/X
 mprj/_39123_/Y
 mprj/_39124_/Y
 mprj/_39125_/X
 mprj/_39126_/X
 mprj/_39127_/Y
 mprj/_39128_/Y
 mprj/_39129_/Y
 mprj/_39130_/X
 mprj/_39131_/Y
 mprj/_39132_/Y
 mprj/_39133_/X
 mprj/_39134_/X
 mprj/_39135_/X
 mprj/_39136_/X
 mprj/_39137_/Y
 mprj/_39138_/Y
 mprj/_39139_/Y
 mprj/_39140_/X
 mprj/_39141_/Y
 mprj/_39142_/X
 mprj/_39143_/Y
 mprj/_39144_/Y
 mprj/_39145_/X
 mprj/_39146_/X
 mprj/_39147_/X
 mprj/_39148_/X
 mprj/_39149_/X
 mprj/_39150_/Y
 mprj/_39151_/X
 mprj/_39152_/Y
 mprj/_39153_/Y
 mprj/_39154_/Y
 mprj/_39155_/X
 mprj/_39156_/X
 mprj/_39157_/Y
 mprj/_39158_/X
 mprj/_39159_/Y
 mprj/_39160_/X
 mprj/_39161_/Y
 mprj/_39162_/Y
 mprj/_39163_/Y
 mprj/_39164_/X
 mprj/_39165_/Y
 mprj/_39166_/Y
 mprj/_39167_/Y
 mprj/_39168_/X
 mprj/_39169_/Y
 mprj/_39170_/Y
 mprj/_39171_/X
 mprj/_39172_/Y
 mprj/_39173_/X
 mprj/_39174_/Y
 mprj/_39175_/X
 mprj/_39176_/Y
 mprj/_39177_/X
 mprj/_39178_/X
 mprj/_39179_/Y
 mprj/_39180_/Y
 mprj/_39181_/X
 mprj/_39182_/Y
 mprj/_39183_/Y
 mprj/_39184_/Y
 mprj/_39185_/X
 mprj/_39186_/Y
 mprj/_39187_/X
 mprj/_39188_/Y
 mprj/_39189_/X
 mprj/_39190_/Y
 mprj/_39191_/X
 mprj/_39192_/Y
 mprj/_39193_/X
 mprj/_39194_/X
 mprj/_39195_/Y
 mprj/_39196_/Y
 mprj/_39197_/Y
 mprj/_39198_/X
 mprj/_39199_/X
 mprj/_39200_/Y
 mprj/_39201_/Y
 mprj/_39202_/Y
 mprj/_39203_/Y
 mprj/_39204_/Y
 mprj/_39205_/X
 mprj/_39206_/Y
 mprj/_39207_/X
 mprj/_39208_/X
 mprj/_39209_/X
 mprj/_39210_/Y
 mprj/_39211_/Y
 mprj/_39212_/Y
 mprj/_39213_/Y
 mprj/_39214_/X
 mprj/_39215_/Y
 mprj/_39216_/Y
 mprj/_39217_/X
 mprj/_39218_/Y
 mprj/_39219_/Y
 mprj/_39220_/X
 mprj/_39221_/Y
 mprj/_39222_/X
 mprj/_39223_/X
 mprj/_39224_/X
 mprj/_39225_/Y
 mprj/_39226_/Y
 mprj/_39227_/Y
 mprj/_39228_/Y
 mprj/_39229_/Y
 mprj/_39230_/Y
 mprj/_39231_/Y
 mprj/_39232_/Y
 mprj/_39233_/Y
 mprj/_39234_/Y
 mprj/_39235_/Y
 mprj/_39236_/X
 mprj/_39237_/X
 mprj/_39238_/Y
 mprj/_39239_/Y
 mprj/_39240_/X
 mprj/_39241_/Y
 mprj/_39242_/X
 mprj/_39243_/Y
 mprj/_39244_/Y
 mprj/_39245_/Y
 mprj/_39246_/Y
 mprj/_39247_/X
 mprj/_39248_/Y
 mprj/_39249_/Y
 mprj/_39250_/X
 mprj/_39251_/Y
 mprj/_39252_/X
 mprj/_39253_/X
 mprj/_39254_/X
 mprj/_39255_/Y
 mprj/_39256_/X
 mprj/_39257_/X
 mprj/_39258_/Y
 mprj/_39259_/Y
 mprj/_39260_/X
 mprj/_39261_/Y
 mprj/_39262_/Y
 mprj/_39263_/Y
 mprj/_39264_/Y
 mprj/_39265_/Y
 mprj/_39266_/X
 mprj/_39267_/X
 mprj/_39268_/X
 mprj/_39269_/Y
 mprj/_39270_/X
 mprj/_39271_/Y
 mprj/_39272_/Y
 mprj/_39273_/Y
 mprj/_39274_/Y
 mprj/_39275_/X
 mprj/_39276_/X
 mprj/_39277_/Y
 mprj/_39278_/Y
 mprj/_39279_/X
 mprj/_39280_/X
 mprj/_39281_/X
 mprj/_39282_/Y
 mprj/_39283_/X
 mprj/_39284_/X
 mprj/_39285_/X
 mprj/_39286_/Y
 mprj/_39287_/X
 mprj/_39288_/X
 mprj/_39289_/Y
 mprj/_39290_/X
 mprj/_39291_/Y
 mprj/_39292_/Y
 mprj/_39293_/Y
 mprj/_39294_/X
 mprj/_39295_/X
 mprj/_39296_/Y
 mprj/_39297_/X
 mprj/_39298_/Y
 mprj/_39299_/X
 mprj/_39300_/X
 mprj/_39301_/Y
 mprj/_39302_/X
 mprj/_39303_/X
 mprj/_39304_/Y
 mprj/_39305_/X
 mprj/_39306_/Y
 mprj/_39307_/Y
 mprj/_39308_/Y
 mprj/_39309_/X
 mprj/_39310_/Y
 mprj/_39311_/Y
 mprj/_39312_/Y
 mprj/_39313_/X
 mprj/_39314_/X
 mprj/_39315_/Y
 mprj/_39316_/X
 mprj/_39317_/Y
 mprj/_39318_/X
 mprj/_39319_/Y
 mprj/_39320_/X
 mprj/_39321_/X
 mprj/_39322_/X
 mprj/_39323_/X
 mprj/_39324_/X
 mprj/_39325_/Y
 mprj/_39326_/X
 mprj/_39327_/Y
 mprj/_39328_/Y
 mprj/_39329_/Y
 mprj/_39330_/Y
 mprj/_39331_/Y
 mprj/_39332_/Y
 mprj/_39333_/Y
 mprj/_39334_/Y
 mprj/_39335_/X
 mprj/_39336_/X
 mprj/_39337_/X
 mprj/_39338_/Y
 mprj/_39339_/X
 mprj/_39340_/X
 mprj/_39341_/Y
 mprj/_39342_/Y
 mprj/_39343_/Y
 mprj/_39344_/Y
 mprj/_39345_/Y
 mprj/_39346_/Y
 mprj/_39347_/X
 mprj/_39348_/X
 mprj/_39349_/X
 mprj/_39350_/Y
 mprj/_39351_/X
 mprj/_39352_/X
 mprj/_39353_/Y
 mprj/_39354_/X
 mprj/_39355_/Y
 mprj/_39356_/Y
 mprj/_39357_/X
 mprj/_39358_/Y
 mprj/_39359_/X
 mprj/_39360_/Y
 mprj/_39361_/Y
 mprj/_39362_/Y
 mprj/_39363_/Y
 mprj/_39364_/X
 mprj/_39365_/X
 mprj/_39366_/Y
 mprj/_39367_/X
 mprj/_39368_/Y
 mprj/_39369_/X
 mprj/_39370_/Y
 mprj/_39371_/X
 mprj/_39372_/Y
 mprj/_39373_/Y
 mprj/_39374_/Y
 mprj/_39375_/Y
 mprj/_39376_/Y
 mprj/_39377_/X
 mprj/_39378_/X
 mprj/_39379_/X
 mprj/_39380_/X
 mprj/_39381_/X
 mprj/_39382_/X
 mprj/_39383_/Y
 mprj/_39384_/X
 mprj/_39385_/X
 mprj/_39386_/X
 mprj/_39387_/X
 mprj/_39388_/X
 mprj/_39389_/Y
 mprj/_39390_/X
 mprj/_39391_/X
 mprj/_39392_/Y
 mprj/_39393_/Y
 mprj/_39394_/Y
 mprj/_39395_/Y
 mprj/_39396_/Y
 mprj/_39397_/Y
 mprj/_39398_/X
 mprj/_39399_/X
 mprj/_39400_/Y
 mprj/_39401_/Y
 mprj/_39402_/Y
 mprj/_39403_/X
 mprj/_39404_/Y
 mprj/_39405_/X
 mprj/_39406_/Y
 mprj/_39407_/Y
 mprj/_39408_/X
 mprj/_39409_/X
 mprj/_39410_/Y
 mprj/_39411_/X
 mprj/_39412_/Y
 mprj/_39413_/X
 mprj/_39414_/Y
 mprj/_39415_/Y
 mprj/_39416_/X
 mprj/_39417_/Y
 mprj/_39418_/Y
 mprj/_39419_/X
 mprj/_39420_/Y
 mprj/_39421_/X
 mprj/_39422_/X
 mprj/_39423_/X
 mprj/_39424_/Y
 mprj/_39425_/Y
 mprj/_39426_/Y
 mprj/_39427_/Y
 mprj/_39428_/X
 mprj/_39429_/X
 mprj/_39430_/X
 mprj/_39431_/Y
 mprj/_39432_/X
 mprj/_39433_/Y
 mprj/_39434_/Y
 mprj/_39435_/X
 mprj/_39436_/Y
 mprj/_39437_/X
 mprj/_39438_/X
 mprj/_39439_/X
 mprj/_39440_/X
 mprj/_39441_/Y
 mprj/_39442_/X
 mprj/_39443_/Y
 mprj/_39444_/X
 mprj/_39445_/X
 mprj/_39446_/X
 mprj/_39447_/Y
 mprj/_39448_/Y
 mprj/_39449_/X
 mprj/_39450_/Y
 mprj/_39451_/X
 mprj/_39452_/Y
 mprj/_39453_/X
 mprj/_39454_/X
 mprj/_39455_/X
 mprj/_39456_/X
 mprj/_39457_/X
 mprj/_39458_/X
 mprj/_39459_/Y
 mprj/_39460_/X
 mprj/_39461_/Y
 mprj/_39462_/X
 mprj/_39463_/X
 mprj/_39464_/Y
 mprj/_39465_/Y
 mprj/_39466_/X
 mprj/_39467_/Y
 mprj/_39468_/X
 mprj/_39469_/X
 mprj/_39470_/Y
 mprj/_39471_/X
 mprj/_39472_/Y
 mprj/_39473_/X
 mprj/_39474_/Y
 mprj/_39475_/X
 mprj/_39476_/X
 mprj/_39477_/X
 mprj/_39478_/X
 mprj/_39479_/Y
 mprj/_39480_/X
 mprj/_39481_/Y
 mprj/_39482_/X
 mprj/_39483_/Y
 mprj/_39484_/X
 mprj/_39485_/Y
 mprj/_39486_/Y
 mprj/_39487_/Y
 mprj/_39488_/X
 mprj/_39489_/Y
 mprj/_39490_/X
 mprj/_39491_/X
 mprj/_39492_/Y
 mprj/_39493_/Y
 mprj/_39494_/X
 mprj/_39495_/X
 mprj/_39496_/Y
 mprj/_39497_/X
 mprj/_39498_/X
 mprj/_39499_/Y
 mprj/_39500_/Y
 mprj/_39501_/X
 mprj/_39502_/Y
 mprj/_39503_/Y
 mprj/_39504_/X
 mprj/_39505_/Y
 mprj/_39506_/X
 mprj/_39507_/X
 mprj/_39508_/X
 mprj/_39509_/X
 mprj/_39510_/X
 mprj/_39511_/Y
 mprj/_39512_/Y
 mprj/_39513_/X
 mprj/_39514_/X
 mprj/_39515_/X
 mprj/_39516_/X
 mprj/_39517_/Y
 mprj/_39518_/X
 mprj/_39519_/Y
 mprj/_39520_/X
 mprj/_39521_/X
 mprj/_39522_/Y
 mprj/_39523_/X
 mprj/_39524_/X
 mprj/_39525_/Y
 mprj/_39526_/Y
 mprj/_39527_/X
 mprj/_39528_/Y
 mprj/_39529_/X
 mprj/_39530_/X
 mprj/_39531_/Y
 mprj/_39532_/Y
 mprj/_39533_/X
 mprj/_39534_/Y
 mprj/_39535_/X
 mprj/_39536_/X
 mprj/_39537_/Y
 mprj/_39538_/X
 mprj/_39539_/Y
 mprj/_39540_/Y
 mprj/_39541_/Y
 mprj/_39542_/Y
 mprj/_39543_/X
 mprj/_39544_/X
 mprj/_39545_/X
 mprj/_39546_/Y
 mprj/_39547_/Y
 mprj/_39548_/Y
 mprj/_39549_/Y
 mprj/_39550_/X
 mprj/_39551_/Y
 mprj/_39552_/Y
 mprj/_39553_/Y
 mprj/_39554_/Y
 mprj/_39555_/Y
 mprj/_39556_/X
 mprj/_39557_/X
 mprj/_39558_/Y
 mprj/_39559_/X
 mprj/_39560_/Y
 mprj/_39561_/X
 mprj/_39562_/Y
 mprj/_39563_/X
 mprj/_39564_/X
 mprj/_39565_/X
 mprj/_39566_/X
 mprj/_39567_/X
 mprj/_39568_/Y
 mprj/_39569_/X
 mprj/_39570_/Y
 mprj/_39571_/Y
 mprj/_39572_/X
 mprj/_39573_/Y
 mprj/_39574_/Y
 mprj/_39575_/X
 mprj/_39576_/X
 mprj/_39577_/X
 mprj/_39578_/Y
 mprj/_39579_/X
 mprj/_39580_/Y
 mprj/_39581_/X
 mprj/_39582_/X
 mprj/_39583_/X
 mprj/_39584_/X
 mprj/_39585_/Y
 mprj/_39586_/Y
 mprj/_39587_/Y
 mprj/_39588_/Y
 mprj/_39589_/Y
 mprj/_39590_/X
 mprj/_39591_/Y
 mprj/_39592_/X
 mprj/_39593_/X
 mprj/_39594_/X
 mprj/_39595_/X
 mprj/_39596_/Y
 mprj/_39597_/Y
 mprj/_39598_/Y
 mprj/_39599_/X
 mprj/_39600_/Y
 mprj/_39601_/X
 mprj/_39602_/X
 mprj/_39603_/Y
 mprj/_39604_/Y
 mprj/_39605_/X
 mprj/_39606_/Y
 mprj/_39607_/X
 mprj/_39608_/X
 mprj/_39609_/Y
 mprj/_39610_/Y
 mprj/_39611_/Y
 mprj/_39612_/X
 mprj/_39613_/X
 mprj/_39614_/Y
 mprj/_39615_/X
 mprj/_39616_/Y
 mprj/_39617_/Y
 mprj/_39618_/X
 mprj/_39619_/Y
 mprj/_39620_/X
 mprj/_39621_/X
 mprj/_39622_/X
 mprj/_39623_/Y
 mprj/_39624_/Y
 mprj/_39625_/X
 mprj/_39626_/X
 mprj/_39627_/Y
 mprj/_39628_/Y
 mprj/_39629_/X
 mprj/_39630_/Y
 mprj/_39631_/X
 mprj/_39632_/Y
 mprj/_39633_/Y
 mprj/_39634_/X
 mprj/_39635_/Y
 mprj/_39636_/Y
 mprj/_39637_/Y
 mprj/_39638_/X
 mprj/_39639_/X
 mprj/_39640_/X
 mprj/_39641_/X
 mprj/_39642_/Y
 mprj/_39643_/Y
 mprj/_39644_/Y
 mprj/_39645_/X
 mprj/_39646_/Y
 mprj/_39647_/X
 mprj/_39648_/Y
 mprj/_39649_/Y
 mprj/_39650_/X
 mprj/_39651_/X
 mprj/_39652_/Y
 mprj/_39653_/Y
 mprj/_39654_/X
 mprj/_39655_/X
 mprj/_39656_/Y
 mprj/_39657_/Y
 mprj/_39658_/Y
 mprj/_39659_/X
 mprj/_39660_/Y
 mprj/_39661_/Y
 mprj/_39662_/X
 mprj/_39663_/Y
 mprj/_39664_/X
 mprj/_39665_/Y
 mprj/_39666_/Y
 mprj/_39667_/X
 mprj/_39668_/X
 mprj/_39669_/X
 mprj/_39670_/X
 mprj/_39671_/Y
 mprj/_39672_/Y
 mprj/_39673_/X
 mprj/_39674_/X
 mprj/_39675_/X
 mprj/_39676_/X
 mprj/_39677_/X
 mprj/_39678_/X
 mprj/_39679_/Y
 mprj/_39680_/X
 mprj/_39681_/Y
 mprj/_39682_/X
 mprj/_39683_/Y
 mprj/_39684_/X
 mprj/_39685_/Y
 mprj/_39686_/Y
 mprj/_39687_/X
 mprj/_39688_/Y
 mprj/_39689_/X
 mprj/_39690_/X
 mprj/_39691_/X
 mprj/_39692_/X
 mprj/_39693_/X
 mprj/_39694_/Y
 mprj/_39695_/Y
 mprj/_39696_/Y
 mprj/_39697_/Y
 mprj/_39698_/X
 mprj/_39699_/Y
 mprj/_39700_/X
 mprj/_39701_/X
 mprj/_39702_/X
 mprj/_39703_/X
 mprj/_39704_/Y
 mprj/_39705_/Y
 mprj/_39706_/Y
 mprj/_39707_/Y
 mprj/_39708_/X
 mprj/_39709_/Y
 mprj/_39710_/Y
 mprj/_39711_/X
 mprj/_39712_/Y
 mprj/_39713_/Y
 mprj/_39714_/Y
 mprj/_39715_/X
 mprj/_39716_/Y
 mprj/_39717_/Y
 mprj/_39718_/X
 mprj/_39719_/X
 mprj/_39720_/Y
 mprj/_39721_/Y
 mprj/_39722_/Y
 mprj/_39723_/Y
 mprj/_39724_/Y
 mprj/_39725_/Y
 mprj/_39726_/X
 mprj/_39727_/Y
 mprj/_39728_/Y
 mprj/_39729_/Y
 mprj/_39730_/X
 mprj/_39731_/Y
 mprj/_39732_/X
 mprj/_39733_/Y
 mprj/_39734_/X
 mprj/_39735_/X
 mprj/_39736_/X
 mprj/_39737_/X
 mprj/_39738_/Y
 mprj/_39739_/X
 mprj/_39740_/X
 mprj/_39741_/X
 mprj/_39742_/Y
 mprj/_39743_/X
 mprj/_39744_/Y
 mprj/_39745_/Y
 mprj/_39746_/X
 mprj/_39747_/X
 mprj/_39748_/X
 mprj/_39749_/Y
 mprj/_39750_/X
 mprj/_39751_/X
 mprj/_39752_/Y
 mprj/_39753_/X
 mprj/_39754_/X
 mprj/_39755_/Y
 mprj/_39756_/Y
 mprj/_39757_/Y
 mprj/_39758_/X
 mprj/_39759_/X
 mprj/_39760_/Y
 mprj/_39761_/Y
 mprj/_39762_/Y
 mprj/_39763_/Y
 mprj/_39764_/X
 mprj/_39765_/Y
 mprj/_39766_/X
 mprj/_39767_/Y
 mprj/_39768_/Y
 mprj/_39769_/Y
 mprj/_39770_/X
 mprj/_39771_/X
 mprj/_39772_/Y
 mprj/_39773_/Y
 mprj/_39774_/Y
 mprj/_39775_/Y
 mprj/_39776_/X
 mprj/_39777_/Y
 mprj/_39778_/X
 mprj/_39779_/X
 mprj/_39780_/Y
 mprj/_39781_/Y
 mprj/_39782_/Y
 mprj/_39783_/X
 mprj/_39784_/X
 mprj/_39785_/X
 mprj/_39786_/X
 mprj/_39787_/Y
 mprj/_39788_/X
 mprj/_39789_/Y
 mprj/_39790_/X
 mprj/_39791_/X
 mprj/_39792_/X
 mprj/_39793_/Y
 mprj/_39794_/X
 mprj/_39795_/Y
 mprj/_39796_/Y
 mprj/_39797_/Y
 mprj/_39798_/Y
 mprj/_39799_/X
 mprj/_39800_/Y
 mprj/_39801_/X
 mprj/_39802_/Y
 mprj/_39803_/X
 mprj/_39804_/Y
 mprj/_39805_/X
 mprj/_39806_/Y
 mprj/_39807_/X
 mprj/_39808_/Y
 mprj/_39809_/Y
 mprj/_39810_/Y
 mprj/_39811_/Y
 mprj/_39812_/Y
 mprj/_39813_/X
 mprj/_39814_/X
 mprj/_39815_/Y
 mprj/_39816_/X
 mprj/_39817_/Y
 mprj/_39818_/X
 mprj/_39819_/X
 mprj/_39820_/Y
 mprj/_39821_/Y
 mprj/_39822_/X
 mprj/_39823_/Y
 mprj/_39824_/Y
 mprj/_39825_/Y
 mprj/_39826_/X
 mprj/_39827_/Y
 mprj/_39828_/X
 mprj/_39829_/Y
 mprj/_39830_/Y
 mprj/_39831_/Y
 mprj/_39832_/X
 mprj/_39833_/X
 mprj/_39834_/Y
 mprj/_39835_/X
 mprj/_39836_/Y
 mprj/_39837_/X
 mprj/_39838_/X
 mprj/_39839_/X
 mprj/_39840_/Y
 mprj/_39841_/X
 mprj/_39842_/X
 mprj/_39843_/Y
 mprj/_39844_/X
 mprj/_39845_/X
 mprj/_39846_/X
 mprj/_39847_/X
 mprj/_39848_/X
 mprj/_39849_/Y
 mprj/_39850_/Y
 mprj/_39851_/Y
 mprj/_39852_/X
 mprj/_39853_/X
 mprj/_39854_/X
 mprj/_39855_/Y
 mprj/_39856_/Y
 mprj/_39857_/X
 mprj/_39858_/Y
 mprj/_39859_/X
 mprj/_39860_/X
 mprj/_39861_/Y
 mprj/_39862_/X
 mprj/_39863_/Y
 mprj/_39864_/X
 mprj/_39865_/Y
 mprj/_39866_/X
 mprj/_39867_/Y
 mprj/_39868_/X
 mprj/_39869_/X
 mprj/_39870_/X
 mprj/_39871_/Y
 mprj/_39872_/X
 mprj/_39873_/X
 mprj/_39874_/X
 mprj/_39875_/X
 mprj/_39876_/Y
 mprj/_39877_/Y
 mprj/_39878_/X
 mprj/_39879_/X
 mprj/_39880_/X
 mprj/_39881_/Y
 mprj/_39882_/X
 mprj/_39883_/X
 mprj/_39884_/Y
 mprj/_39885_/Y
 mprj/_39886_/X
 mprj/_39887_/X
 mprj/_39888_/X
 mprj/_39889_/Y
 mprj/_39890_/X
 mprj/_39891_/X
 mprj/_39892_/Y
 mprj/_39893_/Y
 mprj/_39894_/Y
 mprj/_39895_/Y
 mprj/_39896_/X
 mprj/_39897_/Y
 mprj/_39898_/X
 mprj/_39899_/X
 mprj/_39900_/X
 mprj/_39901_/X
 mprj/_39902_/Y
 mprj/_39903_/Y
 mprj/_39904_/X
 mprj/_39905_/X
 mprj/_39906_/X
 mprj/_39907_/X
 mprj/_39908_/Y
 mprj/_39909_/Y
 mprj/_39910_/Y
 mprj/_39911_/Y
 mprj/_39912_/Y
 mprj/_39913_/X
 mprj/_39914_/Y
 mprj/_39915_/X
 mprj/_39916_/Y
 mprj/_39917_/Y
 mprj/_39918_/Y
 mprj/_39919_/Y
 mprj/_39920_/Y
 mprj/_39921_/Y
 mprj/_39922_/Y
 mprj/_39923_/Y
 mprj/_39924_/Y
 mprj/_39925_/Y
 mprj/_39926_/X
 mprj/_39927_/X
 mprj/_39928_/Y
 mprj/_39929_/Y
 mprj/_39930_/Y
 mprj/_39931_/Y
 mprj/_39932_/Y
 mprj/_39933_/X
 mprj/_39934_/Y
 mprj/_39935_/Y
 mprj/_39936_/Y
 mprj/_39937_/X
 mprj/_39938_/X
 mprj/_39939_/Y
 mprj/_39940_/X
 mprj/_39941_/X
 mprj/_39942_/Y
 mprj/_39943_/X
 mprj/_39944_/X
 mprj/_39945_/X
 mprj/_39946_/X
 mprj/_39947_/X
 mprj/_39948_/Y
 mprj/_39949_/X
 mprj/_39950_/X
 mprj/_39951_/X
 mprj/_39952_/Y
 mprj/_39953_/X
 mprj/_39954_/Y
 mprj/_39955_/X
 mprj/_39956_/X
 mprj/_39957_/Y
 mprj/_39958_/X
 mprj/_39959_/X
 mprj/_39960_/Y
 mprj/_39961_/X
 mprj/_39962_/X
 mprj/_39963_/Y
 mprj/_39964_/X
 mprj/_39965_/X
 mprj/_39966_/Y
 mprj/_39967_/X
 mprj/_39968_/X
 mprj/_39969_/X
 mprj/_39970_/X
 mprj/_39971_/X
 mprj/_39972_/Y
 mprj/_39973_/X
 mprj/_39974_/X
 mprj/_39975_/Y
 mprj/_39976_/X
 mprj/_39977_/X
 mprj/_39978_/Y
 mprj/_39979_/X
 mprj/_39980_/X
 mprj/_39981_/X
 mprj/_39982_/X
 mprj/_39983_/X
 mprj/_39984_/X
 mprj/_39985_/X
 mprj/_39986_/X
 mprj/_39987_/X
 mprj/_39988_/X
 mprj/_39989_/X
 mprj/_39990_/X
 mprj/_39991_/X
 mprj/_39992_/X
 mprj/_39993_/X
 mprj/_39994_/X
 mprj/_39995_/X
 mprj/_39996_/X
 mprj/_39997_/X
 mprj/_39998_/Y
 mprj/_39999_/X
 mprj/_40000_/Y
 mprj/_40001_/Y
 mprj/_40002_/Y
 mprj/_40003_/Y
 mprj/_40004_/X
 mprj/_40005_/Y
 mprj/_40006_/X
 mprj/_40007_/Y
 mprj/_40008_/X
 mprj/_40009_/X
 mprj/_40010_/X
 mprj/_40011_/Y
 mprj/_40012_/X
 mprj/_40013_/Y
 mprj/_40014_/X
 mprj/_40015_/X
 mprj/_40016_/Y
 mprj/_40017_/Y
 mprj/_40018_/Y
 mprj/_40019_/X
 mprj/_40020_/X
 mprj/_40021_/Y
 mprj/_40022_/X
 mprj/_40023_/X
 mprj/_40024_/X
 mprj/_40025_/Y
 mprj/_40026_/Y
 mprj/_40027_/Y
 mprj/_40028_/Y
 mprj/_40029_/X
 mprj/_40030_/X
 mprj/_40031_/Y
 mprj/_40032_/Y
 mprj/_40033_/Y
 mprj/_40034_/Y
 mprj/_40035_/Y
 mprj/_40036_/X
 mprj/_40037_/Y
 mprj/_40038_/Y
 mprj/_40039_/X
 mprj/_40040_/Y
 mprj/_40041_/Y
 mprj/_40042_/Y
 mprj/_40043_/X
 mprj/_40044_/Y
 mprj/_40045_/Y
 mprj/_40046_/Y
 mprj/_40047_/Y
 mprj/_40048_/X
 mprj/_40049_/Y
 mprj/_40050_/Y
 mprj/_40051_/X
 mprj/_40052_/X
 mprj/_40053_/Y
 mprj/_40054_/Y
 mprj/_40055_/X
 mprj/_40056_/Y
 mprj/_40057_/Y
 mprj/_40058_/Y
 mprj/_40059_/Y
 mprj/_40060_/X
 mprj/_40061_/Y
 mprj/_40062_/Y
 mprj/_40063_/Y
 mprj/_40064_/Y
 mprj/_40065_/Y
 mprj/_40066_/Y
 mprj/_40067_/X
 mprj/_40068_/Y
 mprj/_40069_/Y
 mprj/_40070_/X
 mprj/_40071_/Y
 mprj/_40072_/Y
 mprj/_40073_/Y
 mprj/_40074_/Y
 mprj/_40075_/Y
 mprj/_40076_/X
 mprj/_40077_/Y
 mprj/_40078_/Y
 mprj/_40079_/Y
 mprj/_40080_/X
 mprj/_40081_/Y
 mprj/_40082_/Y
 mprj/_40083_/Y
 mprj/_40084_/X
 mprj/_40085_/Y
 mprj/_40086_/X
 mprj/_40087_/X
 mprj/_40088_/Y
 mprj/_40089_/Y
 mprj/_40090_/Y
 mprj/_40091_/X
 mprj/_40092_/Y
 mprj/_40093_/Y
 mprj/_40094_/Y
 mprj/_40095_/Y
 mprj/_40096_/Y
 mprj/_40097_/X
 mprj/_40098_/X
 mprj/_40099_/X
 mprj/_40100_/Y
 mprj/_40101_/X
 mprj/_40102_/X
 mprj/_40103_/Y
 mprj/_40104_/X
 mprj/_40105_/X
 mprj/_40106_/Y
 mprj/_40107_/Y
 mprj/_40108_/X
 mprj/_40109_/Y
 mprj/_40110_/X
 mprj/_40111_/X
 mprj/_40112_/X
 mprj/_40113_/X
 mprj/_40114_/Y
 mprj/_40115_/X
 mprj/_40116_/Y
 mprj/_40117_/Y
 mprj/_40118_/X
 mprj/_40119_/X
 mprj/_40120_/Y
 mprj/_40121_/Y
 mprj/_40122_/Y
 mprj/_40123_/X
 mprj/_40124_/X
 mprj/_40125_/Y
 mprj/_40126_/Y
 mprj/_40127_/X
 mprj/_40128_/Y
 mprj/_40129_/Y
 mprj/_40130_/Y
 mprj/_40131_/Y
 mprj/_40132_/Y
 mprj/_40133_/Y
 mprj/_40134_/Y
 mprj/_40135_/X
 mprj/_40136_/X
 mprj/_40137_/X
 mprj/_40138_/X
 mprj/_40139_/Y
 mprj/_40140_/X
 mprj/_40141_/Y
 mprj/_40142_/X
 mprj/_40143_/X
 mprj/_40144_/Y
 mprj/_40145_/Y
 mprj/_40146_/Y
 mprj/_40147_/X
 mprj/_40148_/Y
 mprj/_40149_/Y
 mprj/_40150_/Y
 mprj/_40151_/X
 mprj/_40152_/Y
 mprj/_40153_/Y
 mprj/_40154_/X
 mprj/_40155_/Y
 mprj/_40156_/Y
 mprj/_40157_/X
 mprj/_40158_/Y
 mprj/_40159_/Y
 mprj/_40160_/Y
 mprj/_40161_/Y
 mprj/_40162_/Y
 mprj/_40163_/X
 mprj/_40164_/Y
 mprj/_40165_/X
 mprj/_40166_/Y
 mprj/_40167_/Y
 mprj/_40168_/X
 mprj/_40169_/Y
 mprj/_40170_/X
 mprj/_40171_/Y
 mprj/_40172_/X
 mprj/_40173_/Y
 mprj/_40174_/Y
 mprj/_40175_/X
 mprj/_40176_/X
 mprj/_40177_/Y
 mprj/_40178_/Y
 mprj/_40179_/X
 mprj/_40180_/X
 mprj/_40181_/Y
 mprj/_40182_/Y
 mprj/_40183_/Y
 mprj/_40184_/Y
 mprj/_40185_/X
 mprj/_40186_/Y
 mprj/_40187_/Y
 mprj/_40188_/Y
 mprj/_40189_/Y
 mprj/_40190_/Y
 mprj/_40191_/X
 mprj/_40192_/Y
 mprj/_40193_/X
 mprj/_40194_/X
 mprj/_40195_/Y
 mprj/_40196_/X
 mprj/_40197_/Y
 mprj/_40198_/Y
 mprj/_40199_/Y
 mprj/_40200_/X
 mprj/_40201_/X
 mprj/_40202_/Y
 mprj/_40203_/X
 mprj/_40204_/Y
 mprj/_40205_/Y
 mprj/_40206_/Y
 mprj/_40207_/X
 mprj/_40208_/X
 mprj/_40209_/Y
 mprj/_40210_/Y
 mprj/_40211_/Y
 mprj/_40212_/X
 mprj/_40213_/Y
 mprj/_40214_/Y
 mprj/_40215_/Y
 mprj/_40216_/X
 mprj/_40217_/X
 mprj/_40218_/Y
 mprj/_40219_/Y
 mprj/_40220_/X
 mprj/_40221_/Y
 mprj/_40222_/Y
 mprj/_40223_/X
 mprj/_40224_/X
 mprj/_40225_/X
 mprj/_40226_/Y
 mprj/_40227_/Y
 mprj/_40228_/X
 mprj/_40229_/Y
 mprj/_40230_/Y
 mprj/_40231_/X
 mprj/_40232_/X
 mprj/_40233_/Y
 mprj/_40234_/Y
 mprj/_40235_/Y
 mprj/_40236_/X
 mprj/_40237_/Y
 mprj/_40238_/Y
 mprj/_40239_/Y
 mprj/_40240_/Y
 mprj/_40241_/Y
 mprj/_40242_/Y
 mprj/_40243_/Y
 mprj/_40244_/Y
 mprj/_40245_/X
 mprj/_40246_/X
 mprj/_40247_/Y
 mprj/_40248_/Y
 mprj/_40249_/Y
 mprj/_40250_/X
 mprj/_40251_/Y
 mprj/_40252_/X
 mprj/_40253_/X
 mprj/_40254_/Y
 mprj/_40255_/X
 mprj/_40256_/Y
 mprj/_40257_/Y
 mprj/_40258_/X
 mprj/_40259_/Y
 mprj/_40260_/Y
 mprj/_40261_/Y
 mprj/_40262_/Y
 mprj/_40263_/X
 mprj/_40264_/Y
 mprj/_40265_/Y
 mprj/_40266_/Y
 mprj/_40267_/X
 mprj/_40268_/Y
 mprj/_40269_/X
 mprj/_40270_/X
 mprj/_40271_/Y
 mprj/_40272_/X
 mprj/_40273_/Y
 mprj/_40274_/Y
 mprj/_40275_/X
 mprj/_40276_/X
 mprj/_40277_/Y
 mprj/_40278_/Y
 mprj/_40279_/Y
 mprj/_40280_/Y
 mprj/_40281_/X
 mprj/_40282_/X
 mprj/_40283_/Y
 mprj/_40284_/X
 mprj/_40285_/X
 mprj/_40286_/X
 mprj/_40287_/Y
 mprj/_40288_/Y
 mprj/_40289_/Y
 mprj/_40290_/Y
 mprj/_40291_/Y
 mprj/_40292_/Y
 mprj/_40293_/X
 mprj/_40294_/X
 mprj/_40295_/X
 mprj/_40296_/X
 mprj/_40297_/X
 mprj/_40298_/Y
 mprj/_40299_/X
 mprj/_40300_/X
 mprj/_40301_/X
 mprj/_40302_/X
 mprj/_40303_/Y
 mprj/_40304_/X
 mprj/_40305_/Y
 mprj/_40306_/X
 mprj/_40307_/Y
 mprj/_40308_/X
 mprj/_40309_/X
 mprj/_40310_/Y
 mprj/_40311_/Y
 mprj/_40312_/X
 mprj/_40313_/X
 mprj/_40314_/X
 mprj/_40315_/X
 mprj/_40316_/Y
 mprj/_40317_/Y
 mprj/_40318_/Y
 mprj/_40319_/X
 mprj/_40320_/Y
 mprj/_40321_/Y
 mprj/_40322_/X
 mprj/_40323_/Y
 mprj/_40324_/X
 mprj/_40325_/X
 mprj/_40326_/X
 mprj/_40327_/X
 mprj/_40328_/Y
 mprj/_40329_/X
 mprj/_40330_/Y
 mprj/_40331_/Y
 mprj/_40332_/X
 mprj/_40333_/Y
 mprj/_40334_/Y
 mprj/_40335_/X
 mprj/_40336_/Y
 mprj/_40337_/Y
 mprj/_40338_/Y
 mprj/_40339_/Y
 mprj/_40340_/X
 mprj/_40341_/Y
 mprj/_40342_/X
 mprj/_40343_/Y
 mprj/_40344_/X
 mprj/_40345_/X
 mprj/_40346_/Y
 mprj/_40347_/Y
 mprj/_40348_/X
 mprj/_40349_/X
 mprj/_40350_/X
 mprj/_40351_/Y
 mprj/_40352_/Y
 mprj/_40353_/Y
 mprj/_40354_/Y
 mprj/_40355_/Y
 mprj/_40356_/X
 mprj/_40357_/Y
 mprj/_40358_/Y
 mprj/_40359_/Y
 mprj/_40360_/Y
 mprj/_40361_/Y
 mprj/_40362_/X
 mprj/_40363_/Y
 mprj/_40364_/Y
 mprj/_40365_/X
 mprj/_40366_/X
 mprj/_40367_/Y
 mprj/_40368_/Y
 mprj/_40369_/X
 mprj/_40370_/Y
 mprj/_40371_/X
 mprj/_40372_/Y
 mprj/_40373_/X
 mprj/_40374_/Y
 mprj/_40375_/X
 mprj/_40376_/X
 mprj/_40377_/X
 mprj/_40378_/Y
 mprj/_40379_/Y
 mprj/_40380_/Y
 mprj/_40381_/Y
 mprj/_40382_/Y
 mprj/_40383_/X
 mprj/_40384_/Y
 mprj/_40385_/X
 mprj/_40386_/X
 mprj/_40387_/Y
 mprj/_40388_/Y
 mprj/_40389_/X
 mprj/_40390_/Y
 mprj/_40391_/X
 mprj/_40392_/Y
 mprj/_40393_/X
 mprj/_40394_/Y
 mprj/_40395_/X
 mprj/_40396_/X
 mprj/_40397_/X
 mprj/_40398_/Y
 mprj/_40399_/Y
 mprj/_40400_/Y
 mprj/_40401_/Y
 mprj/_40402_/Y
 mprj/_40403_/Y
 mprj/_40404_/Y
 mprj/_40405_/X
 mprj/_40406_/X
 mprj/_40407_/Y
 mprj/_40408_/X
 mprj/_40409_/Y
 mprj/_40410_/Y
 mprj/_40411_/X
 mprj/_40412_/Y
 mprj/_40413_/Y
 mprj/_40414_/Y
 mprj/_40415_/Y
 mprj/_40416_/Y
 mprj/_40417_/Y
 mprj/_40418_/X
 mprj/_40419_/X
 mprj/_40420_/X
 mprj/_40421_/Y
 mprj/_40422_/Y
 mprj/_40423_/X
 mprj/_40424_/Y
 mprj/_40425_/X
 mprj/_40426_/Y
 mprj/_40427_/X
 mprj/_40428_/X
 mprj/_40429_/Y
 mprj/_40430_/X
 mprj/_40431_/X
 mprj/_40432_/Y
 mprj/_40433_/Y
 mprj/_40434_/X
 mprj/_40435_/Y
 mprj/_40436_/X
 mprj/_40437_/Y
 mprj/_40438_/X
 mprj/_40439_/Y
 mprj/_40440_/Y
 mprj/_40441_/Y
 mprj/_40442_/Y
 mprj/_40443_/Y
 mprj/_40444_/Y
 mprj/_40445_/Y
 mprj/_40446_/Y
 mprj/_40447_/X
 mprj/_40448_/X
 mprj/_40449_/X
 mprj/_40450_/X
 mprj/_40451_/X
 mprj/_40452_/X
 mprj/_40453_/X
 mprj/_40454_/X
 mprj/_40455_/X
 mprj/_40456_/Y
 mprj/_40457_/Y
 mprj/_40458_/X
 mprj/_40459_/Y
 mprj/_40460_/X
 mprj/_40461_/X
 mprj/_40462_/Y
 mprj/_40463_/Y
 mprj/_40464_/Y
 mprj/_40465_/X
 mprj/_40466_/X
 mprj/_40467_/Y
 mprj/_40468_/Y
 mprj/_40469_/Y
 mprj/_40470_/X
 mprj/_40471_/Y
 mprj/_40472_/X
 mprj/_40473_/Y
 mprj/_40474_/Y
 mprj/_40475_/Y
 mprj/_40476_/Y
 mprj/_40477_/Y
 mprj/_40478_/X
 mprj/_40479_/Y
 mprj/_40480_/X
 mprj/_40481_/Y
 mprj/_40482_/Y
 mprj/_40483_/X
 mprj/_40484_/Y
 mprj/_40485_/Y
 mprj/_40486_/X
 mprj/_40487_/Y
 mprj/_40488_/X
 mprj/_40489_/Y
 mprj/_40490_/Y
 mprj/_40491_/Y
 mprj/_40492_/Y
 mprj/_40493_/Y
 mprj/_40494_/Y
 mprj/_40495_/X
 mprj/_40496_/Y
 mprj/_40497_/X
 mprj/_40498_/X
 mprj/_40499_/Y
 mprj/_40500_/Y
 mprj/_40501_/Y
 mprj/_40502_/X
 mprj/_40503_/Y
 mprj/_40504_/X
 mprj/_40505_/X
 mprj/_40506_/Y
 mprj/_40507_/Y
 mprj/_40508_/Y
 mprj/_40509_/X
 mprj/_40510_/X
 mprj/_40511_/Y
 mprj/_40512_/Y
 mprj/_40513_/Y
 mprj/_40514_/X
 mprj/_40515_/X
 mprj/_40516_/Y
 mprj/_40517_/Y
 mprj/_40518_/Y
 mprj/_40519_/X
 mprj/_40520_/X
 mprj/_40521_/Y
 mprj/_40522_/X
 mprj/_40523_/Y
 mprj/_40524_/Y
 mprj/_40525_/Y
 mprj/_40526_/Y
 mprj/_40527_/Y
 mprj/_40528_/X
 mprj/_40529_/X
 mprj/_40530_/X
 mprj/_40531_/X
 mprj/_40532_/X
 mprj/_40533_/X
 mprj/_40534_/Y
 mprj/_40535_/Y
 mprj/_40536_/Y
 mprj/_40537_/X
 mprj/_40538_/Y
 mprj/_40539_/Y
 mprj/_40540_/Y
 mprj/_40541_/Y
 mprj/_40542_/Y
 mprj/_40543_/X
 mprj/_40544_/Y
 mprj/_40545_/Y
 mprj/_40546_/X
 mprj/_40547_/Y
 mprj/_40548_/X
 mprj/_40549_/X
 mprj/_40550_/Y
 mprj/_40551_/Y
 mprj/_40552_/Y
 mprj/_40553_/Y
 mprj/_40554_/X
 mprj/_40555_/Y
 mprj/_40556_/Y
 mprj/_40557_/Y
 mprj/_40558_/Y
 mprj/_40559_/Y
 mprj/_40560_/X
 mprj/_40561_/Y
 mprj/_40562_/X
 mprj/_40563_/X
 mprj/_40564_/Y
 mprj/_40565_/X
 mprj/_40566_/X
 mprj/_40567_/X
 mprj/_40568_/X
 mprj/_40569_/Y
 mprj/_40570_/Y
 mprj/_40571_/X
 mprj/_40572_/Y
 mprj/_40573_/Y
 mprj/_40574_/Y
 mprj/_40575_/X
 mprj/_40576_/Y
 mprj/_40577_/X
 mprj/_40578_/X
 mprj/_40579_/Y
 mprj/_40580_/Y
 mprj/_40581_/X
 mprj/_40582_/Y
 mprj/_40583_/Y
 mprj/_40584_/Y
 mprj/_40585_/Y
 mprj/_40586_/X
 mprj/_40587_/Y
 mprj/_40588_/X
 mprj/_40589_/Y
 mprj/_40590_/Y
 mprj/_40591_/Y
 mprj/_40592_/Y
 mprj/_40593_/Y
 mprj/_40594_/Y
 mprj/_40595_/Y
 mprj/_40596_/X
 mprj/_40597_/Y
 mprj/_40598_/X
 mprj/_40599_/X
 mprj/_40600_/X
 mprj/_40601_/Y
 mprj/_40602_/Y
 mprj/_40603_/X
 mprj/_40604_/Y
 mprj/_40605_/Y
 mprj/_40606_/Y
 mprj/_40607_/Y
 mprj/_40608_/X
 mprj/_40609_/X
 mprj/_40610_/X
 mprj/_40611_/Y
 mprj/_40612_/Y
 mprj/_40613_/X
 mprj/_40614_/Y
 mprj/_40615_/Y
 mprj/_40616_/Y
 mprj/_40617_/X
 mprj/_40618_/Y
 mprj/_40619_/X
 mprj/_40620_/Y
 mprj/_40621_/X
 mprj/_40622_/X
 mprj/_40623_/Y
 mprj/_40624_/Y
 mprj/_40625_/Y
 mprj/_40626_/Y
 mprj/_40627_/Y
 mprj/_40628_/X
 mprj/_40629_/X
 mprj/_40630_/Y
 mprj/_40631_/X
 mprj/_40632_/X
 mprj/_40633_/Y
 mprj/_40634_/Y
 mprj/_40635_/Y
 mprj/_40636_/Y
 mprj/_40637_/X
 mprj/_40638_/Y
 mprj/_40639_/Y
 mprj/_40640_/Y
 mprj/_40641_/Y
 mprj/_40642_/X
 mprj/_40643_/X
 mprj/_40644_/Y
 mprj/_40645_/X
 mprj/_40646_/Y
 mprj/_40647_/Y
 mprj/_40648_/Y
 mprj/_40649_/Y
 mprj/_40650_/X
 mprj/_40651_/Y
 mprj/_40652_/Y
 mprj/_40653_/Y
 mprj/_40654_/X
 mprj/_40655_/X
 mprj/_40656_/X
 mprj/_40657_/Y
 mprj/_40658_/Y
 mprj/_40659_/X
 mprj/_40660_/X
 mprj/_40661_/Y
 mprj/_40662_/Y
 mprj/_40663_/X
 mprj/_40664_/Y
 mprj/_40665_/Y
 mprj/_40666_/Y
 mprj/_40667_/Y
 mprj/_40668_/Y
 mprj/_40669_/X
 mprj/_40670_/Y
 mprj/_40671_/X
 mprj/_40672_/Y
 mprj/_40673_/X
 mprj/_40674_/Y
 mprj/_40675_/X
 mprj/_40676_/X
 mprj/_40677_/Y
 mprj/_40678_/X
 mprj/_40679_/Y
 mprj/_40680_/X
 mprj/_40681_/Y
 mprj/_40682_/Y
 mprj/_40683_/Y
 mprj/_40684_/X
 mprj/_40685_/Y
 mprj/_40686_/Y
 mprj/_40687_/Y
 mprj/_40688_/X
 mprj/_40689_/Y
 mprj/_40690_/X
 mprj/_40691_/Y
 mprj/_40692_/X
 mprj/_40693_/Y
 mprj/_40694_/X
 mprj/_40695_/X
 mprj/_40696_/X
 mprj/_40697_/Y
 mprj/_40698_/X
 mprj/_40699_/Y
 mprj/_40700_/Y
 mprj/_40701_/X
 mprj/_40702_/Y
 mprj/_40703_/X
 mprj/_40704_/X
 mprj/_40705_/Y
 mprj/_40706_/X
 mprj/_40707_/Y
 mprj/_40708_/Y
 mprj/_40709_/X
 mprj/_40710_/Y
 mprj/_40711_/X
 mprj/_40712_/X
 mprj/_40713_/Y
 mprj/_40714_/X
 mprj/_40715_/Y
 mprj/_40716_/Y
 mprj/_40717_/X
 mprj/_40718_/Y
 mprj/_40719_/Y
 mprj/_40720_/X
 mprj/_40721_/Y
 mprj/_40722_/Y
 mprj/_40723_/X
 mprj/_40724_/X
 mprj/_40725_/Y
 mprj/_40726_/Y
 mprj/_40727_/Y
 mprj/_40728_/X
 mprj/_40729_/Y
 mprj/_40730_/X
 mprj/_40731_/Y
 mprj/_40732_/X
 mprj/_40733_/Y
 mprj/_40734_/X
 mprj/_40735_/X
 mprj/_40736_/Y
 mprj/_40737_/Y
 mprj/_40738_/Y
 mprj/_40739_/Y
 mprj/_40740_/X
 mprj/_40741_/Y
 mprj/_40742_/X
 mprj/_40743_/Y
 mprj/_40744_/Y
 mprj/_40745_/Y
 mprj/_40746_/X
 mprj/_40747_/Y
 mprj/_40748_/Y
 mprj/_40749_/Y
 mprj/_40750_/Y
 mprj/_40751_/Y
 mprj/_40752_/X
 mprj/_40753_/Y
 mprj/_40754_/X
 mprj/_40755_/X
 mprj/_40756_/Y
 mprj/_40757_/Y
 mprj/_40758_/Y
 mprj/_40759_/X
 mprj/_40760_/X
 mprj/_40761_/X
 mprj/_40762_/X
 mprj/_40763_/X
 mprj/_40764_/X
 mprj/_40765_/Y
 mprj/_40766_/Y
 mprj/_40767_/Y
 mprj/_40768_/Y
 mprj/_40769_/X
 mprj/_40770_/X
 mprj/_40771_/Y
 mprj/_40772_/Y
 mprj/_40773_/X
 mprj/_40774_/X
 mprj/_40775_/X
 mprj/_40776_/X
 mprj/_40777_/Y
 mprj/_40778_/Y
 mprj/_40779_/Y
 mprj/_40780_/Y
 mprj/_40781_/X
 mprj/_40782_/X
 mprj/_40783_/X
 mprj/_40784_/X
 mprj/_40785_/X
 mprj/_40786_/Y
 mprj/_40787_/Y
 mprj/_40788_/Y
 mprj/_40789_/Y
 mprj/_40790_/Y
 mprj/_40791_/X
 mprj/_40792_/Y
 mprj/_40793_/Y
 mprj/_40794_/X
 mprj/_40795_/X
 mprj/_40796_/X
 mprj/_40797_/Y
 mprj/_40798_/Y
 mprj/_40799_/X
 mprj/_40800_/X
 mprj/_40801_/Y
 mprj/_40802_/Y
 mprj/_40803_/X
 mprj/_40804_/Y
 mprj/_40805_/Y
 mprj/_40806_/Y
 mprj/_40807_/Y
 mprj/_40808_/Y
 mprj/_40809_/X
 mprj/_40810_/X
 mprj/_40811_/Y
 mprj/_40812_/Y
 mprj/_40813_/X
 mprj/_40814_/Y
 mprj/_40815_/X
 mprj/_40816_/X
 mprj/_40817_/Y
 mprj/_40818_/X
 mprj/_40819_/Y
 mprj/_40820_/X
 mprj/_40821_/X
 mprj/_40822_/Y
 mprj/_40823_/Y
 mprj/_40824_/X
 mprj/_40825_/X
 mprj/_40826_/Y
 mprj/_40827_/Y
 mprj/_40828_/Y
 mprj/_40829_/X
 mprj/_40830_/Y
 mprj/_40831_/X
 mprj/_40832_/Y
 mprj/_40833_/Y
 mprj/_40834_/X
 mprj/_40835_/Y
 mprj/_40836_/Y
 mprj/_40837_/Y
 mprj/_40838_/Y
 mprj/_40839_/X
 mprj/_40840_/Y
 mprj/_40841_/X
 mprj/_40842_/Y
 mprj/_40843_/Y
 mprj/_40844_/Y
 mprj/_40845_/Y
 mprj/_40846_/X
 mprj/_40847_/Y
 mprj/_40848_/X
 mprj/_40849_/X
 mprj/_40850_/X
 mprj/_40851_/X
 mprj/_40852_/X
 mprj/_40853_/X
 mprj/_40854_/Y
 mprj/_40855_/X
 mprj/_40856_/X
 mprj/_40857_/Y
 mprj/_40858_/Y
 mprj/_40859_/X
 mprj/_40860_/Y
 mprj/_40861_/Y
 mprj/_40862_/Y
 mprj/_40863_/X
 mprj/_40864_/X
 mprj/_40865_/Y
 mprj/_40866_/X
 mprj/_40867_/Y
 mprj/_40868_/Y
 mprj/_40869_/Y
 mprj/_40870_/X
 mprj/_40871_/Y
 mprj/_40872_/Y
 mprj/_40873_/Y
 mprj/_40874_/X
 mprj/_40875_/X
 mprj/_40876_/Y
 mprj/_40877_/X
 mprj/_40878_/X
 mprj/_40879_/Y
 mprj/_40880_/Y
 mprj/_40881_/X
 mprj/_40882_/Y
 mprj/_40883_/X
 mprj/_40884_/Y
 mprj/_40885_/X
 mprj/_40886_/X
 mprj/_40887_/Y
 mprj/_40888_/Y
 mprj/_40889_/Y
 mprj/_40890_/X
 mprj/_40891_/X
 mprj/_40892_/Y
 mprj/_40893_/X
 mprj/_40894_/X
 mprj/_40895_/Y
 mprj/_40896_/X
 mprj/_40897_/X
 mprj/_40898_/Y
 mprj/_40899_/X
 mprj/_40900_/Y
 mprj/_40901_/Y
 mprj/_40902_/Y
 mprj/_40903_/Y
 mprj/_40904_/X
 mprj/_40905_/Y
 mprj/_40906_/X
 mprj/_40907_/Y
 mprj/_40908_/X
 mprj/_40909_/Y
 mprj/_40910_/X
 mprj/_40911_/Y
 mprj/_40912_/Y
 mprj/_40913_/X
 mprj/_40914_/Y
 mprj/_40915_/X
 mprj/_40916_/Y
 mprj/_40917_/X
 mprj/_40918_/X
 mprj/_40919_/Y
 mprj/_40920_/Y
 mprj/_40921_/Y
 mprj/_40922_/X
 mprj/_40923_/Y
 mprj/_40924_/Y
 mprj/_40925_/Y
 mprj/_40926_/X
 mprj/_40927_/X
 mprj/_40928_/Y
 mprj/_40929_/Y
 mprj/_40930_/X
 mprj/_40931_/X
 mprj/_40932_/Y
 mprj/_40933_/Y
 mprj/_40934_/Y
 mprj/_40935_/Y
 mprj/_40936_/Y
 mprj/_40937_/Y
 mprj/_40938_/X
 mprj/_40939_/Y
 mprj/_40940_/Y
 mprj/_40941_/X
 mprj/_40942_/Y
 mprj/_40943_/Y
 mprj/_40944_/Y
 mprj/_40945_/X
 mprj/_40946_/Y
 mprj/_40947_/Y
 mprj/_40948_/X
 mprj/_40949_/X
 mprj/_40950_/Y
 mprj/_40951_/Y
 mprj/_40952_/Y
 mprj/_40953_/Y
 mprj/_40954_/Y
 mprj/_40955_/X
 mprj/_40956_/Y
 mprj/_40957_/Y
 mprj/_40958_/X
 mprj/_40959_/X
 mprj/_40960_/X
 mprj/_40961_/Y
 mprj/_40962_/Y
 mprj/_40963_/Y
 mprj/_40964_/X
 mprj/_40965_/Y
 mprj/_40966_/Y
 mprj/_40967_/Y
 mprj/_40968_/Y
 mprj/_40969_/X
 mprj/_40970_/Y
 mprj/_40971_/Y
 mprj/_40972_/Y
 mprj/_40973_/X
 mprj/_40974_/X
 mprj/_40975_/Y
 mprj/_40976_/Y
 mprj/_40977_/Y
 mprj/_40978_/X
 mprj/_40979_/X
 mprj/_40980_/X
 mprj/_40981_/X
 mprj/_40982_/X
 mprj/_40983_/Y
 mprj/_40984_/Y
 mprj/_40985_/X
 mprj/_40986_/Y
 mprj/_40987_/X
 mprj/_40988_/Y
 mprj/_40989_/Y
 mprj/_40990_/X
 mprj/_40991_/Y
 mprj/_40992_/X
 mprj/_40993_/Y
 mprj/_40994_/Y
 mprj/_40995_/X
 mprj/_40996_/Y
 mprj/_40997_/X
 mprj/_40998_/Y
 mprj/_40999_/X
 mprj/_41000_/Y
 mprj/_41001_/X
 mprj/_41002_/Y
 mprj/_41003_/X
 mprj/_41004_/X
 mprj/_41005_/Y
 mprj/_41006_/Y
 mprj/_41007_/Y
 mprj/_41008_/Y
 mprj/_41009_/X
 mprj/_41010_/Y
 mprj/_41011_/X
 mprj/_41012_/X
 mprj/_41013_/X
 mprj/_41014_/X
 mprj/_41015_/Y
 mprj/_41016_/X
 mprj/_41017_/Y
 mprj/_41018_/Y
 mprj/_41019_/X
 mprj/_41020_/X
 mprj/_41021_/X
 mprj/_41022_/X
 mprj/_41023_/X
 mprj/_41024_/X
 mprj/_41025_/Y
 mprj/_41026_/Y
 mprj/_41027_/X
 mprj/_41028_/X
 mprj/_41029_/Y
 mprj/_41030_/X
 mprj/_41031_/Y
 mprj/_41032_/Y
 mprj/_41033_/Y
 mprj/_41034_/X
 mprj/_41035_/Y
 mprj/_41036_/Y
 mprj/_41037_/X
 mprj/_41038_/Y
 mprj/_41039_/Y
 mprj/_41040_/Y
 mprj/_41041_/X
 mprj/_41042_/X
 mprj/_41043_/Y
 mprj/_41044_/Y
 mprj/_41045_/X
 mprj/_41046_/X
 mprj/_41047_/Y
 mprj/_41048_/Y
 mprj/_41049_/Y
 mprj/_41050_/Y
 mprj/_41051_/Y
 mprj/_41052_/Y
 mprj/_41053_/Y
 mprj/_41054_/Y
 mprj/_41055_/Y
 mprj/_41056_/X
 mprj/_41057_/X
 mprj/_41058_/Y
 mprj/_41059_/X
 mprj/_41060_/Y
 mprj/_41061_/X
 mprj/_41062_/X
 mprj/_41063_/Y
 mprj/_41064_/Y
 mprj/_41065_/X
 mprj/_41066_/Y
 mprj/_41067_/X
 mprj/_41068_/Y
 mprj/_41069_/Y
 mprj/_41070_/X
 mprj/_41071_/Y
 mprj/_41072_/X
 mprj/_41073_/Y
 mprj/_41074_/X
 mprj/_41075_/Y
 mprj/_41076_/Y
 mprj/_41077_/X
 mprj/_41078_/Y
 mprj/_41079_/X
 mprj/_41080_/X
 mprj/_41081_/X
 mprj/_41082_/X
 mprj/_41083_/X
 mprj/_41084_/X
 mprj/_41085_/X
 mprj/_41086_/X
 mprj/_41087_/Y
 mprj/_41088_/Y
 mprj/_41089_/Y
 mprj/_41090_/X
 mprj/_41091_/X
 mprj/_41092_/Y
 mprj/_41093_/Y
 mprj/_41094_/Y
 mprj/_41095_/Y
 mprj/_41096_/X
 mprj/_41097_/Y
 mprj/_41098_/X
 mprj/_41099_/X
 mprj/_41100_/X
 mprj/_41101_/Y
 mprj/_41102_/Y
 mprj/_41103_/Y
 mprj/_41104_/X
 mprj/_41105_/X
 mprj/_41106_/Y
 mprj/_41107_/Y
 mprj/_41108_/X
 mprj/_41109_/Y
 mprj/_41110_/X
 mprj/_41111_/Y
 mprj/_41112_/X
 mprj/_41113_/Y
 mprj/_41114_/Y
 mprj/_41115_/Y
 mprj/_41116_/Y
 mprj/_41117_/Y
 mprj/_41118_/Y
 mprj/_41119_/Y
 mprj/_41120_/Y
 mprj/_41121_/Y
 mprj/_41122_/X
 mprj/_41123_/Y
 mprj/_41124_/X
 mprj/_41125_/X
 mprj/_41126_/X
 mprj/_41127_/X
 mprj/_41128_/Y
 mprj/_41129_/X
 mprj/_41130_/X
 mprj/_41131_/Y
 mprj/_41132_/X
 mprj/_41133_/X
 mprj/_41134_/Y
 mprj/_41135_/Y
 mprj/_41136_/Y
 mprj/_41137_/X
 mprj/_41138_/X
 mprj/_41139_/X
 mprj/_41140_/X
 mprj/_41141_/Y
 mprj/_41142_/X
 mprj/_41143_/Y
 mprj/_41144_/Y
 mprj/_41145_/X
 mprj/_41146_/X
 mprj/_41147_/Y
 mprj/_41148_/Y
 mprj/_41149_/Y
 mprj/_41150_/X
 mprj/_41151_/X
 mprj/_41152_/X
 mprj/_41153_/X
 mprj/_41154_/X
 mprj/_41155_/Y
 mprj/_41156_/Y
 mprj/_41157_/X
 mprj/_41158_/Y
 mprj/_41159_/Y
 mprj/_41160_/X
 mprj/_41161_/Y
 mprj/_41162_/Y
 mprj/_41163_/Y
 mprj/_41164_/X
 mprj/_41165_/X
 mprj/_41166_/X
 mprj/_41167_/Y
 mprj/_41168_/Y
 mprj/_41169_/X
 mprj/_41170_/Y
 mprj/_41171_/Y
 mprj/_41172_/X
 mprj/_41173_/Y
 mprj/_41174_/X
 mprj/_41175_/X
 mprj/_41176_/X
 mprj/_41177_/Y
 mprj/_41178_/Y
 mprj/_41179_/X
 mprj/_41180_/X
 mprj/_41181_/Y
 mprj/_41182_/Y
 mprj/_41183_/Y
 mprj/_41184_/Y
 mprj/_41185_/X
 mprj/_41186_/Y
 mprj/_41187_/Y
 mprj/_41188_/Y
 mprj/_41189_/X
 mprj/_41190_/Y
 mprj/_41191_/X
 mprj/_41192_/X
 mprj/_41193_/Y
 mprj/_41194_/Y
 mprj/_41195_/X
 mprj/_41196_/Y
 mprj/_41197_/Y
 mprj/_41198_/Y
 mprj/_41199_/Y
 mprj/_41200_/X
 mprj/_41201_/Y
 mprj/_41202_/Y
 mprj/_41203_/Y
 mprj/_41204_/X
 mprj/_41205_/X
 mprj/_41206_/X
 mprj/_41207_/X
 mprj/_41208_/Y
 mprj/_41209_/Y
 mprj/_41210_/Y
 mprj/_41211_/Y
 mprj/_41212_/Y
 mprj/_41213_/X
 mprj/_41214_/Y
 mprj/_41215_/X
 mprj/_41216_/Y
 mprj/_41217_/Y
 mprj/_41218_/Y
 mprj/_41219_/Y
 mprj/_41220_/Y
 mprj/_41221_/X
 mprj/_41222_/Y
 mprj/_41223_/Y
 mprj/_41224_/Y
 mprj/_41225_/Y
 mprj/_41226_/X
 mprj/_41227_/X
 mprj/_41228_/Y
 mprj/_41229_/X
 mprj/_41230_/Y
 mprj/_41231_/Y
 mprj/_41232_/Y
 mprj/_41233_/X
 mprj/_41234_/Y
 mprj/_41235_/Y
 mprj/_41236_/X
 mprj/_41237_/X
 mprj/_41238_/X
 mprj/_41239_/X
 mprj/_41240_/Y
 mprj/_41241_/X
 mprj/_41242_/Y
 mprj/_41243_/X
 mprj/_41244_/Y
 mprj/_41245_/X
 mprj/_41246_/Y
 mprj/_41247_/X
 mprj/_41248_/X
 mprj/_41249_/Y
 mprj/_41250_/X
 mprj/_41251_/Y
 mprj/_41252_/X
 mprj/_41253_/X
 mprj/_41254_/X
 mprj/_41255_/X
 mprj/_41256_/X
 mprj/_41257_/X
 mprj/_41258_/Y
 mprj/_41259_/Y
 mprj/_41260_/X
 mprj/_41261_/X
 mprj/_41262_/Y
 mprj/_41263_/X
 mprj/_41264_/X
 mprj/_41265_/Y
 mprj/_41266_/Y
 mprj/_41267_/Y
 mprj/_41268_/X
 mprj/_41269_/X
 mprj/_41270_/Y
 mprj/_41271_/Y
 mprj/_41272_/X
 mprj/_41273_/X
 mprj/_41274_/X
 mprj/_41275_/Y
 mprj/_41276_/X
 mprj/_41277_/Y
 mprj/_41278_/X
 mprj/_41279_/Y
 mprj/_41280_/X
 mprj/_41281_/X
 mprj/_41282_/Y
 mprj/_41283_/Y
 mprj/_41284_/X
 mprj/_41285_/X
 mprj/_41286_/Y
 mprj/_41287_/X
 mprj/_41288_/Y
 mprj/_41289_/Y
 mprj/_41290_/X
 mprj/_41291_/X
 mprj/_41292_/Y
 mprj/_41293_/X
 mprj/_41294_/Y
 mprj/_41295_/Y
 mprj/_41296_/X
 mprj/_41297_/Y
 mprj/_41298_/Y
 mprj/_41299_/Y
 mprj/_41300_/X
 mprj/_41301_/Y
 mprj/_41302_/Y
 mprj/_41303_/X
 mprj/_41304_/X
 mprj/_41305_/Y
 mprj/_41306_/Y
 mprj/_41307_/Y
 mprj/_41308_/X
 mprj/_41309_/X
 mprj/_41310_/Y
 mprj/_41311_/Y
 mprj/_41312_/Y
 mprj/_41313_/X
 mprj/_41314_/X
 mprj/_41315_/Y
 mprj/_41316_/X
 mprj/_41317_/X
 mprj/_41318_/X
 mprj/_41319_/Y
 mprj/_41320_/Y
 mprj/_41321_/Y
 mprj/_41322_/Y
 mprj/_41323_/X
 mprj/_41324_/Y
 mprj/_41325_/Y
 mprj/_41326_/Y
 mprj/_41327_/Y
 mprj/_41328_/X
 mprj/_41329_/X
 mprj/_41330_/Y
 mprj/_41331_/X
 mprj/_41332_/Y
 mprj/_41333_/X
 mprj/_41334_/X
 mprj/_41335_/Y
 mprj/_41336_/X
 mprj/_41337_/X
 mprj/_41338_/X
 mprj/_41339_/Y
 mprj/_41340_/Y
 mprj/_41341_/Y
 mprj/_41342_/X
 mprj/_41343_/X
 mprj/_41344_/Y
 mprj/_41345_/Y
 mprj/_41346_/X
 mprj/_41347_/Y
 mprj/_41348_/Y
 mprj/_41349_/X
 mprj/_41350_/Y
 mprj/_41351_/Y
 mprj/_41352_/Y
 mprj/_41353_/Y
 mprj/_41354_/X
 mprj/_41355_/Y
 mprj/_41356_/Y
 mprj/_41357_/Y
 mprj/_41358_/X
 mprj/_41359_/Y
 mprj/_41360_/Y
 mprj/_41361_/Y
 mprj/_41362_/Y
 mprj/_41363_/X
 mprj/_41364_/Y
 mprj/_41365_/X
 mprj/_41366_/X
 mprj/_41367_/Y
 mprj/_41368_/Y
 mprj/_41369_/X
 mprj/_41370_/X
 mprj/_41371_/Y
 mprj/_41372_/X
 mprj/_41373_/Y
 mprj/_41374_/X
 mprj/_41375_/Y
 mprj/_41376_/X
 mprj/_41377_/Y
 mprj/_41378_/Y
 mprj/_41379_/X
 mprj/_41380_/Y
 mprj/_41381_/Y
 mprj/_41382_/Y
 mprj/_41383_/X
 mprj/_41384_/Y
 mprj/_41385_/X
 mprj/_41386_/X
 mprj/_41387_/Y
 mprj/_41388_/Y
 mprj/_41389_/Y
 mprj/_41390_/Y
 mprj/_41391_/X
 mprj/_41392_/X
 mprj/_41393_/Y
 mprj/_41394_/Y
 mprj/_41395_/X
 mprj/_41396_/Y
 mprj/_41397_/X
 mprj/_41398_/X
 mprj/_41399_/Y
 mprj/_41400_/Y
 mprj/_41401_/X
 mprj/_41402_/Y
 mprj/_41403_/X
 mprj/_41404_/X
 mprj/_41405_/Y
 mprj/_41406_/X
 mprj/_41407_/X
 mprj/_41408_/Y
 mprj/_41409_/X
 mprj/_41410_/X
 mprj/_41411_/Y
 mprj/_41412_/Y
 mprj/_41413_/X
 mprj/_41414_/Y
 mprj/_41415_/Y
 mprj/_41416_/X
 mprj/_41417_/X
 mprj/_41418_/X
 mprj/_41419_/Y
 mprj/_41420_/X
 mprj/_41421_/Y
 mprj/_41422_/X
 mprj/_41423_/Y
 mprj/_41424_/Y
 mprj/_41425_/Y
 mprj/_41426_/X
 mprj/_41427_/X
 mprj/_41428_/Y
 mprj/_41429_/X
 mprj/_41430_/Y
 mprj/_41431_/X
 mprj/_41432_/Y
 mprj/_41433_/Y
 mprj/_41434_/X
 mprj/_41435_/Y
 mprj/_41436_/Y
 mprj/_41437_/Y
 mprj/_41438_/X
 mprj/_41439_/Y
 mprj/_41440_/Y
 mprj/_41441_/X
 mprj/_41442_/Y
 mprj/_41443_/X
 mprj/_41444_/X
 mprj/_41445_/Y
 mprj/_41446_/X
 mprj/_41447_/Y
 mprj/_41448_/X
 mprj/_41449_/Y
 mprj/_41450_/X
 mprj/_41451_/Y
 mprj/_41452_/Y
 mprj/_41453_/X
 mprj/_41454_/Y
 mprj/_41455_/Y
 mprj/_41456_/Y
 mprj/_41457_/Y
 mprj/_41458_/Y
 mprj/_41459_/X
 mprj/_41460_/Y
 mprj/_41461_/X
 mprj/_41462_/Y
 mprj/_41463_/X
 mprj/_41464_/Y
 mprj/_41465_/Y
 mprj/_41466_/Y
 mprj/_41467_/X
 mprj/_41468_/Y
 mprj/_41469_/Y
 mprj/_41470_/Y
 mprj/_41471_/X
 mprj/_41472_/Y
 mprj/_41473_/X
 mprj/_41474_/Y
 mprj/_41475_/Y
 mprj/_41476_/Y
 mprj/_41477_/Y
 mprj/_41478_/Y
 mprj/_41479_/Y
 mprj/_41480_/X
 mprj/_41481_/Y
 mprj/_41482_/Y
 mprj/_41483_/Y
 mprj/_41484_/Y
 mprj/_41485_/Y
 mprj/_41486_/X
 mprj/_41487_/X
 mprj/_41488_/Y
 mprj/_41489_/X
 mprj/_41490_/X
 mprj/_41491_/Y
 mprj/_41492_/Y
 mprj/_41493_/X
 mprj/_41494_/Y
 mprj/_41495_/Y
 mprj/_41496_/X
 mprj/_41497_/X
 mprj/_41498_/X
 mprj/_41499_/X
 mprj/_41500_/X
 mprj/_41501_/Y
 mprj/_41502_/X
 mprj/_41503_/Y
 mprj/_41504_/Y
 mprj/_41505_/Y
 mprj/_41506_/X
 mprj/_41507_/X
 mprj/_41508_/Y
 mprj/_41509_/Y
 mprj/_41510_/X
 mprj/_41511_/Y
 mprj/_41512_/X
 mprj/_41513_/Y
 mprj/_41514_/X
 mprj/_41515_/Y
 mprj/_41516_/Y
 mprj/_41517_/Y
 mprj/_41518_/Y
 mprj/_41519_/Y
 mprj/_41520_/X
 mprj/_41521_/X
 mprj/_41522_/X
 mprj/_41523_/X
 mprj/_41524_/X
 mprj/_41525_/Y
 mprj/_41526_/X
 mprj/_41527_/X
 mprj/_41528_/Y
 mprj/_41529_/X
 mprj/_41530_/X
 mprj/_41531_/Y
 mprj/_41532_/X
 mprj/_41533_/X
 mprj/_41534_/Y
 mprj/_41535_/X
 mprj/_41536_/X
 mprj/_41537_/Y
 mprj/_41538_/X
 mprj/_41539_/X
 mprj/_41540_/Y
 mprj/_41541_/Y
 mprj/_41542_/X
 mprj/_41543_/Y
 mprj/_41544_/Y
 mprj/_41545_/X
 mprj/_41546_/X
 mprj/_41547_/Y
 mprj/_41548_/Y
 mprj/_41549_/Y
 mprj/_41550_/Y
 mprj/_41551_/Y
 mprj/_41552_/X
 mprj/_41553_/Y
 mprj/_41554_/Y
 mprj/_41555_/Y
 mprj/_41556_/Y
 mprj/_41557_/Y
 mprj/_41558_/Y
 mprj/_41559_/Y
 mprj/_41560_/X
 mprj/_41561_/Y
 mprj/_41562_/Y
 mprj/_41563_/X
 mprj/_41564_/X
 mprj/_41565_/Y
 mprj/_41566_/X
 mprj/_41567_/Y
 mprj/_41568_/Y
 mprj/_41569_/X
 mprj/_41570_/X
 mprj/_41571_/Y
 mprj/_41572_/X
 mprj/_41573_/Y
 mprj/_41574_/X
 mprj/_41575_/Y
 mprj/_41576_/Y
 mprj/_41577_/X
 mprj/_41578_/Y
 mprj/_41579_/X
 mprj/_41580_/Y
 mprj/_41581_/X
 mprj/_41582_/X
 mprj/_41583_/Y
 mprj/_41584_/Y
 mprj/_41585_/Y
 mprj/_41586_/Y
 mprj/_41587_/X
 mprj/_41588_/X
 mprj/_41589_/Y
 mprj/_41590_/X
 mprj/_41591_/X
 mprj/_41592_/Y
 mprj/_41593_/Y
 mprj/_41594_/Y
 mprj/_41595_/Y
 mprj/_41596_/X
 mprj/_41597_/Y
 mprj/_41598_/Y
 mprj/_41599_/Y
 mprj/_41600_/Y
 mprj/_41601_/X
 mprj/_41602_/Y
 mprj/_41603_/Y
 mprj/_41604_/X
 mprj/_41605_/Y
 mprj/_41606_/X
 mprj/_41607_/Y
 mprj/_41608_/X
 mprj/_41609_/Y
 mprj/_41610_/Y
 mprj/_41611_/Y
 mprj/_41612_/X
 mprj/_41613_/X
 mprj/_41614_/Y
 mprj/_41615_/Y
 mprj/_41616_/X
 mprj/_41617_/X
 mprj/_41618_/X
 mprj/_41619_/Y
 mprj/_41620_/X
 mprj/_41621_/Y
 mprj/_41622_/X
 mprj/_41623_/Y
 mprj/_41624_/Y
 mprj/_41625_/Y
 mprj/_41626_/Y
 mprj/_41627_/Y
 mprj/_41628_/X
 mprj/_41629_/Y
 mprj/_41630_/Y
 mprj/_41631_/X
 mprj/_41632_/Y
 mprj/_41633_/Y
 mprj/_41634_/X
 mprj/_41635_/Y
 mprj/_41636_/Y
 mprj/_41637_/Y
 mprj/_41638_/Y
 mprj/_41639_/X
 mprj/_41640_/X
 mprj/_41641_/X
 mprj/_41642_/Y
 mprj/_41643_/Y
 mprj/_41644_/X
 mprj/_41645_/X
 mprj/_41646_/Y
 mprj/_41647_/X
 mprj/_41648_/Y
 mprj/_41649_/Y
 mprj/_41650_/X
 mprj/_41651_/X
 mprj/_41652_/Y
 mprj/_41653_/Y
 mprj/_41654_/X
 mprj/_41655_/Y
 mprj/_41656_/X
 mprj/_41657_/Y
 mprj/_41658_/X
 mprj/_41659_/X
 mprj/_41660_/X
 mprj/_41661_/X
 mprj/_41662_/X
 mprj/_41663_/Y
 mprj/_41664_/Y
 mprj/_41665_/X
 mprj/_41666_/X
 mprj/_41667_/Y
 mprj/_41668_/X
 mprj/_41669_/X
 mprj/_41670_/Y
 mprj/_41671_/X
 mprj/_41672_/X
 mprj/_41673_/X
 mprj/_41674_/X
 mprj/_41675_/Y
 mprj/_41676_/Y
 mprj/_41677_/X
 mprj/_41678_/Y
 mprj/_41679_/Y
 mprj/_41680_/X
 mprj/_41681_/Y
 mprj/_41682_/Y
 mprj/_41683_/X
 mprj/_41684_/X
 mprj/_41685_/X
 mprj/_41686_/X
 mprj/_41687_/Y
 mprj/_41688_/X
 mprj/_41689_/Y
 mprj/_41690_/X
 mprj/_41691_/Y
 mprj/_41692_/Y
 mprj/_41693_/X
 mprj/_41694_/Y
 mprj/_41695_/Y
 mprj/_41696_/Y
 mprj/_41697_/Y
 mprj/_41698_/X
 mprj/_41699_/Y
 mprj/_41700_/X
 mprj/_41701_/X
 mprj/_41702_/Y
 mprj/_41703_/Y
 mprj/_41704_/Y
 mprj/_41705_/X
 mprj/_41706_/Y
 mprj/_41707_/Y
 mprj/_41708_/Y
 mprj/_41709_/X
 mprj/_41710_/Y
 mprj/_41711_/Y
 mprj/_41712_/Y
 mprj/_41713_/X
 mprj/_41714_/Y
 mprj/_41715_/X
 mprj/_41716_/X
 mprj/_41717_/Y
 mprj/_41718_/Y
 mprj/_41719_/X
 mprj/_41720_/Y
 mprj/_41721_/Y
 mprj/_41722_/Y
 mprj/_41723_/Y
 mprj/_41724_/X
 mprj/_41725_/Y
 mprj/_41726_/X
 mprj/_41727_/X
 mprj/_41728_/Y
 mprj/_41729_/Y
 mprj/_41730_/Y
 mprj/_41731_/X
 mprj/_41732_/Y
 mprj/_41733_/X
 mprj/_41734_/Y
 mprj/_41735_/X
 mprj/_41736_/X
 mprj/_41737_/Y
 mprj/_41738_/X
 mprj/_41739_/Y
 mprj/_41740_/X
 mprj/_41741_/X
 mprj/_41742_/Y
 mprj/_41743_/Y
 mprj/_41744_/X
 mprj/_41745_/Y
 mprj/_41746_/Y
 mprj/_41747_/X
 mprj/_41748_/Y
 mprj/_41749_/Y
 mprj/_41750_/Y
 mprj/_41751_/X
 mprj/_41752_/Y
 mprj/_41753_/Y
 mprj/_41754_/X
 mprj/_41755_/X
 mprj/_41756_/Y
 mprj/_41757_/X
 mprj/_41758_/Y
 mprj/_41759_/Y
 mprj/_41760_/Y
 mprj/_41761_/Y
 mprj/_41762_/X
 mprj/_41763_/X
 mprj/_41764_/X
 mprj/_41765_/Y
 mprj/_41766_/Y
 mprj/_41767_/Y
 mprj/_41768_/Y
 mprj/_41769_/X
 mprj/_41770_/X
 mprj/_41771_/Y
 mprj/_41772_/Y
 mprj/_41773_/Y
 mprj/_41774_/Y
 mprj/_41775_/Y
 mprj/_41776_/X
 mprj/_41777_/Y
 mprj/_41778_/Y
 mprj/_41779_/Y
 mprj/_41780_/Y
 mprj/_41781_/X
 mprj/_41782_/Y
 mprj/_41783_/Y
 mprj/_41784_/Y
 mprj/_41785_/Y
 mprj/_41786_/X
 mprj/_41787_/Y
 mprj/_41788_/X
 mprj/_41789_/Y
 mprj/_41790_/X
 mprj/_41791_/Y
 mprj/_41792_/X
 mprj/_41793_/Y
 mprj/_41794_/Y
 mprj/_41795_/Y
 mprj/_41796_/Y
 mprj/_41797_/X
 mprj/_41798_/X
 mprj/_41799_/Y
 mprj/_41800_/X
 mprj/_41801_/Y
 mprj/_41802_/X
 mprj/_41803_/Y
 mprj/_41804_/Y
 mprj/_41805_/Y
 mprj/_41806_/Y
 mprj/_41807_/X
 mprj/_41808_/Y
 mprj/_41809_/X
 mprj/_41810_/Y
 mprj/_41811_/Y
 mprj/_41812_/X
 mprj/_41813_/X
 mprj/_41814_/Y
 mprj/_41815_/X
 mprj/_41816_/Y
 mprj/_41817_/X
 mprj/_41818_/X
 mprj/_41819_/X
 mprj/_41820_/Y
 mprj/_41821_/Y
 mprj/_41822_/X
 mprj/_41823_/X
 mprj/_41824_/Y
 mprj/_41825_/Y
 mprj/_41826_/Y
 mprj/_41827_/X
 mprj/_41828_/X
 mprj/_41829_/X
 mprj/_41830_/Y
 mprj/_41831_/Y
 mprj/_41832_/Y
 mprj/_41833_/Y
 mprj/_41834_/Y
 mprj/_41835_/Y
 mprj/_41836_/Y
 mprj/_41837_/Y
 mprj/_41838_/X
 mprj/_41839_/Y
 mprj/_41840_/Y
 mprj/_41841_/Y
 mprj/_41842_/X
 mprj/_41843_/X
 mprj/_41844_/Y
 mprj/_41845_/Y
 mprj/_41846_/X
 mprj/_41847_/X
 mprj/_41848_/Y
 mprj/_41849_/Y
 mprj/_41850_/Y
 mprj/_41851_/Y
 mprj/_41852_/Y
 mprj/_41853_/Y
 mprj/_41854_/X
 mprj/_41855_/X
 mprj/_41856_/X
 mprj/_41857_/X
 mprj/_41858_/Y
 mprj/_41859_/Y
 mprj/_41860_/Y
 mprj/_41861_/Y
 mprj/_41862_/X
 mprj/_41863_/X
 mprj/_41864_/X
 mprj/_41865_/Y
 mprj/_41866_/X
 mprj/_41867_/Y
 mprj/_41868_/X
 mprj/_41869_/X
 mprj/_41870_/X
 mprj/_41871_/Y
 mprj/_41872_/Y
 mprj/_41873_/Y
 mprj/_41874_/X
 mprj/_41875_/X
 mprj/_41876_/Y
 mprj/_41877_/X
 mprj/_41878_/Y
 mprj/_41879_/X
 mprj/_41880_/X
 mprj/_41881_/Y
 mprj/_41882_/X
 mprj/_41883_/Y
 mprj/_41884_/X
 mprj/_41885_/X
 mprj/_41886_/Y
 mprj/_41887_/Y
 mprj/_41888_/Y
 mprj/_41889_/X
 mprj/_41890_/X
 mprj/_41891_/X
 mprj/_41892_/X
 mprj/_41893_/Y
 mprj/_41894_/Y
 mprj/_41895_/X
 mprj/_41896_/X
 mprj/_41897_/Y
 mprj/_41898_/X
 mprj/_41899_/Y
 mprj/_41900_/Y
 mprj/_41901_/X
 mprj/_41902_/X
 mprj/_41903_/Y
 mprj/_41904_/X
 mprj/_41905_/Y
 mprj/_41906_/Y
 mprj/_41907_/Y
 mprj/_41908_/Y
 mprj/_41909_/Y
 mprj/_41910_/Y
 mprj/_41911_/Y
 mprj/_41912_/Y
 mprj/_41913_/X
 mprj/_41914_/X
 mprj/_41915_/Y
 mprj/_41916_/X
 mprj/_41917_/Y
 mprj/_41918_/Y
 mprj/_41919_/Y
 mprj/_41920_/X
 mprj/_41921_/Y
 mprj/_41922_/Y
 mprj/_41923_/X
 mprj/_41924_/Y
 mprj/_41925_/Y
 mprj/_41926_/Y
 mprj/_41927_/X
 mprj/_41928_/X
 mprj/_41929_/X
 mprj/_41930_/X
 mprj/_41931_/Y
 mprj/_41932_/Y
 mprj/_41933_/Y
 mprj/_41934_/X
 mprj/_41935_/Y
 mprj/_41936_/Y
 mprj/_41937_/X
 mprj/_41938_/X
 mprj/_41939_/X
 mprj/_41940_/X
 mprj/_41941_/X
 mprj/_41942_/Y
 mprj/_41943_/X
 mprj/_41944_/X
 mprj/_41945_/Y
 mprj/_41946_/Y
 mprj/_41947_/Y
 mprj/_41948_/Y
 mprj/_41949_/X
 mprj/_41950_/Y
 mprj/_41951_/Y
 mprj/_41952_/X
 mprj/_41953_/X
 mprj/_41954_/Y
 mprj/_41955_/Y
 mprj/_41956_/Y
 mprj/_41957_/X
 mprj/_41958_/Y
 mprj/_41959_/Y
 mprj/_41960_/X
 mprj/_41961_/Y
 mprj/_41962_/Y
 mprj/_41963_/X
 mprj/_41964_/Y
 mprj/_41965_/X
 mprj/_41966_/Y
 mprj/_41967_/Y
 mprj/_41968_/X
 mprj/_41969_/X
 mprj/_41970_/X
 mprj/_41971_/X
 mprj/_41972_/X
 mprj/_41973_/X
 mprj/_41974_/Y
 mprj/_41975_/X
 mprj/_41976_/X
 mprj/_41977_/X
 mprj/_41978_/Y
 mprj/_41979_/X
 mprj/_41980_/X
 mprj/_41981_/X
 mprj/_41982_/X
 mprj/_41983_/X
 mprj/_41984_/X
 mprj/_41985_/Y
 mprj/_41986_/X
 mprj/_41987_/X
 mprj/_41988_/X
 mprj/_41989_/X
 mprj/_41990_/Y
 mprj/_41991_/Y
 mprj/_41992_/Y
 mprj/_41993_/Y
 mprj/_41994_/X
 mprj/_41995_/X
 mprj/_41996_/Y
 mprj/_41997_/X
 mprj/_41998_/X
 mprj/_41999_/Y
 mprj/_42000_/X
 mprj/_42001_/X
 mprj/_42002_/X
 mprj/_42003_/Y
 mprj/_42004_/X
 mprj/_42005_/X
 mprj/_42006_/Y
 mprj/_42007_/Y
 mprj/_42008_/X
 mprj/_42009_/Y
 mprj/_42010_/Y
 mprj/_42011_/X
 mprj/_42012_/Y
 mprj/_42013_/X
 mprj/_42014_/Y
 mprj/_42015_/Y
 mprj/_42016_/X
 mprj/_42017_/Y
 mprj/_42018_/Y
 mprj/_42019_/X
 mprj/_42020_/Y
 mprj/_42021_/X
 mprj/_42022_/Y
 mprj/_42023_/Y
 mprj/_42024_/Y
 mprj/_42025_/Y
 mprj/_42026_/X
 mprj/_42027_/Y
 mprj/_42028_/X
 mprj/_42029_/X
 mprj/_42030_/X
 mprj/_42031_/Y
 mprj/_42032_/Y
 mprj/_42033_/X
 mprj/_42034_/Y
 mprj/_42035_/Y
 mprj/_42036_/Y
 mprj/_42037_/Y
 mprj/_42038_/Y
 mprj/_42039_/Y
 mprj/_42040_/Y
 mprj/_42041_/X
 mprj/_42042_/X
 mprj/_42043_/Y
 mprj/_42044_/Y
 mprj/_42045_/Y
 mprj/_42046_/X
 mprj/_42047_/Y
 mprj/_42048_/Y
 mprj/_42049_/Y
 mprj/_42050_/X
 mprj/_42051_/X
 mprj/_42052_/Y
 mprj/_42053_/Y
 mprj/_42054_/Y
 mprj/_42055_/Y
 mprj/_42056_/X
 mprj/_42057_/Y
 mprj/_42058_/Y
 mprj/_42059_/X
 mprj/_42060_/Y
 mprj/_42061_/X
 mprj/_42062_/Y
 mprj/_42063_/X
 mprj/_42064_/X
 mprj/_42065_/Y
 mprj/_42066_/X
 mprj/_42067_/Y
 mprj/_42068_/Y
 mprj/_42069_/X
 mprj/_42070_/Y
 mprj/_42071_/Y
 mprj/_42072_/X
 mprj/_42073_/X
 mprj/_42074_/X
 mprj/_42075_/Y
 mprj/_42076_/Y
 mprj/_42077_/Y
 mprj/_42078_/X
 mprj/_42079_/X
 mprj/_42080_/X
 mprj/_42081_/X
 mprj/_42082_/Y
 mprj/_42083_/Y
 mprj/_42084_/Y
 mprj/_42085_/X
 mprj/_42086_/X
 mprj/_42087_/Y
 mprj/_42088_/Y
 mprj/_42089_/Y
 mprj/_42090_/X
 mprj/_42091_/Y
 mprj/_42092_/X
 mprj/_42093_/Y
 mprj/_42094_/Y
 mprj/_42095_/X
 mprj/_42096_/X
 mprj/_42097_/Y
 mprj/_42098_/Y
 mprj/_42099_/Y
 mprj/_42100_/Y
 mprj/_42101_/Y
 mprj/_42102_/Y
 mprj/_42103_/Y
 mprj/_42104_/X
 mprj/_42105_/X
 mprj/_42106_/X
 mprj/_42107_/Y
 mprj/_42108_/Y
 mprj/_42109_/X
 mprj/_42110_/X
 mprj/_42111_/Y
 mprj/_42112_/Y
 mprj/_42113_/Y
 mprj/_42114_/Y
 mprj/_42115_/X
 mprj/_42116_/X
 mprj/_42117_/Y
 mprj/_42118_/X
 mprj/_42119_/X
 mprj/_42120_/Y
 mprj/_42121_/X
 mprj/_42122_/X
 mprj/_42123_/Y
 mprj/_42124_/X
 mprj/_42125_/X
 mprj/_42126_/X
 mprj/_42127_/Y
 mprj/_42128_/Y
 mprj/_42129_/X
 mprj/_42130_/Y
 mprj/_42131_/Y
 mprj/_42132_/X
 mprj/_42133_/Y
 mprj/_42134_/X
 mprj/_42135_/X
 mprj/_42136_/Y
 mprj/_42137_/Y
 mprj/_42138_/X
 mprj/_42139_/Y
 mprj/_42140_/Y
 mprj/_42141_/Y
 mprj/_42142_/Y
 mprj/_42143_/X
 mprj/_42144_/X
 mprj/_42145_/Y
 mprj/_42146_/Y
 mprj/_42147_/Y
 mprj/_42148_/Y
 mprj/_42149_/X
 mprj/_42150_/Y
 mprj/_42151_/Y
 mprj/_42152_/Y
 mprj/_42153_/X
 mprj/_42154_/Y
 mprj/_42155_/X
 mprj/_42156_/X
 mprj/_42157_/X
 mprj/_42158_/Y
 mprj/_42159_/Y
 mprj/_42160_/X
 mprj/_42161_/X
 mprj/_42162_/X
 mprj/_42163_/Y
 mprj/_42164_/X
 mprj/_42165_/Y
 mprj/_42166_/Y
 mprj/_42167_/X
 mprj/_42168_/Y
 mprj/_42169_/X
 mprj/_42170_/X
 mprj/_42171_/X
 mprj/_42172_/X
 mprj/_42173_/Y
 mprj/_42174_/Y
 mprj/_42175_/Y
 mprj/_42176_/X
 mprj/_42177_/Y
 mprj/_42178_/Y
 mprj/_42179_/Y
 mprj/_42180_/Y
 mprj/_42181_/X
 mprj/_42182_/Y
 mprj/_42183_/Y
 mprj/_42184_/Y
 mprj/_42185_/Y
 mprj/_42186_/X
 mprj/_42187_/X
 mprj/_42188_/X
 mprj/_42189_/Y
 mprj/_42190_/Y
 mprj/_42191_/X
 mprj/_42192_/X
 mprj/_42193_/Y
 mprj/_42194_/X
 mprj/_42195_/Y
 mprj/_42196_/Y
 mprj/_42197_/X
 mprj/_42198_/Y
 mprj/_42199_/X
 mprj/_42200_/Y
 mprj/_42201_/X
 mprj/_42202_/X
 mprj/_42203_/X
 mprj/_42204_/X
 mprj/_42205_/X
 mprj/_42206_/X
 mprj/_42207_/X
 mprj/_42208_/Y
 mprj/_42209_/Y
 mprj/_42210_/Y
 mprj/_42211_/Y
 mprj/_42212_/X
 mprj/_42213_/X
 mprj/_42214_/Y
 mprj/_42215_/X
 mprj/_42216_/X
 mprj/_42217_/X
 mprj/_42218_/Y
 mprj/_42219_/Y
 mprj/_42220_/X
 mprj/_42221_/Y
 mprj/_42222_/X
 mprj/_42223_/Y
 mprj/_42224_/Y
 mprj/_42225_/Y
 mprj/_42226_/Y
 mprj/_42227_/X
 mprj/_42228_/X
 mprj/_42229_/Y
 mprj/_42230_/Y
 mprj/_42231_/Y
 mprj/_42232_/Y
 mprj/_42233_/X
 mprj/_42234_/Y
 mprj/_42235_/X
 mprj/_42236_/X
 mprj/_42237_/Y
 mprj/_42238_/Y
 mprj/_42239_/X
 mprj/_42240_/Y
 mprj/_42241_/X
 mprj/_42242_/Y
 mprj/_42243_/Y
 mprj/_42244_/X
 mprj/_42245_/Y
 mprj/_42246_/Y
 mprj/_42247_/X
 mprj/_42248_/Y
 mprj/_42249_/Y
 mprj/_42250_/Y
 mprj/_42251_/Y
 mprj/_42252_/X
 mprj/_42253_/Y
 mprj/_42254_/Y
 mprj/_42255_/X
 mprj/_42256_/Y
 mprj/_42257_/Y
 mprj/_42258_/X
 mprj/_42259_/Y
 mprj/_42260_/X
 mprj/_42261_/Y
 mprj/_42262_/Y
 mprj/_42263_/Y
 mprj/_42264_/Y
 mprj/_42265_/X
 mprj/_42266_/Y
 mprj/_42267_/X
 mprj/_42268_/Y
 mprj/_42269_/Y
 mprj/_42270_/X
 mprj/_42271_/X
 mprj/_42272_/Y
 mprj/_42273_/Y
 mprj/_42274_/X
 mprj/_42275_/Y
 mprj/_42276_/Y
 mprj/_42277_/X
 mprj/_42278_/X
 mprj/_42279_/Y
 mprj/_42280_/X
 mprj/_42281_/X
 mprj/_42282_/Y
 mprj/_42283_/X
 mprj/_42284_/Y
 mprj/_42285_/X
 mprj/_42286_/Y
 mprj/_42287_/Y
 mprj/_42288_/Y
 mprj/_42289_/Y
 mprj/_42290_/Y
 mprj/_42291_/X
 mprj/_42292_/X
 mprj/_42293_/X
 mprj/_42294_/Y
 mprj/_42295_/X
 mprj/_42296_/Y
 mprj/_42297_/Y
 mprj/_42298_/Y
 mprj/_42299_/X
 mprj/_42300_/Y
 mprj/_42301_/X
 mprj/_42302_/X
 mprj/_42303_/X
 mprj/_42304_/X
 mprj/_42305_/Y
 mprj/_42306_/X
 mprj/_42307_/X
 mprj/_42308_/X
 mprj/_42309_/X
 mprj/_42310_/Y
 mprj/_42311_/X
 mprj/_42312_/X
 mprj/_42313_/X
 mprj/_42314_/Y
 mprj/_42315_/X
 mprj/_42316_/Y
 mprj/_42317_/X
 mprj/_42318_/X
 mprj/_42319_/X
 mprj/_42320_/X
 mprj/_42321_/X
 mprj/_42322_/Y
 mprj/_42323_/Y
 mprj/_42324_/Y
 mprj/_42325_/Y
 mprj/_42326_/Y
 mprj/_42327_/Y
 mprj/_42328_/X
 mprj/_42329_/Y
 mprj/_42330_/X
 mprj/_42331_/Y
 mprj/_42332_/Y
 mprj/_42333_/Y
 mprj/_42334_/Y
 mprj/_42335_/X
 mprj/_42336_/X
 mprj/_42337_/Y
 mprj/_42338_/X
 mprj/_42339_/X
 mprj/_42340_/X
 mprj/_42341_/X
 mprj/_42342_/X
 mprj/_42343_/Y
 mprj/_42344_/X
 mprj/_42345_/X
 mprj/_42346_/Y
 mprj/_42347_/Y
 mprj/_42348_/X
 mprj/_42349_/Y
 mprj/_42350_/Y
 mprj/_42351_/Y
 mprj/_42352_/X
 mprj/_42353_/X
 mprj/_42354_/Y
 mprj/_42355_/Y
 mprj/_42356_/Y
 mprj/_42357_/Y
 mprj/_42358_/Y
 mprj/_42359_/X
 mprj/_42360_/X
 mprj/_42361_/Y
 mprj/_42362_/Y
 mprj/_42363_/X
 mprj/_42364_/X
 mprj/_42365_/Y
 mprj/_42366_/X
 mprj/_42367_/Y
 mprj/_42368_/Y
 mprj/_42369_/Y
 mprj/_42370_/Y
 mprj/_42371_/Y
 mprj/_42372_/X
 mprj/_42373_/Y
 mprj/_42374_/Y
 mprj/_42375_/Y
 mprj/_42376_/X
 mprj/_42377_/X
 mprj/_42378_/Y
 mprj/_42379_/X
 mprj/_42380_/X
 mprj/_42381_/Y
 mprj/_42382_/X
 mprj/_42383_/Y
 mprj/_42384_/Y
 mprj/_42385_/Y
 mprj/_42386_/Y
 mprj/_42387_/X
 mprj/_42388_/Y
 mprj/_42389_/X
 mprj/_42390_/Y
 mprj/_42391_/X
 mprj/_42392_/X
 mprj/_42393_/X
 mprj/_42394_/Y
 mprj/_42395_/Y
 mprj/_42396_/X
 mprj/_42397_/X
 mprj/_42398_/X
 mprj/_42399_/Y
 mprj/_42400_/Y
 mprj/_42401_/Y
 mprj/_42402_/Y
 mprj/_42403_/X
 mprj/_42404_/X
 mprj/_42405_/Y
 mprj/_42406_/X
 mprj/_42407_/Y
 mprj/_42408_/X
 mprj/_42409_/X
 mprj/_42410_/Y
 mprj/_42411_/X
 mprj/_42412_/X
 mprj/_42413_/Y
 mprj/_42414_/X
 mprj/_42415_/X
 mprj/_42416_/X
 mprj/_42417_/X
 mprj/_42418_/Y
 mprj/_42419_/X
 mprj/_42420_/X
 mprj/_42421_/X
 mprj/_42422_/Y
 mprj/_42423_/Y
 mprj/_42424_/X
 mprj/_42425_/Y
 mprj/_42426_/Y
 mprj/_42427_/X
 mprj/_42428_/Y
 mprj/_42429_/X
 mprj/_42430_/X
 mprj/_42431_/X
 mprj/_42432_/X
 mprj/_42433_/X
 mprj/_42434_/X
 mprj/_42435_/Y
 mprj/_42436_/X
 mprj/_42437_/X
 mprj/_42438_/Y
 mprj/_42439_/Y
 mprj/_42440_/X
 mprj/_42441_/Y
 mprj/_42442_/Y
 mprj/_42443_/X
 mprj/_42444_/Y
 mprj/_42445_/Y
 mprj/_42446_/Y
 mprj/_42447_/X
 mprj/_42448_/Y
 mprj/_42449_/X
 mprj/_42450_/Y
 mprj/_42451_/Y
 mprj/_42452_/Y
 mprj/_42453_/Y
 mprj/_42454_/X
 mprj/_42455_/X
 mprj/_42456_/X
 mprj/_42457_/X
 mprj/_42458_/Y
 mprj/_42459_/X
 mprj/_42460_/Y
 mprj/_42461_/X
 mprj/_42462_/Y
 mprj/_42463_/X
 mprj/_42464_/Y
 mprj/_42465_/Y
 mprj/_42466_/Y
 mprj/_42467_/Y
 mprj/_42468_/X
 mprj/_42469_/X
 mprj/_42470_/Y
 mprj/_42471_/X
 mprj/_42472_/X
 mprj/_42473_/X
 mprj/_42474_/Y
 mprj/_42475_/Y
 mprj/_42476_/Y
 mprj/_42477_/Y
 mprj/_42478_/X
 mprj/_42479_/Y
 mprj/_42480_/X
 mprj/_42481_/X
 mprj/_42482_/Y
 mprj/_42483_/Y
 mprj/_42484_/Y
 mprj/_42485_/Y
 mprj/_42486_/X
 mprj/_42487_/Y
 mprj/_42488_/X
 mprj/_42489_/X
 mprj/_42490_/Y
 mprj/_42491_/X
 mprj/_42492_/Y
 mprj/_42493_/Y
 mprj/_42494_/Y
 mprj/_42495_/X
 mprj/_42496_/X
 mprj/_42497_/X
 mprj/_42498_/Y
 mprj/_42499_/Y
 mprj/_42500_/X
 mprj/_42501_/Y
 mprj/_42502_/X
 mprj/_42503_/Y
 mprj/_42504_/Y
 mprj/_42505_/Y
 mprj/_42506_/X
 mprj/_42507_/Y
 mprj/_42508_/Y
 mprj/_42509_/Y
 mprj/_42510_/X
 mprj/_42511_/X
 mprj/_42512_/X
 mprj/_42513_/Y
 mprj/_42514_/X
 mprj/_42515_/X
 mprj/_42516_/Y
 mprj/_42517_/X
 mprj/_42518_/X
 mprj/_42519_/X
 mprj/_42520_/X
 mprj/_42521_/X
 mprj/_42522_/Y
 mprj/_42523_/X
 mprj/_42524_/Y
 mprj/_42525_/Y
 mprj/_42526_/X
 mprj/_42527_/X
 mprj/_42528_/X
 mprj/_42529_/X
 mprj/_42530_/X
 mprj/_42531_/X
 mprj/_42532_/X
 mprj/_42533_/X
 mprj/_42534_/Y
 mprj/_42535_/Y
 mprj/_42536_/X
 mprj/_42537_/X
 mprj/_42538_/Y
 mprj/_42539_/X
 mprj/_42540_/Y
 mprj/_42541_/Y
 mprj/_42542_/Y
 mprj/_42543_/X
 mprj/_42544_/Y
 mprj/_42545_/X
 mprj/_42546_/Y
 mprj/_42547_/X
 mprj/_42548_/Y
 mprj/_42549_/X
 mprj/_42550_/X
 mprj/_42551_/X
 mprj/_42552_/X
 mprj/_42553_/Y
 mprj/_42554_/Y
 mprj/_42555_/X
 mprj/_42556_/Y
 mprj/_42557_/Y
 mprj/_42558_/X
 mprj/_42559_/X
 mprj/_42560_/Y
 mprj/_42561_/Y
 mprj/_42562_/X
 mprj/_42563_/Y
 mprj/_42564_/X
 mprj/_42565_/X
 mprj/_42566_/Y
 mprj/_42567_/Y
 mprj/_42568_/X
 mprj/_42569_/Y
 mprj/_42570_/Y
 mprj/_42571_/Y
 mprj/_42572_/X
 mprj/_42573_/X
 mprj/_42574_/Y
 mprj/_42575_/Y
 mprj/_42576_/Y
 mprj/_42577_/Y
 mprj/_42578_/X
 mprj/_42579_/Y
 mprj/_42580_/Y
 mprj/_42581_/Y
 mprj/_42582_/Y
 mprj/_42583_/Y
 mprj/_42584_/X
 mprj/_42585_/Y
 mprj/_42586_/Y
 mprj/_42587_/X
 mprj/_42588_/X
 mprj/_42589_/Y
 mprj/_42590_/X
 mprj/_42591_/Y
 mprj/_42592_/Y
 mprj/_42593_/Y
 mprj/_42594_/Y
 mprj/_42595_/Y
 mprj/_42596_/Y
 mprj/_42597_/X
 mprj/_42598_/Y
 mprj/_42599_/Y
 mprj/_42600_/X
 mprj/_42601_/X
 mprj/_42602_/X
 mprj/_42603_/Y
 mprj/_42604_/X
 mprj/_42605_/Y
 mprj/_42606_/Y
 mprj/_42607_/Y
 mprj/_42608_/Y
 mprj/_42609_/X
 mprj/_42610_/Y
 mprj/_42611_/X
 mprj/_42612_/X
 mprj/_42613_/Y
 mprj/_42614_/X
 mprj/_42615_/Y
 mprj/_42616_/X
 mprj/_42617_/Y
 mprj/_42618_/Y
 mprj/_42619_/Y
 mprj/_42620_/X
 mprj/_42621_/X
 mprj/_42622_/X
 mprj/_42623_/Y
 mprj/_42624_/X
 mprj/_42625_/Y
 mprj/_42626_/Y
 mprj/_42627_/Y
 mprj/_42628_/Y
 mprj/_42629_/Y
 mprj/_42630_/Y
 mprj/_42631_/X
 mprj/_42632_/Y
 mprj/_42633_/X
 mprj/_42634_/Y
 mprj/_42635_/Y
 mprj/_42636_/Y
 mprj/_42637_/X
 mprj/_42638_/Y
 mprj/_42639_/Y
 mprj/_42640_/Y
 mprj/_42641_/X
 mprj/_42642_/Y
 mprj/_42643_/X
 mprj/_42644_/X
 mprj/_42645_/Y
 mprj/_42646_/X
 mprj/_42647_/X
 mprj/_42648_/X
 mprj/_42649_/Y
 mprj/_42650_/Y
 mprj/_42651_/X
 mprj/_42652_/X
 mprj/_42653_/X
 mprj/_42654_/X
 mprj/_42655_/X
 mprj/_42656_/X
 mprj/_42657_/Y
 mprj/_42658_/X
 mprj/_42659_/X
 mprj/_42660_/Y
 mprj/_42661_/Y
 mprj/_42662_/X
 mprj/_42663_/Y
 mprj/_42664_/X
 mprj/_42665_/X
 mprj/_42666_/Y
 mprj/_42667_/Y
 mprj/_42668_/X
 mprj/_42669_/X
 mprj/_42670_/X
 mprj/_42671_/Y
 mprj/_42672_/Y
 mprj/_42673_/Y
 mprj/_42674_/Y
 mprj/_42675_/Y
 mprj/_42676_/Y
 mprj/_42677_/Y
 mprj/_42678_/Y
 mprj/_42679_/X
 mprj/_42680_/Y
 mprj/_42681_/X
 mprj/_42682_/Y
 mprj/_42683_/X
 mprj/_42684_/Y
 mprj/_42685_/X
 mprj/_42686_/X
 mprj/_42687_/Y
 mprj/_42688_/X
 mprj/_42689_/Y
 mprj/_42690_/X
 mprj/_42691_/Y
 mprj/_42692_/X
 mprj/_42693_/X
 mprj/_42694_/X
 mprj/_42695_/X
 mprj/_42696_/Y
 mprj/_42697_/Y
 mprj/_42698_/Y
 mprj/_42699_/Y
 mprj/_42700_/Y
 mprj/_42701_/Y
 mprj/_42702_/Y
 mprj/_42703_/X
 mprj/_42704_/Y
 mprj/_42705_/Y
 mprj/_42706_/Y
 mprj/_42707_/Y
 mprj/_42708_/X
 mprj/_42709_/Y
 mprj/_42710_/Y
 mprj/_42711_/X
 mprj/_42712_/Y
 mprj/_42713_/Y
 mprj/_42714_/Y
 mprj/_42715_/X
 mprj/_42716_/X
 mprj/_42717_/X
 mprj/_42718_/X
 mprj/_42719_/Y
 mprj/_42720_/Y
 mprj/_42721_/X
 mprj/_42722_/X
 mprj/_42723_/Y
 mprj/_42724_/Y
 mprj/_42725_/X
 mprj/_42726_/X
 mprj/_42727_/X
 mprj/_42728_/Y
 mprj/_42729_/Y
 mprj/_42730_/Y
 mprj/_42731_/X
 mprj/_42732_/Y
 mprj/_42733_/X
 mprj/_42734_/X
 mprj/_42735_/Y
 mprj/_42736_/Y
 mprj/_42737_/X
 mprj/_42738_/Y
 mprj/_42739_/Y
 mprj/_42740_/X
 mprj/_42741_/Y
 mprj/_42742_/Y
 mprj/_42743_/Y
 mprj/_42744_/X
 mprj/_42745_/Y
 mprj/_42746_/Y
 mprj/_42747_/X
 mprj/_42748_/X
 mprj/_42749_/X
 mprj/_42750_/Y
 mprj/_42751_/Y
 mprj/_42752_/Y
 mprj/_42753_/X
 mprj/_42754_/X
 mprj/_42755_/X
 mprj/_42756_/X
 mprj/_42757_/X
 mprj/_42758_/Y
 mprj/_42759_/X
 mprj/_42760_/X
 mprj/_42761_/Y
 mprj/_42762_/Y
 mprj/_42763_/Y
 mprj/_42764_/X
 mprj/_42765_/Y
 mprj/_42766_/Y
 mprj/_42767_/Y
 mprj/_42768_/Y
 mprj/_42769_/Y
 mprj/_42770_/X
 mprj/_42771_/Y
 mprj/_42772_/Y
 mprj/_42773_/Y
 mprj/_42774_/Y
 mprj/_42775_/X
 mprj/_42776_/Y
 mprj/_42777_/Y
 mprj/_42778_/X
 mprj/_42779_/X
 mprj/_42780_/Y
 mprj/_42781_/X
 mprj/_42782_/X
 mprj/_42783_/Y
 mprj/_42784_/X
 mprj/_42785_/Y
 mprj/_42786_/X
 mprj/_42787_/X
 mprj/_42788_/X
 mprj/_42789_/X
 mprj/_42790_/Y
 mprj/_42791_/X
 mprj/_42792_/X
 mprj/_42793_/Y
 mprj/_42794_/Y
 mprj/_42795_/X
 mprj/_42796_/X
 mprj/_42797_/Y
 mprj/_42798_/Y
 mprj/_42799_/Y
 mprj/_42800_/X
 mprj/_42801_/X
 mprj/_42802_/Y
 mprj/_42803_/Y
 mprj/_42804_/X
 mprj/_42805_/Y
 mprj/_42806_/X
 mprj/_42807_/X
 mprj/_42808_/Y
 mprj/_42809_/X
 mprj/_42810_/X
 mprj/_42811_/X
 mprj/_42812_/Y
 mprj/_42813_/Y
 mprj/_42814_/Y
 mprj/_42815_/Y
 mprj/_42816_/X
 mprj/_42817_/X
 mprj/_42818_/Y
 mprj/_42819_/Y
 mprj/_42820_/Y
 mprj/_42821_/X
 mprj/_42822_/X
 mprj/_42823_/Y
 mprj/_42824_/X
 mprj/_42825_/X
 mprj/_42826_/X
 mprj/_42827_/X
 mprj/_42828_/Y
 mprj/_42829_/X
 mprj/_42830_/Y
 mprj/_42831_/X
 mprj/_42832_/X
 mprj/_42833_/X
 mprj/_42834_/X
 mprj/_42835_/Y
 mprj/_42836_/X
 mprj/_42837_/Y
 mprj/_42838_/X
 mprj/_42839_/X
 mprj/_42840_/Y
 mprj/_42841_/X
 mprj/_42842_/X
 mprj/_42843_/Y
 mprj/_42844_/Y
 mprj/_42845_/X
 mprj/_42846_/X
 mprj/_42847_/Y
 mprj/_42848_/X
 mprj/_42849_/Y
 mprj/_42850_/Y
 mprj/_42851_/Y
 mprj/_42852_/Y
 mprj/_42853_/X
 mprj/_42854_/X
 mprj/_42855_/X
 mprj/_42856_/Y
 mprj/_42857_/X
 mprj/_42858_/X
 mprj/_42859_/Y
 mprj/_42860_/Y
 mprj/_42861_/X
 mprj/_42862_/X
 mprj/_42863_/Y
 mprj/_42864_/Y
 mprj/_42865_/Y
 mprj/_42866_/X
 mprj/_42867_/X
 mprj/_42868_/X
 mprj/_42869_/Y
 mprj/_42870_/Y
 mprj/_42871_/Y
 mprj/_42872_/X
 mprj/_42873_/Y
 mprj/_42874_/Y
 mprj/_42875_/Y
 mprj/_42876_/Y
 mprj/_42877_/Y
 mprj/_42878_/Y
 mprj/_42879_/X
 mprj/_42880_/X
 mprj/_42881_/Y
 mprj/_42882_/Y
 mprj/_42883_/X
 mprj/_42884_/Y
 mprj/_42885_/Y
 mprj/_42886_/X
 mprj/_42887_/Y
 mprj/_42888_/X
 mprj/_42889_/Y
 mprj/_42890_/X
 mprj/_42891_/Y
 mprj/_42892_/X
 mprj/_42893_/X
 mprj/_42894_/Y
 mprj/_42895_/Y
 mprj/_42896_/Y
 mprj/_42897_/X
 mprj/_42898_/Y
 mprj/_42899_/X
 mprj/_42900_/Y
 mprj/_42901_/X
 mprj/_42902_/Y
 mprj/_42903_/Y
 mprj/_42904_/X
 mprj/_42905_/Y
 mprj/_42906_/Y
 mprj/_42907_/X
 mprj/_42908_/Y
 mprj/_42909_/X
 mprj/_42910_/Y
 mprj/_42911_/X
 mprj/_42912_/Y
 mprj/_42913_/X
 mprj/_42914_/X
 mprj/_42915_/Y
 mprj/_42916_/X
 mprj/_42917_/X
 mprj/_42918_/Y
 mprj/_42919_/X
 mprj/_42920_/Y
 mprj/_42921_/X
 mprj/_42922_/X
 mprj/_42923_/X
 mprj/_42924_/Y
 mprj/_42925_/X
 mprj/_42926_/X
 mprj/_42927_/Y
 mprj/_42928_/X
 mprj/_42929_/Y
 mprj/_42930_/Y
 mprj/_42931_/Y
 mprj/_42932_/Y
 mprj/_42933_/X
 mprj/_42934_/X
 mprj/_42935_/X
 mprj/_42936_/X
 mprj/_42937_/Y
 mprj/_42938_/X
 mprj/_42939_/Y
 mprj/_42940_/X
 mprj/_42941_/X
 mprj/_42942_/Y
 mprj/_42943_/X
 mprj/_42944_/X
 mprj/_42945_/Y
 mprj/_42946_/X
 mprj/_42947_/Y
 mprj/_42948_/X
 mprj/_42949_/X
 mprj/_42950_/X
 mprj/_42951_/X
 mprj/_42952_/Y
 mprj/_42953_/Y
 mprj/_42954_/X
 mprj/_42955_/Y
 mprj/_42956_/Y
 mprj/_42957_/X
 mprj/_42958_/Y
 mprj/_42959_/X
 mprj/_42960_/Y
 mprj/_42961_/X
 mprj/_42962_/Y
 mprj/_42963_/X
 mprj/_42964_/X
 mprj/_42965_/Y
 mprj/_42966_/Y
 mprj/_42967_/X
 mprj/_42968_/Y
 mprj/_42969_/X
 mprj/_42970_/Y
 mprj/_42971_/X
 mprj/_42972_/X
 mprj/_42973_/Y
 mprj/_42974_/X
 mprj/_42975_/Y
 mprj/_42976_/Y
 mprj/_42977_/X
 mprj/_42978_/Y
 mprj/_42979_/X
 mprj/_42980_/Y
 mprj/_42981_/X
 mprj/_42982_/X
 mprj/_42983_/X
 mprj/_42984_/Y
 mprj/_42985_/Y
 mprj/_42986_/Y
 mprj/_42987_/X
 mprj/_42988_/Y
 mprj/_42989_/X
 mprj/_42990_/Y
 mprj/_42991_/Y
 mprj/_42992_/Y
 mprj/_42993_/X
 mprj/_42994_/X
 mprj/_42995_/Y
 mprj/_42996_/Y
 mprj/_42997_/X
 mprj/_42998_/X
 mprj/_42999_/Y
 mprj/_43000_/Y
 mprj/_43001_/X
 mprj/_43002_/Y
 mprj/_43003_/Y
 mprj/_43004_/X
 mprj/_43005_/X
 mprj/_43006_/Y
 mprj/_43007_/X
 mprj/_43008_/Y
 mprj/_43009_/Y
 mprj/_43010_/X
 mprj/_43011_/X
 mprj/_43012_/X
 mprj/_43013_/Y
 mprj/_43014_/Y
 mprj/_43015_/Y
 mprj/_43016_/Y
 mprj/_43017_/X
 mprj/_43018_/X
 mprj/_43019_/Y
 mprj/_43020_/Y
 mprj/_43021_/X
 mprj/_43022_/Y
 mprj/_43023_/X
 mprj/_43024_/Y
 mprj/_43025_/Y
 mprj/_43026_/Y
 mprj/_43027_/X
 mprj/_43028_/X
 mprj/_43029_/X
 mprj/_43030_/Y
 mprj/_43031_/Y
 mprj/_43032_/X
 mprj/_43033_/X
 mprj/_43034_/Y
 mprj/_43035_/X
 mprj/_43036_/Y
 mprj/_43037_/Y
 mprj/_43038_/X
 mprj/_43039_/Y
 mprj/_43040_/Y
 mprj/_43041_/X
 mprj/_43042_/X
 mprj/_43043_/Y
 mprj/_43044_/Y
 mprj/_43045_/Y
 mprj/_43046_/Y
 mprj/_43047_/Y
 mprj/_43048_/Y
 mprj/_43049_/Y
 mprj/_43050_/Y
 mprj/_43051_/Y
 mprj/_43052_/X
 mprj/_43053_/X
 mprj/_43054_/Y
 mprj/_43055_/X
 mprj/_43056_/Y
 mprj/_43057_/X
 mprj/_43058_/X
 mprj/_43059_/X
 mprj/_43060_/Y
 mprj/_43061_/Y
 mprj/_43062_/Y
 mprj/_43063_/X
 mprj/_43064_/Y
 mprj/_43065_/X
 mprj/_43066_/Y
 mprj/_43067_/Y
 mprj/_43068_/X
 mprj/_43069_/Y
 mprj/_43070_/Y
 mprj/_43071_/X
 mprj/_43072_/X
 mprj/_43073_/Y
 mprj/_43074_/Y
 mprj/_43075_/X
 mprj/_43076_/Y
 mprj/_43077_/Y
 mprj/_43078_/Y
 mprj/_43079_/Y
 mprj/_43080_/X
 mprj/_43081_/Y
 mprj/_43082_/X
 mprj/_43083_/X
 mprj/_43084_/X
 mprj/_43085_/Y
 mprj/_43086_/X
 mprj/_43087_/Y
 mprj/_43088_/Y
 mprj/_43089_/X
 mprj/_43090_/Y
 mprj/_43091_/Y
 mprj/_43092_/X
 mprj/_43093_/Y
 mprj/_43094_/Y
 mprj/_43095_/X
 mprj/_43096_/Y
 mprj/_43097_/Y
 mprj/_43098_/X
 mprj/_43099_/Y
 mprj/_43100_/Y
 mprj/_43101_/X
 mprj/_43102_/Y
 mprj/_43103_/X
 mprj/_43104_/X
 mprj/_43105_/Y
 mprj/_43106_/X
 mprj/_43107_/X
 mprj/_43108_/X
 mprj/_43109_/X
 mprj/_43110_/Y
 mprj/_43111_/X
 mprj/_43112_/Y
 mprj/_43113_/X
 mprj/_43114_/X
 mprj/_43115_/Y
 mprj/_43116_/X
 mprj/_43117_/Y
 mprj/_43118_/Y
 mprj/_43119_/Y
 mprj/_43120_/Y
 mprj/_43121_/Y
 mprj/_43122_/X
 mprj/_43123_/Y
 mprj/_43124_/X
 mprj/_43125_/Y
 mprj/_43126_/Y
 mprj/_43127_/Y
 mprj/_43128_/X
 mprj/_43129_/X
 mprj/_43130_/Y
 mprj/_43131_/X
 mprj/_43132_/X
 mprj/_43133_/X
 mprj/_43134_/X
 mprj/_43135_/Y
 mprj/_43136_/Y
 mprj/_43137_/X
 mprj/_43138_/X
 mprj/_43139_/Y
 mprj/_43140_/X
 mprj/_43141_/Y
 mprj/_43142_/X
 mprj/_43143_/X
 mprj/_43144_/X
 mprj/_43145_/Y
 mprj/_43146_/X
 mprj/_43147_/Y
 mprj/_43148_/X
 mprj/_43149_/X
 mprj/_43150_/X
 mprj/_43151_/Y
 mprj/_43152_/X
 mprj/_43153_/Y
 mprj/_43154_/X
 mprj/_43155_/X
 mprj/_43156_/X
 mprj/_43157_/X
 mprj/_43158_/Y
 mprj/_43159_/Y
 mprj/_43160_/X
 mprj/_43161_/Y
 mprj/_43162_/Y
 mprj/_43163_/X
 mprj/_43164_/Y
 mprj/_43165_/Y
 mprj/_43166_/X
 mprj/_43167_/X
 mprj/_43168_/Y
 mprj/_43169_/X
 mprj/_43170_/Y
 mprj/_43171_/Y
 mprj/_43172_/X
 mprj/_43173_/Y
 mprj/_43174_/X
 mprj/_43175_/Y
 mprj/_43176_/X
 mprj/_43177_/Y
 mprj/_43178_/X
 mprj/_43179_/Y
 mprj/_43180_/Y
 mprj/_43181_/X
 mprj/_43182_/X
 mprj/_43183_/X
 mprj/_43184_/X
 mprj/_43185_/X
 mprj/_43186_/X
 mprj/_43187_/Y
 mprj/_43188_/Y
 mprj/_43189_/X
 mprj/_43190_/X
 mprj/_43191_/Y
 mprj/_43192_/X
 mprj/_43193_/Y
 mprj/_43194_/Y
 mprj/_43195_/X
 mprj/_43196_/Y
 mprj/_43197_/X
 mprj/_43198_/Y
 mprj/_43199_/X
 mprj/_43200_/Y
 mprj/_43201_/X
 mprj/_43202_/X
 mprj/_43203_/X
 mprj/_43204_/Y
 mprj/_43205_/Y
 mprj/_43206_/X
 mprj/_43207_/Y
 mprj/_43208_/X
 mprj/_43209_/Y
 mprj/_43210_/Y
 mprj/_43211_/Y
 mprj/_43212_/X
 mprj/_43213_/Y
 mprj/_43214_/Y
 mprj/_43215_/Y
 mprj/_43216_/X
 mprj/_43217_/Y
 mprj/_43218_/X
 mprj/_43219_/Y
 mprj/_43220_/Y
 mprj/_43221_/Y
 mprj/_43222_/X
 mprj/_43223_/X
 mprj/_43224_/Y
 mprj/_43225_/Y
 mprj/_43226_/X
 mprj/_43227_/Y
 mprj/_43228_/X
 mprj/_43229_/Y
 mprj/_43230_/Y
 mprj/_43231_/X
 mprj/_43232_/Y
 mprj/_43233_/X
 mprj/_43234_/X
 mprj/_43235_/X
 mprj/_43236_/Y
 mprj/_43237_/X
 mprj/_43238_/Y
 mprj/_43239_/Y
 mprj/_43240_/X
 mprj/_43241_/Y
 mprj/_43242_/X
 mprj/_43243_/Y
 mprj/_43244_/X
 mprj/_43245_/Y
 mprj/_43246_/X
 mprj/_43247_/Y
 mprj/_43248_/X
 mprj/_43249_/X
 mprj/_43250_/Y
 mprj/_43251_/X
 mprj/_43252_/Y
 mprj/_43253_/Y
 mprj/_43254_/X
 mprj/_43255_/Y
 mprj/_43256_/Y
 mprj/_43257_/X
 mprj/_43258_/X
 mprj/_43259_/X
 mprj/_43260_/X
 mprj/_43261_/Y
 mprj/_43262_/Y
 mprj/_43263_/X
 mprj/_43264_/Y
 mprj/_43265_/Y
 mprj/_43266_/Y
 mprj/_43267_/X
 mprj/_43268_/Y
 mprj/_43269_/X
 mprj/_43270_/Y
 mprj/_43271_/Y
 mprj/_43272_/Y
 mprj/_43273_/Y
 mprj/_43274_/Y
 mprj/_43275_/X
 mprj/_43276_/Y
 mprj/_43277_/Y
 mprj/_43278_/X
 mprj/_43279_/X
 mprj/_43280_/Y
 mprj/_43281_/X
 mprj/_43282_/Y
 mprj/_43283_/Y
 mprj/_43284_/X
 mprj/_43285_/Y
 mprj/_43286_/X
 mprj/_43287_/X
 mprj/_43288_/Y
 mprj/_43289_/Y
 mprj/_43290_/Y
 mprj/_43291_/X
 mprj/_43292_/X
 mprj/_43293_/Y
 mprj/_43294_/X
 mprj/_43295_/X
 mprj/_43296_/Y
 mprj/_43297_/Y
 mprj/_43298_/X
 mprj/_43299_/X
 mprj/_43300_/X
 mprj/_43301_/Y
 mprj/_43302_/Y
 mprj/_43303_/Y
 mprj/_43304_/X
 mprj/_43305_/X
 mprj/_43306_/X
 mprj/_43307_/Y
 mprj/_43308_/Y
 mprj/_43309_/Y
 mprj/_43310_/Y
 mprj/_43311_/Y
 mprj/_43312_/Y
 mprj/_43313_/X
 mprj/_43314_/Y
 mprj/_43315_/Y
 mprj/_43316_/Y
 mprj/_43317_/Y
 mprj/_43318_/Y
 mprj/_43319_/Y
 mprj/_43320_/X
 mprj/_43321_/X
 mprj/_43322_/X
 mprj/_43323_/X
 mprj/_43324_/X
 mprj/_43325_/Y
 mprj/_43326_/Y
 mprj/_43327_/X
 mprj/_43328_/X
 mprj/_43329_/Y
 mprj/_43330_/X
 mprj/_43331_/Y
 mprj/_43332_/Y
 mprj/_43333_/X
 mprj/_43334_/X
 mprj/_43335_/Y
 mprj/_43336_/Y
 mprj/_43337_/Y
 mprj/_43338_/X
 mprj/_43339_/Y
 mprj/_43340_/Y
 mprj/_43341_/X
 mprj/_43342_/Y
 mprj/_43343_/X
 mprj/_43344_/Y
 mprj/_43345_/X
 mprj/_43346_/Y
 mprj/_43347_/X
 mprj/_43348_/X
 mprj/_43349_/X
 mprj/_43350_/Y
 mprj/_43351_/X
 mprj/_43352_/X
 mprj/_43353_/X
 mprj/_43354_/X
 mprj/_43355_/Y
 mprj/_43356_/X
 mprj/_43357_/Y
 mprj/_43358_/X
 mprj/_43359_/X
 mprj/_43360_/Y
 mprj/_43361_/Y
 mprj/_43362_/Y
 mprj/_43363_/Y
 mprj/_43364_/X
 mprj/_43365_/Y
 mprj/_43366_/X
 mprj/_43367_/Y
 mprj/_43368_/X
 mprj/_43369_/Y
 mprj/_43370_/Y
 mprj/_43371_/Y
 mprj/_43372_/Y
 mprj/_43373_/X
 mprj/_43374_/Y
 mprj/_43375_/Y
 mprj/_43376_/X
 mprj/_43377_/Y
 mprj/_43378_/Y
 mprj/_43379_/Y
 mprj/_43380_/Y
 mprj/_43381_/Y
 mprj/_43382_/X
 mprj/_43383_/Y
 mprj/_43384_/Y
 mprj/_43385_/Y
 mprj/_43386_/X
 mprj/_43387_/Y
 mprj/_43388_/Y
 mprj/_43389_/Y
 mprj/_43390_/X
 mprj/_43391_/X
 mprj/_43392_/X
 mprj/_43393_/X
 mprj/_43394_/Y
 mprj/_43395_/Y
 mprj/_43396_/Y
 mprj/_43397_/X
 mprj/_43398_/Y
 mprj/_43399_/Y
 mprj/_43400_/Y
 mprj/_43401_/X
 mprj/_43402_/X
 mprj/_43403_/Y
 mprj/_43404_/X
 mprj/_43405_/X
 mprj/_43406_/Y
 mprj/_43407_/X
 mprj/_43408_/X
 mprj/_43409_/Y
 mprj/_43410_/X
 mprj/_43411_/X
 mprj/_43412_/Y
 mprj/_43413_/X
 mprj/_43414_/Y
 mprj/_43415_/X
 mprj/_43416_/X
 mprj/_43417_/Y
 mprj/_43418_/X
 mprj/_43419_/X
 mprj/_43420_/X
 mprj/_43421_/X
 mprj/_43422_/Y
 mprj/_43423_/X
 mprj/_43424_/X
 mprj/_43425_/X
 mprj/_43426_/Y
 mprj/_43427_/X
 mprj/_43428_/X
 mprj/_43429_/X
 mprj/_43430_/X
 mprj/_43431_/Y
 mprj/_43432_/X
 mprj/_43433_/X
 mprj/_43434_/X
 mprj/_43435_/X
 mprj/_43436_/X
 mprj/_43437_/Y
 mprj/_43438_/X
 mprj/_43439_/X
 mprj/_43440_/X
 mprj/_43441_/X
 mprj/_43442_/X
 mprj/_43443_/X
 mprj/_43444_/X
 mprj/_43445_/X
 mprj/_43446_/X
 mprj/_43447_/X
 mprj/_43448_/X
 mprj/_43449_/X
 mprj/_43450_/X
 mprj/_43451_/X
 mprj/_43452_/X
 mprj/_43453_/X
 mprj/_43454_/X
 mprj/_43455_/X
 mprj/_43456_/X
 mprj/_43457_/X
 mprj/_43458_/X
 mprj/_43459_/X
 mprj/_43460_/X
 mprj/_43461_/X
 mprj/_43462_/X
 mprj/_43463_/X
 mprj/_43464_/X
 mprj/_43465_/X
 mprj/_43466_/X
 mprj/_43467_/X
 mprj/_43468_/X
 mprj/_43469_/X
 mprj/_43470_/X
 mprj/_43471_/X
 mprj/_43472_/X
 mprj/_43473_/X
 mprj/_43474_/X
 mprj/_43475_/X
 mprj/_43476_/X
 mprj/_43477_/X
 mprj/_43478_/X
 mprj/_43479_/X
 mprj/_43480_/X
 mprj/_43481_/X
 mprj/_43482_/X
 mprj/_43483_/X
 mprj/_43484_/X
 mprj/_43485_/X
 mprj/_43486_/X
 mprj/_43487_/X
 mprj/_43488_/X
 mprj/_43489_/X
 mprj/_43490_/X
 mprj/_43491_/X
 mprj/_43492_/X
 mprj/_43493_/X
 mprj/_43494_/X
 mprj/_43495_/Q
 mprj/_43496_/Q
 mprj/_43497_/Q
 mprj/_43498_/Q
 mprj/_43499_/Q
 mprj/_43500_/Q
 mprj/_43501_/Q
 mprj/_43502_/Q
 mprj/_43503_/Q
 mprj/_43504_/Q
 mprj/_43505_/Q
 mprj/_43506_/Q
 mprj/_43507_/Q
 mprj/_43508_/Q
 mprj/_43509_/Q
 mprj/_43510_/Q
 mprj/_43511_/Q
 mprj/_43512_/Q
 mprj/_43513_/Q
 mprj/_43514_/Q
 mprj/_43515_/Q
 mprj/_43516_/Q
 mprj/_43517_/Q
 mprj/_43518_/Q
 mprj/_43519_/Q
 mprj/_43520_/Q
 mprj/_43521_/Q
 mprj/_43522_/Q
 mprj/_43523_/Q
 mprj/_43524_/Q
 mprj/_43525_/Q
 mprj/_43526_/Q
 mprj/_43527_/Q
 mprj/_43528_/Q
 mprj/_43529_/Q
 mprj/_43530_/Q
 mprj/_43531_/Q
 mprj/_43532_/Q
 mprj/_43533_/Q
 mprj/_43534_/Q
 mprj/_43535_/Q
 mprj/_43536_/Q
 mprj/_43537_/Q
 mprj/_43538_/Q
 mprj/_43539_/Q
 mprj/_43540_/Q
 mprj/_43541_/Q
 mprj/_43542_/Q
 mprj/_43543_/Q
 mprj/_43544_/Q
 mprj/_43545_/Q
 mprj/_43546_/Q
 mprj/_43547_/Q
 mprj/_43548_/Q
 mprj/_43549_/Q
 mprj/_43550_/Q
 mprj/_43551_/Q
 mprj/_43552_/Q
 mprj/_43553_/Q
 mprj/_43554_/Q
 mprj/_43555_/Q
 mprj/_43556_/Q
 mprj/_43557_/Q
 mprj/_43558_/Q
 mprj/_43559_/Q
 mprj/_43560_/Q
 mprj/_43561_/Q
 mprj/_43562_/Q
 mprj/_43563_/Q
 mprj/_43564_/Q
 mprj/_43565_/Q
 mprj/_43566_/Q
 mprj/_43567_/Q
 mprj/_43568_/Q
 mprj/_43569_/Q
 mprj/_43570_/Q
 mprj/_43571_/Q
 mprj/_43572_/Q
 mprj/_43573_/Q
 mprj/_43574_/Q
 mprj/_43575_/Q
 mprj/_43576_/Q
 mprj/_43577_/Q
 mprj/_43578_/Q
 mprj/_43579_/Q
 mprj/_43579__2974/HI
 mprj/_43579__2974/LO
 mprj/_43580_/Q
 mprj/_43581_/Q
 mprj/_43582_/Q
 mprj/_43583_/Q
 mprj/_43584_/Q
 mprj/_43585_/Q
 mprj/_43586_/Q
 mprj/_43587_/Q
 mprj/_43588_/Q
 mprj/_43589_/Q
 mprj/_43590_/Q
 mprj/_43591_/Q
 mprj/_43592_/Q
 mprj/_43593_/Q
 mprj/_43594_/Q
 mprj/_43595_/Q
 mprj/_43596_/Q
 mprj/_43597_/Q
 mprj/_43598_/Q
 mprj/_43599_/Q
 mprj/_43600_/Q
 mprj/_43601_/Q
 mprj/_43602_/Q
 mprj/_43603_/Q
 mprj/_43604_/Q
 mprj/_43605_/Q
 mprj/_43606_/Q
 mprj/_43607_/Q
 mprj/_43608_/Q
 mprj/_43609_/Q
 mprj/_43610_/Q
 mprj/_43611_/Q
 mprj/_43612_/Q
 mprj/_43613_/Q
 mprj/_43614_/Q
 mprj/_43615_/Q
 mprj/_43616_/Q
 mprj/_43617_/Q
 mprj/_43618_/Q
 mprj/_43619_/Q
 mprj/_43620_/Q
 mprj/_43621_/Q
 mprj/_43622_/Q
 mprj/_43623_/Q
 mprj/_43624_/Q
 mprj/_43625_/Q
 mprj/_43626_/Q
 mprj/_43627_/Q
 mprj/_43628_/Q
 mprj/_43629_/Q
 mprj/_43630_/Q
 mprj/_43631_/Q
 mprj/_43632_/Q
 mprj/_43633_/Q
 mprj/_43634_/Q
 mprj/_43635_/Q
 mprj/_43636_/Q
 mprj/_43637_/Q
 mprj/_43638_/Q
 mprj/_43639_/Q
 mprj/_43640_/Q
 mprj/_43641_/Q
 mprj/_43642_/Q
 mprj/_43643_/Q
 mprj/_43644_/Q
 mprj/_43645_/Q
 mprj/_43646_/Q
 mprj/_43647_/Q
 mprj/_43648_/Q
 mprj/_43649_/Q
 mprj/_43650_/Q
 mprj/_43651_/Q
 mprj/_43652_/Q
 mprj/_43653_/Q
 mprj/_43654_/Q
 mprj/_43655_/Q
 mprj/_43656_/Q
 mprj/_43657_/Q
 mprj/_43658_/Q
 mprj/_43659_/Q
 mprj/_43660_/Q
 mprj/_43661_/Q
 mprj/_43662_/Q
 mprj/_43663_/Q
 mprj/_43664_/Q
 mprj/_43665_/Q
 mprj/_43666_/Q
 mprj/_43667_/Q
 mprj/_43668_/Q
 mprj/_43669_/Q
 mprj/_43670_/Q
 mprj/_43671_/Q
 mprj/_43672_/Q
 mprj/_43673_/Q
 mprj/_43674_/Q
 mprj/_43675_/Q
 mprj/_43676_/Q
 mprj/_43677_/Q
 mprj/_43678_/Q
 mprj/_43679_/Q
 mprj/_43680_/Q
 mprj/_43681_/Q
 mprj/_43682_/Q
 mprj/_43683_/Q
 mprj/_43684_/Q
 mprj/_43685_/Q
 mprj/_43686_/Q
 mprj/_43687_/Q
 mprj/_43688_/Q
 mprj/_43689_/Q
 mprj/_43690_/Q
 mprj/_43691_/Q
 mprj/_43692_/Q
 mprj/_43693_/Q
 mprj/_43694_/Q
 mprj/_43695_/Q
 mprj/_43696_/Q
 mprj/_43697_/Q
 mprj/_43698_/Q
 mprj/_43699_/Q
 mprj/_43700_/Q
 mprj/_43701_/Q
 mprj/_43702_/Q
 mprj/_43703_/Q
 mprj/_43704_/Q
 mprj/_43705_/Q
 mprj/_43706_/Q
 mprj/_43707_/Q
 mprj/_43708_/Q
 mprj/_43709_/Q
 mprj/_43710_/Q
 mprj/_43711_/Q
 mprj/_43712_/Q
 mprj/_43713_/Q
 mprj/_43714_/Q
 mprj/_43715_/Q
 mprj/_43716_/Q
 mprj/_43717_/Q
 mprj/_43718_/Q
 mprj/_43719_/Q
 mprj/_43720_/Q
 mprj/_43721_/Q
 mprj/_43722_/Q
 mprj/_43723_/Q
 mprj/_43724_/Q
 mprj/_43725_/Q
 mprj/_43726_/Q
 mprj/_43727_/Q
 mprj/_43728_/Q
 mprj/_43729_/Q
 mprj/_43730_/Q
 mprj/_43731_/Q
 mprj/_43732_/Q
 mprj/_43733_/Q
 mprj/_43734_/Q
 mprj/_43735_/Q
 mprj/_43736_/Q
 mprj/_43737_/Q
 mprj/_43738_/Q
 mprj/_43739_/Q
 mprj/_43740_/Q
 mprj/_43741_/Q
 mprj/_43742_/Q
 mprj/_43743_/Q
 mprj/_43744_/Q
 mprj/_43745_/Q
 mprj/_43746_/Q
 mprj/_43747_/Q
 mprj/_43748_/Q
 mprj/_43749_/Q
 mprj/_43750_/Q
 mprj/_43751_/Q
 mprj/_43752_/Q
 mprj/_43753_/Q
 mprj/_43754_/Q
 mprj/_43755_/Q
 mprj/_43756_/Q
 mprj/_43757_/Q
 mprj/_43758_/Q
 mprj/_43759_/Q
 mprj/_43760_/Q
 mprj/_43761_/Q
 mprj/_43762_/Q
 mprj/_43763_/Q
 mprj/_43764_/Q
 mprj/_43765_/Q
 mprj/_43766_/Q
 mprj/_43767_/Q
 mprj/_43768_/Q
 mprj/_43769_/Q
 mprj/_43770_/Q
 mprj/_43771_/Q
 mprj/_43772_/Q
 mprj/_43773_/Q
 mprj/_43774_/Q
 mprj/_43775_/Q
 mprj/_43776_/Q
 mprj/_43777_/Q
 mprj/_43778_/Q
 mprj/_43779_/Q
 mprj/_43780_/Q
 mprj/_43781_/Q
 mprj/_43782_/Q
 mprj/_43783_/Q
 mprj/_43784_/Q
 mprj/_43785_/Q
 mprj/_43786_/Q
 mprj/_43787_/Q
 mprj/_43788_/Q
 mprj/_43789_/Q
 mprj/_43790_/Q
 mprj/_43791_/Q
 mprj/_43792_/Q
 mprj/_43793_/Q
 mprj/_43794_/Q
 mprj/_43795_/Q
 mprj/_43796_/Q
 mprj/_43797_/Q
 mprj/_43798_/Q
 mprj/_43799_/Q
 mprj/_43800_/Q
 mprj/_43801_/Q
 mprj/_43802_/Q
 mprj/_43803_/Q
 mprj/_43804_/Q
 mprj/_43805_/Q
 mprj/_43806_/Q
 mprj/_43807_/Q
 mprj/_43808_/Q
 mprj/_43809_/Q
 mprj/_43810_/Q
 mprj/_43811_/Q
 mprj/_43812_/Q
 mprj/_43813_/Q
 mprj/_43814_/Q
 mprj/_43815_/Q
 mprj/_43816_/Q
 mprj/_43817_/Q
 mprj/_43818_/Q
 mprj/_43819_/Q
 mprj/_43820_/Q
 mprj/_43821_/Q
 mprj/_43822_/Q
 mprj/_43823_/Q
 mprj/_43824_/Q
 mprj/_43825_/Q
 mprj/_43826_/Q
 mprj/_43827_/Q
 mprj/_43828_/Q
 mprj/_43829_/Q
 mprj/_43830_/Q
 mprj/_43831_/Q
 mprj/_43832_/Q
 mprj/_43833_/Q
 mprj/_43834_/Q
 mprj/_43835_/Q
 mprj/_43836_/Q
 mprj/_43837_/Q
 mprj/_43838_/Q
 mprj/_43839_/Q
 mprj/_43840_/Q
 mprj/_43841_/Q
 mprj/_43842_/Q
 mprj/_43843_/Q
 mprj/_43844_/Q
 mprj/_43845_/Q
 mprj/_43846_/Q
 mprj/_43847_/Q
 mprj/_43848_/Q
 mprj/_43849_/Q
 mprj/_43850_/Q
 mprj/_43851_/Q
 mprj/_43852_/Q
 mprj/_43853_/Q
 mprj/_43854_/Q
 mprj/_43855_/Q
 mprj/_43856_/Q
 mprj/_43857_/Q
 mprj/_43858_/Q
 mprj/_43859_/Q
 mprj/_43860_/Q
 mprj/_43861_/Q
 mprj/_43862_/Q
 mprj/_43863_/Q
 mprj/_43864_/Q
 mprj/_43865_/Q
 mprj/_43866_/Q
 mprj/_43867_/Q
 mprj/_43868_/Q
 mprj/_43869_/Q
 mprj/_43870_/Q
 mprj/_43871_/Q
 mprj/_43872_/Q
 mprj/_43873_/Q
 mprj/_43874_/Q
 mprj/_43875_/Q
 mprj/_43876_/Q
 mprj/_43877_/Q
 mprj/_43878_/Q
 mprj/_43879_/Q
 mprj/_43880_/Q
 mprj/_43881_/Q
 mprj/_43882_/Q
 mprj/_43883_/Q
 mprj/_43884_/Q
 mprj/_43885_/Q
 mprj/_43886_/Q
 mprj/_43887_/Q
 mprj/_43888_/Q
 mprj/_43889_/Q
 mprj/_43890_/Q
 mprj/_43891_/Q
 mprj/_43892_/Q
 mprj/_43893_/Q
 mprj/_43894_/Q
 mprj/_43895_/Q
 mprj/_43896_/Q
 mprj/_43897_/Q
 mprj/_43898_/Q
 mprj/_43899_/Q
 mprj/_43900_/Q
 mprj/_43901_/Q
 mprj/_43902_/Q
 mprj/_43903_/Q
 mprj/_43904_/Q
 mprj/_43905_/Q
 mprj/_43906_/Q
 mprj/_43907_/Q
 mprj/_43908_/Q
 mprj/_43909_/Q
 mprj/_43910_/Q
 mprj/_43911_/Q
 mprj/_43912_/Q
 mprj/_43913_/Q
 mprj/_43914_/Q
 mprj/_43915_/Q
 mprj/_43916_/Q
 mprj/_43917_/Q
 mprj/_43918_/Q
 mprj/_43919_/Q
 mprj/_43920_/Q
 mprj/_43921_/Q
 mprj/_43922_/Q
 mprj/_43923_/Q
 mprj/_43924_/Q
 mprj/_43925_/Q
 mprj/_43926_/Q
 mprj/_43927_/Q
 mprj/_43928_/Q
 mprj/_43929_/Q
 mprj/_43930_/Q
 mprj/_43931_/Q
 mprj/_43932_/Q
 mprj/_43933_/Q
 mprj/_43934_/Q
 mprj/_43935_/Q
 mprj/_43936_/Q
 mprj/_43937_/Q
 mprj/_43938_/Q
 mprj/_43939_/Q
 mprj/_43940_/Q
 mprj/_43941_/Q
 mprj/_43942_/Q
 mprj/_43943_/Q
 mprj/_43944_/Q
 mprj/_43945_/Q
 mprj/_43946_/Q
 mprj/_43947_/Q
 mprj/_43948_/Q
 mprj/_43949_/Q
 mprj/_43950_/Q
 mprj/_43951_/Q
 mprj/_43952_/Q
 mprj/_43953_/Q
 mprj/_43954_/Q
 mprj/_43955_/Q
 mprj/_43956_/Q
 mprj/_43957_/Q
 mprj/_43958_/Q
 mprj/_43959_/Q
 mprj/_43960_/Q
 mprj/_43961_/Q
 mprj/_43962_/Q
 mprj/_43963_/Q
 mprj/_43964_/Q
 mprj/_43965_/Q
 mprj/_43966_/Q
 mprj/_43967_/Q
 mprj/_43968_/Q
 mprj/_43969_/Q
 mprj/_43970_/Q
 mprj/_43971_/Q
 mprj/_43972_/Q
 mprj/_43973_/Q
 mprj/_43974_/Q
 mprj/_43975_/Q
 mprj/_43976_/Q
 mprj/_43977_/Q
 mprj/_43978_/Q
 mprj/_43979_/Q
 mprj/_43980_/Q
 mprj/_43981_/Q
 mprj/_43982_/Q
 mprj/_43983_/Q
 mprj/_43984_/Q
 mprj/_43985_/Q
 mprj/_43986_/Q
 mprj/_43987_/Q
 mprj/_43988_/Q
 mprj/_43989_/Q
 mprj/_43990_/Q
 mprj/_43991_/Q
 mprj/_43992_/Q
 mprj/_43993_/Q
 mprj/_43994_/Q
 mprj/_43995_/Q
 mprj/_43996_/Q
 mprj/_43997_/Q
 mprj/_43998_/Q
 mprj/_43999_/Q
 mprj/_44000_/Q
 mprj/_44001_/Q
 mprj/_44002_/Q
 mprj/_44003_/Q
 mprj/_44004_/Q
 mprj/_44005_/Q
 mprj/_44006_/Q
 mprj/_44007_/Q
 mprj/_44008_/Q
 mprj/_44009_/Q
 mprj/_44010_/Q
 mprj/_44011_/Q
 mprj/_44012_/Q
 mprj/_44013_/Q
 mprj/_44014_/Q
 mprj/_44015_/Q
 mprj/_44016_/Q
 mprj/_44017_/Q
 mprj/_44018_/Q
 mprj/_44019_/Q
 mprj/_44020_/Q
 mprj/_44021_/Q
 mprj/_44022_/Q
 mprj/_44023_/Q
 mprj/_44024_/Q
 mprj/_44025_/Q
 mprj/_44026_/Q
 mprj/_44027_/Q
 mprj/_44028_/Q
 mprj/_44029_/Q
 mprj/_44030_/Q
 mprj/_44031_/Q
 mprj/_44032_/Q
 mprj/_44033_/Q
 mprj/_44034_/Q
 mprj/_44035_/Q
 mprj/_44036_/Q
 mprj/_44037_/Q
 mprj/_44038_/Q
 mprj/_44039_/Q
 mprj/_44040_/Q
 mprj/_44041_/Q
 mprj/_44042_/Q
 mprj/_44043_/Q
 mprj/_44044_/Q
 mprj/_44045_/Q
 mprj/_44046_/Q
 mprj/_44047_/Q
 mprj/_44048_/Q
 mprj/_44049_/Q
 mprj/_44050_/Q
 mprj/_44051_/Q
 mprj/_44052_/Q
 mprj/_44053_/Q
 mprj/_44054_/Q
 mprj/_44055_/Q
 mprj/_44056_/Q
 mprj/_44057_/Q
 mprj/_44058_/Q
 mprj/_44059_/Q
 mprj/_44060_/Q
 mprj/_44061_/Q
 mprj/_44062_/Q
 mprj/_44063_/Q
 mprj/_44064_/Q
 mprj/_44065_/Q
 mprj/_44066_/Q
 mprj/_44067_/Q
 mprj/_44068_/Q
 mprj/_44069_/Q
 mprj/_44070_/Q
 mprj/_44071_/Q
 mprj/_44072_/Q
 mprj/_44073_/Q
 mprj/_44074_/Q
 mprj/_44075_/Q
 mprj/_44076_/Q
 mprj/_44077_/Q
 mprj/_44078_/Q
 mprj/_44079_/Q
 mprj/_44080_/Q
 mprj/_44081_/Q
 mprj/_44082_/Q
 mprj/_44083_/Q
 mprj/_44084_/Q
 mprj/_44085_/Q
 mprj/_44086_/Q
 mprj/_44087_/Q
 mprj/_44088_/Q
 mprj/_44089_/Q
 mprj/_44090_/Q
 mprj/_44091_/Q
 mprj/_44092_/Q
 mprj/_44093_/Q
 mprj/_44094_/Q
 mprj/_44095_/Q
 mprj/_44096_/Q
 mprj/_44097_/Q
 mprj/_44098_/Q
 mprj/_44099_/Q
 mprj/_44100_/Q
 mprj/_44101_/Q
 mprj/_44102_/Q
 mprj/_44103_/Q
 mprj/_44104_/Q
 mprj/_44105_/Q
 mprj/_44106_/Q
 mprj/_44107_/Q
 mprj/_44108_/Q
 mprj/_44109_/Q
 mprj/_44110_/Q
 mprj/_44111_/Q
 mprj/_44112_/Q
 mprj/_44113_/Q
 mprj/_44114_/Q
 mprj/_44115_/Q
 mprj/_44116_/Q
 mprj/_44117_/Q
 mprj/_44118_/Q
 mprj/_44119_/Q
 mprj/_44120_/Q
 mprj/_44121_/Q
 mprj/_44122_/Q
 mprj/_44123_/Q
 mprj/_44124_/Q
 mprj/_44125_/Q
 mprj/_44126_/Q
 mprj/_44127_/Q
 mprj/_44128_/Q
 mprj/_44129_/Q
 mprj/_44130_/Q
 mprj/_44131_/Q
 mprj/_44132_/Q
 mprj/_44133_/Q
 mprj/_44134_/Q
 mprj/_44135_/Q
 mprj/_44136_/Q
 mprj/_44137_/Q
 mprj/_44138_/Q
 mprj/_44139_/Q
 mprj/_44140_/Q
 mprj/_44141_/Q
 mprj/_44142_/Q
 mprj/_44143_/Q
 mprj/_44144_/Q
 mprj/_44145_/Q
 mprj/_44146_/Q
 mprj/_44147_/Q
 mprj/_44148_/Q
 mprj/_44149_/Q
 mprj/_44150_/Q
 mprj/_44151_/Q
 mprj/_44152_/Q
 mprj/_44153_/Q
 mprj/_44154_/Q
 mprj/_44155_/Q
 mprj/_44156_/Q
 mprj/_44157_/Q
 mprj/_44158_/Q
 mprj/_44159_/Q
 mprj/_44160_/Q
 mprj/_44161_/Q
 mprj/_44162_/Q
 mprj/_44163_/Q
 mprj/_44164_/Q
 mprj/_44165_/Q
 mprj/_44166_/Q
 mprj/_44167_/Q
 mprj/_44168_/Q
 mprj/_44169_/Q
 mprj/_44170_/Q
 mprj/_44171_/Q
 mprj/_44172_/Q
 mprj/_44173_/Q
 mprj/_44174_/Q
 mprj/_44175_/Q
 mprj/_44176_/Q
 mprj/_44177_/Q
 mprj/_44178_/Q
 mprj/_44179_/Q
 mprj/_44180_/Q
 mprj/_44181_/Q
 mprj/_44182_/Q
 mprj/_44183_/Q
 mprj/_44184_/Q
 mprj/_44185_/Q
 mprj/_44186_/Q
 mprj/_44187_/Q
 mprj/_44188_/Q
 mprj/_44189_/Q
 mprj/_44190_/Q
 mprj/_44191_/Q
 mprj/_44192_/Q
 mprj/_44193_/Q
 mprj/_44194_/Q
 mprj/_44195_/Q
 mprj/_44196_/Q
 mprj/_44197_/Q
 mprj/_44198_/Q
 mprj/_44199_/Q
 mprj/_44200_/Q
 mprj/_44201_/Q
 mprj/_44202_/Q
 mprj/_44203_/Q
 mprj/_44204_/Q
 mprj/_44205_/Q
 mprj/_44206_/Q
 mprj/_44207_/Q
 mprj/_44208_/Q
 mprj/_44209_/Q
 mprj/_44210_/Q
 mprj/_44211_/Q
 mprj/_44212_/Q
 mprj/_44213_/Q
 mprj/_44214_/Q
 mprj/_44215_/Q
 mprj/_44216_/Q
 mprj/_44217_/Q
 mprj/_44218_/Q
 mprj/_44219_/Q
 mprj/_44220_/Q
 mprj/_44221_/Q
 mprj/_44222_/Q
 mprj/_44223_/Q
 mprj/_44224_/Q
 mprj/_44225_/Q
 mprj/_44226_/Q
 mprj/_44227_/Q
 mprj/_44228_/Q
 mprj/_44229_/Q
 mprj/_44230_/Q
 mprj/_44231_/Q
 mprj/_44232_/Q
 mprj/_44233_/Q
 mprj/_44234_/Q
 mprj/_44235_/Q
 mprj/_44236_/Q
 mprj/_44237_/Q
 mprj/_44238_/Q
 mprj/_44239_/Q
 mprj/_44240_/Q
 mprj/_44241_/Q
 mprj/_44242_/Q
 mprj/_44243_/Q
 mprj/_44244_/Q
 mprj/_44245_/Q
 mprj/_44246_/Q
 mprj/_44247_/Q
 mprj/_44248_/Q
 mprj/_44249_/Q
 mprj/_44250_/Q
 mprj/_44251_/Q
 mprj/_44252_/Q
 mprj/_44253_/Q
 mprj/_44254_/Q
 mprj/_44255_/Q
 mprj/_44256_/Q
 mprj/_44257_/Q
 mprj/_44258_/Q
 mprj/_44259_/Q
 mprj/_44260_/Q
 mprj/_44261_/Q
 mprj/_44262_/Q
 mprj/_44263_/Q
 mprj/_44264_/Q
 mprj/_44265_/Q
 mprj/_44266_/Q
 mprj/_44267_/Q
 mprj/_44268_/Q
 mprj/_44269_/Q
 mprj/_44270_/Q
 mprj/_44271_/Q
 mprj/_44272_/Q
 mprj/_44273_/Q
 mprj/_44274_/Q
 mprj/_44275_/Q
 mprj/_44276_/Q
 mprj/_44277_/Q
 mprj/_44278_/Q
 mprj/_44279_/Q
 mprj/_44280_/Q
 mprj/_44281_/Q
 mprj/_44282_/Q
 mprj/_44283_/Q
 mprj/_44284_/Q
 mprj/_44285_/Q
 mprj/_44286_/Q
 mprj/_44287_/Q
 mprj/_44288_/Q
 mprj/_44289_/Q
 mprj/_44290_/Q
 mprj/_44291_/Q
 mprj/_44292_/Q
 mprj/_44293_/Q
 mprj/_44294_/Q
 mprj/_44295_/Q
 mprj/_44296_/Q
 mprj/_44297_/Q
 mprj/_44298_/Q
 mprj/_44299_/Q
 mprj/_44300_/Q
 mprj/_44301_/Q
 mprj/_44302_/Q
 mprj/_44303_/Q
 mprj/_44304_/Q
 mprj/_44305_/Q
 mprj/_44306_/Q
 mprj/_44307_/Q
 mprj/_44308_/Q
 mprj/_44309_/Q
 mprj/_44310_/Q
 mprj/_44311_/Q
 mprj/_44312_/Q
 mprj/_44313_/Q
 mprj/_44314_/Q
 mprj/_44315_/Q
 mprj/_44316_/Q
 mprj/_44317_/Q
 mprj/_44318_/Q
 mprj/_44319_/Q
 mprj/_44320_/Q
 mprj/_44321_/Q
 mprj/_44322_/Q
 mprj/_44323_/Q
 mprj/_44324_/Q
 mprj/_44325_/Q
 mprj/_44326_/Q
 mprj/_44327_/Q
 mprj/_44328_/Q
 mprj/_44329_/Q
 mprj/_44330_/Q
 mprj/_44331_/Q
 mprj/_44332_/Q
 mprj/_44333_/Q
 mprj/_44334_/Q
 mprj/_44335_/Q
 mprj/_44336_/Q
 mprj/_44337_/Q
 mprj/_44338_/Q
 mprj/_44339_/Q
 mprj/_44340_/Q
 mprj/_44341_/Q
 mprj/_44342_/Q
 mprj/_44343_/Q
 mprj/_44344_/Q
 mprj/_44345_/Q
 mprj/_44346_/Q
 mprj/_44347_/Q
 mprj/_44348_/Q
 mprj/_44349_/Q
 mprj/_44350_/Q
 mprj/_44351_/Q
 mprj/_44352_/Q
 mprj/_44353_/Q
 mprj/_44354_/Q
 mprj/_44355_/Q
 mprj/_44356_/Q
 mprj/_44357_/Q
 mprj/_44358_/Q
 mprj/_44359_/Q
 mprj/_44360_/Q
 mprj/_44361_/Q
 mprj/_44362_/Q
 mprj/_44363_/Q
 mprj/_44364_/Q
 mprj/_44365_/Q
 mprj/_44366_/Q
 mprj/_44367_/Q
 mprj/_44368_/Q
 mprj/_44369_/Q
 mprj/_44370_/Q
 mprj/_44371_/Q
 mprj/_44372_/Q
 mprj/_44373_/Q
 mprj/_44374_/Q
 mprj/_44375_/Q
 mprj/_44376_/Q
 mprj/_44377_/Q
 mprj/_44378_/Q
 mprj/_44379_/Q
 mprj/_44380_/Q
 mprj/_44381_/Q
 mprj/_44382_/Q
 mprj/_44383_/Q
 mprj/_44384_/Q
 mprj/_44385_/Q
 mprj/_44386_/Q
 mprj/_44387_/Q
 mprj/_44388_/Q
 mprj/_44389_/Q
 mprj/_44390_/Q
 mprj/_44391_/Q
 mprj/_44392_/Q
 mprj/_44393_/Q
 mprj/_44394_/Q
 mprj/_44395_/Q
 mprj/_44396_/Q
 mprj/_44397_/Q
 mprj/_44398_/Q
 mprj/_44399_/Q
 mprj/_44400_/Q
 mprj/_44401_/Q
 mprj/_44402_/Q
 mprj/_44403_/Q
 mprj/_44404_/Q
 mprj/_44405_/Q
 mprj/_44406_/Q
 mprj/_44407_/Q
 mprj/_44408_/Q
 mprj/_44409_/Q
 mprj/_44410_/Q
 mprj/_44411_/Q
 mprj/_44412_/Q
 mprj/_44413_/Q
 mprj/_44414_/Q
 mprj/_44415_/Q
 mprj/_44416_/Q
 mprj/_44417_/Q
 mprj/_44418_/Q
 mprj/_44419_/Q
 mprj/_44420_/Q
 mprj/_44421_/Q
 mprj/_44422_/Q
 mprj/_44423_/Q
 mprj/_44424_/Q
 mprj/_44425_/Q
 mprj/_44426_/Q
 mprj/_44427_/Q
 mprj/_44428_/Q
 mprj/_44429_/Q
 mprj/_44430_/Q
 mprj/_44431_/Q
 mprj/_44432_/Q
 mprj/_44433_/Q
 mprj/_44434_/Q
 mprj/_44435_/Q
 mprj/_44436_/Q
 mprj/_44437_/Q
 mprj/_44438_/Q
 mprj/_44439_/Q
 mprj/_44440_/Q
 mprj/_44441_/Q
 mprj/_44442_/Q
 mprj/_44443_/Q
 mprj/_44444_/Q
 mprj/_44445_/Q
 mprj/_44446_/Q
 mprj/_44447_/Q
 mprj/_44448_/Q
 mprj/_44449_/Q
 mprj/_44450_/Q
 mprj/_44451_/Q
 mprj/_44452_/Q
 mprj/_44453_/Q
 mprj/_44454_/Q
 mprj/_44455_/Q
 mprj/_44456_/Q
 mprj/_44457_/Q
 mprj/_44458_/Q
 mprj/_44459_/Q
 mprj/_44460_/Q
 mprj/_44461_/Q
 mprj/_44462_/Q
 mprj/_44463_/Q
 mprj/_44464_/Q
 mprj/_44465_/Q
 mprj/_44466_/Q
 mprj/_44467_/Q
 mprj/_44468_/Q
 mprj/_44469_/Q
 mprj/_44470_/Q
 mprj/_44471_/Q
 mprj/_44472_/Q
 mprj/_44473_/Q
 mprj/_44474_/Q
 mprj/_44475_/Q
 mprj/_44476_/Q
 mprj/_44477_/Q
 mprj/_44478_/Q
 mprj/_44479_/Q
 mprj/_44480_/Q
 mprj/_44481_/Q
 mprj/_44482_/Q
 mprj/_44483_/Q
 mprj/_44484_/Q
 mprj/_44485_/Q
 mprj/_44486_/Q
 mprj/_44487_/Q
 mprj/_44488_/Q
 mprj/_44489_/Q
 mprj/_44490_/Q
 mprj/_44491_/Q
 mprj/_44492_/Q
 mprj/_44493_/Q
 mprj/_44494_/Q
 mprj/_44495_/Q
 mprj/_44496_/Q
 mprj/_44497_/Q
 mprj/_44498_/Q
 mprj/_44499_/Q
 mprj/_44500_/Q
 mprj/_44501_/Q
 mprj/_44502_/Q
 mprj/_44503_/Q
 mprj/_44504_/Q
 mprj/_44505_/Q
 mprj/_44506_/Q
 mprj/_44507_/Q
 mprj/_44508_/Q
 mprj/_44509_/Q
 mprj/_44510_/Q
 mprj/_44511_/Q
 mprj/_44512_/Q
 mprj/_44513_/Q
 mprj/_44514_/Q
 mprj/_44515_/Q
 mprj/_44516_/Q
 mprj/_44517_/Q
 mprj/_44518_/Q
 mprj/_44519_/Q
 mprj/_44520_/Q
 mprj/_44521_/Q
 mprj/_44522_/Q
 mprj/_44523_/Q
 mprj/_44524_/Q
 mprj/_44525_/Q
 mprj/_44526_/Q
 mprj/_44527_/Q
 mprj/_44528_/Q
 mprj/_44529_/Q
 mprj/_44530_/Q
 mprj/_44531_/Q
 mprj/_44532_/Q
 mprj/_44533_/Q
 mprj/_44534_/Q
 mprj/_44535_/Q
 mprj/_44536_/Q
 mprj/_44537_/Q
 mprj/_44538_/Q
 mprj/_44539_/Q
 mprj/_44540_/Q
 mprj/_44541_/Q
 mprj/_44542_/Q
 mprj/_44543_/Q
 mprj/_44544_/Q
 mprj/_44545_/Q
 mprj/_44546_/Q
 mprj/_44547_/Q
 mprj/_44548_/Q
 mprj/_44549_/Q
 mprj/_44550_/Q
 mprj/_44551_/Q
 mprj/_44552_/Q
 mprj/_44553_/Q
 mprj/_44554_/Q
 mprj/_44555_/Q
 mprj/_44556_/Q
 mprj/_44557_/Q
 mprj/_44558_/Q
 mprj/_44559_/Q
 mprj/_44560_/Q
 mprj/_44561_/Q
 mprj/_44562_/Q
 mprj/_44563_/Q
 mprj/_44564_/Q
 mprj/_44565_/Q
 mprj/_44566_/Q
 mprj/_44567_/Q
 mprj/_44568_/Q
 mprj/_44569_/Q
 mprj/_44570_/Q
 mprj/_44571_/Q
 mprj/_44572_/Q
 mprj/_44573_/Q
 mprj/_44574_/Q
 mprj/_44575_/Q
 mprj/_44576_/Q
 mprj/_44577_/Q
 mprj/_44578_/Q
 mprj/_44579_/Q
 mprj/_44580_/Q
 mprj/_44581_/Q
 mprj/_44582_/Q
 mprj/_44583_/Q
 mprj/_44584_/Q
 mprj/_44585_/Q
 mprj/_44586_/Q
 mprj/_44587_/Q
 mprj/_44588_/Q
 mprj/_44589_/Q
 mprj/_44590_/Q
 mprj/_44591_/Q
 mprj/_44592_/Q
 mprj/_44593_/Q
 mprj/_44594_/Q
 mprj/_44595_/Q
 mprj/_44596_/Q
 mprj/_44597_/Q
 mprj/_44598_/Q
 mprj/_44599_/Q
 mprj/_44600_/Q
 mprj/_44601_/Q
 mprj/_44602_/Q
 mprj/_44603_/Q
 mprj/_44604_/Q
 mprj/_44605_/Q
 mprj/_44606_/Q
 mprj/_44607_/Q
 mprj/_44608_/Q
 mprj/_44609_/Q
 mprj/_44610_/Q
 mprj/_44611_/Q
 mprj/_44612_/Q
 mprj/_44613_/Q
 mprj/_44614_/Q
 mprj/_44615_/Q
 mprj/_44616_/Q
 mprj/_44617_/Q
 mprj/_44618_/Q
 mprj/_44619_/Q
 mprj/_44620_/Q
 mprj/_44621_/Q
 mprj/_44622_/Q
 mprj/_44623_/Q
 mprj/_44624_/Q
 mprj/_44625_/Q
 mprj/_44626_/Q
 mprj/_44627_/Q
 mprj/_44628_/Q
 mprj/_44629_/Q
 mprj/_44630_/Q
 mprj/_44631_/Q
 mprj/_44632_/Q
 mprj/_44633_/Q
 mprj/_44634_/Q
 mprj/_44635_/Q
 mprj/_44636_/Q
 mprj/_44637_/Q
 mprj/_44638_/Q
 mprj/_44639_/Q
 mprj/_44640_/Q
 mprj/_44641_/Q
 mprj/_44642_/Q
 mprj/_44643_/Q
 mprj/_44644_/Q
 mprj/_44645_/Q
 mprj/_44646_/Q
 mprj/_44647_/Q
 mprj/_44648_/Q
 mprj/_44649_/Q
 mprj/_44650_/Q
 mprj/_44651_/Q
 mprj/_44652_/Q
 mprj/_44653_/Q
 mprj/_44654_/Q
 mprj/_44655_/Q
 mprj/_44656_/Q
 mprj/_44657_/Q
 mprj/_44658_/Q
 mprj/_44659_/Q
 mprj/_44660_/Q
 mprj/_44661_/Q
 mprj/_44662_/Q
 mprj/_44663_/Q
 mprj/_44664_/Q
 mprj/_44665_/Q
 mprj/_44666_/Q
 mprj/_44667_/Q
 mprj/_44668_/Q
 mprj/_44669_/Q
 mprj/_44670_/Q
 mprj/_44671_/Q
 mprj/_44672_/Q
 mprj/_44673_/Q
 mprj/_44674_/Q
 mprj/_44675_/Q
 mprj/_44676_/Q
 mprj/_44677_/Q
 mprj/_44678_/Q
 mprj/_44679_/Q
 mprj/_44680_/Q
 mprj/_44681_/Q
 mprj/_44682_/Q
 mprj/_44683_/Q
 mprj/_44684_/Q
 mprj/_44685_/Q
 mprj/_44686_/Q
 mprj/_44687_/Q
 mprj/_44688_/Q
 mprj/_44689_/Q
 mprj/_44690_/Q
 mprj/_44691_/Q
 mprj/_44692_/Q
 mprj/_44693_/Q
 mprj/_44694_/Q
 mprj/_44695_/Q
 mprj/_44696_/Q
 mprj/_44697_/Q
 mprj/_44698_/Q
 mprj/_44699_/Q
 mprj/_44700_/Q
 mprj/_44701_/Q
 mprj/_44702_/Q
 mprj/_44703_/Q
 mprj/_44704_/Q
 mprj/_44705_/Q
 mprj/_44706_/Q
 mprj/_44707_/Q
 mprj/_44708_/Q
 mprj/_44709_/Q
 mprj/_44710_/Q
 mprj/_44711_/Q
 mprj/_44712_/Q
 mprj/_44713_/Q
 mprj/_44714_/Q
 mprj/_44715_/Q
 mprj/_44716_/Q
 mprj/_44717_/Q
 mprj/_44718_/Q
 mprj/_44719_/Q
 mprj/_44720_/Q
 mprj/_44721_/Q
 mprj/_44722_/Q
 mprj/_44723_/Q
 mprj/_44724_/Q
 mprj/_44725_/Q
 mprj/_44726_/Q
 mprj/_44727_/Q
 mprj/_44728_/Q
 mprj/_44729_/Q
 mprj/_44730_/Q
 mprj/_44731_/Q
 mprj/_44732_/Q
 mprj/_44733_/Q
 mprj/_44734_/Q
 mprj/_44735_/Q
 mprj/_44736_/Q
 mprj/_44737_/Q
 mprj/_44738_/Q
 mprj/_44739_/Q
 mprj/_44740_/Q
 mprj/_44741_/Q
 mprj/_44742_/Q
 mprj/_44743_/Q
 mprj/_44744_/Q
 mprj/_44745_/Q
 mprj/_44746_/Q
 mprj/_44747_/Q
 mprj/_44748_/Q
 mprj/_44749_/Q
 mprj/_44750_/Q
 mprj/_44751_/Q
 mprj/_44752_/Q
 mprj/_44753_/Q
 mprj/_44754_/Q
 mprj/_44755_/Q
 mprj/_44756_/Q
 mprj/_44757_/Q
 mprj/_44758_/Q
 mprj/_44759_/Q
 mprj/_44760_/Q
 mprj/_44761_/Q
 mprj/_44762_/Q
 mprj/_44763_/Q
 mprj/_44764_/Q
 mprj/_44765_/Q
 mprj/_44766_/Q
 mprj/_44767_/Q
 mprj/_44768_/Q
 mprj/_44769_/Q
 mprj/_44770_/Q
 mprj/_44771_/Q
 mprj/_44772_/Q
 mprj/_44773_/Q
 mprj/_44774_/Q
 mprj/_44775_/Q
 mprj/_44776_/Q
 mprj/_44777_/Q
 mprj/_44778_/Q
 mprj/_44779_/Q
 mprj/_44780_/Q
 mprj/_44781_/Q
 mprj/_44782_/Q
 mprj/_44783_/Q
 mprj/_44784_/Q
 mprj/_44785_/Q
 mprj/_44786_/Q
 mprj/_44787_/Q
 mprj/_44788_/Q
 mprj/_44789_/Q
 mprj/_44790_/Q
 mprj/_44791_/Q
 mprj/_44792_/Q
 mprj/_44793_/Q
 mprj/_44794_/Q
 mprj/_44795_/Q
 mprj/_44796_/Q
 mprj/_44797_/Q
 mprj/_44798_/Q
 mprj/_44799_/Q
 mprj/_44800_/Q
 mprj/_44801_/Q
 mprj/_44802_/Q
 mprj/_44803_/Q
 mprj/_44804_/Q
 mprj/_44805_/Q
 mprj/_44806_/Q
 mprj/_44807_/Q
 mprj/_44808_/Q
 mprj/_44809_/Q
 mprj/_44810_/Q
 mprj/_44811_/Q
 mprj/_44812_/Q
 mprj/_44813_/Q
 mprj/_44814_/Q
 mprj/_44815_/Q
 mprj/_44816_/Q
 mprj/_44817_/Q
 mprj/_44818_/Q
 mprj/_44819_/Q
 mprj/_44820_/Q
 mprj/_44821_/Q
 mprj/_44822_/Q
 mprj/_44823_/Q
 mprj/_44824_/Q
 mprj/_44825_/Q
 mprj/_44826_/Q
 mprj/_44827_/Q
 mprj/_44828_/Q
 mprj/_44829_/Q
 mprj/_44830_/Q
 mprj/_44831_/Q
 mprj/_44832_/Q
 mprj/_44833_/Q
 mprj/_44834_/Q
 mprj/_44835_/Q
 mprj/_44836_/Q
 mprj/_44837_/Q
 mprj/_44838_/Q
 mprj/_44839_/Q
 mprj/_44840_/Q
 mprj/_44841_/Q
 mprj/_44842_/Q
 mprj/_44843_/Q
 mprj/_44844_/Q
 mprj/_44845_/Q
 mprj/_44846_/Q
 mprj/_44847_/Q
 mprj/_44848_/Q
 mprj/_44849_/Q
 mprj/_44850_/Q
 mprj/_44851_/Q
 mprj/_44852_/Q
 mprj/_44853_/Q
 mprj/_44854_/Q
 mprj/_44855_/Q
 mprj/_44856_/Q
 mprj/_44857_/Q
 mprj/_44858_/Q
 mprj/_44859_/Q
 mprj/_44860_/Q
 mprj/_44861_/Q
 mprj/_44862_/Q
 mprj/_44863_/Q
 mprj/_44864_/Q
 mprj/_44865_/Q
 mprj/_44866_/Q
 mprj/_44867_/Q
 mprj/_44868_/Q
 mprj/_44869_/Q
 mprj/_44870_/Q
 mprj/_44871_/Q
 mprj/_44872_/Q
 mprj/_44873_/Q
 mprj/_44874_/Q
 mprj/_44875_/Q
 mprj/_44876_/Q
 mprj/_44877_/Q
 mprj/_44878_/Q
 mprj/_44879_/Q
 mprj/_44880_/Q
 mprj/_44881_/Q
 mprj/_44882_/Q
 mprj/_44883_/Q
 mprj/_44884_/Q
 mprj/_44885_/Q
 mprj/_44886_/Q
 mprj/_44887_/Q
 mprj/_44888_/Q
 mprj/_44889_/Q
 mprj/_44890_/Q
 mprj/_44891_/Q
 mprj/_44892_/Q
 mprj/_44893_/Q
 mprj/_44894_/Q
 mprj/_44895_/Q
 mprj/_44896_/Q
 mprj/_44897_/Q
 mprj/_44898_/Q
 mprj/_44899_/Q
 mprj/_44900_/Q
 mprj/_44901_/Q
 mprj/_44902_/Q
 mprj/_44903_/Q
 mprj/_44904_/Q
 mprj/_44905_/Q
 mprj/_44906_/Q
 mprj/_44907_/Q
 mprj/_44908_/Q
 mprj/_44909_/Q
 mprj/_44910_/Q
 mprj/_44911_/Q
 mprj/_44912_/Q
 mprj/_44913_/Q
 mprj/_44914_/Q
 mprj/_44915_/Q
 mprj/_44916_/Q
 mprj/_44917_/Q
 mprj/_44918_/Q
 mprj/_44919_/Q
 mprj/_44920_/Q
 mprj/_44921_/Q
 mprj/_44922_/Q
 mprj/_44923_/Q
 mprj/_44924_/Q
 mprj/_44925_/Q
 mprj/_44926_/Q
 mprj/_44927_/Q
 mprj/_44928_/Q
 mprj/_44929_/Q
 mprj/_44930_/Q
 mprj/_44931_/Q
 mprj/_44932_/Q
 mprj/_44933_/Q
 mprj/_44934_/Q
 mprj/_44935_/Q
 mprj/_44936_/Q
 mprj/_44937_/Q
 mprj/_44938_/Q
 mprj/_44939_/Q
 mprj/_44940_/Q
 mprj/_44941_/Q
 mprj/_44942_/Q
 mprj/_44943_/Q
 mprj/_44944_/Q
 mprj/_44945_/Q
 mprj/_44946_/Q
 mprj/_44947_/Q
 mprj/_44948_/Q
 mprj/_44949_/Q
 mprj/_44950_/Q
 mprj/_44951_/Q
 mprj/_44952_/Q
 mprj/_44953_/Q
 mprj/_44954_/Q
 mprj/_44955_/Q
 mprj/_44956_/Q
 mprj/_44957_/Q
 mprj/_44958_/Q
 mprj/_44959_/Q
 mprj/_44960_/Q
 mprj/_44961_/Q
 mprj/_44962_/Q
 mprj/_44963_/Q
 mprj/_44964_/Q
 mprj/_44965_/Q
 mprj/_44966_/Q
 mprj/_44967_/Q
 mprj/_44968_/Q
 mprj/_44969_/Q
 mprj/_44970_/Q
 mprj/_44971_/Q
 mprj/_44972_/Q
 mprj/_44973_/Q
 mprj/_44974_/Q
 mprj/_44975_/Q
 mprj/_44976_/Q
 mprj/_44977_/Q
 mprj/_44978_/Q
 mprj/_44979_/Q
 mprj/_44980_/Q
 mprj/_44981_/Q
 mprj/_44982_/Q
 mprj/_44983_/Q
 mprj/_44984_/Q
 mprj/_44985_/Q
 mprj/_44986_/Q
 mprj/_44987_/Q
 mprj/_44988_/Q
 mprj/_44989_/Q
 mprj/_44990_/Q
 mprj/_44991_/Q
 mprj/_44992_/Q
 mprj/_44993_/Q
 mprj/_44994_/Q
 mprj/_44995_/Q
 mprj/_44996_/Q
 mprj/_44997_/Q
 mprj/_44998_/Q
 mprj/_44999_/Q
 mprj/_45000_/Q
 mprj/_45001_/Q
 mprj/_45002_/Q
 mprj/_45003_/Q
 mprj/_45004_/Q
 mprj/_45005_/Q
 mprj/_45006_/Q
 mprj/_45007_/Q
 mprj/_45008_/Q
 mprj/_45009_/Q
 mprj/_45010_/Q
 mprj/_45011_/Q
 mprj/_45012_/Q
 mprj/_45013_/Q
 mprj/_45014_/Q
 mprj/_45015_/Q
 mprj/_45016_/Q
 mprj/_45017_/Q
 mprj/_45018_/Q
 mprj/_45019_/Q
 mprj/_45020_/Q
 mprj/_45021_/Q
 mprj/_45022_/Q
 mprj/_45023_/Q
 mprj/_45024_/Q
 mprj/_45025_/Q
 mprj/_45026_/Q
 mprj/_45027_/Q
 mprj/_45028_/Q
 mprj/_45029_/Q
 mprj/_45030_/Q
 mprj/_45031_/Q
 mprj/_45032_/Q
 mprj/_45033_/Q
 mprj/_45034_/Q
 mprj/_45035_/Q
 mprj/_45036_/Q
 mprj/_45037_/Q
 mprj/_45038_/Q
 mprj/_45039_/Q
 mprj/_45040_/Q
 mprj/_45041_/Q
 mprj/_45042_/Q
 mprj/_45043_/Q
 mprj/_45044_/Q
 mprj/_45045_/Q
 mprj/_45046_/Q
 mprj/_45047_/Q
 mprj/_45048_/Q
 mprj/_45049_/Q
 mprj/_45050_/Q
 mprj/_45051_/Q
 mprj/_45052_/Q
 mprj/_45053_/Q
 mprj/_45054_/Q
 mprj/_45055_/Q
 mprj/_45056_/Q
 mprj/_45057_/Q
 mprj/_45058_/Q
 mprj/_45059_/Q
 mprj/_45060_/Q
 mprj/_45061_/Q
 mprj/_45062_/Q
 mprj/_45063_/Q
 mprj/_45064_/Q
 mprj/_45065_/Q
 mprj/_45066_/Q
 mprj/_45067_/Q
 mprj/_45068_/Q
 mprj/_45069_/Q
 mprj/_45070_/Q
 mprj/_45071_/Q
 mprj/_45072_/Q
 mprj/_45073_/Q
 mprj/_45074_/Q
 mprj/_45075_/Q
 mprj/_45076_/Q
 mprj/_45077_/Q
 mprj/_45078_/Q
 mprj/_45079_/Q
 mprj/_45080_/Q
 mprj/_45081_/Q
 mprj/_45082_/Q
 mprj/_45083_/Q
 mprj/_45084_/Q
 mprj/_45085_/Q
 mprj/_45086_/Q
 mprj/_45087_/Q
 mprj/_45088_/Q
 mprj/_45089_/Q
 mprj/_45090_/Q
 mprj/_45091_/Q
 mprj/_45092_/Q
 mprj/_45093_/Q
 mprj/_45094_/Q
 mprj/_45095_/Q
 mprj/_45096_/Q
 mprj/_45097_/Q
 mprj/_45098_/Q
 mprj/_45099_/Q
 mprj/_45100_/Q
 mprj/_45101_/Q
 mprj/_45102_/Q
 mprj/_45103_/Q
 mprj/_45104_/Q
 mprj/_45105_/Q
 mprj/_45106_/Q
 mprj/_45107_/Q
 mprj/_45108_/Q
 mprj/_45109_/Q
 mprj/_45110_/Q
 mprj/_45111_/Q
 mprj/_45112_/Q
 mprj/_45113_/Q
 mprj/_45114_/Q
 mprj/_45115_/Q
 mprj/_45116_/Q
 mprj/_45117_/Q
 mprj/_45118_/Q
 mprj/_45119_/Q
 mprj/_45120_/Q
 mprj/_45121_/Q
 mprj/_45122_/Q
 mprj/_45123_/Q
 mprj/_45124_/Q
 mprj/_45125_/Q
 mprj/_45126_/Q
 mprj/_45127_/Q
 mprj/_45128_/Q
 mprj/_45129_/Q
 mprj/_45130_/Q
 mprj/_45131_/Q
 mprj/_45132_/Q
 mprj/_45133_/Q
 mprj/_45134_/Q
 mprj/_45135_/Q
 mprj/_45136_/Q
 mprj/_45137_/Q
 mprj/_45138_/Q
 mprj/_45139_/Q
 mprj/_45140_/Q
 mprj/_45141_/Q
 mprj/_45142_/Q
 mprj/_45143_/Q
 mprj/_45144_/Q
 mprj/_45145_/Q
 mprj/_45146_/Q
 mprj/_45147_/Q
 mprj/_45148_/Q
 mprj/_45149_/Q
 mprj/_45150_/Q
 mprj/_45151_/Q
 mprj/_45152_/Q
 mprj/_45153_/Q
 mprj/_45154_/Q
 mprj/_45155_/Q
 mprj/_45156_/Q
 mprj/_45157_/Q
 mprj/_45158_/Q
 mprj/_45159_/Q
 mprj/_45160_/Q
 mprj/_45161_/Q
 mprj/_45162_/Q
 mprj/_45163_/Q
 mprj/_45164_/Q
 mprj/_45165_/Q
 mprj/_45166_/Q
 mprj/_45167_/Q
 mprj/_45168_/Q
 mprj/_45169_/Q
 mprj/_45170_/Q
 mprj/_45171_/Q
 mprj/_45172_/Q
 mprj/_45173_/Q
 mprj/_45174_/Q
 mprj/_45175_/Q
 mprj/_45176_/Q
 mprj/_45177_/Q
 mprj/_45178_/Q
 mprj/_45179_/Q
 mprj/_45180_/Q
 mprj/_45181_/Q
 mprj/_45182_/Q
 mprj/_45183_/Q
 mprj/_45184_/Q
 mprj/_45185_/Q
 mprj/_45186_/Q
 mprj/_45187_/Q
 mprj/_45188_/Q
 mprj/_45189_/Q
 mprj/_45190_/Q
 mprj/_45191_/Q
 mprj/_45192_/Q
 mprj/_45193_/Q
 mprj/_45194_/Q
 mprj/_45195_/Q
 mprj/_45196_/Q
 mprj/_45197_/Q
 mprj/_45198_/Q
 mprj/_45199_/Q
 mprj/_45200_/Q
 mprj/_45201_/Q
 mprj/_45202_/Q
 mprj/_45203_/Q
 mprj/_45204_/Q
 mprj/_45205_/Q
 mprj/_45206_/Q
 mprj/_45207_/Q
 mprj/_45208_/Q
 mprj/_45209_/Q
 mprj/_45210_/Q
 mprj/_45211_/Q
 mprj/_45212_/Q
 mprj/_45213_/Q
 mprj/_45214_/Q
 mprj/_45215_/Q
 mprj/_45216_/Q
 mprj/_45217_/Q
 mprj/_45218_/Q
 mprj/_45219_/Q
 mprj/_45220_/Q
 mprj/_45221_/Q
 mprj/_45222_/Q
 mprj/_45223_/Q
 mprj/_45224_/Q
 mprj/_45225_/Q
 mprj/_45226_/Q
 mprj/_45227_/Q
 mprj/_45228_/Q
 mprj/_45229_/Q
 mprj/_45230_/Q
 mprj/_45231_/Q
 mprj/_45232_/Q
 mprj/_45233_/Q
 mprj/_45234_/Q
 mprj/_45235_/Q
 mprj/_45236_/Q
 mprj/_45237_/Q
 mprj/_45238_/Q
 mprj/_45239_/Q
 mprj/_45240_/Q
 mprj/_45241_/Q
 mprj/_45242_/Q
 mprj/_45243_/Q
 mprj/_45244_/Q
 mprj/_45245_/Q
 mprj/_45246_/Q
 mprj/_45247_/Q
 mprj/_45248_/Q
 mprj/_45249_/Q
 mprj/_45250_/Q
 mprj/_45251_/Q
 mprj/_45252_/Q
 mprj/_45253_/Q
 mprj/_45254_/Q
 mprj/_45255_/Q
 mprj/_45256_/Q
 mprj/_45257_/Q
 mprj/_45258_/Q
 mprj/_45259_/Q
 mprj/_45260_/Q
 mprj/_45261_/Q
 mprj/_45262_/Q
 mprj/_45263_/Q
 mprj/_45264_/Q
 mprj/_45265_/Q
 mprj/_45266_/Q
 mprj/_45267_/Q
 mprj/_45268_/Q
 mprj/_45269_/Q
 mprj/_45270_/Q
 mprj/_45271_/Q
 mprj/_45272_/Q
 mprj/_45273_/Q
 mprj/_45274_/Q
 mprj/_45275_/Q
 mprj/_45276_/Q
 mprj/_45277_/Q
 mprj/_45278_/Q
 mprj/_45279_/Q
 mprj/_45280_/Q
 mprj/_45281_/Q
 mprj/_45282_/Q
 mprj/_45283_/Q
 mprj/_45284_/Q
 mprj/_45285_/Q
 mprj/_45286_/Q
 mprj/_45287_/Q
 mprj/_45288_/Q
 mprj/_45289_/Q
 mprj/_45290_/Q
 mprj/_45291_/Q
 mprj/_45292_/Q
 mprj/_45293_/Q
 mprj/_45294_/Q
 mprj/_45295_/Q
 mprj/_45296_/Q
 mprj/_45297_/Q
 mprj/_45298_/Q
 mprj/_45299_/Q
 mprj/_45300_/Q
 mprj/_45301_/Q
 mprj/_45302_/Q
 mprj/_45303_/Q
 mprj/_45304_/Q
 mprj/_45305_/Q
 mprj/_45306_/Q
 mprj/_45307_/Q
 mprj/_45308_/Q
 mprj/_45309_/Q
 mprj/_45310_/Q
 mprj/_45311_/Q
 mprj/_45312_/Q
 mprj/_45313_/Q
 mprj/_45314_/Q
 mprj/_45315_/Q
 mprj/_45316_/Q
 mprj/_45317_/Q
 mprj/_45318_/Q
 mprj/_45319_/Q
 mprj/_45320_/Q
 mprj/_45321_/Q
 mprj/_45322_/Q
 mprj/_45323_/Q
 mprj/_45324_/Q
 mprj/_45325_/Q
 mprj/_45326_/Q
 mprj/_45327_/Q
 mprj/_45328_/Q
 mprj/_45329_/Q
 mprj/_45330_/Q
 mprj/_45331_/Q
 mprj/_45332_/Q
 mprj/_45333_/Q
 mprj/_45334_/Q
 mprj/_45335_/Q
 mprj/_45336_/Q
 mprj/_45337_/Q
 mprj/_45338_/Q
 mprj/_45339_/Q
 mprj/_45340_/Q
 mprj/_45341_/Q
 mprj/_45342_/Q
 mprj/_45343_/Q
 mprj/_45344_/Q
 mprj/_45345_/Q
 mprj/_45346_/Q
 mprj/_45347_/Q
 mprj/_45348_/Q
 mprj/_45349_/Q
 mprj/_45350_/Q
 mprj/_45351_/Q
 mprj/_45352_/Q
 mprj/_45353_/Q
 mprj/_45354_/Q
 mprj/_45355_/Q
 mprj/_45356_/Q
 mprj/_45357_/Q
 mprj/_45358_/Q
 mprj/_45359_/Q
 mprj/_45360_/Q
 mprj/_45361_/Q
 mprj/_45362_/Q
 mprj/_45363_/Q
 mprj/_45364_/Q
 mprj/_45365_/Q
 mprj/_45366_/Q
 mprj/_45367_/Q
 mprj/_45368_/Q
 mprj/_45369_/Q
 mprj/_45370_/Q
 mprj/_45371_/Q
 mprj/_45372_/Q
 mprj/_45373_/Q
 mprj/_45374_/Q
 mprj/_45375_/Q
 mprj/_45376_/Q
 mprj/_45377_/Q
 mprj/_45378_/Q
 mprj/_45379_/Q
 mprj/_45380_/Q
 mprj/_45381_/Q
 mprj/_45382_/Q
 mprj/_45383_/Q
 mprj/_45384_/Q
 mprj/_45385_/Q
 mprj/_45386_/Q
 mprj/_45387_/Q
 mprj/_45388_/Q
 mprj/_45389_/Q
 mprj/_45390_/Q
 mprj/_45391_/Q
 mprj/_45392_/Q
 mprj/_45393_/Q
 mprj/_45394_/Q
 mprj/_45395_/Q
 mprj/_45396_/Q
 mprj/_45397_/Q
 mprj/_45398_/Q
 mprj/_45399_/Q
 mprj/_45400_/Q
 mprj/_45401_/Q
 mprj/_45402_/Q
 mprj/_45403_/Q
 mprj/_45404_/Q
 mprj/_45405_/Q
 mprj/_45406_/Q
 mprj/_45407_/Q
 mprj/_45408_/Q
 mprj/_45409_/Q
 mprj/_45410_/Q
 mprj/_45411_/Q
 mprj/_45412_/Q
 mprj/_45413_/Q
 mprj/_45414_/Q
 mprj/_45415_/Q
 mprj/_45416_/Q
 mprj/_45417_/Q
 mprj/_45418_/Q
 mprj/_45419_/Q
 mprj/_45420_/Q
 mprj/_45421_/Q
 mprj/_45422_/Q
 mprj/_45423_/Q
 mprj/_45424_/Q
 mprj/_45425_/Q
 mprj/_45426_/Q
 mprj/_45427_/Q
 mprj/_45428_/Q
 mprj/_45429_/Q
 mprj/_45430_/Q
 mprj/_45431_/Q
 mprj/_45432_/Q
 mprj/_45433_/Q
 mprj/_45434_/Q
 mprj/_45435_/Q
 mprj/_45436_/Q
 mprj/_45437_/Q
 mprj/_45438_/Q
 mprj/_45439_/Q
 mprj/_45440_/Q
 mprj/_45441_/Q
 mprj/_45442_/Q
 mprj/_45443_/Q
 mprj/_45444_/Q
 mprj/_45445_/Q
 mprj/_45446_/Q
 mprj/_45447_/Q
 mprj/_45448_/Q
 mprj/_45449_/Q
 mprj/_45450_/Q
 mprj/_45451_/Q
 mprj/_45452_/Q
 mprj/_45453_/Q
 mprj/_45454_/Q
 mprj/_45455_/Q
 mprj/_45456_/Q
 mprj/_45457_/Q
 mprj/_45458_/Q
 mprj/_45459_/Q
 mprj/_45460_/Q
 mprj/_45461_/Q
 mprj/_45462_/Q
 mprj/_45463_/Q
 mprj/_45464_/Q
 mprj/_45465_/Q
 mprj/_45466_/Q
 mprj/_45467_/Q
 mprj/_45468_/Q
 mprj/_45469_/Q
 mprj/_45470_/Q
 mprj/_45471_/Q
 mprj/_45472_/Q
 mprj/_45473_/Q
 mprj/_45474_/Q
 mprj/_45475_/Q
 mprj/_45476_/Q
 mprj/_45477_/Q
 mprj/_45478_/Q
 mprj/_45479_/Q
 mprj/_45480_/Q
 mprj/_45481_/Q
 mprj/_45482_/Q
 mprj/_45483_/Q
 mprj/_45484_/Q
 mprj/_45485_/Q
 mprj/_45486_/Q
 mprj/_45487_/Q
 mprj/_45488_/Q
 mprj/_45489_/Q
 mprj/_45490_/Q
 mprj/_45491_/Q
 mprj/_45492_/Q
 mprj/_45493_/Q
 mprj/_45494_/Q
 mprj/_45495_/Q
 mprj/_45496_/Q
 mprj/_45497_/Q
 mprj/_45498_/Q
 mprj/_45499_/Q
 mprj/_45500_/Q
 mprj/_45501_/Q
 mprj/_45502_/Q
 mprj/_45503_/Q
 mprj/_45504_/Q
 mprj/_45505_/Q
 mprj/_45506_/Q
 mprj/_45507_/Q
 mprj/_45508_/Q
 mprj/_45509_/Q
 mprj/_45510_/Q
 mprj/_45511_/Q
 mprj/_45512_/Q
 mprj/_45513_/Q
 mprj/_45514_/Q
 mprj/_45515_/Q
 mprj/_45516_/Q
 mprj/_45517_/Q
 mprj/_45518_/Q
 mprj/_45519_/Q
 mprj/_45520_/Q
 mprj/_45521_/Q
 mprj/_45522_/Q
 mprj/_45523_/Q
 mprj/_45524_/Q
 mprj/_45525_/Q
 mprj/_45526_/Q
 mprj/_45527_/Q
 mprj/_45528_/Q
 mprj/_45529_/Q
 mprj/_45530_/Q
 mprj/_45531_/Q
 mprj/_45532_/Q
 mprj/_45533_/Q
 mprj/_45534_/Q
 mprj/_45535_/Q
 mprj/_45536_/Q
 mprj/_45537_/Q
 mprj/_45538_/Q
 mprj/_45539_/Q
 mprj/_45540_/Q
 mprj/_45541_/Q
 mprj/_45542_/Q
 mprj/_45543_/Q
 mprj/_45544_/Q
 mprj/_45545_/Q
 mprj/_45546_/Q
 mprj/_45547_/Q
 mprj/_45548_/Q
 mprj/_45549_/Q
 mprj/_45550_/Q
 mprj/_45551_/Q
 mprj/_45552_/Q
 mprj/_45553_/Q
 mprj/_45554_/Q
 mprj/_45555_/Q
 mprj/_45556_/Q
 mprj/_45557_/Q
 mprj/_45558_/Q
 mprj/_45559_/Q
 mprj/_45560_/Q
 mprj/_45561_/Q
 mprj/_45562_/Q
 mprj/_45563_/Q
 mprj/_45564_/Q
 mprj/_45565_/Q
 mprj/_45566_/Q
 mprj/_45567_/Q
 mprj/_45568_/Q
 mprj/_45569_/Q
 mprj/_45570_/Q
 mprj/_45571_/Q
 mprj/_45572_/Q
 mprj/_45573_/Q
 mprj/_45574_/Q
 mprj/_45575_/Q
 mprj/_45576_/Q
 mprj/_45577_/Q
 mprj/_45578_/Q
 mprj/_45579_/Q
 mprj/_45580_/Q
 mprj/_45581_/Q
 mprj/_45582_/Q
 mprj/_45583_/Q
 mprj/_45584_/Q
 mprj/_45585_/Q
 mprj/_45586_/Q
 mprj/_45587_/Q
 mprj/_45588_/Q
 mprj/_45589_/Q
 mprj/_45590_/Q
 mprj/_45591_/Q
 mprj/_45592_/Q
 mprj/_45593_/Q
 mprj/_45594_/Q
 mprj/_45595_/Q
 mprj/_45596_/Q
 mprj/_45597_/Q
 mprj/_45598_/Q
 mprj/_45599_/Q
 mprj/_45600_/Q
 mprj/_45601_/Q
 mprj/_45602_/Q
 mprj/_45603_/Q
 mprj/_45604_/Q
 mprj/_45605_/Q
 mprj/_45606_/Q
 mprj/_45607_/Q
 mprj/_45608_/Q
 mprj/_45609_/Q
 mprj/_45610_/Q
 mprj/_45611_/Q
 mprj/_45612_/Q
 mprj/_45613_/Q
 mprj/_45614_/Q
 mprj/_45615_/Q
 mprj/_45616_/Q
 mprj/_45617_/Q
 mprj/_45618_/Q
 mprj/_45619_/Q
 mprj/_45620_/Q
 mprj/_45621_/Q
 mprj/_45622_/Q
 mprj/_45623_/Q
 mprj/_45624_/Q
 mprj/_45625_/Q
 mprj/_45626_/Q
 mprj/_45627_/Q
 mprj/_45628_/Q
 mprj/_45629_/Q
 mprj/_45630_/Q
 mprj/_45631_/Q
 mprj/_45632_/Q
 mprj/_45633_/Q
 mprj/_45634_/Q
 mprj/_45635_/Q
 mprj/_45636_/Q
 mprj/_45637_/Q
 mprj/_45638_/Q
 mprj/_45639_/Q
 mprj/_45640_/Q
 mprj/_45641_/Q
 mprj/_45642_/Q
 mprj/_45643_/Q
 mprj/_45644_/Q
 mprj/_45645_/Q
 mprj/_45646_/Q
 mprj/_45647_/Q
 mprj/_45648_/Q
 mprj/_45649_/Q
 mprj/_45650_/Q
 mprj/_45651_/Q
 mprj/_45652_/Q
 mprj/_45653_/Q
 mprj/_45654_/Q
 mprj/_45655_/Q
 mprj/_45656_/Q
 mprj/_45657_/Q
 mprj/_45658_/Q
 mprj/_45659_/Q
 mprj/_45660_/Q
 mprj/_45661_/Q
 mprj/_45662_/Q
 mprj/_45663_/Q
 mprj/_45664_/Q
 mprj/_45665_/Q
 mprj/_45666_/Q
 mprj/_45667_/Q
 mprj/_45668_/Q
 mprj/_45669_/Q
 mprj/_45670_/Q
 mprj/_45671_/Q
 mprj/_45672_/Q
 mprj/_45673_/Q
 mprj/_45674_/Q
 mprj/_45675_/Q
 mprj/_45676_/Q
 mprj/_45677_/Q
 mprj/_45678_/Q
 mprj/_45679_/Q
 mprj/_45680_/Q
 mprj/_45681_/Q
 mprj/_45682_/Q
 mprj/_45683_/Q
 mprj/_45684_/Q
 mprj/_45685_/Q
 mprj/_45686_/Q
 mprj/_45687_/Q
 mprj/_45688_/Q
 mprj/_45689_/Q
 mprj/_45690_/Q
 mprj/_45691_/Q
 mprj/_45692_/Q
 mprj/_45693_/Q
 mprj/_45694_/Q
 mprj/_45695_/Q
 mprj/_45696_/Q
 mprj/_45697_/Q
 mprj/_45698_/Q
 mprj/_45699_/Q
 mprj/_45700_/Q
 mprj/_45701_/Q
 mprj/_45702_/Q
 mprj/_45703_/Q
 mprj/_45704_/Q
 mprj/_45705_/Q
 mprj/_45706_/Q
 mprj/_45707_/Q
 mprj/_45708_/Q
 mprj/_45709_/Q
 mprj/_45710_/Q
 mprj/_45711_/Q
 mprj/_45712_/Q
 mprj/_45713_/Q
 mprj/_45714_/Q
 mprj/_45715_/Q
 mprj/_45716_/Q
 mprj/_45717_/Q
 mprj/_45718_/Q
 mprj/_45719_/Q
 mprj/_45720_/Q
 mprj/_45721_/Q
 mprj/_45722_/Q
 mprj/_45723_/Q
 mprj/_45724_/Q
 mprj/_45725_/Q
 mprj/_45726_/Q
 mprj/_45727_/Q
 mprj/_45728_/Q
 mprj/_45729_/Q
 mprj/_45730_/Q
 mprj/_45731_/Q
 mprj/_45732_/Q
 mprj/_45733_/Q
 mprj/_45734_/Q
 mprj/_45735_/Q
 mprj/_45736_/Q
 mprj/_45737_/Q
 mprj/_45738_/Q
 mprj/_45739_/Q
 mprj/_45740_/Q
 mprj/_45741_/Q
 mprj/_45742_/Q
 mprj/_45743_/Q
 mprj/_45744_/Q
 mprj/_45745_/Q
 mprj/_45746_/Q
 mprj/_45747_/Q
 mprj/_45748_/Q
 mprj/_45749_/Q
 mprj/_45750_/Q
 mprj/_45751_/Q
 mprj/_45752_/Q
 mprj/_45753_/Q
 mprj/_45754_/Q
 mprj/_45755_/Q
 mprj/_45756_/Q
 mprj/_45757_/Q
 mprj/_45758_/Q
 mprj/_45759_/Q
 mprj/_45760_/Q
 mprj/_45761_/Q
 mprj/_45762_/Q
 mprj/_45763_/Q
 mprj/_45764_/Q
 mprj/_45765_/Q
 mprj/_45766_/Q
 mprj/_45767_/Q
 mprj/_45768_/Q
 mprj/_45769_/Q
 mprj/_45770_/Q
 mprj/_45771_/Q
 mprj/_45772_/Q
 mprj/_45773_/Q
 mprj/_45774_/Q
 mprj/_45775_/Q
 mprj/_45776_/Q
 mprj/_45777_/Q
 mprj/_45778_/Q
 mprj/_45779_/Q
 mprj/_45780_/Q
 mprj/_45781_/Q
 mprj/_45782_/Q
 mprj/_45783_/Q
 mprj/_45784_/Q
 mprj/_45785_/Q
 mprj/_45786_/Q
 mprj/_45787_/Q
 mprj/_45788_/Q
 mprj/_45789_/Q
 mprj/_45790_/Q
 mprj/_45791_/Q
 mprj/_45792_/Q
 mprj/_45793_/Q
 mprj/_45794_/Q
 mprj/_45795_/Q
 mprj/_45796_/Q
 mprj/_45797_/Q
 mprj/_45798_/Q
 mprj/_45799_/Q
 mprj/_45800_/Q
 mprj/_45801_/Q
 mprj/_45802_/Q
 mprj/_45803_/Q
 mprj/_45804_/Q
 mprj/_45805_/Q
 mprj/_45806_/Q
 mprj/_45807_/Q
 mprj/_45808_/Q
 mprj/_45809_/Q
 mprj/_45810_/Q
 mprj/_45811_/Q
 mprj/_45812_/Q
 mprj/_45813_/Q
 mprj/_45814_/Q
 mprj/_45815_/Q
 mprj/_45816_/Q
 mprj/_45817_/Q
 mprj/_45818_/Q
 mprj/_45819_/Q
 mprj/_45820_/Q
 mprj/_45821_/Q
 mprj/_45822_/Q
 mprj/_45823_/Q
 mprj/_45824_/Q
 mprj/_45825_/Q
 mprj/_45826_/Q
 mprj/_45827_/Q
 mprj/_45828_/Q
 mprj/_45829_/Q
 mprj/_45830_/Q
 mprj/_45831_/Q
 mprj/_45832_/Q
 mprj/_45833_/Q
 mprj/_45834_/Q
 mprj/_45835_/Q
 mprj/_45836_/Q
 mprj/_45837_/Q
 mprj/_45838_/Q
 mprj/_45839_/Q
 mprj/_45840_/Q
 mprj/_45841_/Q
 mprj/_45842_/Q
 mprj/_45843_/Q
 mprj/_45844_/Q
 mprj/_45845_/Q
 mprj/_45846_/Q
 mprj/_45847_/Q
 mprj/_45848_/Q
 mprj/_45849_/Q
 mprj/_45850_/Q
 mprj/_45851_/Q
 mprj/_45852_/Q
 mprj/_45853_/Q
 mprj/_45854_/Q
 mprj/_45855_/Q
 mprj/_45856_/Q
 mprj/_45857_/Q
 mprj/_45858_/Q
 mprj/_45859_/Q
 mprj/_45860_/Q
 mprj/_45861_/Q
 mprj/_45862_/Q
 mprj/_45863_/Q
 mprj/_45864_/Q
 mprj/_45865_/Q
 mprj/_45866_/Q
 mprj/_45867_/Q
 mprj/_45868_/Q
 mprj/_45869_/Q
 mprj/_45870_/Q
 mprj/_45871_/Q
 mprj/_45872_/Q
 mprj/_45873_/Q
 mprj/_45874_/Q
 mprj/_45875_/Q
 mprj/_45876_/Q
 mprj/_45877_/Q
 mprj/_45878_/Q
 mprj/_45879_/Q
 mprj/_45880_/Q
 mprj/_45881_/Q
 mprj/_45882_/Q
 mprj/_45883_/Q
 mprj/_45884_/Q
 mprj/_45885_/Q
 mprj/_45886_/Q
 mprj/_45887_/Q
 mprj/_45888_/Q
 mprj/_45889_/Q
 mprj/_45890_/Q
 mprj/_45891_/Q
 mprj/_45892_/Q
 mprj/_45893_/Q
 mprj/_45894_/Q
 mprj/_45895_/Q
 mprj/_45896_/Q
 mprj/_45897_/Q
 mprj/_45898_/Q
 mprj/_45899_/Q
 mprj/_45900_/Q
 mprj/_45901_/Q
 mprj/_45902_/Q
 mprj/_45903_/Q
 mprj/_45904_/Q
 mprj/_45905_/Q
 mprj/_45906_/Q
 mprj/_45907_/Q
 mprj/_45908_/Q
 mprj/_45909_/Q
 mprj/_45910_/Q
 mprj/_45911_/Q
 mprj/_45912_/Q
 mprj/_45913_/Q
 mprj/_45914_/Q
 mprj/_45915_/Q
 mprj/_45916_/Q
 mprj/_45917_/Q
 mprj/_45918_/Q
 mprj/_45919_/Q
 mprj/_45920_/Q
 mprj/_45921_/Q
 mprj/_45922_/Q
 mprj/_45923_/Q
 mprj/_45924_/Q
 mprj/_45925_/Q
 mprj/_45926_/Q
 mprj/_45927_/Q
 mprj/_45928_/Q
 mprj/_45929_/Q
 mprj/_45930_/Q
 mprj/_45931_/Q
 mprj/_45932_/Q
 mprj/_45933_/Q
 mprj/_45934_/Q
 mprj/_45935_/Q
 mprj/_45936_/Q
 mprj/_45937_/Q
 mprj/_45938_/Q
 mprj/_45939_/Q
 mprj/_45940_/Q
 mprj/_45941_/Q
 mprj/_45942_/Q
 mprj/_45943_/Q
 mprj/_45944_/Q
 mprj/_45945_/Q
 mprj/_45946_/Q
 mprj/_45947_/Q
 mprj/_45948_/Q
 mprj/_45949_/Q
 mprj/_45950_/Q
 mprj/_45951_/Q
 mprj/_45952_/Q
 mprj/_45953_/Q
 mprj/_45954_/Q
 mprj/_45955_/Q
 mprj/_45956_/Q
 mprj/_45957_/Q
 mprj/_45958_/Q
 mprj/_45959_/Q
 mprj/_45960_/Q
 mprj/_45961_/Q
 mprj/_45962_/Q
 mprj/_45963_/Q
 mprj/_45964_/Q
 mprj/_45965_/Q
 mprj/_45966_/Q
 mprj/_45967_/Q
 mprj/_45968_/Q
 mprj/_45969_/Q
 mprj/_45970_/Q
 mprj/_45971_/Q
 mprj/_45972_/Q
 mprj/_45973_/Q
 mprj/_45974_/Q
 mprj/_45975_/Q
 mprj/_45976_/Q
 mprj/_45977_/Q
 mprj/_45978_/Q
 mprj/_45979_/Q
 mprj/_45980_/Q
 mprj/_45981_/Q
 mprj/_45982_/Q
 mprj/_45983_/Q
 mprj/_45984_/Q
 mprj/_45985_/Q
 mprj/_45986_/Q
 mprj/_45987_/Q
 mprj/_45988_/Q
 mprj/_45989_/Q
 mprj/_45990_/Q
 mprj/_45991_/Q
 mprj/_45992_/Q
 mprj/_45993_/Q
 mprj/_45994_/Q
 mprj/_45995_/Q
 mprj/_45996_/Q
 mprj/_45997_/Q
 mprj/_45998_/Q
 mprj/_45999_/Q
 mprj/_46000_/Q
 mprj/_46001_/Q
 mprj/_46002_/Q
 mprj/_46003_/Q
 mprj/_46004_/Q
 mprj/_46005_/Q
 mprj/_46006_/Q
 mprj/_46007_/Q
 mprj/_46008_/Q
 mprj/_46009_/Q
 mprj/_46010_/Q
 mprj/_46011_/Q
 mprj/_46012_/Q
 mprj/_46013_/Q
 mprj/_46014_/Q
 mprj/_46015_/Q
 mprj/_46016_/Q
 mprj/_46017_/Q
 mprj/_46018_/Q
 mprj/_46019_/Q
 mprj/_46020_/Q
 mprj/_46021_/Q
 mprj/_46022_/Q
 mprj/_46023_/Q
 mprj/_46024_/Q
 mprj/_46025_/Q
 mprj/_46026_/Q
 mprj/_46027_/Q
 mprj/_46028_/Q
 mprj/_46029_/Q
 mprj/_46030_/Q
 mprj/_46031_/Q
 mprj/_46032_/Q
 mprj/_46033_/Q
 mprj/_46034_/Q
 mprj/_46035_/Q
 mprj/_46036_/Q
 mprj/_46037_/Q
 mprj/_46038_/Q
 mprj/_46039_/Q
 mprj/_46040_/Q
 mprj/_46041_/Q
 mprj/_46042_/Q
 mprj/_46043_/Q
 mprj/_46044_/Q
 mprj/_46045_/Q
 mprj/_46046_/Q
 mprj/_46047_/Q
 mprj/_46048_/Q
 mprj/_46049_/Q
 mprj/_46050_/Q
 mprj/_46051_/Q
 mprj/_46052_/Q
 mprj/_46053_/Q
 mprj/_46054_/Q
 mprj/_46055_/Q
 mprj/_46056_/Q
 mprj/_46057_/Q
 mprj/_46058_/Q
 mprj/_46059_/Q
 mprj/_46060_/Q
 mprj/_46061_/Q
 mprj/_46062_/Q
 mprj/_46063_/Q
 mprj/_46064_/Q
 mprj/_46065_/Q
 mprj/_46066_/Q
 mprj/_46067_/Q
 mprj/_46068_/Q
 mprj/_46069_/Q
 mprj/_46070_/Q
 mprj/_46071_/Q
 mprj/_46072_/Q
 mprj/_46073_/Q
 mprj/_46074_/Q
 mprj/_46075_/Q
 mprj/_46076_/Q
 mprj/_46077_/Q
 mprj/_46078_/Q
 mprj/_46079_/Q
 mprj/_46080_/Q
 mprj/_46081_/Q
 mprj/_46082_/Q
 mprj/_46083_/Q
 mprj/_46084_/Q
 mprj/_46085_/Q
 mprj/_46086_/Q
 mprj/_46087_/Q
 mprj/_46088_/Q
 mprj/_46089_/Q
 mprj/_46090_/Q
 mprj/_46091_/Q
 mprj/_46092_/Q
 mprj/_46093_/Q
 mprj/_46094_/Q
 mprj/_46095_/Q
 mprj/_46096_/Q
 mprj/_46097_/Q
 mprj/_46098_/Q
 mprj/_46099_/Q
 mprj/_46100_/Q
 mprj/_46101_/Q
 mprj/_46102_/Q
 mprj/_46103_/Q
 mprj/_46104_/Q
 mprj/_46105_/Q
 mprj/_46106_/Q
 mprj/_46107_/Q
 mprj/_46108_/Q
 mprj/_46109_/Q
 mprj/_46110_/Q
 mprj/_46111_/Q
 mprj/_46112_/Q
 mprj/_46113_/Q
 mprj/_46114_/Q
 mprj/_46115_/Q
 mprj/_46116_/Q
 mprj/_46117_/Q
 mprj/_46118_/Q
 mprj/_46119_/Q
 mprj/_46120_/Q
 mprj/_46121_/Q
 mprj/_46122_/Q
 mprj/_46123_/Q
 mprj/_46124_/Q
 mprj/_46125_/Q
 mprj/_46126_/Q
 mprj/_46127_/Q
 mprj/_46128_/Q
 mprj/_46129_/Q
 mprj/_46130_/Q
 mprj/_46131_/Q
 mprj/_46132_/Q
 mprj/_46133_/Q
 mprj/_46134_/Q
 mprj/_46135_/Q
 mprj/_46136_/Q
 mprj/_46137_/Q
 mprj/_46138_/Q
 mprj/_46139_/Q
 mprj/_46140_/Q
 mprj/_46141_/Q
 mprj/_46142_/Q
 mprj/_46143_/Q
 mprj/_46144_/Q
 mprj/_46145_/Q
 mprj/_46146_/Q
 mprj/_46147_/Q
 mprj/_46148_/Q
 mprj/_46149_/Q
 mprj/_46150_/Q
 mprj/_46151_/Q
 mprj/_46152_/Q
 mprj/_46153_/Q
 mprj/_46154_/Q
 mprj/_46155_/Q
 mprj/_46156_/Q
 mprj/_46157_/Q
 mprj/_46158_/Q
 mprj/_46159_/Q
 mprj/_46160_/Q
 mprj/_46161_/Q
 mprj/_46162_/Q
 mprj/_46163_/Q
 mprj/_46164_/Q
 mprj/_46165_/Q
 mprj/_46166_/Q
 mprj/_46167_/Q
 mprj/_46168_/Q
 mprj/_46169_/Q
 mprj/_46170_/Q
 mprj/_46171_/Q
 mprj/_46172_/Q
 mprj/_46173_/Q
 mprj/_46174_/Q
 mprj/_46175_/Q
 mprj/_46176_/Q
 mprj/_46177_/Q
 mprj/_46178_/Q
 mprj/_46179_/Q
 mprj/_46180_/Q
 mprj/_46181_/Q
 mprj/_46182_/Q
 mprj/_46183_/Q
 mprj/_46184_/Q
 mprj/_46185_/Q
 mprj/_46186_/Q
 mprj/_46187_/Q
 mprj/_46188_/Q
 mprj/_46189_/Q
 mprj/_46190_/Q
 mprj/_46191_/Q
 mprj/_46192_/Q
 mprj/_46193_/Q
 mprj/_46194_/Q
 mprj/_46195_/Q
 mprj/_46196_/Q
 mprj/_46197_/Q
 mprj/_46198_/Q
 mprj/_46199_/Q
 mprj/_46200_/Q
 mprj/_46201_/Q
 mprj/_46202_/Q
 mprj/_46203_/Q
 mprj/_46204_/Q
 mprj/_46205_/Q
 mprj/_46206_/Q
 mprj/_46207_/Q
 mprj/_46208_/Q
 mprj/_46209_/Q
 mprj/_46210_/Q
 mprj/_46211_/Q
 mprj/_46212_/Q
 mprj/_46213_/Q
 mprj/_46214_/Q
 mprj/_46215_/Q
 mprj/_46216_/Q
 mprj/_46217_/Q
 mprj/_46218_/Q
 mprj/_46219_/Q
 mprj/_46220_/Q
 mprj/_46221_/Q
 mprj/_46222_/Q
 mprj/_46223_/Q
 mprj/_46224_/Q
 mprj/_46225_/Q
 mprj/_46226_/Q
 mprj/_46227_/Q
 mprj/_46228_/Q
 mprj/_46229_/Q
 mprj/_46230_/Q
 mprj/_46231_/Q
 mprj/_46232_/Q
 mprj/_46233_/Q
 mprj/_46234_/Q
 mprj/_46235_/Q
 mprj/_46236_/Q
 mprj/_46237_/Q
 mprj/_46238_/Q
 mprj/_46239_/Q
 mprj/_46240_/Q
 mprj/_46241_/Q
 mprj/_46242_/Q
 mprj/_46243_/Q
 mprj/_46244_/Q
 mprj/_46245_/Q
 mprj/_46246_/Q
 mprj/_46247_/Q
 mprj/_46248_/Q
 mprj/_46249_/Q
 mprj/_46250_/Q
 mprj/_46251_/Q
 mprj/_46252_/Q
 mprj/_46253_/Q
 mprj/_46254_/Q
 mprj/_46255_/Q
 mprj/_46256_/Q
 mprj/_46257_/Q
 mprj/_46258_/Q
 mprj/_46259_/Q
 mprj/_46260_/Q
 mprj/_46261_/Q
 mprj/_46262_/Q
 mprj/_46263_/Q
 mprj/_46264_/Q
 mprj/_46265_/Q
 mprj/_46266_/Q
 mprj/_46267_/Q
 mprj/_46268_/Q
 mprj/_46269_/Q
 mprj/_46270_/Q
 mprj/_46271_/Q
 mprj/_46272_/Q
 mprj/_46273_/Q
 mprj/_46274_/Q
 mprj/_46275_/Q
 mprj/_46276_/Q
 mprj/_46277_/Q
 mprj/_46278_/Q
 mprj/_46279_/Q
 mprj/_46280_/Q
 mprj/_46281_/Q
 mprj/_46282_/Q
 mprj/_46283_/Q
 mprj/_46284_/Q
 mprj/_46285_/Q
 mprj/_46286_/Q
 mprj/_46287_/Q
 mprj/_46288_/Q
 mprj/_46289_/Q
 mprj/_46290_/Q
 mprj/_46291_/Q
 mprj/_46292_/Q
 mprj/_46293_/Q
 mprj/_46294_/Q
 mprj/_46295_/Q
 mprj/_46296_/Q
 mprj/_46297_/Q
 mprj/_46298_/Q
 mprj/_46299_/Q
 mprj/_46300_/Q
 mprj/_46301_/Q
 mprj/_46302_/Q
 mprj/_46303_/Q
 mprj/_46304_/Q
 mprj/_46305_/Q
 mprj/_46306_/Q
 mprj/_46307_/Q
 mprj/_46308_/Q
 mprj/_46309_/Q
 mprj/_46310_/Q
 mprj/_46311_/Q
 mprj/_46312_/Q
 mprj/_46313_/Q
 mprj/_46314_/Q
 mprj/_46315_/Q
 mprj/_46316_/Q
 mprj/_46317_/Q
 mprj/_46318_/Q
 mprj/_46319_/Q
 mprj/_46320_/Q
 mprj/_46321_/Q
 mprj/_46322_/Q
 mprj/_46323_/Q
 mprj/_46324_/Q
 mprj/_46325_/Q
 mprj/_46326_/Q
 mprj/_46327_/Q
 mprj/_46328_/Q
 mprj/_46329_/Q
 mprj/_46330_/Q
 mprj/_46331_/Q
 mprj/_46332_/Q
 mprj/_46333_/Q
 mprj/_46334_/Q
 mprj/_46335_/Q
 mprj/_46336_/Q
 mprj/_46337_/Q
 mprj/_46338_/Q
 mprj/_46339_/Q
 mprj/_46340_/Q
 mprj/_46341_/Q
 mprj/_46342_/Q
 mprj/_46343_/Q
 mprj/_46344_/Q
 mprj/_46345_/Q
 mprj/_46346_/Q
 mprj/_46439_/X
 mprj/_46440_/X
 mprj/_46441_/X
 mprj/clkbuf_0_clk_dsp/X
 mprj/clkbuf_2_0_0_clk_dsp/X
 mprj/clkbuf_2_1_0_clk_dsp/X
 mprj/clkbuf_2_2_0_clk_dsp/X
 mprj/clkbuf_2_3_0_clk_dsp/X
 mprj/clkbuf_4_0_0_clk_dsp/X
 mprj/clkbuf_4_10_0_clk_dsp/X
 mprj/clkbuf_4_11_0_clk_dsp/X
 mprj/clkbuf_4_12_0_clk_dsp/X
 mprj/clkbuf_4_13_0_clk_dsp/X
 mprj/clkbuf_4_14_0_clk_dsp/X
 mprj/clkbuf_4_15_0_clk_dsp/X
 mprj/clkbuf_4_1_0_clk_dsp/X
 mprj/clkbuf_4_2_0_clk_dsp/X
 mprj/clkbuf_4_3_0_clk_dsp/X
 mprj/clkbuf_4_4_0_clk_dsp/X
 mprj/clkbuf_4_5_0_clk_dsp/X
 mprj/clkbuf_4_6_0_clk_dsp/X
 mprj/clkbuf_4_7_0_clk_dsp/X
 mprj/clkbuf_4_8_0_clk_dsp/X
 mprj/clkbuf_4_9_0_clk_dsp/X
 mprj/clkbuf_5_0__f_clk_dsp/X
 mprj/clkbuf_5_10__f_clk_dsp/X
 mprj/clkbuf_5_11__f_clk_dsp/X
 mprj/clkbuf_5_12__f_clk_dsp/X
 mprj/clkbuf_5_13__f_clk_dsp/X
 mprj/clkbuf_5_14__f_clk_dsp/X
 mprj/clkbuf_5_15__f_clk_dsp/X
 mprj/clkbuf_5_16__f_clk_dsp/X
 mprj/clkbuf_5_17__f_clk_dsp/X
 mprj/clkbuf_5_18__f_clk_dsp/X
 mprj/clkbuf_5_19__f_clk_dsp/X
 mprj/clkbuf_5_1__f_clk_dsp/X
 mprj/clkbuf_5_20__f_clk_dsp/X
 mprj/clkbuf_5_21__f_clk_dsp/X
 mprj/clkbuf_5_22__f_clk_dsp/X
 mprj/clkbuf_5_23__f_clk_dsp/X
 mprj/clkbuf_5_24__f_clk_dsp/X
 mprj/clkbuf_5_25__f_clk_dsp/X
 mprj/clkbuf_5_26__f_clk_dsp/X
 mprj/clkbuf_5_27__f_clk_dsp/X
 mprj/clkbuf_5_28__f_clk_dsp/X
 mprj/clkbuf_5_29__f_clk_dsp/X
 mprj/clkbuf_5_2__f_clk_dsp/X
 mprj/clkbuf_5_30__f_clk_dsp/X
 mprj/clkbuf_5_31__f_clk_dsp/X
 mprj/clkbuf_5_3__f_clk_dsp/X
 mprj/clkbuf_5_4__f_clk_dsp/X
 mprj/clkbuf_5_5__f_clk_dsp/X
 mprj/clkbuf_5_6__f_clk_dsp/X
 mprj/clkbuf_5_7__f_clk_dsp/X
 mprj/clkbuf_5_8__f_clk_dsp/X
 mprj/clkbuf_5_9__f_clk_dsp/X
 mprj/clkbuf_leaf_0_clk_dsp/X
 mprj/clkbuf_leaf_100_clk_dsp/X
 mprj/clkbuf_leaf_101_clk_dsp/X
 mprj/clkbuf_leaf_102_clk_dsp/X
 mprj/clkbuf_leaf_103_clk_dsp/X
 mprj/clkbuf_leaf_104_clk_dsp/X
 mprj/clkbuf_leaf_106_clk_dsp/X
 mprj/clkbuf_leaf_107_clk_dsp/X
 mprj/clkbuf_leaf_108_clk_dsp/X
 mprj/clkbuf_leaf_109_clk_dsp/X
 mprj/clkbuf_leaf_10_clk_dsp/X
 mprj/clkbuf_leaf_110_clk_dsp/X
 mprj/clkbuf_leaf_111_clk_dsp/X
 mprj/clkbuf_leaf_112_clk_dsp/X
 mprj/clkbuf_leaf_113_clk_dsp/X
 mprj/clkbuf_leaf_114_clk_dsp/X
 mprj/clkbuf_leaf_115_clk_dsp/X
 mprj/clkbuf_leaf_116_clk_dsp/X
 mprj/clkbuf_leaf_117_clk_dsp/X
 mprj/clkbuf_leaf_118_clk_dsp/X
 mprj/clkbuf_leaf_119_clk_dsp/X
 mprj/clkbuf_leaf_11_clk_dsp/X
 mprj/clkbuf_leaf_120_clk_dsp/X
 mprj/clkbuf_leaf_121_clk_dsp/X
 mprj/clkbuf_leaf_122_clk_dsp/X
 mprj/clkbuf_leaf_123_clk_dsp/X
 mprj/clkbuf_leaf_124_clk_dsp/X
 mprj/clkbuf_leaf_125_clk_dsp/X
 mprj/clkbuf_leaf_126_clk_dsp/X
 mprj/clkbuf_leaf_127_clk_dsp/X
 mprj/clkbuf_leaf_128_clk_dsp/X
 mprj/clkbuf_leaf_129_clk_dsp/X
 mprj/clkbuf_leaf_12_clk_dsp/X
 mprj/clkbuf_leaf_130_clk_dsp/X
 mprj/clkbuf_leaf_131_clk_dsp/X
 mprj/clkbuf_leaf_132_clk_dsp/X
 mprj/clkbuf_leaf_134_clk_dsp/X
 mprj/clkbuf_leaf_135_clk_dsp/X
 mprj/clkbuf_leaf_136_clk_dsp/X
 mprj/clkbuf_leaf_137_clk_dsp/X
 mprj/clkbuf_leaf_138_clk_dsp/X
 mprj/clkbuf_leaf_139_clk_dsp/X
 mprj/clkbuf_leaf_13_clk_dsp/X
 mprj/clkbuf_leaf_140_clk_dsp/X
 mprj/clkbuf_leaf_141_clk_dsp/X
 mprj/clkbuf_leaf_143_clk_dsp/X
 mprj/clkbuf_leaf_144_clk_dsp/X
 mprj/clkbuf_leaf_145_clk_dsp/X
 mprj/clkbuf_leaf_146_clk_dsp/X
 mprj/clkbuf_leaf_147_clk_dsp/X
 mprj/clkbuf_leaf_149_clk_dsp/X
 mprj/clkbuf_leaf_14_clk_dsp/X
 mprj/clkbuf_leaf_150_clk_dsp/X
 mprj/clkbuf_leaf_151_clk_dsp/X
 mprj/clkbuf_leaf_152_clk_dsp/X
 mprj/clkbuf_leaf_153_clk_dsp/X
 mprj/clkbuf_leaf_154_clk_dsp/X
 mprj/clkbuf_leaf_155_clk_dsp/X
 mprj/clkbuf_leaf_156_clk_dsp/X
 mprj/clkbuf_leaf_157_clk_dsp/X
 mprj/clkbuf_leaf_158_clk_dsp/X
 mprj/clkbuf_leaf_159_clk_dsp/X
 mprj/clkbuf_leaf_15_clk_dsp/X
 mprj/clkbuf_leaf_160_clk_dsp/X
 mprj/clkbuf_leaf_161_clk_dsp/X
 mprj/clkbuf_leaf_162_clk_dsp/X
 mprj/clkbuf_leaf_163_clk_dsp/X
 mprj/clkbuf_leaf_164_clk_dsp/X
 mprj/clkbuf_leaf_165_clk_dsp/X
 mprj/clkbuf_leaf_166_clk_dsp/X
 mprj/clkbuf_leaf_167_clk_dsp/X
 mprj/clkbuf_leaf_168_clk_dsp/X
 mprj/clkbuf_leaf_169_clk_dsp/X
 mprj/clkbuf_leaf_16_clk_dsp/X
 mprj/clkbuf_leaf_170_clk_dsp/X
 mprj/clkbuf_leaf_171_clk_dsp/X
 mprj/clkbuf_leaf_172_clk_dsp/X
 mprj/clkbuf_leaf_173_clk_dsp/X
 mprj/clkbuf_leaf_174_clk_dsp/X
 mprj/clkbuf_leaf_175_clk_dsp/X
 mprj/clkbuf_leaf_176_clk_dsp/X
 mprj/clkbuf_leaf_177_clk_dsp/X
 mprj/clkbuf_leaf_178_clk_dsp/X
 mprj/clkbuf_leaf_179_clk_dsp/X
 mprj/clkbuf_leaf_17_clk_dsp/X
 mprj/clkbuf_leaf_180_clk_dsp/X
 mprj/clkbuf_leaf_181_clk_dsp/X
 mprj/clkbuf_leaf_182_clk_dsp/X
 mprj/clkbuf_leaf_183_clk_dsp/X
 mprj/clkbuf_leaf_184_clk_dsp/X
 mprj/clkbuf_leaf_185_clk_dsp/X
 mprj/clkbuf_leaf_186_clk_dsp/X
 mprj/clkbuf_leaf_187_clk_dsp/X
 mprj/clkbuf_leaf_188_clk_dsp/X
 mprj/clkbuf_leaf_189_clk_dsp/X
 mprj/clkbuf_leaf_18_clk_dsp/X
 mprj/clkbuf_leaf_190_clk_dsp/X
 mprj/clkbuf_leaf_191_clk_dsp/X
 mprj/clkbuf_leaf_193_clk_dsp/X
 mprj/clkbuf_leaf_194_clk_dsp/X
 mprj/clkbuf_leaf_195_clk_dsp/X
 mprj/clkbuf_leaf_196_clk_dsp/X
 mprj/clkbuf_leaf_197_clk_dsp/X
 mprj/clkbuf_leaf_198_clk_dsp/X
 mprj/clkbuf_leaf_199_clk_dsp/X
 mprj/clkbuf_leaf_19_clk_dsp/X
 mprj/clkbuf_leaf_1_clk_dsp/X
 mprj/clkbuf_leaf_200_clk_dsp/X
 mprj/clkbuf_leaf_201_clk_dsp/X
 mprj/clkbuf_leaf_202_clk_dsp/X
 mprj/clkbuf_leaf_203_clk_dsp/X
 mprj/clkbuf_leaf_204_clk_dsp/X
 mprj/clkbuf_leaf_205_clk_dsp/X
 mprj/clkbuf_leaf_206_clk_dsp/X
 mprj/clkbuf_leaf_207_clk_dsp/X
 mprj/clkbuf_leaf_208_clk_dsp/X
 mprj/clkbuf_leaf_209_clk_dsp/X
 mprj/clkbuf_leaf_20_clk_dsp/X
 mprj/clkbuf_leaf_210_clk_dsp/X
 mprj/clkbuf_leaf_211_clk_dsp/X
 mprj/clkbuf_leaf_212_clk_dsp/X
 mprj/clkbuf_leaf_213_clk_dsp/X
 mprj/clkbuf_leaf_214_clk_dsp/X
 mprj/clkbuf_leaf_215_clk_dsp/X
 mprj/clkbuf_leaf_216_clk_dsp/X
 mprj/clkbuf_leaf_217_clk_dsp/X
 mprj/clkbuf_leaf_218_clk_dsp/X
 mprj/clkbuf_leaf_219_clk_dsp/X
 mprj/clkbuf_leaf_21_clk_dsp/X
 mprj/clkbuf_leaf_220_clk_dsp/X
 mprj/clkbuf_leaf_221_clk_dsp/X
 mprj/clkbuf_leaf_222_clk_dsp/X
 mprj/clkbuf_leaf_223_clk_dsp/X
 mprj/clkbuf_leaf_224_clk_dsp/X
 mprj/clkbuf_leaf_225_clk_dsp/X
 mprj/clkbuf_leaf_226_clk_dsp/X
 mprj/clkbuf_leaf_227_clk_dsp/X
 mprj/clkbuf_leaf_228_clk_dsp/X
 mprj/clkbuf_leaf_229_clk_dsp/X
 mprj/clkbuf_leaf_22_clk_dsp/X
 mprj/clkbuf_leaf_230_clk_dsp/X
 mprj/clkbuf_leaf_231_clk_dsp/X
 mprj/clkbuf_leaf_232_clk_dsp/X
 mprj/clkbuf_leaf_233_clk_dsp/X
 mprj/clkbuf_leaf_234_clk_dsp/X
 mprj/clkbuf_leaf_235_clk_dsp/X
 mprj/clkbuf_leaf_236_clk_dsp/X
 mprj/clkbuf_leaf_237_clk_dsp/X
 mprj/clkbuf_leaf_238_clk_dsp/X
 mprj/clkbuf_leaf_239_clk_dsp/X
 mprj/clkbuf_leaf_23_clk_dsp/X
 mprj/clkbuf_leaf_240_clk_dsp/X
 mprj/clkbuf_leaf_241_clk_dsp/X
 mprj/clkbuf_leaf_242_clk_dsp/X
 mprj/clkbuf_leaf_243_clk_dsp/X
 mprj/clkbuf_leaf_244_clk_dsp/X
 mprj/clkbuf_leaf_245_clk_dsp/X
 mprj/clkbuf_leaf_246_clk_dsp/X
 mprj/clkbuf_leaf_247_clk_dsp/X
 mprj/clkbuf_leaf_248_clk_dsp/X
 mprj/clkbuf_leaf_249_clk_dsp/X
 mprj/clkbuf_leaf_24_clk_dsp/X
 mprj/clkbuf_leaf_250_clk_dsp/X
 mprj/clkbuf_leaf_251_clk_dsp/X
 mprj/clkbuf_leaf_253_clk_dsp/X
 mprj/clkbuf_leaf_254_clk_dsp/X
 mprj/clkbuf_leaf_255_clk_dsp/X
 mprj/clkbuf_leaf_25_clk_dsp/X
 mprj/clkbuf_leaf_26_clk_dsp/X
 mprj/clkbuf_leaf_27_clk_dsp/X
 mprj/clkbuf_leaf_28_clk_dsp/X
 mprj/clkbuf_leaf_29_clk_dsp/X
 mprj/clkbuf_leaf_2_clk_dsp/X
 mprj/clkbuf_leaf_30_clk_dsp/X
 mprj/clkbuf_leaf_31_clk_dsp/X
 mprj/clkbuf_leaf_32_clk_dsp/X
 mprj/clkbuf_leaf_33_clk_dsp/X
 mprj/clkbuf_leaf_34_clk_dsp/X
 mprj/clkbuf_leaf_35_clk_dsp/X
 mprj/clkbuf_leaf_36_clk_dsp/X
 mprj/clkbuf_leaf_37_clk_dsp/X
 mprj/clkbuf_leaf_38_clk_dsp/X
 mprj/clkbuf_leaf_39_clk_dsp/X
 mprj/clkbuf_leaf_3_clk_dsp/X
 mprj/clkbuf_leaf_40_clk_dsp/X
 mprj/clkbuf_leaf_41_clk_dsp/X
 mprj/clkbuf_leaf_42_clk_dsp/X
 mprj/clkbuf_leaf_43_clk_dsp/X
 mprj/clkbuf_leaf_44_clk_dsp/X
 mprj/clkbuf_leaf_45_clk_dsp/X
 mprj/clkbuf_leaf_46_clk_dsp/X
 mprj/clkbuf_leaf_47_clk_dsp/X
 mprj/clkbuf_leaf_48_clk_dsp/X
 mprj/clkbuf_leaf_49_clk_dsp/X
 mprj/clkbuf_leaf_4_clk_dsp/X
 mprj/clkbuf_leaf_50_clk_dsp/X
 mprj/clkbuf_leaf_51_clk_dsp/X
 mprj/clkbuf_leaf_52_clk_dsp/X
 mprj/clkbuf_leaf_53_clk_dsp/X
 mprj/clkbuf_leaf_54_clk_dsp/X
 mprj/clkbuf_leaf_55_clk_dsp/X
 mprj/clkbuf_leaf_56_clk_dsp/X
 mprj/clkbuf_leaf_57_clk_dsp/X
 mprj/clkbuf_leaf_58_clk_dsp/X
 mprj/clkbuf_leaf_59_clk_dsp/X
 mprj/clkbuf_leaf_5_clk_dsp/X
 mprj/clkbuf_leaf_60_clk_dsp/X
 mprj/clkbuf_leaf_61_clk_dsp/X
 mprj/clkbuf_leaf_62_clk_dsp/X
 mprj/clkbuf_leaf_63_clk_dsp/X
 mprj/clkbuf_leaf_64_clk_dsp/X
 mprj/clkbuf_leaf_65_clk_dsp/X
 mprj/clkbuf_leaf_66_clk_dsp/X
 mprj/clkbuf_leaf_67_clk_dsp/X
 mprj/clkbuf_leaf_68_clk_dsp/X
 mprj/clkbuf_leaf_69_clk_dsp/X
 mprj/clkbuf_leaf_6_clk_dsp/X
 mprj/clkbuf_leaf_70_clk_dsp/X
 mprj/clkbuf_leaf_71_clk_dsp/X
 mprj/clkbuf_leaf_72_clk_dsp/X
 mprj/clkbuf_leaf_73_clk_dsp/X
 mprj/clkbuf_leaf_74_clk_dsp/X
 mprj/clkbuf_leaf_75_clk_dsp/X
 mprj/clkbuf_leaf_76_clk_dsp/X
 mprj/clkbuf_leaf_77_clk_dsp/X
 mprj/clkbuf_leaf_78_clk_dsp/X
 mprj/clkbuf_leaf_79_clk_dsp/X
 mprj/clkbuf_leaf_7_clk_dsp/X
 mprj/clkbuf_leaf_80_clk_dsp/X
 mprj/clkbuf_leaf_81_clk_dsp/X
 mprj/clkbuf_leaf_82_clk_dsp/X
 mprj/clkbuf_leaf_83_clk_dsp/X
 mprj/clkbuf_leaf_84_clk_dsp/X
 mprj/clkbuf_leaf_85_clk_dsp/X
 mprj/clkbuf_leaf_86_clk_dsp/X
 mprj/clkbuf_leaf_87_clk_dsp/X
 mprj/clkbuf_leaf_8_clk_dsp/X
 mprj/clkbuf_leaf_90_clk_dsp/X
 mprj/clkbuf_leaf_91_clk_dsp/X
 mprj/clkbuf_leaf_92_clk_dsp/X
 mprj/clkbuf_leaf_93_clk_dsp/X
 mprj/clkbuf_leaf_94_clk_dsp/X
 mprj/clkbuf_leaf_95_clk_dsp/X
 mprj/clkbuf_leaf_96_clk_dsp/X
 mprj/clkbuf_leaf_97_clk_dsp/X
 mprj/clkbuf_leaf_98_clk_dsp/X
 mprj/clkbuf_leaf_99_clk_dsp/X
 mprj/clkbuf_leaf_9_clk_dsp/X
 mprj/clkload0/Y
 mprj/clkload1/Y
 mprj/clkload10/Y
 mprj/clkload100/Y
 mprj/clkload101/Y
 mprj/clkload102/Y
 mprj/clkload103/Y
 mprj/clkload104/X
 mprj/clkload105/Y
 mprj/clkload106/Y
 mprj/clkload107/Y
 mprj/clkload108/Y
 mprj/clkload109/X
 mprj/clkload11/Y
 mprj/clkload110/Y
 mprj/clkload111/Y
 mprj/clkload112/Y
 mprj/clkload113/Y
 mprj/clkload114/Y
 mprj/clkload115/Y
 mprj/clkload116/Y
 mprj/clkload117/Y
 mprj/clkload118/Y
 mprj/clkload119/Y
 mprj/clkload12/Y
 mprj/clkload120/Y
 mprj/clkload121/Y
 mprj/clkload122/Y
 mprj/clkload123/Y
 mprj/clkload124/Y
 mprj/clkload125/Y
 mprj/clkload126/Y
 mprj/clkload127/Y
 mprj/clkload128/Y
 mprj/clkload129/Y
 mprj/clkload13/Y
 mprj/clkload130/Y
 mprj/clkload131/Y
 mprj/clkload132/X
 mprj/clkload133/Y
 mprj/clkload134/Y
 mprj/clkload135/X
 mprj/clkload136/Y
 mprj/clkload137/Y
 mprj/clkload138/Y
 mprj/clkload139/Y
 mprj/clkload14/X
 mprj/clkload140/Y
 mprj/clkload141/Y
 mprj/clkload142/X
 mprj/clkload143/Y
 mprj/clkload144/Y
 mprj/clkload145/Y
 mprj/clkload146/Y
 mprj/clkload147/Y
 mprj/clkload148/Y
 mprj/clkload149/X
 mprj/clkload15/Y
 mprj/clkload150/Y
 mprj/clkload151/X
 mprj/clkload152/Y
 mprj/clkload153/X
 mprj/clkload154/Y
 mprj/clkload155/Y
 mprj/clkload156/Y
 mprj/clkload157/Y
 mprj/clkload158/Y
 mprj/clkload159/Y
 mprj/clkload16/Y
 mprj/clkload160/Y
 mprj/clkload161/Y
 mprj/clkload162/Y
 mprj/clkload163/Y
 mprj/clkload164/Y
 mprj/clkload165/Y
 mprj/clkload166/Y
 mprj/clkload167/X
 mprj/clkload168/Y
 mprj/clkload169/Y
 mprj/clkload17/Y
 mprj/clkload170/Y
 mprj/clkload171/Y
 mprj/clkload172/Y
 mprj/clkload173/Y
 mprj/clkload174/Y
 mprj/clkload175/Y
 mprj/clkload176/Y
 mprj/clkload177/Y
 mprj/clkload178/Y
 mprj/clkload179/Y
 mprj/clkload18/Y
 mprj/clkload180/Y
 mprj/clkload181/Y
 mprj/clkload182/Y
 mprj/clkload183/Y
 mprj/clkload184/Y
 mprj/clkload185/X
 mprj/clkload186/X
 mprj/clkload187/Y
 mprj/clkload188/Y
 mprj/clkload189/Y
 mprj/clkload19/Y
 mprj/clkload190/Y
 mprj/clkload191/X
 mprj/clkload192/X
 mprj/clkload193/Y
 mprj/clkload194/Y
 mprj/clkload195/Y
 mprj/clkload196/Y
 mprj/clkload197/Y
 mprj/clkload198/Y
 mprj/clkload199/Y
 mprj/clkload2/Y
 mprj/clkload20/Y
 mprj/clkload200/X
 mprj/clkload201/Y
 mprj/clkload202/Y
 mprj/clkload203/Y
 mprj/clkload204/Y
 mprj/clkload205/Y
 mprj/clkload206/Y
 mprj/clkload207/Y
 mprj/clkload208/Y
 mprj/clkload209/Y
 mprj/clkload21/Y
 mprj/clkload210/X
 mprj/clkload211/Y
 mprj/clkload212/Y
 mprj/clkload213/Y
 mprj/clkload214/Y
 mprj/clkload215/Y
 mprj/clkload216/Y
 mprj/clkload217/Y
 mprj/clkload218/X
 mprj/clkload219/Y
 mprj/clkload22/Y
 mprj/clkload220/Y
 mprj/clkload221/Y
 mprj/clkload222/X
 mprj/clkload223/Y
 mprj/clkload224/Y
 mprj/clkload225/X
 mprj/clkload226/Y
 mprj/clkload227/Y
 mprj/clkload228/X
 mprj/clkload229/Y
 mprj/clkload23/Y
 mprj/clkload230/X
 mprj/clkload24/Y
 mprj/clkload25/Y
 mprj/clkload26/Y
 mprj/clkload27/Y
 mprj/clkload28/X
 mprj/clkload29/X
 mprj/clkload3/Y
 mprj/clkload30/Y
 mprj/clkload31/Y
 mprj/clkload32/Y
 mprj/clkload33/Y
 mprj/clkload34/Y
 mprj/clkload35/Y
 mprj/clkload36/Y
 mprj/clkload37/Y
 mprj/clkload38/Y
 mprj/clkload39/Y
 mprj/clkload4/X
 mprj/clkload40/Y
 mprj/clkload41/Y
 mprj/clkload42/Y
 mprj/clkload43/Y
 mprj/clkload44/Y
 mprj/clkload45/Y
 mprj/clkload46/Y
 mprj/clkload47/Y
 mprj/clkload48/Y
 mprj/clkload49/Y
 mprj/clkload5/Y
 mprj/clkload50/Y
 mprj/clkload51/Y
 mprj/clkload52/Y
 mprj/clkload53/X
 mprj/clkload54/Y
 mprj/clkload55/Y
 mprj/clkload56/Y
 mprj/clkload57/X
 mprj/clkload58/Y
 mprj/clkload59/Y
 mprj/clkload6/Y
 mprj/clkload60/X
 mprj/clkload61/X
 mprj/clkload62/X
 mprj/clkload63/Y
 mprj/clkload64/Y
 mprj/clkload65/Y
 mprj/clkload66/Y
 mprj/clkload67/Y
 mprj/clkload68/Y
 mprj/clkload69/Y
 mprj/clkload7/Y
 mprj/clkload70/Y
 mprj/clkload71/Y
 mprj/clkload72/Y
 mprj/clkload73/Y
 mprj/clkload74/Y
 mprj/clkload75/Y
 mprj/clkload76/Y
 mprj/clkload77/Y
 mprj/clkload78/Y
 mprj/clkload79/Y
 mprj/clkload8/X
 mprj/clkload80/X
 mprj/clkload81/Y
 mprj/clkload82/Y
 mprj/clkload83/X
 mprj/clkload84/X
 mprj/clkload85/Y
 mprj/clkload86/X
 mprj/clkload87/Y
 mprj/clkload88/Y
 mprj/clkload89/Y
 mprj/clkload9/X
 mprj/clkload90/Y
 mprj/clkload91/Y
 mprj/clkload92/Y
 mprj/clkload93/Y
 mprj/clkload94/Y
 mprj/clkload95/Y
 mprj/clkload96/Y
 mprj/clkload97/Y
 mprj/clkload98/Y
 mprj/clkload99/Y
 mprj/clone11/X
 mprj/clone14/X
 mprj/clone18/X
 mprj/clone2/X
 mprj/clone24/X
 mprj/clone26/X
 mprj/clone3/X
 mprj/clone37/X
 mprj/clone4/X
 mprj/clone42/X
 mprj/clone50/X
 mprj/clone52/X
 mprj/clone53/X
 mprj/clone56/X
 mprj/clone59/X
 mprj/clone6/X
 mprj/clone60/X
 mprj/clone62/X
 mprj/clone67/X
 mprj/clone7/X
 mprj/clone70/X
 mprj/clone71/X
 mprj/clone75/X
 mprj/clone82/X
 mprj/clone84/X
 mprj/clone85/X
 mprj/clone87/X
 mprj/clone88/X
 mprj/clone91/X
 mprj/fanout100/X
 mprj/fanout1000/X
 mprj/fanout1001/X
 mprj/fanout1002/X
 mprj/fanout1003/X
 mprj/fanout1004/X
 mprj/fanout1005/X
 mprj/fanout1006/X
 mprj/fanout1007/X
 mprj/fanout1008/X
 mprj/fanout1009/X
 mprj/fanout101/X
 mprj/fanout1010/X
 mprj/fanout1011/X
 mprj/fanout1012/X
 mprj/fanout1013/X
 mprj/fanout1014/X
 mprj/fanout1015/X
 mprj/fanout1016/X
 mprj/fanout1017/X
 mprj/fanout1019/X
 mprj/fanout102/X
 mprj/fanout1020/X
 mprj/fanout1021/X
 mprj/fanout1022/X
 mprj/fanout1023/X
 mprj/fanout1024/X
 mprj/fanout1025/X
 mprj/fanout1026/X
 mprj/fanout1027/X
 mprj/fanout1028/X
 mprj/fanout1029/X
 mprj/fanout103/X
 mprj/fanout1030/X
 mprj/fanout1031/X
 mprj/fanout1032/X
 mprj/fanout1033/X
 mprj/fanout1034/X
 mprj/fanout1035/X
 mprj/fanout1036/X
 mprj/fanout1037/X
 mprj/fanout1038/X
 mprj/fanout1039/X
 mprj/fanout104/X
 mprj/fanout1040/X
 mprj/fanout1041/X
 mprj/fanout1042/X
 mprj/fanout1043/X
 mprj/fanout1044/X
 mprj/fanout1045/X
 mprj/fanout1046/X
 mprj/fanout1047/X
 mprj/fanout1048/X
 mprj/fanout1049/X
 mprj/fanout105/X
 mprj/fanout1050/X
 mprj/fanout1051/X
 mprj/fanout1052/X
 mprj/fanout1053/X
 mprj/fanout1054/X
 mprj/fanout1055/X
 mprj/fanout1056/X
 mprj/fanout1057/X
 mprj/fanout1058/X
 mprj/fanout1059/X
 mprj/fanout106/X
 mprj/fanout1060/X
 mprj/fanout1061/X
 mprj/fanout1062/X
 mprj/fanout1063/X
 mprj/fanout1064/X
 mprj/fanout1065/X
 mprj/fanout1066/X
 mprj/fanout1067/X
 mprj/fanout1068/X
 mprj/fanout1069/X
 mprj/fanout107/X
 mprj/fanout1070/X
 mprj/fanout1071/X
 mprj/fanout1072/X
 mprj/fanout1073/X
 mprj/fanout1074/X
 mprj/fanout1075/X
 mprj/fanout1076/X
 mprj/fanout1077/X
 mprj/fanout1078/X
 mprj/fanout1079/X
 mprj/fanout108/X
 mprj/fanout1080/X
 mprj/fanout1081/X
 mprj/fanout1082/X
 mprj/fanout1083/X
 mprj/fanout1084/X
 mprj/fanout1085/X
 mprj/fanout1086/X
 mprj/fanout1087/X
 mprj/fanout1088/X
 mprj/fanout1089/X
 mprj/fanout109/X
 mprj/fanout1090/X
 mprj/fanout1091/X
 mprj/fanout1092/X
 mprj/fanout1093/X
 mprj/fanout1094/X
 mprj/fanout1095/X
 mprj/fanout1096/X
 mprj/fanout1097/X
 mprj/fanout1098/X
 mprj/fanout1099/X
 mprj/fanout110/X
 mprj/fanout1100/X
 mprj/fanout1101/X
 mprj/fanout1102/X
 mprj/fanout1103/X
 mprj/fanout1104/X
 mprj/fanout1105/X
 mprj/fanout1106/X
 mprj/fanout1107/X
 mprj/fanout1108/X
 mprj/fanout1109/X
 mprj/fanout111/X
 mprj/fanout1110/X
 mprj/fanout1111/X
 mprj/fanout1112/X
 mprj/fanout1113/X
 mprj/fanout1114/X
 mprj/fanout1115/X
 mprj/fanout1116/X
 mprj/fanout1117/X
 mprj/fanout1118/X
 mprj/fanout1119/X
 mprj/fanout112/X
 mprj/fanout1120/X
 mprj/fanout1121/X
 mprj/fanout1122/X
 mprj/fanout1123/X
 mprj/fanout1124/X
 mprj/fanout1125/X
 mprj/fanout1126/X
 mprj/fanout1127/X
 mprj/fanout1128/X
 mprj/fanout1129/X
 mprj/fanout113/X
 mprj/fanout1130/X
 mprj/fanout1131/X
 mprj/fanout1132/X
 mprj/fanout1133/X
 mprj/fanout1134/X
 mprj/fanout1135/X
 mprj/fanout1136/X
 mprj/fanout1137/X
 mprj/fanout1138/X
 mprj/fanout1139/X
 mprj/fanout114/X
 mprj/fanout1140/X
 mprj/fanout1141/X
 mprj/fanout1142/X
 mprj/fanout1143/X
 mprj/fanout1144/X
 mprj/fanout1145/X
 mprj/fanout1146/X
 mprj/fanout1147/X
 mprj/fanout1148/X
 mprj/fanout1149/X
 mprj/fanout115/X
 mprj/fanout1150/X
 mprj/fanout1152/X
 mprj/fanout1153/X
 mprj/fanout1154/X
 mprj/fanout1155/X
 mprj/fanout1156/X
 mprj/fanout1157/X
 mprj/fanout1158/X
 mprj/fanout1159/X
 mprj/fanout116/X
 mprj/fanout1160/X
 mprj/fanout1161/X
 mprj/fanout1162/X
 mprj/fanout1164/X
 mprj/fanout1165/X
 mprj/fanout1166/X
 mprj/fanout1167/X
 mprj/fanout1168/X
 mprj/fanout1169/X
 mprj/fanout117/X
 mprj/fanout1170/X
 mprj/fanout1171/X
 mprj/fanout1172/X
 mprj/fanout1173/X
 mprj/fanout1174/X
 mprj/fanout1175/X
 mprj/fanout1177/X
 mprj/fanout1178/X
 mprj/fanout118/X
 mprj/fanout1180/X
 mprj/fanout1181/X
 mprj/fanout1182/X
 mprj/fanout1183/X
 mprj/fanout1184/X
 mprj/fanout1185/X
 mprj/fanout1186/X
 mprj/fanout1187/X
 mprj/fanout1188/X
 mprj/fanout1189/X
 mprj/fanout119/X
 mprj/fanout1190/X
 mprj/fanout1191/X
 mprj/fanout1192/X
 mprj/fanout1193/X
 mprj/fanout1194/X
 mprj/fanout1195/X
 mprj/fanout1196/X
 mprj/fanout1197/X
 mprj/fanout1198/X
 mprj/fanout1199/X
 mprj/fanout120/X
 mprj/fanout1200/X
 mprj/fanout1201/X
 mprj/fanout1202/X
 mprj/fanout1203/X
 mprj/fanout1204/X
 mprj/fanout1205/X
 mprj/fanout1206/X
 mprj/fanout1207/X
 mprj/fanout1208/X
 mprj/fanout1209/X
 mprj/fanout121/X
 mprj/fanout1210/X
 mprj/fanout1211/X
 mprj/fanout1212/X
 mprj/fanout1213/X
 mprj/fanout1214/X
 mprj/fanout1215/X
 mprj/fanout1216/X
 mprj/fanout1217/X
 mprj/fanout1218/X
 mprj/fanout1219/X
 mprj/fanout122/X
 mprj/fanout1220/X
 mprj/fanout1221/X
 mprj/fanout1222/X
 mprj/fanout1223/X
 mprj/fanout1224/X
 mprj/fanout1225/X
 mprj/fanout1227/X
 mprj/fanout1228/X
 mprj/fanout123/X
 mprj/fanout1230/X
 mprj/fanout1231/X
 mprj/fanout1232/X
 mprj/fanout1233/X
 mprj/fanout1234/X
 mprj/fanout1235/X
 mprj/fanout1236/X
 mprj/fanout1237/X
 mprj/fanout1238/X
 mprj/fanout1239/X
 mprj/fanout124/X
 mprj/fanout1240/X
 mprj/fanout1241/X
 mprj/fanout1242/X
 mprj/fanout1243/X
 mprj/fanout1244/X
 mprj/fanout1245/X
 mprj/fanout1248/X
 mprj/fanout1249/X
 mprj/fanout125/X
 mprj/fanout1250/X
 mprj/fanout1251/X
 mprj/fanout1252/X
 mprj/fanout1253/X
 mprj/fanout1254/X
 mprj/fanout1255/X
 mprj/fanout1256/X
 mprj/fanout1257/X
 mprj/fanout1258/X
 mprj/fanout1259/X
 mprj/fanout126/X
 mprj/fanout1260/X
 mprj/fanout1261/X
 mprj/fanout1262/X
 mprj/fanout1263/X
 mprj/fanout1264/X
 mprj/fanout1266/X
 mprj/fanout1267/X
 mprj/fanout1268/X
 mprj/fanout1269/X
 mprj/fanout127/X
 mprj/fanout1273/X
 mprj/fanout1274/X
 mprj/fanout1275/X
 mprj/fanout1276/X
 mprj/fanout1277/X
 mprj/fanout1279/X
 mprj/fanout128/X
 mprj/fanout1280/X
 mprj/fanout1281/X
 mprj/fanout1282/X
 mprj/fanout1283/X
 mprj/fanout1284/X
 mprj/fanout1285/X
 mprj/fanout1286/X
 mprj/fanout1287/X
 mprj/fanout1288/X
 mprj/fanout1289/X
 mprj/fanout129/X
 mprj/fanout1290/X
 mprj/fanout1291/X
 mprj/fanout1292/X
 mprj/fanout1293/X
 mprj/fanout1294/X
 mprj/fanout1295/X
 mprj/fanout1296/X
 mprj/fanout1297/X
 mprj/fanout1298/X
 mprj/fanout1299/X
 mprj/fanout130/X
 mprj/fanout1300/X
 mprj/fanout1301/X
 mprj/fanout1302/X
 mprj/fanout1303/X
 mprj/fanout1304/X
 mprj/fanout1305/X
 mprj/fanout1306/X
 mprj/fanout1307/X
 mprj/fanout1308/X
 mprj/fanout1309/X
 mprj/fanout131/X
 mprj/fanout1310/X
 mprj/fanout1311/X
 mprj/fanout1312/X
 mprj/fanout1313/X
 mprj/fanout1314/X
 mprj/fanout1315/X
 mprj/fanout1316/X
 mprj/fanout1317/X
 mprj/fanout1318/X
 mprj/fanout1319/X
 mprj/fanout132/X
 mprj/fanout1320/X
 mprj/fanout1321/X
 mprj/fanout1322/X
 mprj/fanout1323/X
 mprj/fanout1324/X
 mprj/fanout1325/X
 mprj/fanout1326/X
 mprj/fanout1327/X
 mprj/fanout1328/X
 mprj/fanout1329/X
 mprj/fanout133/X
 mprj/fanout1330/X
 mprj/fanout1331/X
 mprj/fanout1332/X
 mprj/fanout1333/X
 mprj/fanout1334/X
 mprj/fanout1335/X
 mprj/fanout1336/X
 mprj/fanout1337/X
 mprj/fanout1338/X
 mprj/fanout1339/X
 mprj/fanout1340/X
 mprj/fanout1341/X
 mprj/fanout1342/X
 mprj/fanout1343/X
 mprj/fanout1344/X
 mprj/fanout1345/X
 mprj/fanout1346/X
 mprj/fanout1347/X
 mprj/fanout1348/X
 mprj/fanout1349/X
 mprj/fanout135/X
 mprj/fanout1350/X
 mprj/fanout1351/X
 mprj/fanout1352/X
 mprj/fanout1353/X
 mprj/fanout1354/X
 mprj/fanout1355/X
 mprj/fanout1356/X
 mprj/fanout1357/X
 mprj/fanout1358/X
 mprj/fanout1359/X
 mprj/fanout136/X
 mprj/fanout1360/X
 mprj/fanout1361/X
 mprj/fanout1362/X
 mprj/fanout1363/X
 mprj/fanout1364/X
 mprj/fanout1365/X
 mprj/fanout1366/X
 mprj/fanout1367/X
 mprj/fanout1368/X
 mprj/fanout1369/X
 mprj/fanout137/X
 mprj/fanout1370/X
 mprj/fanout1371/X
 mprj/fanout1372/X
 mprj/fanout1373/X
 mprj/fanout1374/X
 mprj/fanout1375/X
 mprj/fanout1376/X
 mprj/fanout1377/X
 mprj/fanout1378/X
 mprj/fanout1379/X
 mprj/fanout138/X
 mprj/fanout1380/X
 mprj/fanout1381/X
 mprj/fanout1382/X
 mprj/fanout1383/X
 mprj/fanout1384/X
 mprj/fanout1385/X
 mprj/fanout1386/X
 mprj/fanout1387/X
 mprj/fanout1388/X
 mprj/fanout1389/X
 mprj/fanout139/X
 mprj/fanout1390/X
 mprj/fanout1391/X
 mprj/fanout1392/X
 mprj/fanout1393/X
 mprj/fanout1394/X
 mprj/fanout1395/X
 mprj/fanout140/X
 mprj/fanout1401/X
 mprj/fanout1402/X
 mprj/fanout1403/X
 mprj/fanout1404/X
 mprj/fanout1405/X
 mprj/fanout1407/X
 mprj/fanout141/X
 mprj/fanout1410/X
 mprj/fanout1411/X
 mprj/fanout1413/X
 mprj/fanout1414/X
 mprj/fanout1415/X
 mprj/fanout1416/X
 mprj/fanout1417/X
 mprj/fanout1418/X
 mprj/fanout1419/X
 mprj/fanout142/X
 mprj/fanout1420/X
 mprj/fanout1421/X
 mprj/fanout1422/X
 mprj/fanout1423/X
 mprj/fanout1424/X
 mprj/fanout1425/X
 mprj/fanout1426/X
 mprj/fanout1427/X
 mprj/fanout1428/X
 mprj/fanout1429/X
 mprj/fanout143/X
 mprj/fanout1430/X
 mprj/fanout1431/X
 mprj/fanout1432/X
 mprj/fanout1433/X
 mprj/fanout1434/X
 mprj/fanout1435/X
 mprj/fanout1436/X
 mprj/fanout1437/X
 mprj/fanout1438/X
 mprj/fanout1439/X
 mprj/fanout144/X
 mprj/fanout1440/X
 mprj/fanout1441/X
 mprj/fanout1442/X
 mprj/fanout1443/X
 mprj/fanout1444/X
 mprj/fanout1445/X
 mprj/fanout1446/X
 mprj/fanout1447/X
 mprj/fanout1448/X
 mprj/fanout1449/X
 mprj/fanout145/X
 mprj/fanout1450/X
 mprj/fanout1452/X
 mprj/fanout1453/X
 mprj/fanout1454/X
 mprj/fanout1455/X
 mprj/fanout1456/X
 mprj/fanout1457/X
 mprj/fanout1458/X
 mprj/fanout1459/X
 mprj/fanout146/X
 mprj/fanout1460/X
 mprj/fanout1461/X
 mprj/fanout1462/X
 mprj/fanout1463/X
 mprj/fanout1464/X
 mprj/fanout1465/X
 mprj/fanout1466/X
 mprj/fanout1467/X
 mprj/fanout1468/X
 mprj/fanout1469/X
 mprj/fanout147/X
 mprj/fanout1470/X
 mprj/fanout1471/X
 mprj/fanout1472/X
 mprj/fanout1473/X
 mprj/fanout1474/X
 mprj/fanout1475/X
 mprj/fanout1476/X
 mprj/fanout1477/X
 mprj/fanout1478/X
 mprj/fanout1479/X
 mprj/fanout148/X
 mprj/fanout1480/X
 mprj/fanout1481/X
 mprj/fanout1482/X
 mprj/fanout1483/X
 mprj/fanout1484/X
 mprj/fanout1485/X
 mprj/fanout1486/X
 mprj/fanout1487/X
 mprj/fanout1488/X
 mprj/fanout1489/X
 mprj/fanout149/X
 mprj/fanout1490/X
 mprj/fanout1491/X
 mprj/fanout1492/X
 mprj/fanout1493/X
 mprj/fanout1494/X
 mprj/fanout1495/X
 mprj/fanout1496/X
 mprj/fanout1497/X
 mprj/fanout1498/X
 mprj/fanout1499/X
 mprj/fanout150/X
 mprj/fanout1500/X
 mprj/fanout1501/X
 mprj/fanout1502/X
 mprj/fanout1503/X
 mprj/fanout1504/X
 mprj/fanout1505/X
 mprj/fanout1506/X
 mprj/fanout1508/X
 mprj/fanout1509/X
 mprj/fanout151/X
 mprj/fanout1510/X
 mprj/fanout1511/X
 mprj/fanout1512/X
 mprj/fanout1513/X
 mprj/fanout1514/X
 mprj/fanout1516/X
 mprj/fanout1517/X
 mprj/fanout1518/X
 mprj/fanout1519/X
 mprj/fanout152/X
 mprj/fanout1520/X
 mprj/fanout1521/X
 mprj/fanout1522/X
 mprj/fanout1523/X
 mprj/fanout1524/X
 mprj/fanout1525/X
 mprj/fanout1526/X
 mprj/fanout1529/X
 mprj/fanout153/X
 mprj/fanout1531/X
 mprj/fanout1532/X
 mprj/fanout1533/X
 mprj/fanout1534/X
 mprj/fanout1535/X
 mprj/fanout1536/X
 mprj/fanout1537/X
 mprj/fanout1538/X
 mprj/fanout1539/X
 mprj/fanout154/X
 mprj/fanout1540/X
 mprj/fanout1541/X
 mprj/fanout1542/X
 mprj/fanout1543/X
 mprj/fanout1544/X
 mprj/fanout1545/X
 mprj/fanout1546/X
 mprj/fanout1547/X
 mprj/fanout1548/X
 mprj/fanout1549/X
 mprj/fanout155/X
 mprj/fanout1550/X
 mprj/fanout1551/X
 mprj/fanout1552/X
 mprj/fanout1553/X
 mprj/fanout1554/X
 mprj/fanout1555/X
 mprj/fanout1556/X
 mprj/fanout1557/X
 mprj/fanout1558/X
 mprj/fanout1559/X
 mprj/fanout156/X
 mprj/fanout1560/X
 mprj/fanout1561/X
 mprj/fanout1562/X
 mprj/fanout1563/X
 mprj/fanout1564/X
 mprj/fanout1565/X
 mprj/fanout1566/X
 mprj/fanout1567/X
 mprj/fanout1568/X
 mprj/fanout1569/X
 mprj/fanout157/X
 mprj/fanout1570/X
 mprj/fanout1571/X
 mprj/fanout1572/X
 mprj/fanout1573/X
 mprj/fanout1574/X
 mprj/fanout1575/X
 mprj/fanout1576/X
 mprj/fanout1577/X
 mprj/fanout1578/X
 mprj/fanout1579/X
 mprj/fanout158/X
 mprj/fanout1580/X
 mprj/fanout1581/X
 mprj/fanout1582/X
 mprj/fanout1583/X
 mprj/fanout1584/X
 mprj/fanout1585/X
 mprj/fanout1586/X
 mprj/fanout1587/X
 mprj/fanout1588/X
 mprj/fanout1589/X
 mprj/fanout159/X
 mprj/fanout1590/X
 mprj/fanout1591/X
 mprj/fanout1592/X
 mprj/fanout1593/X
 mprj/fanout1594/X
 mprj/fanout1595/X
 mprj/fanout1596/X
 mprj/fanout1597/X
 mprj/fanout1598/X
 mprj/fanout1599/X
 mprj/fanout160/X
 mprj/fanout1600/X
 mprj/fanout1601/X
 mprj/fanout1602/X
 mprj/fanout1603/X
 mprj/fanout1604/X
 mprj/fanout1605/X
 mprj/fanout1606/X
 mprj/fanout1607/X
 mprj/fanout1608/X
 mprj/fanout1609/X
 mprj/fanout161/X
 mprj/fanout1610/X
 mprj/fanout1611/X
 mprj/fanout1612/X
 mprj/fanout1613/X
 mprj/fanout1614/X
 mprj/fanout1615/X
 mprj/fanout1616/X
 mprj/fanout1617/X
 mprj/fanout1618/X
 mprj/fanout1619/X
 mprj/fanout162/X
 mprj/fanout1620/X
 mprj/fanout1621/X
 mprj/fanout1622/X
 mprj/fanout1623/X
 mprj/fanout1624/X
 mprj/fanout1625/X
 mprj/fanout1626/X
 mprj/fanout1627/X
 mprj/fanout1628/X
 mprj/fanout1629/X
 mprj/fanout163/X
 mprj/fanout1630/X
 mprj/fanout1631/X
 mprj/fanout1632/X
 mprj/fanout1633/X
 mprj/fanout1634/X
 mprj/fanout1635/X
 mprj/fanout1636/X
 mprj/fanout1637/X
 mprj/fanout1638/X
 mprj/fanout1639/X
 mprj/fanout164/X
 mprj/fanout1640/X
 mprj/fanout1641/X
 mprj/fanout1642/X
 mprj/fanout1643/X
 mprj/fanout1644/X
 mprj/fanout1645/X
 mprj/fanout1646/X
 mprj/fanout1647/X
 mprj/fanout1648/X
 mprj/fanout1649/X
 mprj/fanout165/X
 mprj/fanout1650/X
 mprj/fanout1651/X
 mprj/fanout1652/X
 mprj/fanout1653/X
 mprj/fanout1654/X
 mprj/fanout1655/X
 mprj/fanout1656/X
 mprj/fanout1657/X
 mprj/fanout1658/X
 mprj/fanout1659/X
 mprj/fanout166/X
 mprj/fanout1660/X
 mprj/fanout1661/X
 mprj/fanout1662/X
 mprj/fanout1663/X
 mprj/fanout1664/X
 mprj/fanout1665/X
 mprj/fanout1666/X
 mprj/fanout1667/X
 mprj/fanout1668/X
 mprj/fanout1669/X
 mprj/fanout167/X
 mprj/fanout1670/X
 mprj/fanout1671/X
 mprj/fanout1672/X
 mprj/fanout1673/X
 mprj/fanout1674/X
 mprj/fanout1675/X
 mprj/fanout1676/X
 mprj/fanout1677/X
 mprj/fanout1678/X
 mprj/fanout1679/X
 mprj/fanout168/X
 mprj/fanout1680/X
 mprj/fanout1681/X
 mprj/fanout1682/X
 mprj/fanout1683/X
 mprj/fanout1684/X
 mprj/fanout1685/X
 mprj/fanout1686/X
 mprj/fanout1687/X
 mprj/fanout1688/X
 mprj/fanout1689/X
 mprj/fanout169/X
 mprj/fanout1690/X
 mprj/fanout1691/X
 mprj/fanout1692/X
 mprj/fanout1693/X
 mprj/fanout1694/X
 mprj/fanout1695/X
 mprj/fanout1696/X
 mprj/fanout1697/X
 mprj/fanout1698/X
 mprj/fanout1699/X
 mprj/fanout170/X
 mprj/fanout1700/X
 mprj/fanout1701/X
 mprj/fanout1702/X
 mprj/fanout1703/X
 mprj/fanout1704/X
 mprj/fanout1705/X
 mprj/fanout1706/X
 mprj/fanout1707/X
 mprj/fanout1708/X
 mprj/fanout1709/X
 mprj/fanout171/X
 mprj/fanout1710/X
 mprj/fanout1711/X
 mprj/fanout1712/X
 mprj/fanout1713/X
 mprj/fanout1714/X
 mprj/fanout1715/X
 mprj/fanout1716/X
 mprj/fanout1717/X
 mprj/fanout1718/X
 mprj/fanout1719/X
 mprj/fanout172/X
 mprj/fanout1720/X
 mprj/fanout1721/X
 mprj/fanout1722/X
 mprj/fanout1723/X
 mprj/fanout1724/X
 mprj/fanout1725/X
 mprj/fanout1726/X
 mprj/fanout1727/X
 mprj/fanout1728/X
 mprj/fanout1729/X
 mprj/fanout173/X
 mprj/fanout1730/X
 mprj/fanout1731/X
 mprj/fanout1732/X
 mprj/fanout1733/X
 mprj/fanout1734/X
 mprj/fanout1735/X
 mprj/fanout1736/X
 mprj/fanout1737/X
 mprj/fanout1738/X
 mprj/fanout1739/X
 mprj/fanout174/X
 mprj/fanout1740/X
 mprj/fanout1741/X
 mprj/fanout1742/X
 mprj/fanout1743/X
 mprj/fanout1744/X
 mprj/fanout1745/X
 mprj/fanout1746/X
 mprj/fanout1747/X
 mprj/fanout1748/X
 mprj/fanout1749/X
 mprj/fanout175/X
 mprj/fanout1750/X
 mprj/fanout1751/X
 mprj/fanout1752/X
 mprj/fanout1753/X
 mprj/fanout1754/X
 mprj/fanout1755/X
 mprj/fanout1756/X
 mprj/fanout1757/X
 mprj/fanout1758/X
 mprj/fanout1759/X
 mprj/fanout176/X
 mprj/fanout1760/X
 mprj/fanout1761/X
 mprj/fanout1762/X
 mprj/fanout1763/X
 mprj/fanout1764/X
 mprj/fanout1765/X
 mprj/fanout1766/X
 mprj/fanout1767/X
 mprj/fanout1768/X
 mprj/fanout1769/X
 mprj/fanout177/X
 mprj/fanout1770/X
 mprj/fanout1771/X
 mprj/fanout1772/X
 mprj/fanout1773/X
 mprj/fanout1774/X
 mprj/fanout1775/X
 mprj/fanout1776/X
 mprj/fanout1777/X
 mprj/fanout1778/X
 mprj/fanout1779/X
 mprj/fanout178/X
 mprj/fanout1780/X
 mprj/fanout1781/X
 mprj/fanout1782/X
 mprj/fanout1783/X
 mprj/fanout1784/X
 mprj/fanout1785/X
 mprj/fanout1786/X
 mprj/fanout1787/X
 mprj/fanout1788/X
 mprj/fanout1789/X
 mprj/fanout179/X
 mprj/fanout1790/X
 mprj/fanout1791/X
 mprj/fanout1792/X
 mprj/fanout1793/X
 mprj/fanout1794/X
 mprj/fanout1795/X
 mprj/fanout1796/X
 mprj/fanout1797/X
 mprj/fanout1798/X
 mprj/fanout1799/X
 mprj/fanout180/X
 mprj/fanout1800/X
 mprj/fanout1801/X
 mprj/fanout1802/X
 mprj/fanout1803/X
 mprj/fanout1804/X
 mprj/fanout1805/X
 mprj/fanout1806/X
 mprj/fanout1807/X
 mprj/fanout1808/X
 mprj/fanout1809/X
 mprj/fanout181/X
 mprj/fanout1810/X
 mprj/fanout1811/X
 mprj/fanout1812/X
 mprj/fanout1813/X
 mprj/fanout1814/X
 mprj/fanout1815/X
 mprj/fanout1816/X
 mprj/fanout1817/X
 mprj/fanout1818/X
 mprj/fanout1819/X
 mprj/fanout182/X
 mprj/fanout1820/X
 mprj/fanout1821/X
 mprj/fanout1822/X
 mprj/fanout1823/X
 mprj/fanout1824/X
 mprj/fanout1825/X
 mprj/fanout1826/X
 mprj/fanout1827/X
 mprj/fanout1828/X
 mprj/fanout1829/X
 mprj/fanout1830/X
 mprj/fanout1831/X
 mprj/fanout1832/X
 mprj/fanout1833/X
 mprj/fanout1834/X
 mprj/fanout1835/X
 mprj/fanout1836/X
 mprj/fanout1837/X
 mprj/fanout1838/X
 mprj/fanout1839/X
 mprj/fanout184/X
 mprj/fanout1840/X
 mprj/fanout1841/X
 mprj/fanout1842/X
 mprj/fanout1843/X
 mprj/fanout1844/X
 mprj/fanout1845/X
 mprj/fanout1846/X
 mprj/fanout1847/X
 mprj/fanout1848/X
 mprj/fanout1849/X
 mprj/fanout185/X
 mprj/fanout1850/X
 mprj/fanout1851/X
 mprj/fanout1852/X
 mprj/fanout1853/X
 mprj/fanout1854/X
 mprj/fanout1855/X
 mprj/fanout1856/X
 mprj/fanout1857/X
 mprj/fanout1858/X
 mprj/fanout1859/X
 mprj/fanout186/X
 mprj/fanout1860/X
 mprj/fanout1861/X
 mprj/fanout1862/X
 mprj/fanout1863/X
 mprj/fanout1864/X
 mprj/fanout1865/X
 mprj/fanout1866/X
 mprj/fanout1867/X
 mprj/fanout1868/X
 mprj/fanout1869/X
 mprj/fanout187/X
 mprj/fanout1870/X
 mprj/fanout1871/X
 mprj/fanout1872/X
 mprj/fanout1873/X
 mprj/fanout1874/X
 mprj/fanout1875/X
 mprj/fanout1876/X
 mprj/fanout1877/X
 mprj/fanout1878/X
 mprj/fanout1879/X
 mprj/fanout188/X
 mprj/fanout1880/X
 mprj/fanout1881/X
 mprj/fanout1882/X
 mprj/fanout1883/X
 mprj/fanout1884/X
 mprj/fanout1885/X
 mprj/fanout1886/X
 mprj/fanout1887/X
 mprj/fanout1888/X
 mprj/fanout1889/X
 mprj/fanout189/X
 mprj/fanout1890/X
 mprj/fanout1891/X
 mprj/fanout1892/X
 mprj/fanout1893/X
 mprj/fanout1894/X
 mprj/fanout1895/X
 mprj/fanout1896/X
 mprj/fanout1897/X
 mprj/fanout1898/X
 mprj/fanout1899/X
 mprj/fanout190/X
 mprj/fanout1900/X
 mprj/fanout1901/X
 mprj/fanout1902/X
 mprj/fanout1903/X
 mprj/fanout1904/X
 mprj/fanout1905/X
 mprj/fanout1906/X
 mprj/fanout1907/X
 mprj/fanout1908/X
 mprj/fanout1909/X
 mprj/fanout191/X
 mprj/fanout1910/X
 mprj/fanout1911/X
 mprj/fanout1912/X
 mprj/fanout1913/X
 mprj/fanout1914/X
 mprj/fanout1915/X
 mprj/fanout1916/X
 mprj/fanout1917/X
 mprj/fanout1918/X
 mprj/fanout1919/X
 mprj/fanout192/X
 mprj/fanout1920/X
 mprj/fanout1921/X
 mprj/fanout1922/X
 mprj/fanout1923/X
 mprj/fanout1924/X
 mprj/fanout1925/X
 mprj/fanout1926/X
 mprj/fanout1927/X
 mprj/fanout1928/X
 mprj/fanout1929/X
 mprj/fanout193/X
 mprj/fanout1930/X
 mprj/fanout1931/X
 mprj/fanout1932/X
 mprj/fanout1933/X
 mprj/fanout1934/X
 mprj/fanout1935/X
 mprj/fanout1936/X
 mprj/fanout1937/X
 mprj/fanout1938/X
 mprj/fanout1939/X
 mprj/fanout194/X
 mprj/fanout1940/X
 mprj/fanout1941/X
 mprj/fanout1942/X
 mprj/fanout1943/X
 mprj/fanout1944/X
 mprj/fanout1945/X
 mprj/fanout1946/X
 mprj/fanout1947/X
 mprj/fanout1948/X
 mprj/fanout1949/X
 mprj/fanout195/X
 mprj/fanout1950/X
 mprj/fanout1951/X
 mprj/fanout1952/X
 mprj/fanout1953/X
 mprj/fanout1954/X
 mprj/fanout1955/X
 mprj/fanout1956/X
 mprj/fanout1957/X
 mprj/fanout1958/X
 mprj/fanout1959/X
 mprj/fanout1960/X
 mprj/fanout1961/X
 mprj/fanout1962/X
 mprj/fanout1963/X
 mprj/fanout1964/X
 mprj/fanout1965/X
 mprj/fanout1966/X
 mprj/fanout1967/X
 mprj/fanout1968/X
 mprj/fanout1969/X
 mprj/fanout197/X
 mprj/fanout1970/X
 mprj/fanout1971/X
 mprj/fanout1972/X
 mprj/fanout1973/X
 mprj/fanout1974/X
 mprj/fanout1975/X
 mprj/fanout1976/X
 mprj/fanout1977/X
 mprj/fanout1978/X
 mprj/fanout1979/X
 mprj/fanout198/X
 mprj/fanout1980/X
 mprj/fanout1981/X
 mprj/fanout1982/X
 mprj/fanout1983/X
 mprj/fanout1984/X
 mprj/fanout1985/X
 mprj/fanout1986/X
 mprj/fanout1987/X
 mprj/fanout1988/X
 mprj/fanout1989/X
 mprj/fanout199/X
 mprj/fanout1990/X
 mprj/fanout1991/X
 mprj/fanout1992/X
 mprj/fanout1993/X
 mprj/fanout1994/X
 mprj/fanout1995/X
 mprj/fanout1996/X
 mprj/fanout1997/X
 mprj/fanout1998/X
 mprj/fanout1999/X
 mprj/fanout2000/X
 mprj/fanout2001/X
 mprj/fanout2002/X
 mprj/fanout2003/X
 mprj/fanout2004/X
 mprj/fanout2005/X
 mprj/fanout2006/X
 mprj/fanout2007/X
 mprj/fanout2008/X
 mprj/fanout2009/X
 mprj/fanout201/X
 mprj/fanout2010/X
 mprj/fanout2011/X
 mprj/fanout2012/X
 mprj/fanout2013/X
 mprj/fanout2014/X
 mprj/fanout2015/X
 mprj/fanout2016/X
 mprj/fanout2017/X
 mprj/fanout2018/X
 mprj/fanout2019/X
 mprj/fanout202/X
 mprj/fanout2020/X
 mprj/fanout2021/X
 mprj/fanout2022/X
 mprj/fanout2023/X
 mprj/fanout2024/X
 mprj/fanout2025/X
 mprj/fanout2026/X
 mprj/fanout2027/X
 mprj/fanout2028/X
 mprj/fanout2029/X
 mprj/fanout203/X
 mprj/fanout2030/X
 mprj/fanout2031/X
 mprj/fanout2032/X
 mprj/fanout2033/X
 mprj/fanout2034/X
 mprj/fanout2035/X
 mprj/fanout2036/X
 mprj/fanout2037/X
 mprj/fanout2038/X
 mprj/fanout2039/X
 mprj/fanout204/X
 mprj/fanout2040/X
 mprj/fanout2041/X
 mprj/fanout2042/X
 mprj/fanout2043/X
 mprj/fanout2044/X
 mprj/fanout2045/X
 mprj/fanout2046/X
 mprj/fanout2047/X
 mprj/fanout2048/X
 mprj/fanout2049/X
 mprj/fanout205/X
 mprj/fanout2050/X
 mprj/fanout2051/X
 mprj/fanout2052/X
 mprj/fanout2053/X
 mprj/fanout2054/X
 mprj/fanout2055/X
 mprj/fanout2056/X
 mprj/fanout2057/X
 mprj/fanout2058/X
 mprj/fanout2059/X
 mprj/fanout2060/X
 mprj/fanout2061/X
 mprj/fanout2062/X
 mprj/fanout2063/X
 mprj/fanout2064/X
 mprj/fanout2065/X
 mprj/fanout2066/X
 mprj/fanout2067/X
 mprj/fanout2068/X
 mprj/fanout2069/X
 mprj/fanout207/X
 mprj/fanout2070/X
 mprj/fanout2071/X
 mprj/fanout2072/X
 mprj/fanout2073/X
 mprj/fanout2074/X
 mprj/fanout2075/X
 mprj/fanout2076/X
 mprj/fanout2077/X
 mprj/fanout2078/X
 mprj/fanout2079/X
 mprj/fanout2080/X
 mprj/fanout2081/X
 mprj/fanout2082/X
 mprj/fanout2083/X
 mprj/fanout2084/X
 mprj/fanout2085/X
 mprj/fanout2086/X
 mprj/fanout2087/X
 mprj/fanout2088/X
 mprj/fanout2089/X
 mprj/fanout209/X
 mprj/fanout2090/X
 mprj/fanout2091/X
 mprj/fanout2092/X
 mprj/fanout2093/X
 mprj/fanout2094/X
 mprj/fanout2095/X
 mprj/fanout2096/X
 mprj/fanout2097/X
 mprj/fanout2098/X
 mprj/fanout2099/X
 mprj/fanout210/X
 mprj/fanout2100/X
 mprj/fanout2101/X
 mprj/fanout2102/X
 mprj/fanout2103/X
 mprj/fanout2104/X
 mprj/fanout2105/X
 mprj/fanout2106/X
 mprj/fanout2107/X
 mprj/fanout2108/X
 mprj/fanout2109/X
 mprj/fanout2110/X
 mprj/fanout2111/X
 mprj/fanout2112/X
 mprj/fanout2113/X
 mprj/fanout2114/X
 mprj/fanout2115/X
 mprj/fanout2116/X
 mprj/fanout2117/X
 mprj/fanout2118/X
 mprj/fanout2119/X
 mprj/fanout212/X
 mprj/fanout2120/X
 mprj/fanout2121/X
 mprj/fanout2122/X
 mprj/fanout2123/X
 mprj/fanout2124/X
 mprj/fanout2125/X
 mprj/fanout2126/X
 mprj/fanout2127/X
 mprj/fanout2128/X
 mprj/fanout2129/X
 mprj/fanout213/X
 mprj/fanout2130/X
 mprj/fanout2131/X
 mprj/fanout2132/X
 mprj/fanout2133/X
 mprj/fanout2134/X
 mprj/fanout2135/X
 mprj/fanout2136/X
 mprj/fanout2137/X
 mprj/fanout2138/X
 mprj/fanout2139/X
 mprj/fanout214/X
 mprj/fanout2140/X
 mprj/fanout2141/X
 mprj/fanout2142/X
 mprj/fanout2143/X
 mprj/fanout2144/X
 mprj/fanout2145/X
 mprj/fanout2146/X
 mprj/fanout2147/X
 mprj/fanout2148/X
 mprj/fanout2149/X
 mprj/fanout215/X
 mprj/fanout2150/X
 mprj/fanout2151/X
 mprj/fanout2152/X
 mprj/fanout2153/X
 mprj/fanout2154/X
 mprj/fanout2155/X
 mprj/fanout2156/X
 mprj/fanout2157/X
 mprj/fanout2158/X
 mprj/fanout2159/X
 mprj/fanout216/X
 mprj/fanout2160/X
 mprj/fanout2161/X
 mprj/fanout2162/X
 mprj/fanout2163/X
 mprj/fanout2164/X
 mprj/fanout2165/X
 mprj/fanout2166/X
 mprj/fanout2167/X
 mprj/fanout2168/X
 mprj/fanout2169/X
 mprj/fanout217/X
 mprj/fanout2170/X
 mprj/fanout2171/X
 mprj/fanout2172/X
 mprj/fanout2173/X
 mprj/fanout2174/X
 mprj/fanout2175/X
 mprj/fanout2176/X
 mprj/fanout2177/X
 mprj/fanout2178/X
 mprj/fanout2179/X
 mprj/fanout2180/X
 mprj/fanout2181/X
 mprj/fanout2182/X
 mprj/fanout2183/X
 mprj/fanout2184/X
 mprj/fanout2185/X
 mprj/fanout2186/X
 mprj/fanout2187/X
 mprj/fanout2188/X
 mprj/fanout2189/X
 mprj/fanout219/X
 mprj/fanout2190/X
 mprj/fanout2191/X
 mprj/fanout2192/X
 mprj/fanout2193/X
 mprj/fanout2194/X
 mprj/fanout2195/X
 mprj/fanout2196/X
 mprj/fanout2197/X
 mprj/fanout2198/X
 mprj/fanout2199/X
 mprj/fanout220/X
 mprj/fanout2200/X
 mprj/fanout2201/X
 mprj/fanout2202/X
 mprj/fanout2203/X
 mprj/fanout2204/X
 mprj/fanout2205/X
 mprj/fanout2206/X
 mprj/fanout2207/X
 mprj/fanout2208/X
 mprj/fanout2209/X
 mprj/fanout221/X
 mprj/fanout2210/X
 mprj/fanout2211/X
 mprj/fanout2212/X
 mprj/fanout2213/X
 mprj/fanout2214/X
 mprj/fanout2215/X
 mprj/fanout2216/X
 mprj/fanout2217/X
 mprj/fanout2218/X
 mprj/fanout2219/X
 mprj/fanout222/X
 mprj/fanout2220/X
 mprj/fanout2221/X
 mprj/fanout2222/X
 mprj/fanout2223/X
 mprj/fanout2224/X
 mprj/fanout2225/X
 mprj/fanout2226/X
 mprj/fanout2227/X
 mprj/fanout2228/X
 mprj/fanout2229/X
 mprj/fanout223/X
 mprj/fanout2230/X
 mprj/fanout2231/X
 mprj/fanout2232/X
 mprj/fanout2233/X
 mprj/fanout2234/X
 mprj/fanout2235/X
 mprj/fanout2236/X
 mprj/fanout2237/X
 mprj/fanout2238/X
 mprj/fanout2239/X
 mprj/fanout2240/X
 mprj/fanout2241/X
 mprj/fanout2242/X
 mprj/fanout2243/X
 mprj/fanout2244/X
 mprj/fanout2245/X
 mprj/fanout2246/X
 mprj/fanout2247/X
 mprj/fanout2248/X
 mprj/fanout2249/X
 mprj/fanout225/X
 mprj/fanout2250/X
 mprj/fanout2251/X
 mprj/fanout2252/X
 mprj/fanout2253/X
 mprj/fanout2254/X
 mprj/fanout2255/X
 mprj/fanout2256/X
 mprj/fanout2257/X
 mprj/fanout2258/X
 mprj/fanout2259/X
 mprj/fanout226/X
 mprj/fanout2260/X
 mprj/fanout2261/X
 mprj/fanout2262/X
 mprj/fanout2263/X
 mprj/fanout2264/X
 mprj/fanout2265/X
 mprj/fanout2266/X
 mprj/fanout2267/X
 mprj/fanout2268/X
 mprj/fanout2269/X
 mprj/fanout227/X
 mprj/fanout2270/X
 mprj/fanout2271/X
 mprj/fanout2272/X
 mprj/fanout2273/X
 mprj/fanout2274/X
 mprj/fanout2275/X
 mprj/fanout2276/X
 mprj/fanout2277/X
 mprj/fanout2278/X
 mprj/fanout2279/X
 mprj/fanout228/X
 mprj/fanout2280/X
 mprj/fanout2281/X
 mprj/fanout2282/X
 mprj/fanout2283/X
 mprj/fanout2284/X
 mprj/fanout2285/X
 mprj/fanout2286/X
 mprj/fanout2287/X
 mprj/fanout2288/X
 mprj/fanout2289/X
 mprj/fanout229/X
 mprj/fanout2290/X
 mprj/fanout2291/X
 mprj/fanout2292/X
 mprj/fanout2293/X
 mprj/fanout2294/X
 mprj/fanout2295/X
 mprj/fanout2296/X
 mprj/fanout2297/X
 mprj/fanout2298/X
 mprj/fanout2299/X
 mprj/fanout230/X
 mprj/fanout2300/X
 mprj/fanout2301/X
 mprj/fanout2302/X
 mprj/fanout2303/X
 mprj/fanout2304/X
 mprj/fanout2305/X
 mprj/fanout2306/X
 mprj/fanout2307/X
 mprj/fanout2308/X
 mprj/fanout2309/X
 mprj/fanout231/X
 mprj/fanout2310/X
 mprj/fanout2311/X
 mprj/fanout2312/X
 mprj/fanout2313/X
 mprj/fanout2314/X
 mprj/fanout2315/X
 mprj/fanout2316/X
 mprj/fanout2317/X
 mprj/fanout2318/X
 mprj/fanout2319/X
 mprj/fanout232/X
 mprj/fanout2320/X
 mprj/fanout2321/X
 mprj/fanout2322/X
 mprj/fanout2323/X
 mprj/fanout2324/X
 mprj/fanout2325/X
 mprj/fanout2326/X
 mprj/fanout2327/X
 mprj/fanout2328/X
 mprj/fanout2329/X
 mprj/fanout233/X
 mprj/fanout2330/X
 mprj/fanout2331/X
 mprj/fanout2332/X
 mprj/fanout2333/X
 mprj/fanout2334/X
 mprj/fanout2335/X
 mprj/fanout2336/X
 mprj/fanout2337/X
 mprj/fanout2338/X
 mprj/fanout2339/X
 mprj/fanout234/X
 mprj/fanout2340/X
 mprj/fanout2341/X
 mprj/fanout2342/X
 mprj/fanout2343/X
 mprj/fanout2344/X
 mprj/fanout2345/X
 mprj/fanout2346/X
 mprj/fanout2347/X
 mprj/fanout2348/X
 mprj/fanout2349/X
 mprj/fanout235/X
 mprj/fanout2350/X
 mprj/fanout2351/X
 mprj/fanout2352/X
 mprj/fanout2353/X
 mprj/fanout2354/X
 mprj/fanout2355/X
 mprj/fanout2356/X
 mprj/fanout2357/X
 mprj/fanout2358/X
 mprj/fanout2359/X
 mprj/fanout236/X
 mprj/fanout2360/X
 mprj/fanout2361/X
 mprj/fanout2362/X
 mprj/fanout2363/X
 mprj/fanout2364/X
 mprj/fanout2365/X
 mprj/fanout2366/X
 mprj/fanout2367/X
 mprj/fanout2368/X
 mprj/fanout2369/X
 mprj/fanout237/X
 mprj/fanout2370/X
 mprj/fanout2371/X
 mprj/fanout2372/X
 mprj/fanout2373/X
 mprj/fanout2374/X
 mprj/fanout2375/X
 mprj/fanout2376/X
 mprj/fanout2377/X
 mprj/fanout2378/X
 mprj/fanout2379/X
 mprj/fanout238/X
 mprj/fanout2380/X
 mprj/fanout2381/X
 mprj/fanout2382/X
 mprj/fanout2383/X
 mprj/fanout2384/X
 mprj/fanout2385/X
 mprj/fanout2386/X
 mprj/fanout2387/X
 mprj/fanout2388/X
 mprj/fanout2389/X
 mprj/fanout239/X
 mprj/fanout2390/X
 mprj/fanout2391/X
 mprj/fanout2392/X
 mprj/fanout2393/X
 mprj/fanout2394/X
 mprj/fanout2395/X
 mprj/fanout2396/X
 mprj/fanout2397/X
 mprj/fanout2398/X
 mprj/fanout2399/X
 mprj/fanout2400/X
 mprj/fanout2401/X
 mprj/fanout2402/X
 mprj/fanout2403/X
 mprj/fanout2404/X
 mprj/fanout2405/X
 mprj/fanout2406/X
 mprj/fanout2407/X
 mprj/fanout2408/X
 mprj/fanout2409/X
 mprj/fanout2410/X
 mprj/fanout2411/X
 mprj/fanout2412/X
 mprj/fanout2413/X
 mprj/fanout2414/X
 mprj/fanout2415/X
 mprj/fanout2416/X
 mprj/fanout2417/X
 mprj/fanout2418/X
 mprj/fanout2419/X
 mprj/fanout2420/X
 mprj/fanout2421/X
 mprj/fanout2422/X
 mprj/fanout2423/X
 mprj/fanout2424/X
 mprj/fanout2425/X
 mprj/fanout2426/X
 mprj/fanout2427/X
 mprj/fanout2428/X
 mprj/fanout2429/X
 mprj/fanout2430/X
 mprj/fanout2431/X
 mprj/fanout2432/X
 mprj/fanout2433/X
 mprj/fanout2434/X
 mprj/fanout2435/X
 mprj/fanout2436/X
 mprj/fanout2437/X
 mprj/fanout2438/X
 mprj/fanout2439/X
 mprj/fanout2440/X
 mprj/fanout2441/X
 mprj/fanout2442/X
 mprj/fanout2443/X
 mprj/fanout2444/X
 mprj/fanout2445/X
 mprj/fanout2446/X
 mprj/fanout2447/X
 mprj/fanout2448/X
 mprj/fanout2449/X
 mprj/fanout2450/X
 mprj/fanout2451/X
 mprj/fanout2452/X
 mprj/fanout2453/X
 mprj/fanout2454/X
 mprj/fanout2455/X
 mprj/fanout2456/X
 mprj/fanout2457/X
 mprj/fanout2458/X
 mprj/fanout2459/X
 mprj/fanout246/X
 mprj/fanout2460/X
 mprj/fanout2461/X
 mprj/fanout2462/X
 mprj/fanout2463/X
 mprj/fanout2464/X
 mprj/fanout2465/X
 mprj/fanout2466/X
 mprj/fanout2467/X
 mprj/fanout2468/X
 mprj/fanout2469/X
 mprj/fanout247/X
 mprj/fanout2470/X
 mprj/fanout2471/X
 mprj/fanout2472/X
 mprj/fanout2473/X
 mprj/fanout2474/X
 mprj/fanout2475/X
 mprj/fanout2476/X
 mprj/fanout2477/X
 mprj/fanout2478/X
 mprj/fanout2479/X
 mprj/fanout248/X
 mprj/fanout2480/X
 mprj/fanout2481/X
 mprj/fanout2482/X
 mprj/fanout2483/X
 mprj/fanout2484/X
 mprj/fanout2485/X
 mprj/fanout2486/X
 mprj/fanout2487/X
 mprj/fanout2488/X
 mprj/fanout2489/X
 mprj/fanout249/X
 mprj/fanout2490/X
 mprj/fanout2491/X
 mprj/fanout2492/X
 mprj/fanout2493/X
 mprj/fanout2494/X
 mprj/fanout2495/X
 mprj/fanout2496/X
 mprj/fanout2497/X
 mprj/fanout2498/X
 mprj/fanout2499/X
 mprj/fanout250/X
 mprj/fanout2500/X
 mprj/fanout2501/X
 mprj/fanout2502/X
 mprj/fanout2503/X
 mprj/fanout2504/X
 mprj/fanout2505/X
 mprj/fanout2506/X
 mprj/fanout2507/X
 mprj/fanout2508/X
 mprj/fanout2509/X
 mprj/fanout251/X
 mprj/fanout2510/X
 mprj/fanout2511/X
 mprj/fanout2512/X
 mprj/fanout2513/X
 mprj/fanout2514/X
 mprj/fanout2515/X
 mprj/fanout2516/X
 mprj/fanout2517/X
 mprj/fanout2518/X
 mprj/fanout2519/X
 mprj/fanout252/X
 mprj/fanout2520/X
 mprj/fanout2521/X
 mprj/fanout2522/X
 mprj/fanout2523/X
 mprj/fanout2524/X
 mprj/fanout2525/X
 mprj/fanout2526/X
 mprj/fanout2527/X
 mprj/fanout2528/X
 mprj/fanout2529/X
 mprj/fanout253/X
 mprj/fanout2530/X
 mprj/fanout2531/X
 mprj/fanout2532/X
 mprj/fanout2533/X
 mprj/fanout2534/X
 mprj/fanout2535/X
 mprj/fanout2536/X
 mprj/fanout2537/X
 mprj/fanout2538/X
 mprj/fanout2539/X
 mprj/fanout254/X
 mprj/fanout2540/X
 mprj/fanout2541/X
 mprj/fanout2542/X
 mprj/fanout2543/X
 mprj/fanout2544/X
 mprj/fanout2545/X
 mprj/fanout2546/X
 mprj/fanout2547/X
 mprj/fanout2548/X
 mprj/fanout2549/X
 mprj/fanout255/X
 mprj/fanout2550/X
 mprj/fanout2551/X
 mprj/fanout2552/X
 mprj/fanout2553/X
 mprj/fanout2554/X
 mprj/fanout2555/X
 mprj/fanout2556/X
 mprj/fanout2557/X
 mprj/fanout2558/X
 mprj/fanout2559/X
 mprj/fanout256/X
 mprj/fanout2560/X
 mprj/fanout2561/X
 mprj/fanout2562/X
 mprj/fanout2563/X
 mprj/fanout2564/X
 mprj/fanout2565/X
 mprj/fanout2566/X
 mprj/fanout2567/X
 mprj/fanout2568/X
 mprj/fanout2569/X
 mprj/fanout257/X
 mprj/fanout2570/X
 mprj/fanout2571/X
 mprj/fanout2572/X
 mprj/fanout2573/X
 mprj/fanout2574/X
 mprj/fanout2575/X
 mprj/fanout2576/X
 mprj/fanout2577/X
 mprj/fanout2578/X
 mprj/fanout2579/X
 mprj/fanout258/X
 mprj/fanout2580/X
 mprj/fanout2581/X
 mprj/fanout2582/X
 mprj/fanout2583/X
 mprj/fanout2584/X
 mprj/fanout2585/X
 mprj/fanout2586/X
 mprj/fanout2587/X
 mprj/fanout2588/X
 mprj/fanout2589/X
 mprj/fanout259/X
 mprj/fanout2590/X
 mprj/fanout2591/X
 mprj/fanout2592/X
 mprj/fanout2593/X
 mprj/fanout2594/X
 mprj/fanout2595/X
 mprj/fanout2596/X
 mprj/fanout2597/X
 mprj/fanout2598/X
 mprj/fanout2599/X
 mprj/fanout260/X
 mprj/fanout2600/X
 mprj/fanout2601/X
 mprj/fanout2602/X
 mprj/fanout2603/X
 mprj/fanout2604/X
 mprj/fanout2605/X
 mprj/fanout2606/X
 mprj/fanout2607/X
 mprj/fanout2608/X
 mprj/fanout2609/X
 mprj/fanout261/X
 mprj/fanout2610/X
 mprj/fanout2611/X
 mprj/fanout2612/X
 mprj/fanout2613/X
 mprj/fanout2614/X
 mprj/fanout2615/X
 mprj/fanout2616/X
 mprj/fanout2617/X
 mprj/fanout2618/X
 mprj/fanout2619/X
 mprj/fanout262/X
 mprj/fanout2620/X
 mprj/fanout2621/X
 mprj/fanout2622/X
 mprj/fanout2623/X
 mprj/fanout2624/X
 mprj/fanout2625/X
 mprj/fanout2626/X
 mprj/fanout2627/X
 mprj/fanout2628/X
 mprj/fanout2629/X
 mprj/fanout263/X
 mprj/fanout2630/X
 mprj/fanout2631/X
 mprj/fanout2632/X
 mprj/fanout2633/X
 mprj/fanout2634/X
 mprj/fanout2635/X
 mprj/fanout2636/X
 mprj/fanout2637/X
 mprj/fanout2638/X
 mprj/fanout2639/X
 mprj/fanout264/X
 mprj/fanout2640/X
 mprj/fanout2641/X
 mprj/fanout2642/X
 mprj/fanout2643/X
 mprj/fanout2644/X
 mprj/fanout2645/X
 mprj/fanout2646/X
 mprj/fanout2647/X
 mprj/fanout2648/X
 mprj/fanout2649/X
 mprj/fanout265/X
 mprj/fanout2650/X
 mprj/fanout2651/X
 mprj/fanout2652/X
 mprj/fanout2653/X
 mprj/fanout2654/X
 mprj/fanout2655/X
 mprj/fanout2656/X
 mprj/fanout2657/X
 mprj/fanout2658/X
 mprj/fanout2659/X
 mprj/fanout266/X
 mprj/fanout2660/X
 mprj/fanout2661/X
 mprj/fanout2662/X
 mprj/fanout2663/X
 mprj/fanout2664/X
 mprj/fanout2665/X
 mprj/fanout2666/X
 mprj/fanout2667/X
 mprj/fanout2668/X
 mprj/fanout2669/X
 mprj/fanout2670/X
 mprj/fanout2671/X
 mprj/fanout2672/X
 mprj/fanout2673/X
 mprj/fanout2674/X
 mprj/fanout2675/X
 mprj/fanout2676/X
 mprj/fanout2677/X
 mprj/fanout2678/X
 mprj/fanout2679/X
 mprj/fanout2680/X
 mprj/fanout2681/X
 mprj/fanout2682/X
 mprj/fanout2683/X
 mprj/fanout2684/X
 mprj/fanout2685/X
 mprj/fanout2686/X
 mprj/fanout2687/X
 mprj/fanout2688/X
 mprj/fanout2689/X
 mprj/fanout269/X
 mprj/fanout2690/X
 mprj/fanout2691/X
 mprj/fanout2692/X
 mprj/fanout2693/X
 mprj/fanout2694/X
 mprj/fanout2695/X
 mprj/fanout2696/X
 mprj/fanout2697/X
 mprj/fanout2698/X
 mprj/fanout2699/X
 mprj/fanout270/X
 mprj/fanout2700/X
 mprj/fanout2701/X
 mprj/fanout2702/X
 mprj/fanout2703/X
 mprj/fanout2704/X
 mprj/fanout2705/X
 mprj/fanout2706/X
 mprj/fanout2707/X
 mprj/fanout2708/X
 mprj/fanout2709/X
 mprj/fanout271/X
 mprj/fanout2710/X
 mprj/fanout2711/X
 mprj/fanout2712/X
 mprj/fanout2713/X
 mprj/fanout2714/X
 mprj/fanout2715/X
 mprj/fanout2716/X
 mprj/fanout2717/X
 mprj/fanout2718/X
 mprj/fanout2719/X
 mprj/fanout272/X
 mprj/fanout2720/X
 mprj/fanout2721/X
 mprj/fanout2722/X
 mprj/fanout2723/X
 mprj/fanout2724/X
 mprj/fanout2725/X
 mprj/fanout2726/X
 mprj/fanout2727/X
 mprj/fanout2728/X
 mprj/fanout2729/X
 mprj/fanout273/X
 mprj/fanout2730/X
 mprj/fanout2731/X
 mprj/fanout2732/X
 mprj/fanout2733/X
 mprj/fanout2734/X
 mprj/fanout2735/X
 mprj/fanout2736/X
 mprj/fanout2737/X
 mprj/fanout2738/X
 mprj/fanout2739/X
 mprj/fanout274/X
 mprj/fanout2740/X
 mprj/fanout2741/X
 mprj/fanout2742/X
 mprj/fanout2743/X
 mprj/fanout2744/X
 mprj/fanout2745/X
 mprj/fanout2746/X
 mprj/fanout2747/X
 mprj/fanout2748/X
 mprj/fanout2749/X
 mprj/fanout275/X
 mprj/fanout2750/X
 mprj/fanout2751/X
 mprj/fanout2752/X
 mprj/fanout2753/X
 mprj/fanout2754/X
 mprj/fanout2755/X
 mprj/fanout2756/X
 mprj/fanout2757/X
 mprj/fanout2758/X
 mprj/fanout2759/X
 mprj/fanout276/X
 mprj/fanout2760/X
 mprj/fanout2761/X
 mprj/fanout2762/X
 mprj/fanout2763/X
 mprj/fanout2764/X
 mprj/fanout2765/X
 mprj/fanout2766/X
 mprj/fanout2767/X
 mprj/fanout2768/X
 mprj/fanout2769/X
 mprj/fanout277/X
 mprj/fanout2770/X
 mprj/fanout2771/X
 mprj/fanout2772/X
 mprj/fanout2773/X
 mprj/fanout2774/X
 mprj/fanout2775/X
 mprj/fanout2776/X
 mprj/fanout2777/X
 mprj/fanout2778/X
 mprj/fanout2779/X
 mprj/fanout278/X
 mprj/fanout2780/X
 mprj/fanout2781/X
 mprj/fanout2782/X
 mprj/fanout2783/X
 mprj/fanout2784/X
 mprj/fanout2785/X
 mprj/fanout2786/X
 mprj/fanout2787/X
 mprj/fanout2788/X
 mprj/fanout2789/X
 mprj/fanout2790/X
 mprj/fanout2791/X
 mprj/fanout2792/X
 mprj/fanout2793/X
 mprj/fanout2794/X
 mprj/fanout2795/X
 mprj/fanout2796/X
 mprj/fanout2797/X
 mprj/fanout2798/X
 mprj/fanout2799/X
 mprj/fanout280/X
 mprj/fanout2800/X
 mprj/fanout2801/X
 mprj/fanout2802/X
 mprj/fanout2803/X
 mprj/fanout2804/X
 mprj/fanout2805/X
 mprj/fanout2806/X
 mprj/fanout2807/X
 mprj/fanout2808/X
 mprj/fanout2809/X
 mprj/fanout281/X
 mprj/fanout2810/X
 mprj/fanout2811/X
 mprj/fanout2812/X
 mprj/fanout2813/X
 mprj/fanout2814/X
 mprj/fanout2815/X
 mprj/fanout2816/X
 mprj/fanout2817/X
 mprj/fanout2818/X
 mprj/fanout2819/X
 mprj/fanout282/X
 mprj/fanout2820/X
 mprj/fanout2821/X
 mprj/fanout2822/X
 mprj/fanout2823/X
 mprj/fanout2824/X
 mprj/fanout2825/X
 mprj/fanout2826/X
 mprj/fanout2827/X
 mprj/fanout2828/X
 mprj/fanout2829/X
 mprj/fanout283/X
 mprj/fanout2830/X
 mprj/fanout2831/X
 mprj/fanout2832/X
 mprj/fanout2833/X
 mprj/fanout2834/X
 mprj/fanout2835/X
 mprj/fanout2836/X
 mprj/fanout2837/X
 mprj/fanout2838/X
 mprj/fanout2839/X
 mprj/fanout2840/X
 mprj/fanout2841/X
 mprj/fanout2842/X
 mprj/fanout2843/X
 mprj/fanout2844/X
 mprj/fanout2845/X
 mprj/fanout2846/X
 mprj/fanout2847/X
 mprj/fanout2848/X
 mprj/fanout2849/X
 mprj/fanout285/X
 mprj/fanout2850/X
 mprj/fanout2851/X
 mprj/fanout2852/X
 mprj/fanout2853/X
 mprj/fanout2854/X
 mprj/fanout2855/X
 mprj/fanout2856/X
 mprj/fanout2857/X
 mprj/fanout2858/X
 mprj/fanout2859/X
 mprj/fanout286/X
 mprj/fanout2860/X
 mprj/fanout2861/X
 mprj/fanout2862/X
 mprj/fanout2863/X
 mprj/fanout2864/X
 mprj/fanout2865/X
 mprj/fanout2866/X
 mprj/fanout2867/X
 mprj/fanout2868/X
 mprj/fanout2869/X
 mprj/fanout287/X
 mprj/fanout2870/X
 mprj/fanout2871/X
 mprj/fanout2872/X
 mprj/fanout2873/X
 mprj/fanout2874/X
 mprj/fanout2875/X
 mprj/fanout2876/X
 mprj/fanout2877/X
 mprj/fanout2878/X
 mprj/fanout2879/X
 mprj/fanout288/X
 mprj/fanout2880/X
 mprj/fanout2881/X
 mprj/fanout2882/X
 mprj/fanout289/X
 mprj/fanout291/X
 mprj/fanout292/X
 mprj/fanout293/X
 mprj/fanout294/X
 mprj/fanout295/X
 mprj/fanout296/X
 mprj/fanout297/X
 mprj/fanout298/X
 mprj/fanout299/X
 mprj/fanout300/X
 mprj/fanout301/X
 mprj/fanout302/X
 mprj/fanout303/X
 mprj/fanout304/X
 mprj/fanout305/X
 mprj/fanout306/X
 mprj/fanout307/X
 mprj/fanout308/X
 mprj/fanout309/X
 mprj/fanout310/X
 mprj/fanout311/X
 mprj/fanout312/X
 mprj/fanout313/X
 mprj/fanout314/X
 mprj/fanout315/X
 mprj/fanout316/X
 mprj/fanout317/X
 mprj/fanout318/X
 mprj/fanout319/X
 mprj/fanout320/X
 mprj/fanout321/X
 mprj/fanout322/X
 mprj/fanout323/X
 mprj/fanout324/X
 mprj/fanout325/X
 mprj/fanout326/X
 mprj/fanout327/X
 mprj/fanout328/X
 mprj/fanout330/X
 mprj/fanout331/X
 mprj/fanout332/X
 mprj/fanout333/X
 mprj/fanout334/X
 mprj/fanout335/X
 mprj/fanout336/X
 mprj/fanout337/X
 mprj/fanout338/X
 mprj/fanout339/X
 mprj/fanout340/X
 mprj/fanout341/X
 mprj/fanout342/X
 mprj/fanout343/X
 mprj/fanout344/X
 mprj/fanout345/X
 mprj/fanout346/X
 mprj/fanout347/X
 mprj/fanout348/X
 mprj/fanout349/X
 mprj/fanout350/X
 mprj/fanout351/X
 mprj/fanout352/X
 mprj/fanout353/X
 mprj/fanout354/X
 mprj/fanout355/X
 mprj/fanout356/X
 mprj/fanout357/X
 mprj/fanout359/X
 mprj/fanout360/X
 mprj/fanout361/X
 mprj/fanout362/X
 mprj/fanout363/X
 mprj/fanout364/X
 mprj/fanout365/X
 mprj/fanout366/X
 mprj/fanout367/X
 mprj/fanout368/X
 mprj/fanout369/X
 mprj/fanout370/X
 mprj/fanout371/X
 mprj/fanout372/X
 mprj/fanout373/X
 mprj/fanout374/X
 mprj/fanout375/X
 mprj/fanout376/X
 mprj/fanout377/X
 mprj/fanout378/X
 mprj/fanout379/X
 mprj/fanout380/X
 mprj/fanout382/X
 mprj/fanout383/X
 mprj/fanout384/X
 mprj/fanout385/X
 mprj/fanout386/X
 mprj/fanout388/X
 mprj/fanout389/X
 mprj/fanout390/X
 mprj/fanout391/X
 mprj/fanout392/X
 mprj/fanout393/X
 mprj/fanout394/X
 mprj/fanout395/X
 mprj/fanout396/X
 mprj/fanout397/X
 mprj/fanout398/X
 mprj/fanout399/X
 mprj/fanout400/X
 mprj/fanout401/X
 mprj/fanout402/X
 mprj/fanout403/X
 mprj/fanout404/X
 mprj/fanout405/X
 mprj/fanout406/X
 mprj/fanout408/X
 mprj/fanout409/X
 mprj/fanout410/X
 mprj/fanout411/X
 mprj/fanout412/X
 mprj/fanout413/X
 mprj/fanout414/X
 mprj/fanout415/X
 mprj/fanout416/X
 mprj/fanout417/X
 mprj/fanout418/X
 mprj/fanout419/X
 mprj/fanout420/X
 mprj/fanout421/X
 mprj/fanout422/X
 mprj/fanout423/X
 mprj/fanout424/X
 mprj/fanout425/X
 mprj/fanout426/X
 mprj/fanout427/X
 mprj/fanout428/X
 mprj/fanout429/X
 mprj/fanout430/X
 mprj/fanout431/X
 mprj/fanout432/X
 mprj/fanout433/X
 mprj/fanout434/X
 mprj/fanout435/X
 mprj/fanout436/X
 mprj/fanout437/X
 mprj/fanout438/X
 mprj/fanout440/X
 mprj/fanout441/X
 mprj/fanout442/X
 mprj/fanout443/X
 mprj/fanout444/X
 mprj/fanout445/X
 mprj/fanout446/X
 mprj/fanout447/X
 mprj/fanout448/X
 mprj/fanout449/X
 mprj/fanout450/X
 mprj/fanout451/X
 mprj/fanout452/X
 mprj/fanout453/X
 mprj/fanout454/X
 mprj/fanout455/X
 mprj/fanout456/X
 mprj/fanout457/X
 mprj/fanout458/X
 mprj/fanout459/X
 mprj/fanout460/X
 mprj/fanout461/X
 mprj/fanout462/X
 mprj/fanout463/X
 mprj/fanout464/X
 mprj/fanout465/X
 mprj/fanout466/X
 mprj/fanout467/X
 mprj/fanout468/X
 mprj/fanout469/X
 mprj/fanout470/X
 mprj/fanout471/X
 mprj/fanout472/X
 mprj/fanout473/X
 mprj/fanout474/X
 mprj/fanout475/X
 mprj/fanout476/X
 mprj/fanout477/X
 mprj/fanout478/X
 mprj/fanout479/X
 mprj/fanout483/X
 mprj/fanout484/X
 mprj/fanout485/X
 mprj/fanout486/X
 mprj/fanout487/X
 mprj/fanout488/X
 mprj/fanout489/X
 mprj/fanout490/X
 mprj/fanout491/X
 mprj/fanout492/X
 mprj/fanout493/X
 mprj/fanout494/X
 mprj/fanout495/X
 mprj/fanout496/X
 mprj/fanout497/X
 mprj/fanout498/X
 mprj/fanout499/X
 mprj/fanout500/X
 mprj/fanout501/X
 mprj/fanout502/X
 mprj/fanout503/X
 mprj/fanout504/X
 mprj/fanout505/X
 mprj/fanout510/X
 mprj/fanout511/X
 mprj/fanout512/X
 mprj/fanout513/X
 mprj/fanout514/X
 mprj/fanout515/X
 mprj/fanout516/X
 mprj/fanout517/X
 mprj/fanout518/X
 mprj/fanout519/X
 mprj/fanout520/X
 mprj/fanout521/X
 mprj/fanout522/X
 mprj/fanout523/X
 mprj/fanout524/X
 mprj/fanout525/X
 mprj/fanout526/X
 mprj/fanout527/X
 mprj/fanout528/X
 mprj/fanout529/X
 mprj/fanout530/X
 mprj/fanout531/X
 mprj/fanout532/X
 mprj/fanout533/X
 mprj/fanout534/X
 mprj/fanout535/X
 mprj/fanout536/X
 mprj/fanout537/X
 mprj/fanout538/X
 mprj/fanout539/X
 mprj/fanout540/X
 mprj/fanout541/X
 mprj/fanout542/X
 mprj/fanout543/X
 mprj/fanout544/X
 mprj/fanout545/X
 mprj/fanout546/X
 mprj/fanout547/X
 mprj/fanout548/X
 mprj/fanout549/X
 mprj/fanout550/X
 mprj/fanout551/X
 mprj/fanout552/X
 mprj/fanout553/X
 mprj/fanout554/X
 mprj/fanout555/X
 mprj/fanout556/X
 mprj/fanout557/X
 mprj/fanout558/X
 mprj/fanout559/X
 mprj/fanout560/X
 mprj/fanout561/X
 mprj/fanout562/X
 mprj/fanout563/X
 mprj/fanout564/X
 mprj/fanout565/X
 mprj/fanout566/X
 mprj/fanout567/X
 mprj/fanout568/X
 mprj/fanout569/X
 mprj/fanout570/X
 mprj/fanout571/X
 mprj/fanout572/X
 mprj/fanout573/X
 mprj/fanout574/X
 mprj/fanout575/X
 mprj/fanout576/X
 mprj/fanout577/X
 mprj/fanout578/X
 mprj/fanout58/X
 mprj/fanout580/X
 mprj/fanout581/X
 mprj/fanout582/X
 mprj/fanout583/X
 mprj/fanout584/X
 mprj/fanout585/X
 mprj/fanout586/X
 mprj/fanout587/X
 mprj/fanout588/X
 mprj/fanout589/X
 mprj/fanout59/X
 mprj/fanout590/X
 mprj/fanout591/X
 mprj/fanout592/X
 mprj/fanout593/X
 mprj/fanout594/X
 mprj/fanout595/X
 mprj/fanout596/X
 mprj/fanout597/X
 mprj/fanout598/X
 mprj/fanout599/X
 mprj/fanout60/X
 mprj/fanout600/X
 mprj/fanout601/X
 mprj/fanout602/X
 mprj/fanout603/X
 mprj/fanout604/X
 mprj/fanout605/X
 mprj/fanout606/X
 mprj/fanout607/X
 mprj/fanout608/X
 mprj/fanout609/X
 mprj/fanout61/X
 mprj/fanout610/X
 mprj/fanout611/X
 mprj/fanout612/X
 mprj/fanout613/X
 mprj/fanout614/X
 mprj/fanout615/X
 mprj/fanout616/X
 mprj/fanout617/X
 mprj/fanout618/X
 mprj/fanout619/X
 mprj/fanout62/X
 mprj/fanout620/X
 mprj/fanout621/X
 mprj/fanout622/X
 mprj/fanout623/X
 mprj/fanout624/X
 mprj/fanout625/X
 mprj/fanout626/X
 mprj/fanout627/X
 mprj/fanout628/X
 mprj/fanout629/X
 mprj/fanout63/X
 mprj/fanout630/X
 mprj/fanout631/X
 mprj/fanout632/X
 mprj/fanout633/X
 mprj/fanout634/X
 mprj/fanout635/X
 mprj/fanout636/X
 mprj/fanout637/X
 mprj/fanout638/X
 mprj/fanout639/X
 mprj/fanout64/X
 mprj/fanout640/X
 mprj/fanout641/X
 mprj/fanout642/X
 mprj/fanout643/X
 mprj/fanout644/X
 mprj/fanout645/X
 mprj/fanout646/X
 mprj/fanout647/X
 mprj/fanout648/X
 mprj/fanout649/X
 mprj/fanout65/X
 mprj/fanout650/X
 mprj/fanout651/X
 mprj/fanout652/X
 mprj/fanout653/X
 mprj/fanout654/X
 mprj/fanout655/X
 mprj/fanout656/X
 mprj/fanout657/X
 mprj/fanout658/X
 mprj/fanout659/X
 mprj/fanout66/X
 mprj/fanout660/X
 mprj/fanout661/X
 mprj/fanout662/X
 mprj/fanout663/X
 mprj/fanout664/X
 mprj/fanout665/X
 mprj/fanout666/X
 mprj/fanout667/X
 mprj/fanout668/X
 mprj/fanout669/X
 mprj/fanout670/X
 mprj/fanout671/X
 mprj/fanout672/X
 mprj/fanout673/X
 mprj/fanout674/X
 mprj/fanout675/X
 mprj/fanout676/X
 mprj/fanout677/X
 mprj/fanout678/X
 mprj/fanout679/X
 mprj/fanout680/X
 mprj/fanout681/X
 mprj/fanout682/X
 mprj/fanout683/X
 mprj/fanout684/X
 mprj/fanout685/X
 mprj/fanout686/X
 mprj/fanout687/X
 mprj/fanout688/X
 mprj/fanout689/X
 mprj/fanout690/X
 mprj/fanout691/X
 mprj/fanout692/X
 mprj/fanout693/X
 mprj/fanout694/X
 mprj/fanout695/X
 mprj/fanout696/X
 mprj/fanout697/X
 mprj/fanout698/X
 mprj/fanout699/X
 mprj/fanout700/X
 mprj/fanout701/X
 mprj/fanout702/X
 mprj/fanout703/X
 mprj/fanout704/X
 mprj/fanout705/X
 mprj/fanout706/X
 mprj/fanout707/X
 mprj/fanout708/X
 mprj/fanout709/X
 mprj/fanout710/X
 mprj/fanout711/X
 mprj/fanout712/X
 mprj/fanout713/X
 mprj/fanout714/X
 mprj/fanout715/X
 mprj/fanout716/X
 mprj/fanout717/X
 mprj/fanout718/X
 mprj/fanout719/X
 mprj/fanout720/X
 mprj/fanout721/X
 mprj/fanout722/X
 mprj/fanout723/X
 mprj/fanout724/X
 mprj/fanout725/X
 mprj/fanout726/X
 mprj/fanout727/X
 mprj/fanout728/X
 mprj/fanout729/X
 mprj/fanout730/X
 mprj/fanout731/X
 mprj/fanout732/X
 mprj/fanout733/X
 mprj/fanout734/X
 mprj/fanout735/X
 mprj/fanout736/X
 mprj/fanout737/X
 mprj/fanout738/X
 mprj/fanout739/X
 mprj/fanout740/X
 mprj/fanout741/X
 mprj/fanout742/X
 mprj/fanout743/X
 mprj/fanout744/X
 mprj/fanout745/X
 mprj/fanout746/X
 mprj/fanout747/X
 mprj/fanout748/X
 mprj/fanout749/X
 mprj/fanout750/X
 mprj/fanout751/X
 mprj/fanout752/X
 mprj/fanout753/X
 mprj/fanout754/X
 mprj/fanout755/X
 mprj/fanout756/X
 mprj/fanout757/X
 mprj/fanout758/X
 mprj/fanout759/X
 mprj/fanout760/X
 mprj/fanout761/X
 mprj/fanout762/X
 mprj/fanout763/X
 mprj/fanout764/X
 mprj/fanout765/X
 mprj/fanout766/X
 mprj/fanout767/X
 mprj/fanout768/X
 mprj/fanout769/X
 mprj/fanout770/X
 mprj/fanout771/X
 mprj/fanout772/X
 mprj/fanout773/X
 mprj/fanout774/X
 mprj/fanout775/X
 mprj/fanout776/X
 mprj/fanout777/X
 mprj/fanout778/X
 mprj/fanout779/X
 mprj/fanout780/X
 mprj/fanout783/X
 mprj/fanout784/X
 mprj/fanout785/X
 mprj/fanout786/X
 mprj/fanout787/X
 mprj/fanout788/X
 mprj/fanout789/X
 mprj/fanout790/X
 mprj/fanout791/X
 mprj/fanout792/X
 mprj/fanout793/X
 mprj/fanout794/X
 mprj/fanout795/X
 mprj/fanout796/X
 mprj/fanout797/X
 mprj/fanout798/X
 mprj/fanout799/X
 mprj/fanout800/X
 mprj/fanout801/X
 mprj/fanout802/X
 mprj/fanout803/X
 mprj/fanout804/X
 mprj/fanout805/X
 mprj/fanout806/X
 mprj/fanout807/X
 mprj/fanout808/X
 mprj/fanout809/X
 mprj/fanout810/X
 mprj/fanout811/X
 mprj/fanout812/X
 mprj/fanout813/X
 mprj/fanout814/X
 mprj/fanout815/X
 mprj/fanout816/X
 mprj/fanout817/X
 mprj/fanout818/X
 mprj/fanout819/X
 mprj/fanout820/X
 mprj/fanout821/X
 mprj/fanout822/X
 mprj/fanout823/X
 mprj/fanout824/X
 mprj/fanout825/X
 mprj/fanout826/X
 mprj/fanout827/X
 mprj/fanout828/X
 mprj/fanout829/X
 mprj/fanout830/X
 mprj/fanout831/X
 mprj/fanout832/X
 mprj/fanout833/X
 mprj/fanout834/X
 mprj/fanout835/X
 mprj/fanout836/X
 mprj/fanout837/X
 mprj/fanout838/X
 mprj/fanout839/X
 mprj/fanout84/X
 mprj/fanout840/X
 mprj/fanout841/X
 mprj/fanout842/X
 mprj/fanout843/X
 mprj/fanout844/X
 mprj/fanout845/X
 mprj/fanout846/X
 mprj/fanout847/X
 mprj/fanout848/X
 mprj/fanout849/X
 mprj/fanout85/X
 mprj/fanout850/X
 mprj/fanout851/X
 mprj/fanout852/X
 mprj/fanout853/X
 mprj/fanout854/X
 mprj/fanout855/X
 mprj/fanout856/X
 mprj/fanout857/X
 mprj/fanout858/X
 mprj/fanout859/X
 mprj/fanout86/X
 mprj/fanout860/X
 mprj/fanout861/X
 mprj/fanout863/X
 mprj/fanout864/X
 mprj/fanout865/X
 mprj/fanout866/X
 mprj/fanout867/X
 mprj/fanout868/X
 mprj/fanout869/X
 mprj/fanout87/X
 mprj/fanout870/X
 mprj/fanout871/X
 mprj/fanout872/X
 mprj/fanout873/X
 mprj/fanout874/X
 mprj/fanout875/X
 mprj/fanout876/X
 mprj/fanout877/X
 mprj/fanout878/X
 mprj/fanout879/X
 mprj/fanout880/X
 mprj/fanout881/X
 mprj/fanout882/X
 mprj/fanout883/X
 mprj/fanout884/X
 mprj/fanout885/X
 mprj/fanout886/X
 mprj/fanout887/X
 mprj/fanout888/X
 mprj/fanout889/X
 mprj/fanout89/X
 mprj/fanout890/X
 mprj/fanout891/X
 mprj/fanout892/X
 mprj/fanout893/X
 mprj/fanout894/X
 mprj/fanout895/X
 mprj/fanout896/X
 mprj/fanout897/X
 mprj/fanout898/X
 mprj/fanout899/X
 mprj/fanout90/X
 mprj/fanout900/X
 mprj/fanout901/X
 mprj/fanout902/X
 mprj/fanout903/X
 mprj/fanout904/X
 mprj/fanout905/X
 mprj/fanout906/X
 mprj/fanout907/X
 mprj/fanout908/X
 mprj/fanout909/X
 mprj/fanout91/X
 mprj/fanout910/X
 mprj/fanout911/X
 mprj/fanout912/X
 mprj/fanout913/X
 mprj/fanout914/X
 mprj/fanout915/X
 mprj/fanout916/X
 mprj/fanout917/X
 mprj/fanout918/X
 mprj/fanout919/X
 mprj/fanout92/X
 mprj/fanout920/X
 mprj/fanout921/X
 mprj/fanout922/X
 mprj/fanout923/X
 mprj/fanout924/X
 mprj/fanout925/X
 mprj/fanout926/X
 mprj/fanout927/X
 mprj/fanout928/X
 mprj/fanout929/X
 mprj/fanout93/X
 mprj/fanout930/X
 mprj/fanout931/X
 mprj/fanout932/X
 mprj/fanout933/X
 mprj/fanout934/X
 mprj/fanout935/X
 mprj/fanout936/X
 mprj/fanout937/X
 mprj/fanout938/X
 mprj/fanout939/X
 mprj/fanout94/X
 mprj/fanout940/X
 mprj/fanout941/X
 mprj/fanout942/X
 mprj/fanout943/X
 mprj/fanout944/X
 mprj/fanout945/X
 mprj/fanout946/X
 mprj/fanout947/X
 mprj/fanout948/X
 mprj/fanout949/X
 mprj/fanout95/X
 mprj/fanout950/X
 mprj/fanout951/X
 mprj/fanout952/X
 mprj/fanout953/X
 mprj/fanout954/X
 mprj/fanout955/X
 mprj/fanout956/X
 mprj/fanout957/X
 mprj/fanout958/X
 mprj/fanout959/X
 mprj/fanout96/X
 mprj/fanout960/X
 mprj/fanout961/X
 mprj/fanout962/X
 mprj/fanout963/X
 mprj/fanout964/X
 mprj/fanout965/X
 mprj/fanout966/X
 mprj/fanout967/X
 mprj/fanout968/X
 mprj/fanout969/X
 mprj/fanout97/X
 mprj/fanout970/X
 mprj/fanout971/X
 mprj/fanout972/X
 mprj/fanout973/X
 mprj/fanout974/X
 mprj/fanout975/X
 mprj/fanout976/X
 mprj/fanout977/X
 mprj/fanout978/X
 mprj/fanout979/X
 mprj/fanout98/X
 mprj/fanout980/X
 mprj/fanout981/X
 mprj/fanout982/X
 mprj/fanout983/X
 mprj/fanout984/X
 mprj/fanout985/X
 mprj/fanout986/X
 mprj/fanout987/X
 mprj/fanout988/X
 mprj/fanout989/X
 mprj/fanout99/X
 mprj/fanout990/X
 mprj/fanout991/X
 mprj/fanout992/X
 mprj/fanout993/X
 mprj/fanout994/X
 mprj/fanout995/X
 mprj/fanout996/X
 mprj/fanout997/X
 mprj/fanout998/X
 mprj/fanout999/X
 mprj/hold100/X
 mprj/hold1000/X
 mprj/hold1001/X
 mprj/hold1002/X
 mprj/hold1003/X
 mprj/hold1004/X
 mprj/hold1005/X
 mprj/hold1006/X
 mprj/hold1007/X
 mprj/hold1008/X
 mprj/hold1009/X
 mprj/hold101/X
 mprj/hold1010/X
 mprj/hold1011/X
 mprj/hold1012/X
 mprj/hold1013/X
 mprj/hold1014/X
 mprj/hold1015/X
 mprj/hold1016/X
 mprj/hold1017/X
 mprj/hold1018/X
 mprj/hold1019/X
 mprj/hold102/X
 mprj/hold1020/X
 mprj/hold1021/X
 mprj/hold1022/X
 mprj/hold1023/X
 mprj/hold1024/X
 mprj/hold1025/X
 mprj/hold1026/X
 mprj/hold1027/X
 mprj/hold1028/X
 mprj/hold1029/X
 mprj/hold103/X
 mprj/hold1030/X
 mprj/hold1031/X
 mprj/hold1032/X
 mprj/hold1033/X
 mprj/hold1034/X
 mprj/hold1035/X
 mprj/hold1036/X
 mprj/hold1037/X
 mprj/hold1038/X
 mprj/hold1039/X
 mprj/hold104/X
 mprj/hold1040/X
 mprj/hold1041/X
 mprj/hold1042/X
 mprj/hold1043/X
 mprj/hold1044/X
 mprj/hold1045/X
 mprj/hold1046/X
 mprj/hold1047/X
 mprj/hold1048/X
 mprj/hold1049/X
 mprj/hold105/X
 mprj/hold1050/X
 mprj/hold1051/X
 mprj/hold1052/X
 mprj/hold1053/X
 mprj/hold1054/X
 mprj/hold1055/X
 mprj/hold1056/X
 mprj/hold1057/X
 mprj/hold1058/X
 mprj/hold1059/X
 mprj/hold106/X
 mprj/hold1060/X
 mprj/hold1061/X
 mprj/hold1062/X
 mprj/hold1063/X
 mprj/hold1064/X
 mprj/hold1065/X
 mprj/hold1066/X
 mprj/hold1067/X
 mprj/hold1068/X
 mprj/hold1069/X
 mprj/hold107/X
 mprj/hold1070/X
 mprj/hold1071/X
 mprj/hold1072/X
 mprj/hold1073/X
 mprj/hold1074/X
 mprj/hold1075/X
 mprj/hold1076/X
 mprj/hold1077/X
 mprj/hold1078/X
 mprj/hold1079/X
 mprj/hold108/X
 mprj/hold1080/X
 mprj/hold1081/X
 mprj/hold1082/X
 mprj/hold1083/X
 mprj/hold1084/X
 mprj/hold1085/X
 mprj/hold1086/X
 mprj/hold1087/X
 mprj/hold1088/X
 mprj/hold1089/X
 mprj/hold109/X
 mprj/hold1090/X
 mprj/hold1091/X
 mprj/hold1092/X
 mprj/hold1093/X
 mprj/hold1094/X
 mprj/hold1095/X
 mprj/hold1096/X
 mprj/hold1097/X
 mprj/hold1098/X
 mprj/hold1099/X
 mprj/hold110/X
 mprj/hold1100/X
 mprj/hold1101/X
 mprj/hold1102/X
 mprj/hold1103/X
 mprj/hold1104/X
 mprj/hold1105/X
 mprj/hold1106/X
 mprj/hold1107/X
 mprj/hold1108/X
 mprj/hold1109/X
 mprj/hold111/X
 mprj/hold1110/X
 mprj/hold1111/X
 mprj/hold1112/X
 mprj/hold1113/X
 mprj/hold1114/X
 mprj/hold1115/X
 mprj/hold1116/X
 mprj/hold1117/X
 mprj/hold1118/X
 mprj/hold1119/X
 mprj/hold112/X
 mprj/hold1120/X
 mprj/hold1121/X
 mprj/hold1122/X
 mprj/hold1123/X
 mprj/hold1124/X
 mprj/hold1125/X
 mprj/hold1126/X
 mprj/hold1127/X
 mprj/hold1128/X
 mprj/hold1129/X
 mprj/hold113/X
 mprj/hold1130/X
 mprj/hold1131/X
 mprj/hold1132/X
 mprj/hold1133/X
 mprj/hold1134/X
 mprj/hold1135/X
 mprj/hold1136/X
 mprj/hold1137/X
 mprj/hold1138/X
 mprj/hold1139/X
 mprj/hold114/X
 mprj/hold1140/X
 mprj/hold1141/X
 mprj/hold1142/X
 mprj/hold1143/X
 mprj/hold1144/X
 mprj/hold1145/X
 mprj/hold1146/X
 mprj/hold1147/X
 mprj/hold1148/X
 mprj/hold1149/X
 mprj/hold115/X
 mprj/hold1150/X
 mprj/hold1151/X
 mprj/hold1152/X
 mprj/hold1153/X
 mprj/hold1154/X
 mprj/hold1155/X
 mprj/hold1156/X
 mprj/hold1157/X
 mprj/hold1158/X
 mprj/hold1159/X
 mprj/hold116/X
 mprj/hold1160/X
 mprj/hold1161/X
 mprj/hold1162/X
 mprj/hold1163/X
 mprj/hold1164/X
 mprj/hold1165/X
 mprj/hold1166/X
 mprj/hold1167/X
 mprj/hold1168/X
 mprj/hold1169/X
 mprj/hold117/X
 mprj/hold1170/X
 mprj/hold1171/X
 mprj/hold1172/X
 mprj/hold1173/X
 mprj/hold1174/X
 mprj/hold1175/X
 mprj/hold1176/X
 mprj/hold1177/X
 mprj/hold1178/X
 mprj/hold1179/X
 mprj/hold118/X
 mprj/hold1180/X
 mprj/hold1181/X
 mprj/hold1182/X
 mprj/hold1183/X
 mprj/hold1184/X
 mprj/hold1185/X
 mprj/hold1186/X
 mprj/hold1187/X
 mprj/hold1188/X
 mprj/hold1189/X
 mprj/hold119/X
 mprj/hold1190/X
 mprj/hold1191/X
 mprj/hold1192/X
 mprj/hold1193/X
 mprj/hold1194/X
 mprj/hold1195/X
 mprj/hold1196/X
 mprj/hold1197/X
 mprj/hold1198/X
 mprj/hold1199/X
 mprj/hold120/X
 mprj/hold1200/X
 mprj/hold1201/X
 mprj/hold1202/X
 mprj/hold1203/X
 mprj/hold1204/X
 mprj/hold1205/X
 mprj/hold1206/X
 mprj/hold1207/X
 mprj/hold1208/X
 mprj/hold1209/X
 mprj/hold121/X
 mprj/hold1210/X
 mprj/hold1211/X
 mprj/hold1212/X
 mprj/hold1213/X
 mprj/hold1214/X
 mprj/hold1215/X
 mprj/hold1216/X
 mprj/hold1217/X
 mprj/hold1218/X
 mprj/hold1219/X
 mprj/hold122/X
 mprj/hold1220/X
 mprj/hold1221/X
 mprj/hold1222/X
 mprj/hold1223/X
 mprj/hold1224/X
 mprj/hold1225/X
 mprj/hold1226/X
 mprj/hold1227/X
 mprj/hold1228/X
 mprj/hold1229/X
 mprj/hold123/X
 mprj/hold1230/X
 mprj/hold1231/X
 mprj/hold1232/X
 mprj/hold1233/X
 mprj/hold1234/X
 mprj/hold1235/X
 mprj/hold1236/X
 mprj/hold1237/X
 mprj/hold1238/X
 mprj/hold1239/X
 mprj/hold124/X
 mprj/hold1240/X
 mprj/hold1241/X
 mprj/hold1242/X
 mprj/hold1243/X
 mprj/hold1244/X
 mprj/hold1245/X
 mprj/hold1246/X
 mprj/hold1247/X
 mprj/hold1248/X
 mprj/hold1249/X
 mprj/hold125/X
 mprj/hold1250/X
 mprj/hold1251/X
 mprj/hold1252/X
 mprj/hold1253/X
 mprj/hold1254/X
 mprj/hold1255/X
 mprj/hold1256/X
 mprj/hold1257/X
 mprj/hold1258/X
 mprj/hold1259/X
 mprj/hold126/X
 mprj/hold1260/X
 mprj/hold1261/X
 mprj/hold1262/X
 mprj/hold1263/X
 mprj/hold1264/X
 mprj/hold1265/X
 mprj/hold1266/X
 mprj/hold1267/X
 mprj/hold1268/X
 mprj/hold1269/X
 mprj/hold127/X
 mprj/hold1270/X
 mprj/hold1271/X
 mprj/hold1272/X
 mprj/hold1273/X
 mprj/hold1274/X
 mprj/hold1275/X
 mprj/hold1276/X
 mprj/hold1277/X
 mprj/hold1278/X
 mprj/hold1279/X
 mprj/hold128/X
 mprj/hold1280/X
 mprj/hold1281/X
 mprj/hold1282/X
 mprj/hold1283/X
 mprj/hold1284/X
 mprj/hold1285/X
 mprj/hold1286/X
 mprj/hold1287/X
 mprj/hold1288/X
 mprj/hold1289/X
 mprj/hold129/X
 mprj/hold1290/X
 mprj/hold1291/X
 mprj/hold1292/X
 mprj/hold1293/X
 mprj/hold1294/X
 mprj/hold1295/X
 mprj/hold1296/X
 mprj/hold1297/X
 mprj/hold1298/X
 mprj/hold1299/X
 mprj/hold130/X
 mprj/hold1300/X
 mprj/hold1301/X
 mprj/hold1302/X
 mprj/hold1303/X
 mprj/hold1304/X
 mprj/hold1305/X
 mprj/hold1306/X
 mprj/hold1307/X
 mprj/hold1308/X
 mprj/hold1309/X
 mprj/hold131/X
 mprj/hold1310/X
 mprj/hold1311/X
 mprj/hold1312/X
 mprj/hold1313/X
 mprj/hold1314/X
 mprj/hold1315/X
 mprj/hold1316/X
 mprj/hold1317/X
 mprj/hold1318/X
 mprj/hold1319/X
 mprj/hold132/X
 mprj/hold1320/X
 mprj/hold1321/X
 mprj/hold1322/X
 mprj/hold1323/X
 mprj/hold1324/X
 mprj/hold1325/X
 mprj/hold1326/X
 mprj/hold1327/X
 mprj/hold1328/X
 mprj/hold1329/X
 mprj/hold133/X
 mprj/hold1330/X
 mprj/hold1331/X
 mprj/hold1332/X
 mprj/hold1333/X
 mprj/hold1334/X
 mprj/hold1335/X
 mprj/hold1336/X
 mprj/hold1337/X
 mprj/hold1338/X
 mprj/hold1339/X
 mprj/hold134/X
 mprj/hold1340/X
 mprj/hold1341/X
 mprj/hold1342/X
 mprj/hold1343/X
 mprj/hold1344/X
 mprj/hold1345/X
 mprj/hold1346/X
 mprj/hold1347/X
 mprj/hold1348/X
 mprj/hold1349/X
 mprj/hold135/X
 mprj/hold1350/X
 mprj/hold1351/X
 mprj/hold1352/X
 mprj/hold1353/X
 mprj/hold1354/X
 mprj/hold1355/X
 mprj/hold1356/X
 mprj/hold1357/X
 mprj/hold1358/X
 mprj/hold1359/X
 mprj/hold136/X
 mprj/hold1360/X
 mprj/hold1361/X
 mprj/hold1362/X
 mprj/hold1363/X
 mprj/hold1364/X
 mprj/hold1365/X
 mprj/hold1366/X
 mprj/hold1367/X
 mprj/hold1368/X
 mprj/hold1369/X
 mprj/hold137/X
 mprj/hold1370/X
 mprj/hold1371/X
 mprj/hold1372/X
 mprj/hold1373/X
 mprj/hold1374/X
 mprj/hold1375/X
 mprj/hold1376/X
 mprj/hold1377/X
 mprj/hold1378/X
 mprj/hold1379/X
 mprj/hold138/X
 mprj/hold1380/X
 mprj/hold1381/X
 mprj/hold1382/X
 mprj/hold1383/X
 mprj/hold1384/X
 mprj/hold1385/X
 mprj/hold1386/X
 mprj/hold1387/X
 mprj/hold1388/X
 mprj/hold1389/X
 mprj/hold139/X
 mprj/hold1390/X
 mprj/hold1391/X
 mprj/hold1392/X
 mprj/hold1393/X
 mprj/hold1394/X
 mprj/hold1395/X
 mprj/hold1396/X
 mprj/hold1397/X
 mprj/hold1398/X
 mprj/hold1399/X
 mprj/hold140/X
 mprj/hold1400/X
 mprj/hold1401/X
 mprj/hold1402/X
 mprj/hold1403/X
 mprj/hold1404/X
 mprj/hold1405/X
 mprj/hold1406/X
 mprj/hold1407/X
 mprj/hold1408/X
 mprj/hold1409/X
 mprj/hold141/X
 mprj/hold1410/X
 mprj/hold1411/X
 mprj/hold1412/X
 mprj/hold1413/X
 mprj/hold1414/X
 mprj/hold1415/X
 mprj/hold1416/X
 mprj/hold1417/X
 mprj/hold1418/X
 mprj/hold1419/X
 mprj/hold142/X
 mprj/hold1420/X
 mprj/hold1421/X
 mprj/hold1422/X
 mprj/hold1423/X
 mprj/hold1424/X
 mprj/hold1425/X
 mprj/hold1426/X
 mprj/hold1427/X
 mprj/hold1428/X
 mprj/hold1429/X
 mprj/hold143/X
 mprj/hold1430/X
 mprj/hold1431/X
 mprj/hold1432/X
 mprj/hold1433/X
 mprj/hold1434/X
 mprj/hold1435/X
 mprj/hold1436/X
 mprj/hold1437/X
 mprj/hold1438/X
 mprj/hold1439/X
 mprj/hold144/X
 mprj/hold1440/X
 mprj/hold1441/X
 mprj/hold1442/X
 mprj/hold1443/X
 mprj/hold1444/X
 mprj/hold1445/X
 mprj/hold1446/X
 mprj/hold1447/X
 mprj/hold1448/X
 mprj/hold1449/X
 mprj/hold145/X
 mprj/hold1450/X
 mprj/hold1451/X
 mprj/hold1452/X
 mprj/hold1453/X
 mprj/hold1454/X
 mprj/hold1455/X
 mprj/hold1456/X
 mprj/hold1457/X
 mprj/hold1458/X
 mprj/hold1459/X
 mprj/hold146/X
 mprj/hold1460/X
 mprj/hold1461/X
 mprj/hold1462/X
 mprj/hold1463/X
 mprj/hold1464/X
 mprj/hold1465/X
 mprj/hold1466/X
 mprj/hold1467/X
 mprj/hold1468/X
 mprj/hold1469/X
 mprj/hold147/X
 mprj/hold1470/X
 mprj/hold1471/X
 mprj/hold1472/X
 mprj/hold1473/X
 mprj/hold1474/X
 mprj/hold1475/X
 mprj/hold1476/X
 mprj/hold1477/X
 mprj/hold1478/X
 mprj/hold1479/X
 mprj/hold148/X
 mprj/hold1480/X
 mprj/hold1481/X
 mprj/hold1482/X
 mprj/hold1483/X
 mprj/hold1484/X
 mprj/hold1485/X
 mprj/hold1486/X
 mprj/hold1487/X
 mprj/hold1488/X
 mprj/hold1489/X
 mprj/hold149/X
 mprj/hold1490/X
 mprj/hold1491/X
 mprj/hold1492/X
 mprj/hold1493/X
 mprj/hold1494/X
 mprj/hold1495/X
 mprj/hold1496/X
 mprj/hold1497/X
 mprj/hold1498/X
 mprj/hold1499/X
 mprj/hold150/X
 mprj/hold1500/X
 mprj/hold1501/X
 mprj/hold1502/X
 mprj/hold1503/X
 mprj/hold1504/X
 mprj/hold1505/X
 mprj/hold1506/X
 mprj/hold1507/X
 mprj/hold1508/X
 mprj/hold1509/X
 mprj/hold151/X
 mprj/hold1510/X
 mprj/hold1511/X
 mprj/hold1512/X
 mprj/hold1513/X
 mprj/hold1514/X
 mprj/hold1515/X
 mprj/hold1516/X
 mprj/hold1517/X
 mprj/hold1518/X
 mprj/hold1519/X
 mprj/hold152/X
 mprj/hold1520/X
 mprj/hold1521/X
 mprj/hold1522/X
 mprj/hold1523/X
 mprj/hold1524/X
 mprj/hold1525/X
 mprj/hold1526/X
 mprj/hold1527/X
 mprj/hold1528/X
 mprj/hold1529/X
 mprj/hold153/X
 mprj/hold1530/X
 mprj/hold1531/X
 mprj/hold1532/X
 mprj/hold1533/X
 mprj/hold1534/X
 mprj/hold1535/X
 mprj/hold1536/X
 mprj/hold1537/X
 mprj/hold1538/X
 mprj/hold1539/X
 mprj/hold154/X
 mprj/hold1540/X
 mprj/hold1541/X
 mprj/hold1542/X
 mprj/hold1543/X
 mprj/hold1544/X
 mprj/hold1545/X
 mprj/hold1546/X
 mprj/hold1547/X
 mprj/hold1548/X
 mprj/hold1549/X
 mprj/hold155/X
 mprj/hold1550/X
 mprj/hold1551/X
 mprj/hold1552/X
 mprj/hold1553/X
 mprj/hold1554/X
 mprj/hold1555/X
 mprj/hold1556/X
 mprj/hold1557/X
 mprj/hold1558/X
 mprj/hold1559/X
 mprj/hold156/X
 mprj/hold1560/X
 mprj/hold1561/X
 mprj/hold1562/X
 mprj/hold1563/X
 mprj/hold1564/X
 mprj/hold1565/X
 mprj/hold1566/X
 mprj/hold1567/X
 mprj/hold1568/X
 mprj/hold1569/X
 mprj/hold157/X
 mprj/hold1570/X
 mprj/hold1571/X
 mprj/hold1572/X
 mprj/hold1573/X
 mprj/hold1574/X
 mprj/hold1575/X
 mprj/hold1576/X
 mprj/hold1577/X
 mprj/hold1578/X
 mprj/hold1579/X
 mprj/hold158/X
 mprj/hold1580/X
 mprj/hold1581/X
 mprj/hold1582/X
 mprj/hold1583/X
 mprj/hold1584/X
 mprj/hold1585/X
 mprj/hold1586/X
 mprj/hold1587/X
 mprj/hold1588/X
 mprj/hold1589/X
 mprj/hold159/X
 mprj/hold1590/X
 mprj/hold1591/X
 mprj/hold1592/X
 mprj/hold1593/X
 mprj/hold1594/X
 mprj/hold1595/X
 mprj/hold1596/X
 mprj/hold1597/X
 mprj/hold1598/X
 mprj/hold1599/X
 mprj/hold160/X
 mprj/hold1600/X
 mprj/hold1601/X
 mprj/hold1602/X
 mprj/hold1603/X
 mprj/hold1604/X
 mprj/hold1605/X
 mprj/hold1606/X
 mprj/hold1607/X
 mprj/hold1608/X
 mprj/hold1609/X
 mprj/hold161/X
 mprj/hold1610/X
 mprj/hold1611/X
 mprj/hold1612/X
 mprj/hold1613/X
 mprj/hold1614/X
 mprj/hold1615/X
 mprj/hold1616/X
 mprj/hold1617/X
 mprj/hold1618/X
 mprj/hold1619/X
 mprj/hold162/X
 mprj/hold1620/X
 mprj/hold1621/X
 mprj/hold1622/X
 mprj/hold1623/X
 mprj/hold1624/X
 mprj/hold1625/X
 mprj/hold1626/X
 mprj/hold1627/X
 mprj/hold1628/X
 mprj/hold1629/X
 mprj/hold163/X
 mprj/hold1630/X
 mprj/hold1631/X
 mprj/hold1632/X
 mprj/hold1633/X
 mprj/hold1634/X
 mprj/hold1635/X
 mprj/hold1636/X
 mprj/hold1637/X
 mprj/hold1638/X
 mprj/hold1639/X
 mprj/hold164/X
 mprj/hold1640/X
 mprj/hold1641/X
 mprj/hold1642/X
 mprj/hold1643/X
 mprj/hold1644/X
 mprj/hold1645/X
 mprj/hold1646/X
 mprj/hold1647/X
 mprj/hold1648/X
 mprj/hold1649/X
 mprj/hold165/X
 mprj/hold1650/X
 mprj/hold1651/X
 mprj/hold1652/X
 mprj/hold1653/X
 mprj/hold1654/X
 mprj/hold1655/X
 mprj/hold1656/X
 mprj/hold1657/X
 mprj/hold1658/X
 mprj/hold1659/X
 mprj/hold166/X
 mprj/hold1660/X
 mprj/hold1661/X
 mprj/hold1662/X
 mprj/hold1663/X
 mprj/hold1664/X
 mprj/hold1665/X
 mprj/hold1666/X
 mprj/hold1667/X
 mprj/hold1668/X
 mprj/hold1669/X
 mprj/hold167/X
 mprj/hold1670/X
 mprj/hold1671/X
 mprj/hold1672/X
 mprj/hold1673/X
 mprj/hold1674/X
 mprj/hold1675/X
 mprj/hold1676/X
 mprj/hold1677/X
 mprj/hold1678/X
 mprj/hold1679/X
 mprj/hold168/X
 mprj/hold1680/X
 mprj/hold1681/X
 mprj/hold1682/X
 mprj/hold1683/X
 mprj/hold1684/X
 mprj/hold1685/X
 mprj/hold1686/X
 mprj/hold1687/X
 mprj/hold1688/X
 mprj/hold1689/X
 mprj/hold169/X
 mprj/hold1690/X
 mprj/hold1691/X
 mprj/hold1692/X
 mprj/hold1693/X
 mprj/hold1694/X
 mprj/hold1695/X
 mprj/hold1696/X
 mprj/hold1697/X
 mprj/hold1698/X
 mprj/hold1699/X
 mprj/hold170/X
 mprj/hold1700/X
 mprj/hold1701/X
 mprj/hold1702/X
 mprj/hold1703/X
 mprj/hold1704/X
 mprj/hold1705/X
 mprj/hold1706/X
 mprj/hold1707/X
 mprj/hold1708/X
 mprj/hold1709/X
 mprj/hold171/X
 mprj/hold1710/X
 mprj/hold1711/X
 mprj/hold1712/X
 mprj/hold1713/X
 mprj/hold1714/X
 mprj/hold1715/X
 mprj/hold1716/X
 mprj/hold1717/X
 mprj/hold1718/X
 mprj/hold1719/X
 mprj/hold172/X
 mprj/hold1720/X
 mprj/hold1721/X
 mprj/hold1722/X
 mprj/hold1723/X
 mprj/hold1724/X
 mprj/hold1725/X
 mprj/hold1726/X
 mprj/hold1727/X
 mprj/hold1728/X
 mprj/hold1729/X
 mprj/hold173/X
 mprj/hold1730/X
 mprj/hold1731/X
 mprj/hold1732/X
 mprj/hold1733/X
 mprj/hold1734/X
 mprj/hold1735/X
 mprj/hold1736/X
 mprj/hold1737/X
 mprj/hold1738/X
 mprj/hold1739/X
 mprj/hold174/X
 mprj/hold1740/X
 mprj/hold1741/X
 mprj/hold1742/X
 mprj/hold1743/X
 mprj/hold1744/X
 mprj/hold1745/X
 mprj/hold1746/X
 mprj/hold1747/X
 mprj/hold1748/X
 mprj/hold1749/X
 mprj/hold175/X
 mprj/hold1750/X
 mprj/hold1751/X
 mprj/hold1752/X
 mprj/hold1753/X
 mprj/hold1754/X
 mprj/hold1755/X
 mprj/hold1756/X
 mprj/hold1757/X
 mprj/hold1758/X
 mprj/hold1759/X
 mprj/hold176/X
 mprj/hold1760/X
 mprj/hold1761/X
 mprj/hold1762/X
 mprj/hold1763/X
 mprj/hold1764/X
 mprj/hold1765/X
 mprj/hold1766/X
 mprj/hold1767/X
 mprj/hold1768/X
 mprj/hold1769/X
 mprj/hold177/X
 mprj/hold1770/X
 mprj/hold1771/X
 mprj/hold1772/X
 mprj/hold1773/X
 mprj/hold1774/X
 mprj/hold1775/X
 mprj/hold1776/X
 mprj/hold1777/X
 mprj/hold1778/X
 mprj/hold1779/X
 mprj/hold178/X
 mprj/hold1780/X
 mprj/hold1781/X
 mprj/hold1782/X
 mprj/hold1783/X
 mprj/hold1784/X
 mprj/hold1785/X
 mprj/hold1786/X
 mprj/hold1787/X
 mprj/hold1788/X
 mprj/hold1789/X
 mprj/hold179/X
 mprj/hold1790/X
 mprj/hold1791/X
 mprj/hold1792/X
 mprj/hold1793/X
 mprj/hold1794/X
 mprj/hold1795/X
 mprj/hold1796/X
 mprj/hold1797/X
 mprj/hold1798/X
 mprj/hold1799/X
 mprj/hold180/X
 mprj/hold1800/X
 mprj/hold1801/X
 mprj/hold1802/X
 mprj/hold1803/X
 mprj/hold1804/X
 mprj/hold1805/X
 mprj/hold1806/X
 mprj/hold1807/X
 mprj/hold1808/X
 mprj/hold1809/X
 mprj/hold181/X
 mprj/hold1810/X
 mprj/hold1811/X
 mprj/hold1812/X
 mprj/hold1813/X
 mprj/hold1814/X
 mprj/hold1815/X
 mprj/hold1816/X
 mprj/hold1817/X
 mprj/hold1818/X
 mprj/hold1819/X
 mprj/hold182/X
 mprj/hold1820/X
 mprj/hold1821/X
 mprj/hold1822/X
 mprj/hold1823/X
 mprj/hold1824/X
 mprj/hold1825/X
 mprj/hold1826/X
 mprj/hold1827/X
 mprj/hold1828/X
 mprj/hold1829/X
 mprj/hold183/X
 mprj/hold1830/X
 mprj/hold1831/X
 mprj/hold1832/X
 mprj/hold1833/X
 mprj/hold1834/X
 mprj/hold1835/X
 mprj/hold1836/X
 mprj/hold1837/X
 mprj/hold1838/X
 mprj/hold1839/X
 mprj/hold184/X
 mprj/hold1840/X
 mprj/hold1841/X
 mprj/hold1842/X
 mprj/hold1843/X
 mprj/hold1844/X
 mprj/hold1845/X
 mprj/hold1846/X
 mprj/hold1847/X
 mprj/hold1848/X
 mprj/hold1849/X
 mprj/hold185/X
 mprj/hold1850/X
 mprj/hold1851/X
 mprj/hold1852/X
 mprj/hold1853/X
 mprj/hold1854/X
 mprj/hold1855/X
 mprj/hold1856/X
 mprj/hold1857/X
 mprj/hold1858/X
 mprj/hold1859/X
 mprj/hold186/X
 mprj/hold1860/X
 mprj/hold1861/X
 mprj/hold1862/X
 mprj/hold1863/X
 mprj/hold1864/X
 mprj/hold1865/X
 mprj/hold1866/X
 mprj/hold1867/X
 mprj/hold1868/X
 mprj/hold1869/X
 mprj/hold187/X
 mprj/hold1870/X
 mprj/hold1871/X
 mprj/hold1872/X
 mprj/hold1873/X
 mprj/hold1874/X
 mprj/hold1875/X
 mprj/hold1876/X
 mprj/hold1877/X
 mprj/hold1878/X
 mprj/hold1879/X
 mprj/hold188/X
 mprj/hold1880/X
 mprj/hold1881/X
 mprj/hold1882/X
 mprj/hold1883/X
 mprj/hold1884/X
 mprj/hold1885/X
 mprj/hold1886/X
 mprj/hold1887/X
 mprj/hold1888/X
 mprj/hold1889/X
 mprj/hold189/X
 mprj/hold1890/X
 mprj/hold1891/X
 mprj/hold1892/X
 mprj/hold1893/X
 mprj/hold1894/X
 mprj/hold1895/X
 mprj/hold1896/X
 mprj/hold1897/X
 mprj/hold1898/X
 mprj/hold1899/X
 mprj/hold190/X
 mprj/hold1900/X
 mprj/hold1901/X
 mprj/hold1902/X
 mprj/hold1903/X
 mprj/hold1904/X
 mprj/hold1905/X
 mprj/hold1906/X
 mprj/hold1907/X
 mprj/hold1908/X
 mprj/hold1909/X
 mprj/hold191/X
 mprj/hold1910/X
 mprj/hold1911/X
 mprj/hold1912/X
 mprj/hold1913/X
 mprj/hold1914/X
 mprj/hold1915/X
 mprj/hold1916/X
 mprj/hold1917/X
 mprj/hold1918/X
 mprj/hold1919/X
 mprj/hold192/X
 mprj/hold1920/X
 mprj/hold1921/X
 mprj/hold1922/X
 mprj/hold1923/X
 mprj/hold1924/X
 mprj/hold1925/X
 mprj/hold1926/X
 mprj/hold1927/X
 mprj/hold1928/X
 mprj/hold1929/X
 mprj/hold193/X
 mprj/hold1930/X
 mprj/hold1931/X
 mprj/hold1932/X
 mprj/hold1933/X
 mprj/hold1934/X
 mprj/hold1935/X
 mprj/hold1936/X
 mprj/hold1937/X
 mprj/hold1938/X
 mprj/hold1939/X
 mprj/hold194/X
 mprj/hold1940/X
 mprj/hold1941/X
 mprj/hold1942/X
 mprj/hold1943/X
 mprj/hold1944/X
 mprj/hold1945/X
 mprj/hold1946/X
 mprj/hold1947/X
 mprj/hold1948/X
 mprj/hold1949/X
 mprj/hold195/X
 mprj/hold1950/X
 mprj/hold1951/X
 mprj/hold1952/X
 mprj/hold1953/X
 mprj/hold1954/X
 mprj/hold1955/X
 mprj/hold1956/X
 mprj/hold1957/X
 mprj/hold1958/X
 mprj/hold1959/X
 mprj/hold196/X
 mprj/hold1960/X
 mprj/hold1961/X
 mprj/hold1962/X
 mprj/hold1963/X
 mprj/hold1964/X
 mprj/hold1965/X
 mprj/hold1966/X
 mprj/hold1967/X
 mprj/hold1968/X
 mprj/hold1969/X
 mprj/hold197/X
 mprj/hold1970/X
 mprj/hold1971/X
 mprj/hold1972/X
 mprj/hold1973/X
 mprj/hold1974/X
 mprj/hold1975/X
 mprj/hold1976/X
 mprj/hold1977/X
 mprj/hold1978/X
 mprj/hold1979/X
 mprj/hold198/X
 mprj/hold1980/X
 mprj/hold1981/X
 mprj/hold1982/X
 mprj/hold1983/X
 mprj/hold1984/X
 mprj/hold1985/X
 mprj/hold1986/X
 mprj/hold1987/X
 mprj/hold1988/X
 mprj/hold1989/X
 mprj/hold199/X
 mprj/hold1990/X
 mprj/hold1991/X
 mprj/hold1992/X
 mprj/hold1993/X
 mprj/hold1994/X
 mprj/hold1995/X
 mprj/hold1996/X
 mprj/hold1997/X
 mprj/hold1998/X
 mprj/hold1999/X
 mprj/hold200/X
 mprj/hold2000/X
 mprj/hold2001/X
 mprj/hold2002/X
 mprj/hold2003/X
 mprj/hold2004/X
 mprj/hold2005/X
 mprj/hold2006/X
 mprj/hold2007/X
 mprj/hold2008/X
 mprj/hold2009/X
 mprj/hold201/X
 mprj/hold2010/X
 mprj/hold2011/X
 mprj/hold2012/X
 mprj/hold2013/X
 mprj/hold2014/X
 mprj/hold2015/X
 mprj/hold2016/X
 mprj/hold2017/X
 mprj/hold2018/X
 mprj/hold2019/X
 mprj/hold202/X
 mprj/hold2020/X
 mprj/hold2021/X
 mprj/hold2022/X
 mprj/hold2023/X
 mprj/hold2024/X
 mprj/hold2025/X
 mprj/hold2026/X
 mprj/hold2027/X
 mprj/hold2028/X
 mprj/hold2029/X
 mprj/hold203/X
 mprj/hold2030/X
 mprj/hold2031/X
 mprj/hold2032/X
 mprj/hold2033/X
 mprj/hold2034/X
 mprj/hold2035/X
 mprj/hold2036/X
 mprj/hold2037/X
 mprj/hold2038/X
 mprj/hold2039/X
 mprj/hold204/X
 mprj/hold2040/X
 mprj/hold2041/X
 mprj/hold2042/X
 mprj/hold2043/X
 mprj/hold2044/X
 mprj/hold2045/X
 mprj/hold2046/X
 mprj/hold2047/X
 mprj/hold2048/X
 mprj/hold2049/X
 mprj/hold205/X
 mprj/hold2050/X
 mprj/hold2051/X
 mprj/hold2052/X
 mprj/hold2053/X
 mprj/hold2054/X
 mprj/hold2055/X
 mprj/hold2056/X
 mprj/hold2057/X
 mprj/hold2058/X
 mprj/hold2059/X
 mprj/hold206/X
 mprj/hold2060/X
 mprj/hold2061/X
 mprj/hold2062/X
 mprj/hold2063/X
 mprj/hold2064/X
 mprj/hold2065/X
 mprj/hold2066/X
 mprj/hold2067/X
 mprj/hold2068/X
 mprj/hold2069/X
 mprj/hold207/X
 mprj/hold2070/X
 mprj/hold2071/X
 mprj/hold2072/X
 mprj/hold2073/X
 mprj/hold2074/X
 mprj/hold2075/X
 mprj/hold2076/X
 mprj/hold2077/X
 mprj/hold2078/X
 mprj/hold2079/X
 mprj/hold208/X
 mprj/hold2080/X
 mprj/hold2081/X
 mprj/hold2082/X
 mprj/hold2083/X
 mprj/hold2084/X
 mprj/hold2085/X
 mprj/hold2086/X
 mprj/hold2087/X
 mprj/hold2088/X
 mprj/hold2089/X
 mprj/hold209/X
 mprj/hold2090/X
 mprj/hold2091/X
 mprj/hold2092/X
 mprj/hold2093/X
 mprj/hold2094/X
 mprj/hold2095/X
 mprj/hold2096/X
 mprj/hold2097/X
 mprj/hold2098/X
 mprj/hold2099/X
 mprj/hold210/X
 mprj/hold2100/X
 mprj/hold2101/X
 mprj/hold2102/X
 mprj/hold2103/X
 mprj/hold2104/X
 mprj/hold2105/X
 mprj/hold2106/X
 mprj/hold2107/X
 mprj/hold2108/X
 mprj/hold2109/X
 mprj/hold211/X
 mprj/hold2110/X
 mprj/hold2111/X
 mprj/hold2112/X
 mprj/hold2113/X
 mprj/hold2114/X
 mprj/hold2115/X
 mprj/hold2116/X
 mprj/hold2117/X
 mprj/hold2118/X
 mprj/hold2119/X
 mprj/hold212/X
 mprj/hold2120/X
 mprj/hold2121/X
 mprj/hold2122/X
 mprj/hold2123/X
 mprj/hold2124/X
 mprj/hold2125/X
 mprj/hold2126/X
 mprj/hold2127/X
 mprj/hold2128/X
 mprj/hold2129/X
 mprj/hold213/X
 mprj/hold2130/X
 mprj/hold2131/X
 mprj/hold2132/X
 mprj/hold2133/X
 mprj/hold2134/X
 mprj/hold2135/X
 mprj/hold2136/X
 mprj/hold2137/X
 mprj/hold2138/X
 mprj/hold2139/X
 mprj/hold214/X
 mprj/hold2140/X
 mprj/hold2141/X
 mprj/hold2142/X
 mprj/hold2143/X
 mprj/hold2144/X
 mprj/hold2145/X
 mprj/hold2146/X
 mprj/hold2147/X
 mprj/hold2148/X
 mprj/hold2149/X
 mprj/hold215/X
 mprj/hold2150/X
 mprj/hold2151/X
 mprj/hold2152/X
 mprj/hold2153/X
 mprj/hold2154/X
 mprj/hold2155/X
 mprj/hold2156/X
 mprj/hold2157/X
 mprj/hold2158/X
 mprj/hold2159/X
 mprj/hold216/X
 mprj/hold2160/X
 mprj/hold2161/X
 mprj/hold2162/X
 mprj/hold2163/X
 mprj/hold2164/X
 mprj/hold2165/X
 mprj/hold2166/X
 mprj/hold2167/X
 mprj/hold2168/X
 mprj/hold2169/X
 mprj/hold217/X
 mprj/hold2170/X
 mprj/hold2171/X
 mprj/hold2172/X
 mprj/hold2173/X
 mprj/hold2174/X
 mprj/hold2175/X
 mprj/hold2176/X
 mprj/hold2177/X
 mprj/hold2178/X
 mprj/hold2179/X
 mprj/hold218/X
 mprj/hold2180/X
 mprj/hold2181/X
 mprj/hold2182/X
 mprj/hold2183/X
 mprj/hold2184/X
 mprj/hold2185/X
 mprj/hold2186/X
 mprj/hold2187/X
 mprj/hold2188/X
 mprj/hold2189/X
 mprj/hold219/X
 mprj/hold2190/X
 mprj/hold2191/X
 mprj/hold2192/X
 mprj/hold2193/X
 mprj/hold2194/X
 mprj/hold2195/X
 mprj/hold2196/X
 mprj/hold2197/X
 mprj/hold2198/X
 mprj/hold2199/X
 mprj/hold220/X
 mprj/hold2200/X
 mprj/hold2201/X
 mprj/hold2202/X
 mprj/hold2203/X
 mprj/hold2204/X
 mprj/hold2205/X
 mprj/hold2206/X
 mprj/hold2207/X
 mprj/hold2208/X
 mprj/hold2209/X
 mprj/hold221/X
 mprj/hold2210/X
 mprj/hold2211/X
 mprj/hold2212/X
 mprj/hold2213/X
 mprj/hold2214/X
 mprj/hold2215/X
 mprj/hold2216/X
 mprj/hold2217/X
 mprj/hold2218/X
 mprj/hold2219/X
 mprj/hold222/X
 mprj/hold2220/X
 mprj/hold2221/X
 mprj/hold2222/X
 mprj/hold2223/X
 mprj/hold2224/X
 mprj/hold2225/X
 mprj/hold2226/X
 mprj/hold2227/X
 mprj/hold2228/X
 mprj/hold2229/X
 mprj/hold223/X
 mprj/hold2230/X
 mprj/hold2231/X
 mprj/hold2232/X
 mprj/hold2233/X
 mprj/hold2234/X
 mprj/hold2235/X
 mprj/hold2236/X
 mprj/hold2237/X
 mprj/hold2238/X
 mprj/hold2239/X
 mprj/hold224/X
 mprj/hold2240/X
 mprj/hold2241/X
 mprj/hold2242/X
 mprj/hold2243/X
 mprj/hold2244/X
 mprj/hold2245/X
 mprj/hold2246/X
 mprj/hold2247/X
 mprj/hold2248/X
 mprj/hold2249/X
 mprj/hold225/X
 mprj/hold2250/X
 mprj/hold2251/X
 mprj/hold2252/X
 mprj/hold2253/X
 mprj/hold2254/X
 mprj/hold2255/X
 mprj/hold2256/X
 mprj/hold2257/X
 mprj/hold2258/X
 mprj/hold2259/X
 mprj/hold226/X
 mprj/hold2260/X
 mprj/hold2261/X
 mprj/hold2262/X
 mprj/hold2263/X
 mprj/hold2264/X
 mprj/hold2265/X
 mprj/hold2266/X
 mprj/hold2267/X
 mprj/hold2268/X
 mprj/hold2269/X
 mprj/hold227/X
 mprj/hold2270/X
 mprj/hold2271/X
 mprj/hold2272/X
 mprj/hold2273/X
 mprj/hold2274/X
 mprj/hold2275/X
 mprj/hold2276/X
 mprj/hold2277/X
 mprj/hold2278/X
 mprj/hold2279/X
 mprj/hold228/X
 mprj/hold2280/X
 mprj/hold2281/X
 mprj/hold2282/X
 mprj/hold2283/X
 mprj/hold2284/X
 mprj/hold2285/X
 mprj/hold2286/X
 mprj/hold2287/X
 mprj/hold2288/X
 mprj/hold2289/X
 mprj/hold229/X
 mprj/hold2290/X
 mprj/hold2291/X
 mprj/hold2292/X
 mprj/hold2293/X
 mprj/hold2294/X
 mprj/hold2295/X
 mprj/hold2296/X
 mprj/hold2297/X
 mprj/hold2298/X
 mprj/hold2299/X
 mprj/hold230/X
 mprj/hold2300/X
 mprj/hold2301/X
 mprj/hold2302/X
 mprj/hold2303/X
 mprj/hold2304/X
 mprj/hold2305/X
 mprj/hold2306/X
 mprj/hold2307/X
 mprj/hold2308/X
 mprj/hold2309/X
 mprj/hold231/X
 mprj/hold2310/X
 mprj/hold2311/X
 mprj/hold2312/X
 mprj/hold2313/X
 mprj/hold2314/X
 mprj/hold2315/X
 mprj/hold2316/X
 mprj/hold2317/X
 mprj/hold2318/X
 mprj/hold2319/X
 mprj/hold232/X
 mprj/hold2320/X
 mprj/hold2321/X
 mprj/hold2322/X
 mprj/hold2323/X
 mprj/hold2324/X
 mprj/hold2325/X
 mprj/hold2326/X
 mprj/hold2327/X
 mprj/hold2328/X
 mprj/hold2329/X
 mprj/hold233/X
 mprj/hold2330/X
 mprj/hold2331/X
 mprj/hold2332/X
 mprj/hold2333/X
 mprj/hold2334/X
 mprj/hold2335/X
 mprj/hold2336/X
 mprj/hold2337/X
 mprj/hold2338/X
 mprj/hold2339/X
 mprj/hold234/X
 mprj/hold2340/X
 mprj/hold2341/X
 mprj/hold2342/X
 mprj/hold2343/X
 mprj/hold2344/X
 mprj/hold2345/X
 mprj/hold2346/X
 mprj/hold2347/X
 mprj/hold2348/X
 mprj/hold2349/X
 mprj/hold235/X
 mprj/hold2350/X
 mprj/hold2351/X
 mprj/hold2352/X
 mprj/hold2353/X
 mprj/hold2354/X
 mprj/hold2355/X
 mprj/hold2356/X
 mprj/hold2357/X
 mprj/hold2358/X
 mprj/hold2359/X
 mprj/hold236/X
 mprj/hold2360/X
 mprj/hold2361/X
 mprj/hold2362/X
 mprj/hold2363/X
 mprj/hold2364/X
 mprj/hold2365/X
 mprj/hold2366/X
 mprj/hold2367/X
 mprj/hold2368/X
 mprj/hold2369/X
 mprj/hold237/X
 mprj/hold2370/X
 mprj/hold2371/X
 mprj/hold2372/X
 mprj/hold2373/X
 mprj/hold2374/X
 mprj/hold2375/X
 mprj/hold2376/X
 mprj/hold2377/X
 mprj/hold2378/X
 mprj/hold2379/X
 mprj/hold238/X
 mprj/hold2380/X
 mprj/hold2381/X
 mprj/hold2382/X
 mprj/hold2383/X
 mprj/hold2384/X
 mprj/hold2385/X
 mprj/hold2386/X
 mprj/hold2387/X
 mprj/hold2388/X
 mprj/hold2389/X
 mprj/hold239/X
 mprj/hold2390/X
 mprj/hold2391/X
 mprj/hold2392/X
 mprj/hold2393/X
 mprj/hold2394/X
 mprj/hold2395/X
 mprj/hold2396/X
 mprj/hold2397/X
 mprj/hold2398/X
 mprj/hold2399/X
 mprj/hold240/X
 mprj/hold2400/X
 mprj/hold2401/X
 mprj/hold2402/X
 mprj/hold2403/X
 mprj/hold2404/X
 mprj/hold2405/X
 mprj/hold2406/X
 mprj/hold2407/X
 mprj/hold2408/X
 mprj/hold2409/X
 mprj/hold241/X
 mprj/hold2410/X
 mprj/hold2411/X
 mprj/hold2412/X
 mprj/hold2413/X
 mprj/hold2414/X
 mprj/hold2415/X
 mprj/hold2416/X
 mprj/hold2417/X
 mprj/hold2418/X
 mprj/hold2419/X
 mprj/hold242/X
 mprj/hold2420/X
 mprj/hold2421/X
 mprj/hold2422/X
 mprj/hold2423/X
 mprj/hold2424/X
 mprj/hold2425/X
 mprj/hold2426/X
 mprj/hold2427/X
 mprj/hold2428/X
 mprj/hold2429/X
 mprj/hold243/X
 mprj/hold2430/X
 mprj/hold2431/X
 mprj/hold2432/X
 mprj/hold2433/X
 mprj/hold2434/X
 mprj/hold2435/X
 mprj/hold2436/X
 mprj/hold2437/X
 mprj/hold2438/X
 mprj/hold2439/X
 mprj/hold244/X
 mprj/hold2440/X
 mprj/hold2441/X
 mprj/hold2442/X
 mprj/hold2443/X
 mprj/hold2444/X
 mprj/hold2445/X
 mprj/hold2446/X
 mprj/hold2447/X
 mprj/hold2448/X
 mprj/hold2449/X
 mprj/hold245/X
 mprj/hold2450/X
 mprj/hold2451/X
 mprj/hold2452/X
 mprj/hold2453/X
 mprj/hold2454/X
 mprj/hold2455/X
 mprj/hold2456/X
 mprj/hold2457/X
 mprj/hold2458/X
 mprj/hold2459/X
 mprj/hold246/X
 mprj/hold2460/X
 mprj/hold2461/X
 mprj/hold2462/X
 mprj/hold2463/X
 mprj/hold2464/X
 mprj/hold2465/X
 mprj/hold2466/X
 mprj/hold2467/X
 mprj/hold2468/X
 mprj/hold2469/X
 mprj/hold247/X
 mprj/hold2470/X
 mprj/hold2471/X
 mprj/hold2472/X
 mprj/hold2473/X
 mprj/hold2474/X
 mprj/hold2475/X
 mprj/hold2476/X
 mprj/hold2477/X
 mprj/hold2478/X
 mprj/hold2479/X
 mprj/hold248/X
 mprj/hold2480/X
 mprj/hold2481/X
 mprj/hold2482/X
 mprj/hold2483/X
 mprj/hold2484/X
 mprj/hold2485/X
 mprj/hold2486/X
 mprj/hold2487/X
 mprj/hold2488/X
 mprj/hold2489/X
 mprj/hold249/X
 mprj/hold2490/X
 mprj/hold2491/X
 mprj/hold2492/X
 mprj/hold2493/X
 mprj/hold2494/X
 mprj/hold2495/X
 mprj/hold2496/X
 mprj/hold2497/X
 mprj/hold2498/X
 mprj/hold2499/X
 mprj/hold250/X
 mprj/hold2500/X
 mprj/hold2501/X
 mprj/hold2502/X
 mprj/hold2503/X
 mprj/hold2504/X
 mprj/hold2505/X
 mprj/hold2506/X
 mprj/hold2507/X
 mprj/hold2508/X
 mprj/hold2509/X
 mprj/hold251/X
 mprj/hold2510/X
 mprj/hold2511/X
 mprj/hold2512/X
 mprj/hold2513/X
 mprj/hold2514/X
 mprj/hold2515/X
 mprj/hold2516/X
 mprj/hold2517/X
 mprj/hold2518/X
 mprj/hold2519/X
 mprj/hold252/X
 mprj/hold2520/X
 mprj/hold2521/X
 mprj/hold2522/X
 mprj/hold2523/X
 mprj/hold2524/X
 mprj/hold2525/X
 mprj/hold2526/X
 mprj/hold2527/X
 mprj/hold2528/X
 mprj/hold2529/X
 mprj/hold253/X
 mprj/hold2530/X
 mprj/hold2531/X
 mprj/hold2532/X
 mprj/hold2533/X
 mprj/hold2534/X
 mprj/hold2535/X
 mprj/hold2536/X
 mprj/hold2537/X
 mprj/hold2538/X
 mprj/hold2539/X
 mprj/hold254/X
 mprj/hold2540/X
 mprj/hold2541/X
 mprj/hold2542/X
 mprj/hold2543/X
 mprj/hold2544/X
 mprj/hold2545/X
 mprj/hold2546/X
 mprj/hold2547/X
 mprj/hold2548/X
 mprj/hold2549/X
 mprj/hold255/X
 mprj/hold2550/X
 mprj/hold2551/X
 mprj/hold2552/X
 mprj/hold2553/X
 mprj/hold2554/X
 mprj/hold2555/X
 mprj/hold2556/X
 mprj/hold2557/X
 mprj/hold2558/X
 mprj/hold2559/X
 mprj/hold256/X
 mprj/hold2560/X
 mprj/hold2561/X
 mprj/hold2562/X
 mprj/hold2563/X
 mprj/hold2564/X
 mprj/hold2565/X
 mprj/hold2566/X
 mprj/hold2567/X
 mprj/hold2568/X
 mprj/hold2569/X
 mprj/hold257/X
 mprj/hold2570/X
 mprj/hold2571/X
 mprj/hold2572/X
 mprj/hold2573/X
 mprj/hold2574/X
 mprj/hold2575/X
 mprj/hold2576/X
 mprj/hold2577/X
 mprj/hold2578/X
 mprj/hold2579/X
 mprj/hold258/X
 mprj/hold2580/X
 mprj/hold2581/X
 mprj/hold2582/X
 mprj/hold2583/X
 mprj/hold2584/X
 mprj/hold2585/X
 mprj/hold2586/X
 mprj/hold2587/X
 mprj/hold2588/X
 mprj/hold2589/X
 mprj/hold259/X
 mprj/hold2590/X
 mprj/hold2591/X
 mprj/hold2592/X
 mprj/hold2593/X
 mprj/hold2594/X
 mprj/hold2595/X
 mprj/hold2596/X
 mprj/hold2597/X
 mprj/hold2598/X
 mprj/hold2599/X
 mprj/hold260/X
 mprj/hold2600/X
 mprj/hold2601/X
 mprj/hold2602/X
 mprj/hold2603/X
 mprj/hold2604/X
 mprj/hold2605/X
 mprj/hold2606/X
 mprj/hold2607/X
 mprj/hold2608/X
 mprj/hold2609/X
 mprj/hold261/X
 mprj/hold2610/X
 mprj/hold2611/X
 mprj/hold2612/X
 mprj/hold2613/X
 mprj/hold2614/X
 mprj/hold2615/X
 mprj/hold2616/X
 mprj/hold2617/X
 mprj/hold2618/X
 mprj/hold2619/X
 mprj/hold262/X
 mprj/hold2620/X
 mprj/hold2621/X
 mprj/hold2622/X
 mprj/hold2623/X
 mprj/hold2624/X
 mprj/hold2625/X
 mprj/hold2626/X
 mprj/hold2627/X
 mprj/hold2628/X
 mprj/hold2629/X
 mprj/hold263/X
 mprj/hold2630/X
 mprj/hold2631/X
 mprj/hold2632/X
 mprj/hold2633/X
 mprj/hold2634/X
 mprj/hold2635/X
 mprj/hold2636/X
 mprj/hold2637/X
 mprj/hold2638/X
 mprj/hold2639/X
 mprj/hold264/X
 mprj/hold2640/X
 mprj/hold2641/X
 mprj/hold2642/X
 mprj/hold2643/X
 mprj/hold2644/X
 mprj/hold2645/X
 mprj/hold2646/X
 mprj/hold2647/X
 mprj/hold2648/X
 mprj/hold2649/X
 mprj/hold265/X
 mprj/hold2650/X
 mprj/hold2651/X
 mprj/hold2652/X
 mprj/hold2653/X
 mprj/hold2654/X
 mprj/hold2655/X
 mprj/hold2656/X
 mprj/hold2657/X
 mprj/hold2658/X
 mprj/hold2659/X
 mprj/hold266/X
 mprj/hold2660/X
 mprj/hold2661/X
 mprj/hold2662/X
 mprj/hold2663/X
 mprj/hold2664/X
 mprj/hold2665/X
 mprj/hold2666/X
 mprj/hold2667/X
 mprj/hold2668/X
 mprj/hold2669/X
 mprj/hold267/X
 mprj/hold2670/X
 mprj/hold2671/X
 mprj/hold2672/X
 mprj/hold2673/X
 mprj/hold2674/X
 mprj/hold2675/X
 mprj/hold2676/X
 mprj/hold2677/X
 mprj/hold2678/X
 mprj/hold2679/X
 mprj/hold268/X
 mprj/hold2680/X
 mprj/hold2681/X
 mprj/hold2682/X
 mprj/hold2683/X
 mprj/hold2684/X
 mprj/hold2685/X
 mprj/hold2686/X
 mprj/hold2687/X
 mprj/hold2688/X
 mprj/hold2689/X
 mprj/hold269/X
 mprj/hold2690/X
 mprj/hold2691/X
 mprj/hold2692/X
 mprj/hold2693/X
 mprj/hold2694/X
 mprj/hold2695/X
 mprj/hold2696/X
 mprj/hold2697/X
 mprj/hold2698/X
 mprj/hold2699/X
 mprj/hold270/X
 mprj/hold2700/X
 mprj/hold2701/X
 mprj/hold2702/X
 mprj/hold2703/X
 mprj/hold2704/X
 mprj/hold2705/X
 mprj/hold2706/X
 mprj/hold2707/X
 mprj/hold2708/X
 mprj/hold2709/X
 mprj/hold271/X
 mprj/hold2710/X
 mprj/hold2711/X
 mprj/hold2712/X
 mprj/hold2713/X
 mprj/hold2714/X
 mprj/hold2715/X
 mprj/hold2716/X
 mprj/hold2717/X
 mprj/hold2718/X
 mprj/hold2719/X
 mprj/hold272/X
 mprj/hold2720/X
 mprj/hold2721/X
 mprj/hold2722/X
 mprj/hold2723/X
 mprj/hold2724/X
 mprj/hold2725/X
 mprj/hold2726/X
 mprj/hold2727/X
 mprj/hold2728/X
 mprj/hold2729/X
 mprj/hold273/X
 mprj/hold2730/X
 mprj/hold2731/X
 mprj/hold2732/X
 mprj/hold2733/X
 mprj/hold2734/X
 mprj/hold2735/X
 mprj/hold2736/X
 mprj/hold2737/X
 mprj/hold2738/X
 mprj/hold2739/X
 mprj/hold274/X
 mprj/hold2740/X
 mprj/hold2741/X
 mprj/hold2742/X
 mprj/hold2743/X
 mprj/hold2744/X
 mprj/hold2745/X
 mprj/hold2746/X
 mprj/hold2747/X
 mprj/hold2748/X
 mprj/hold2749/X
 mprj/hold275/X
 mprj/hold2750/X
 mprj/hold2751/X
 mprj/hold2752/X
 mprj/hold2753/X
 mprj/hold2754/X
 mprj/hold2755/X
 mprj/hold2756/X
 mprj/hold2757/X
 mprj/hold2758/X
 mprj/hold2759/X
 mprj/hold276/X
 mprj/hold2760/X
 mprj/hold2761/X
 mprj/hold2762/X
 mprj/hold2763/X
 mprj/hold2764/X
 mprj/hold2765/X
 mprj/hold2766/X
 mprj/hold2767/X
 mprj/hold2768/X
 mprj/hold2769/X
 mprj/hold277/X
 mprj/hold2770/X
 mprj/hold2771/X
 mprj/hold2772/X
 mprj/hold2773/X
 mprj/hold2774/X
 mprj/hold2775/X
 mprj/hold2776/X
 mprj/hold2777/X
 mprj/hold2778/X
 mprj/hold2779/X
 mprj/hold278/X
 mprj/hold2780/X
 mprj/hold2781/X
 mprj/hold2782/X
 mprj/hold2783/X
 mprj/hold2784/X
 mprj/hold2785/X
 mprj/hold2786/X
 mprj/hold2787/X
 mprj/hold2788/X
 mprj/hold2789/X
 mprj/hold279/X
 mprj/hold2790/X
 mprj/hold2791/X
 mprj/hold2792/X
 mprj/hold2793/X
 mprj/hold2794/X
 mprj/hold2795/X
 mprj/hold2796/X
 mprj/hold2797/X
 mprj/hold2798/X
 mprj/hold2799/X
 mprj/hold280/X
 mprj/hold2800/X
 mprj/hold2801/X
 mprj/hold2802/X
 mprj/hold281/X
 mprj/hold282/X
 mprj/hold283/X
 mprj/hold284/X
 mprj/hold285/X
 mprj/hold286/X
 mprj/hold287/X
 mprj/hold288/X
 mprj/hold289/X
 mprj/hold290/X
 mprj/hold291/X
 mprj/hold292/X
 mprj/hold293/X
 mprj/hold294/X
 mprj/hold295/X
 mprj/hold296/X
 mprj/hold297/X
 mprj/hold298/X
 mprj/hold299/X
 mprj/hold300/X
 mprj/hold301/X
 mprj/hold302/X
 mprj/hold303/X
 mprj/hold304/X
 mprj/hold305/X
 mprj/hold306/X
 mprj/hold307/X
 mprj/hold308/X
 mprj/hold309/X
 mprj/hold310/X
 mprj/hold311/X
 mprj/hold312/X
 mprj/hold313/X
 mprj/hold314/X
 mprj/hold315/X
 mprj/hold316/X
 mprj/hold317/X
 mprj/hold318/X
 mprj/hold319/X
 mprj/hold320/X
 mprj/hold321/X
 mprj/hold322/X
 mprj/hold323/X
 mprj/hold324/X
 mprj/hold325/X
 mprj/hold326/X
 mprj/hold327/X
 mprj/hold328/X
 mprj/hold329/X
 mprj/hold330/X
 mprj/hold331/X
 mprj/hold332/X
 mprj/hold333/X
 mprj/hold334/X
 mprj/hold335/X
 mprj/hold336/X
 mprj/hold337/X
 mprj/hold338/X
 mprj/hold339/X
 mprj/hold340/X
 mprj/hold341/X
 mprj/hold342/X
 mprj/hold343/X
 mprj/hold344/X
 mprj/hold345/X
 mprj/hold346/X
 mprj/hold347/X
 mprj/hold348/X
 mprj/hold349/X
 mprj/hold350/X
 mprj/hold351/X
 mprj/hold352/X
 mprj/hold353/X
 mprj/hold354/X
 mprj/hold355/X
 mprj/hold356/X
 mprj/hold357/X
 mprj/hold358/X
 mprj/hold359/X
 mprj/hold360/X
 mprj/hold361/X
 mprj/hold362/X
 mprj/hold363/X
 mprj/hold364/X
 mprj/hold365/X
 mprj/hold366/X
 mprj/hold367/X
 mprj/hold368/X
 mprj/hold369/X
 mprj/hold370/X
 mprj/hold371/X
 mprj/hold372/X
 mprj/hold373/X
 mprj/hold374/X
 mprj/hold375/X
 mprj/hold376/X
 mprj/hold377/X
 mprj/hold378/X
 mprj/hold379/X
 mprj/hold380/X
 mprj/hold381/X
 mprj/hold382/X
 mprj/hold383/X
 mprj/hold384/X
 mprj/hold385/X
 mprj/hold386/X
 mprj/hold387/X
 mprj/hold388/X
 mprj/hold389/X
 mprj/hold390/X
 mprj/hold391/X
 mprj/hold392/X
 mprj/hold393/X
 mprj/hold394/X
 mprj/hold395/X
 mprj/hold396/X
 mprj/hold397/X
 mprj/hold398/X
 mprj/hold399/X
 mprj/hold400/X
 mprj/hold401/X
 mprj/hold402/X
 mprj/hold403/X
 mprj/hold404/X
 mprj/hold405/X
 mprj/hold406/X
 mprj/hold407/X
 mprj/hold408/X
 mprj/hold409/X
 mprj/hold410/X
 mprj/hold411/X
 mprj/hold412/X
 mprj/hold413/X
 mprj/hold414/X
 mprj/hold415/X
 mprj/hold416/X
 mprj/hold417/X
 mprj/hold418/X
 mprj/hold419/X
 mprj/hold420/X
 mprj/hold421/X
 mprj/hold422/X
 mprj/hold423/X
 mprj/hold424/X
 mprj/hold425/X
 mprj/hold426/X
 mprj/hold427/X
 mprj/hold428/X
 mprj/hold429/X
 mprj/hold430/X
 mprj/hold431/X
 mprj/hold432/X
 mprj/hold433/X
 mprj/hold434/X
 mprj/hold435/X
 mprj/hold436/X
 mprj/hold437/X
 mprj/hold438/X
 mprj/hold439/X
 mprj/hold440/X
 mprj/hold441/X
 mprj/hold442/X
 mprj/hold443/X
 mprj/hold444/X
 mprj/hold445/X
 mprj/hold446/X
 mprj/hold447/X
 mprj/hold448/X
 mprj/hold449/X
 mprj/hold450/X
 mprj/hold451/X
 mprj/hold452/X
 mprj/hold453/X
 mprj/hold454/X
 mprj/hold455/X
 mprj/hold456/X
 mprj/hold457/X
 mprj/hold458/X
 mprj/hold459/X
 mprj/hold460/X
 mprj/hold461/X
 mprj/hold462/X
 mprj/hold463/X
 mprj/hold464/X
 mprj/hold465/X
 mprj/hold466/X
 mprj/hold467/X
 mprj/hold468/X
 mprj/hold469/X
 mprj/hold470/X
 mprj/hold471/X
 mprj/hold472/X
 mprj/hold473/X
 mprj/hold474/X
 mprj/hold475/X
 mprj/hold476/X
 mprj/hold477/X
 mprj/hold478/X
 mprj/hold479/X
 mprj/hold480/X
 mprj/hold481/X
 mprj/hold482/X
 mprj/hold483/X
 mprj/hold484/X
 mprj/hold485/X
 mprj/hold486/X
 mprj/hold487/X
 mprj/hold488/X
 mprj/hold489/X
 mprj/hold490/X
 mprj/hold491/X
 mprj/hold492/X
 mprj/hold493/X
 mprj/hold494/X
 mprj/hold495/X
 mprj/hold496/X
 mprj/hold497/X
 mprj/hold498/X
 mprj/hold499/X
 mprj/hold500/X
 mprj/hold501/X
 mprj/hold502/X
 mprj/hold503/X
 mprj/hold504/X
 mprj/hold505/X
 mprj/hold506/X
 mprj/hold507/X
 mprj/hold508/X
 mprj/hold509/X
 mprj/hold510/X
 mprj/hold511/X
 mprj/hold512/X
 mprj/hold513/X
 mprj/hold514/X
 mprj/hold515/X
 mprj/hold516/X
 mprj/hold517/X
 mprj/hold518/X
 mprj/hold519/X
 mprj/hold520/X
 mprj/hold521/X
 mprj/hold522/X
 mprj/hold523/X
 mprj/hold524/X
 mprj/hold525/X
 mprj/hold526/X
 mprj/hold527/X
 mprj/hold528/X
 mprj/hold529/X
 mprj/hold530/X
 mprj/hold531/X
 mprj/hold532/X
 mprj/hold533/X
 mprj/hold534/X
 mprj/hold535/X
 mprj/hold536/X
 mprj/hold537/X
 mprj/hold538/X
 mprj/hold539/X
 mprj/hold540/X
 mprj/hold541/X
 mprj/hold542/X
 mprj/hold543/X
 mprj/hold544/X
 mprj/hold545/X
 mprj/hold546/X
 mprj/hold547/X
 mprj/hold548/X
 mprj/hold549/X
 mprj/hold550/X
 mprj/hold551/X
 mprj/hold552/X
 mprj/hold553/X
 mprj/hold554/X
 mprj/hold555/X
 mprj/hold556/X
 mprj/hold557/X
 mprj/hold558/X
 mprj/hold559/X
 mprj/hold560/X
 mprj/hold561/X
 mprj/hold562/X
 mprj/hold563/X
 mprj/hold564/X
 mprj/hold565/X
 mprj/hold566/X
 mprj/hold567/X
 mprj/hold568/X
 mprj/hold569/X
 mprj/hold570/X
 mprj/hold571/X
 mprj/hold572/X
 mprj/hold573/X
 mprj/hold574/X
 mprj/hold575/X
 mprj/hold576/X
 mprj/hold577/X
 mprj/hold578/X
 mprj/hold579/X
 mprj/hold580/X
 mprj/hold581/X
 mprj/hold582/X
 mprj/hold583/X
 mprj/hold584/X
 mprj/hold585/X
 mprj/hold586/X
 mprj/hold587/X
 mprj/hold588/X
 mprj/hold589/X
 mprj/hold590/X
 mprj/hold591/X
 mprj/hold592/X
 mprj/hold593/X
 mprj/hold594/X
 mprj/hold595/X
 mprj/hold596/X
 mprj/hold597/X
 mprj/hold598/X
 mprj/hold599/X
 mprj/hold600/X
 mprj/hold601/X
 mprj/hold602/X
 mprj/hold603/X
 mprj/hold604/X
 mprj/hold605/X
 mprj/hold606/X
 mprj/hold607/X
 mprj/hold608/X
 mprj/hold609/X
 mprj/hold610/X
 mprj/hold611/X
 mprj/hold612/X
 mprj/hold613/X
 mprj/hold614/X
 mprj/hold615/X
 mprj/hold616/X
 mprj/hold617/X
 mprj/hold618/X
 mprj/hold619/X
 mprj/hold620/X
 mprj/hold621/X
 mprj/hold622/X
 mprj/hold623/X
 mprj/hold624/X
 mprj/hold625/X
 mprj/hold626/X
 mprj/hold627/X
 mprj/hold628/X
 mprj/hold629/X
 mprj/hold630/X
 mprj/hold631/X
 mprj/hold632/X
 mprj/hold633/X
 mprj/hold634/X
 mprj/hold635/X
 mprj/hold636/X
 mprj/hold637/X
 mprj/hold638/X
 mprj/hold639/X
 mprj/hold640/X
 mprj/hold641/X
 mprj/hold642/X
 mprj/hold643/X
 mprj/hold644/X
 mprj/hold645/X
 mprj/hold646/X
 mprj/hold647/X
 mprj/hold648/X
 mprj/hold649/X
 mprj/hold650/X
 mprj/hold651/X
 mprj/hold652/X
 mprj/hold653/X
 mprj/hold654/X
 mprj/hold655/X
 mprj/hold656/X
 mprj/hold657/X
 mprj/hold658/X
 mprj/hold659/X
 mprj/hold660/X
 mprj/hold661/X
 mprj/hold662/X
 mprj/hold663/X
 mprj/hold664/X
 mprj/hold665/X
 mprj/hold666/X
 mprj/hold667/X
 mprj/hold668/X
 mprj/hold669/X
 mprj/hold670/X
 mprj/hold671/X
 mprj/hold672/X
 mprj/hold673/X
 mprj/hold674/X
 mprj/hold675/X
 mprj/hold676/X
 mprj/hold677/X
 mprj/hold678/X
 mprj/hold679/X
 mprj/hold680/X
 mprj/hold681/X
 mprj/hold682/X
 mprj/hold683/X
 mprj/hold684/X
 mprj/hold685/X
 mprj/hold686/X
 mprj/hold687/X
 mprj/hold688/X
 mprj/hold689/X
 mprj/hold690/X
 mprj/hold691/X
 mprj/hold692/X
 mprj/hold693/X
 mprj/hold694/X
 mprj/hold695/X
 mprj/hold696/X
 mprj/hold697/X
 mprj/hold698/X
 mprj/hold699/X
 mprj/hold700/X
 mprj/hold701/X
 mprj/hold702/X
 mprj/hold703/X
 mprj/hold704/X
 mprj/hold705/X
 mprj/hold706/X
 mprj/hold707/X
 mprj/hold708/X
 mprj/hold709/X
 mprj/hold710/X
 mprj/hold711/X
 mprj/hold712/X
 mprj/hold713/X
 mprj/hold714/X
 mprj/hold715/X
 mprj/hold716/X
 mprj/hold717/X
 mprj/hold718/X
 mprj/hold719/X
 mprj/hold720/X
 mprj/hold721/X
 mprj/hold722/X
 mprj/hold723/X
 mprj/hold724/X
 mprj/hold725/X
 mprj/hold726/X
 mprj/hold727/X
 mprj/hold728/X
 mprj/hold729/X
 mprj/hold730/X
 mprj/hold731/X
 mprj/hold732/X
 mprj/hold733/X
 mprj/hold734/X
 mprj/hold735/X
 mprj/hold736/X
 mprj/hold737/X
 mprj/hold738/X
 mprj/hold739/X
 mprj/hold740/X
 mprj/hold741/X
 mprj/hold742/X
 mprj/hold743/X
 mprj/hold744/X
 mprj/hold745/X
 mprj/hold746/X
 mprj/hold747/X
 mprj/hold748/X
 mprj/hold749/X
 mprj/hold750/X
 mprj/hold751/X
 mprj/hold752/X
 mprj/hold753/X
 mprj/hold754/X
 mprj/hold755/X
 mprj/hold756/X
 mprj/hold757/X
 mprj/hold758/X
 mprj/hold759/X
 mprj/hold760/X
 mprj/hold761/X
 mprj/hold762/X
 mprj/hold763/X
 mprj/hold764/X
 mprj/hold765/X
 mprj/hold766/X
 mprj/hold767/X
 mprj/hold768/X
 mprj/hold769/X
 mprj/hold770/X
 mprj/hold771/X
 mprj/hold772/X
 mprj/hold773/X
 mprj/hold774/X
 mprj/hold775/X
 mprj/hold776/X
 mprj/hold777/X
 mprj/hold778/X
 mprj/hold779/X
 mprj/hold780/X
 mprj/hold781/X
 mprj/hold782/X
 mprj/hold783/X
 mprj/hold784/X
 mprj/hold785/X
 mprj/hold786/X
 mprj/hold787/X
 mprj/hold788/X
 mprj/hold789/X
 mprj/hold790/X
 mprj/hold791/X
 mprj/hold792/X
 mprj/hold793/X
 mprj/hold794/X
 mprj/hold795/X
 mprj/hold796/X
 mprj/hold797/X
 mprj/hold798/X
 mprj/hold799/X
 mprj/hold800/X
 mprj/hold801/X
 mprj/hold802/X
 mprj/hold803/X
 mprj/hold804/X
 mprj/hold805/X
 mprj/hold806/X
 mprj/hold807/X
 mprj/hold808/X
 mprj/hold809/X
 mprj/hold810/X
 mprj/hold811/X
 mprj/hold812/X
 mprj/hold813/X
 mprj/hold814/X
 mprj/hold815/X
 mprj/hold816/X
 mprj/hold817/X
 mprj/hold818/X
 mprj/hold819/X
 mprj/hold820/X
 mprj/hold821/X
 mprj/hold822/X
 mprj/hold823/X
 mprj/hold824/X
 mprj/hold825/X
 mprj/hold826/X
 mprj/hold827/X
 mprj/hold828/X
 mprj/hold829/X
 mprj/hold830/X
 mprj/hold831/X
 mprj/hold832/X
 mprj/hold833/X
 mprj/hold834/X
 mprj/hold835/X
 mprj/hold836/X
 mprj/hold837/X
 mprj/hold838/X
 mprj/hold839/X
 mprj/hold840/X
 mprj/hold841/X
 mprj/hold842/X
 mprj/hold843/X
 mprj/hold844/X
 mprj/hold845/X
 mprj/hold846/X
 mprj/hold847/X
 mprj/hold848/X
 mprj/hold849/X
 mprj/hold850/X
 mprj/hold851/X
 mprj/hold852/X
 mprj/hold853/X
 mprj/hold854/X
 mprj/hold855/X
 mprj/hold856/X
 mprj/hold857/X
 mprj/hold858/X
 mprj/hold859/X
 mprj/hold860/X
 mprj/hold861/X
 mprj/hold862/X
 mprj/hold863/X
 mprj/hold864/X
 mprj/hold865/X
 mprj/hold866/X
 mprj/hold867/X
 mprj/hold868/X
 mprj/hold869/X
 mprj/hold870/X
 mprj/hold871/X
 mprj/hold872/X
 mprj/hold873/X
 mprj/hold874/X
 mprj/hold875/X
 mprj/hold876/X
 mprj/hold877/X
 mprj/hold878/X
 mprj/hold879/X
 mprj/hold880/X
 mprj/hold881/X
 mprj/hold882/X
 mprj/hold883/X
 mprj/hold884/X
 mprj/hold885/X
 mprj/hold886/X
 mprj/hold887/X
 mprj/hold888/X
 mprj/hold889/X
 mprj/hold890/X
 mprj/hold891/X
 mprj/hold892/X
 mprj/hold893/X
 mprj/hold894/X
 mprj/hold895/X
 mprj/hold896/X
 mprj/hold897/X
 mprj/hold898/X
 mprj/hold899/X
 mprj/hold900/X
 mprj/hold901/X
 mprj/hold902/X
 mprj/hold903/X
 mprj/hold904/X
 mprj/hold905/X
 mprj/hold906/X
 mprj/hold907/X
 mprj/hold908/X
 mprj/hold909/X
 mprj/hold910/X
 mprj/hold911/X
 mprj/hold912/X
 mprj/hold913/X
 mprj/hold914/X
 mprj/hold915/X
 mprj/hold916/X
 mprj/hold917/X
 mprj/hold918/X
 mprj/hold919/X
 mprj/hold92/X
 mprj/hold920/X
 mprj/hold921/X
 mprj/hold922/X
 mprj/hold923/X
 mprj/hold924/X
 mprj/hold925/X
 mprj/hold926/X
 mprj/hold927/X
 mprj/hold928/X
 mprj/hold929/X
 mprj/hold93/X
 mprj/hold930/X
 mprj/hold931/X
 mprj/hold932/X
 mprj/hold933/X
 mprj/hold934/X
 mprj/hold935/X
 mprj/hold936/X
 mprj/hold937/X
 mprj/hold938/X
 mprj/hold939/X
 mprj/hold94/X
 mprj/hold940/X
 mprj/hold941/X
 mprj/hold942/X
 mprj/hold943/X
 mprj/hold944/X
 mprj/hold945/X
 mprj/hold946/X
 mprj/hold947/X
 mprj/hold948/X
 mprj/hold949/X
 mprj/hold95/X
 mprj/hold950/X
 mprj/hold951/X
 mprj/hold952/X
 mprj/hold953/X
 mprj/hold954/X
 mprj/hold955/X
 mprj/hold956/X
 mprj/hold957/X
 mprj/hold958/X
 mprj/hold959/X
 mprj/hold96/X
 mprj/hold960/X
 mprj/hold961/X
 mprj/hold962/X
 mprj/hold963/X
 mprj/hold964/X
 mprj/hold965/X
 mprj/hold966/X
 mprj/hold967/X
 mprj/hold968/X
 mprj/hold969/X
 mprj/hold97/X
 mprj/hold970/X
 mprj/hold971/X
 mprj/hold972/X
 mprj/hold973/X
 mprj/hold974/X
 mprj/hold975/X
 mprj/hold976/X
 mprj/hold977/X
 mprj/hold978/X
 mprj/hold979/X
 mprj/hold98/X
 mprj/hold980/X
 mprj/hold981/X
 mprj/hold982/X
 mprj/hold983/X
 mprj/hold984/X
 mprj/hold985/X
 mprj/hold986/X
 mprj/hold987/X
 mprj/hold988/X
 mprj/hold989/X
 mprj/hold99/X
 mprj/hold990/X
 mprj/hold991/X
 mprj/hold992/X
 mprj/hold993/X
 mprj/hold994/X
 mprj/hold995/X
 mprj/hold996/X
 mprj/hold997/X
 mprj/hold998/X
 mprj/hold999/X
 mprj/input1/X
 mprj/input10/X
 mprj/input11/X
 mprj/input12/X
 mprj/input13/X
 mprj/input14/X
 mprj/input15/X
 mprj/input16/X
 mprj/input17/X
 mprj/input2/X
 mprj/input3/X
 mprj/input4/X
 mprj/input5/X
 mprj/input6/X
 mprj/input7/X
 mprj/input8/X
 mprj/input9/X
 mprj/max_cap1018/X
 mprj/max_cap1151/X
 mprj/max_cap1163/X
 mprj/max_cap1176/X
 mprj/max_cap1226/X
 mprj/max_cap1272/X
 mprj/max_cap1278/X
 mprj/max_cap134/X
 mprj/max_cap1396/X
 mprj/max_cap1397/X
 mprj/max_cap1399/X
 mprj/max_cap1400/X
 mprj/max_cap1406/X
 mprj/max_cap1408/X
 mprj/max_cap1412/X
 mprj/max_cap1451/X
 mprj/max_cap1507/X
 mprj/max_cap1515/X
 mprj/max_cap1528/X
 mprj/max_cap1530/X
 mprj/max_cap183/X
 mprj/max_cap196/X
 mprj/max_cap206/X
 mprj/max_cap211/X
 mprj/max_cap240/X
 mprj/max_cap243/X
 mprj/max_cap244/X
 mprj/max_cap245/X
 mprj/max_cap279/X
 mprj/max_cap482/X
 mprj/max_cap67/X
 mprj/max_cap68/X
 mprj/max_cap69/X
 mprj/max_cap70/X
 mprj/max_cap71/X
 mprj/max_cap72/X
 mprj/max_cap73/X
 mprj/max_cap74/X
 mprj/max_cap75/X
 mprj/max_cap76/X
 mprj/max_cap77/X
 mprj/max_cap78/X
 mprj/max_cap782/X
 mprj/max_cap79/X
 mprj/max_cap80/X
 mprj/max_cap81/X
 mprj/max_cap82/X
 mprj/max_cap83/X
 mprj/max_cap88/X
 mprj/phase_099_top_integration_2883/HI
 mprj/phase_099_top_integration_2884/HI
 mprj/phase_099_top_integration_2885/HI
 mprj/phase_099_top_integration_2886/HI
 mprj/phase_099_top_integration_2887/HI
 mprj/phase_099_top_integration_2888/HI
 mprj/phase_099_top_integration_2889/HI
 mprj/phase_099_top_integration_2890/HI
 mprj/phase_099_top_integration_2891/HI
 mprj/phase_099_top_integration_2892/HI
 mprj/phase_099_top_integration_2893/HI
 mprj/phase_099_top_integration_2894/HI
 mprj/phase_099_top_integration_2895/HI
 mprj/phase_099_top_integration_2896/HI
 mprj/phase_099_top_integration_2897/HI
 mprj/phase_099_top_integration_2898/HI
 mprj/phase_099_top_integration_2899/HI
 mprj/phase_099_top_integration_2900/HI
 mprj/phase_099_top_integration_2901/HI
 mprj/phase_099_top_integration_2902/HI
 mprj/phase_099_top_integration_2903/HI
 mprj/phase_099_top_integration_2904/HI
 mprj/phase_099_top_integration_2905/HI
 mprj/phase_099_top_integration_2906/HI
 mprj/phase_099_top_integration_2907/HI
 mprj/phase_099_top_integration_2908/HI
 mprj/phase_099_top_integration_2909/HI
 mprj/phase_099_top_integration_2910/HI
 mprj/phase_099_top_integration_2911/HI
 mprj/phase_099_top_integration_2912/HI
 mprj/phase_099_top_integration_2913/HI
 mprj/phase_099_top_integration_2914/HI
 mprj/phase_099_top_integration_2915/HI
 mprj/phase_099_top_integration_2916/HI
 mprj/phase_099_top_integration_2917/HI
 mprj/phase_099_top_integration_2918/HI
 mprj/phase_099_top_integration_2919/HI
 mprj/phase_099_top_integration_2920/HI
 mprj/phase_099_top_integration_2921/HI
 mprj/phase_099_top_integration_2922/HI
 mprj/phase_099_top_integration_2923/HI
 mprj/phase_099_top_integration_2924/HI
 mprj/phase_099_top_integration_2925/HI
 mprj/phase_099_top_integration_2926/HI
 mprj/phase_099_top_integration_2927/HI
 mprj/phase_099_top_integration_2928/HI
 mprj/phase_099_top_integration_2929/HI
 mprj/phase_099_top_integration_2930/HI
 mprj/phase_099_top_integration_2931/HI
 mprj/phase_099_top_integration_2932/HI
 mprj/phase_099_top_integration_2933/HI
 mprj/phase_099_top_integration_2934/HI
 mprj/phase_099_top_integration_2935/HI
 mprj/phase_099_top_integration_2936/HI
 mprj/phase_099_top_integration_2937/HI
 mprj/phase_099_top_integration_2938/HI
 mprj/phase_099_top_integration_2939/HI
 mprj/phase_099_top_integration_2940/HI
 mprj/phase_099_top_integration_2941/HI
 mprj/phase_099_top_integration_2942/HI
 mprj/phase_099_top_integration_2943/HI
 mprj/phase_099_top_integration_2944/HI
 mprj/phase_099_top_integration_2945/HI
 mprj/phase_099_top_integration_2946/HI
 mprj/phase_099_top_integration_2947/HI
 mprj/phase_099_top_integration_2948/HI
 mprj/phase_099_top_integration_2949/HI
 mprj/phase_099_top_integration_2950/HI
 mprj/phase_099_top_integration_2951/HI
 mprj/phase_099_top_integration_2952/HI
 mprj/phase_099_top_integration_2953/HI
 mprj/phase_099_top_integration_2954/HI
 mprj/phase_099_top_integration_2955/HI
 mprj/phase_099_top_integration_2956/HI
 mprj/phase_099_top_integration_2957/HI
 mprj/phase_099_top_integration_2958/HI
 mprj/phase_099_top_integration_2959/HI
 mprj/phase_099_top_integration_2960/HI
 mprj/phase_099_top_integration_2961/HI
 mprj/phase_099_top_integration_2962/HI
 mprj/phase_099_top_integration_2963/HI
 mprj/phase_099_top_integration_2964/HI
 mprj/phase_099_top_integration_2965/HI
 mprj/phase_099_top_integration_2966/HI
 mprj/phase_099_top_integration_2967/HI
 mprj/phase_099_top_integration_2968/HI
 mprj/phase_099_top_integration_2969/HI
 mprj/phase_099_top_integration_2970/HI
 mprj/phase_099_top_integration_2971/HI
 mprj/phase_099_top_integration_2972/HI
 mprj/phase_099_top_integration_2973/HI
 mprj/rebuffer1/X
 mprj/rebuffer10/X
 mprj/rebuffer12/X
 mprj/rebuffer13/X
 mprj/rebuffer15/X
 mprj/rebuffer16/X
 mprj/rebuffer17/X
 mprj/rebuffer19/X
 mprj/rebuffer20/X
 mprj/rebuffer21/X
 mprj/rebuffer22/X
 mprj/rebuffer23/X
 mprj/rebuffer25/X
 mprj/rebuffer27/X
 mprj/rebuffer28/X
 mprj/rebuffer29/X
 mprj/rebuffer30/X
 mprj/rebuffer31/X
 mprj/rebuffer32/X
 mprj/rebuffer33/X
 mprj/rebuffer34/X
 mprj/rebuffer35/X
 mprj/rebuffer36/X
 mprj/rebuffer38/X
 mprj/rebuffer39/X
 mprj/rebuffer40/X
 mprj/rebuffer41/X
 mprj/rebuffer43/X
 mprj/rebuffer44/X
 mprj/rebuffer45/X
 mprj/rebuffer46/X
 mprj/rebuffer47/X
 mprj/rebuffer48/X
 mprj/rebuffer49/X
 mprj/rebuffer5/X
 mprj/rebuffer51/X
 mprj/rebuffer54/X
 mprj/rebuffer55/X
 mprj/rebuffer57/X
 mprj/rebuffer58/X
 mprj/rebuffer61/X
 mprj/rebuffer63/X
 mprj/rebuffer64/X
 mprj/rebuffer65/X
 mprj/rebuffer66/X
 mprj/rebuffer68/X
 mprj/rebuffer72/X
 mprj/rebuffer73/X
 mprj/rebuffer74/X
 mprj/rebuffer76/X
 mprj/rebuffer77/X
 mprj/rebuffer78/X
 mprj/rebuffer79/X
 mprj/rebuffer8/X
 mprj/rebuffer80/X
 mprj/rebuffer81/X
 mprj/rebuffer83/X
 mprj/rebuffer86/X
 mprj/rebuffer89/X
 mprj/rebuffer9/X
 mprj/rebuffer90/X
 mprj/wire1229/X
 mprj/wire1246/X
 mprj/wire1247/X
 mprj/wire1265/X
 mprj/wire1270/X
 mprj/wire1271/X
 mprj/wire1398/X
 mprj/wire1409/X
 mprj/wire1527/X
 mprj/wire200/X
 mprj/wire208/X
 mprj/wire218/X
 mprj/wire224/X
 mprj/wire241/X
 mprj/wire242/X
 mprj/wire268/X
 mprj/wire290/X
 mprj/wire358/X
 mprj/wire381/X
 mprj/wire387/X
 mprj/wire407/X
 mprj/wire439/X
 mprj/wire480/X
 mprj/wire481/X
 mprj/wire506/X
 mprj/wire507/X
 mprj/wire508/X
 mprj/wire509/X
 mprj/wire579/X
 mprj/wire781/X
Found 149 partially unannotated drivers.
 io_in[0]
  mprj/input1/A
 io_in[10]
  mprj/input2/A
 io_in[11]
  mprj/input3/A
 io_in[12]
  mprj/input4/A
 io_in[13]
  mprj/input5/A
 io_in[14]
  mprj/input6/A
 io_in[15]
  mprj/input7/A
 io_in[1]
  mprj/input8/A
 io_in[2]
  mprj/input9/A
 io_in[3]
  mprj/input10/A
 io_in[4]
  mprj/input11/A
 io_in[5]
  mprj/input12/A
 io_in[6]
  mprj/input13/A
 io_in[7]
  mprj/input14/A
 io_in[8]
  mprj/input15/A
 io_in[9]
  mprj/input16/A
 la_data_in[0]
  mprj/hold102/A
 wb_clk_i
  mprj/clkbuf_0_clk_dsp/A
  mprj/ANTENNA_176/DIODE
 mprj/output18/X
 mprj/output19/X
 mprj/output20/X
 mprj/output21/X
 mprj/output22/X
 mprj/output23/X
 mprj/output24/X
 mprj/output25/X
 mprj/output26/X
 mprj/output27/X
 mprj/output28/X
 mprj/output29/X
 mprj/output30/X
 mprj/output31/X
 mprj/output32/X
 mprj/output33/X
 mprj/output34/X
 mprj/output35/X
 mprj/output36/X
 mprj/output37/X
 mprj/output38/X
 mprj/output39/X
 mprj/output40/X
 mprj/output41/X
 mprj/output42/X
 mprj/output43/X
 mprj/output44/X
 mprj/output45/X
 mprj/output46/X
 mprj/output47/X
 mprj/output48/X
 mprj/output49/X
 mprj/output50/X
 mprj/output51/X
 mprj/output52/X
 mprj/output53/X
 mprj/output54/X
 mprj/output55/X
 mprj/output56/X
 mprj/output57/X
 mprj/phase_099_top_integration_2883/LO
 mprj/phase_099_top_integration_2884/LO
 mprj/phase_099_top_integration_2885/LO
 mprj/phase_099_top_integration_2886/LO
 mprj/phase_099_top_integration_2887/LO
 mprj/phase_099_top_integration_2888/LO
 mprj/phase_099_top_integration_2889/LO
 mprj/phase_099_top_integration_2890/LO
 mprj/phase_099_top_integration_2891/LO
 mprj/phase_099_top_integration_2892/LO
 mprj/phase_099_top_integration_2893/LO
 mprj/phase_099_top_integration_2894/LO
 mprj/phase_099_top_integration_2895/LO
 mprj/phase_099_top_integration_2896/LO
 mprj/phase_099_top_integration_2897/LO
 mprj/phase_099_top_integration_2898/LO
 mprj/phase_099_top_integration_2899/LO
 mprj/phase_099_top_integration_2900/LO
 mprj/phase_099_top_integration_2901/LO
 mprj/phase_099_top_integration_2902/LO
 mprj/phase_099_top_integration_2903/LO
 mprj/phase_099_top_integration_2904/LO
 mprj/phase_099_top_integration_2905/LO
 mprj/phase_099_top_integration_2906/LO
 mprj/phase_099_top_integration_2907/LO
 mprj/phase_099_top_integration_2908/LO
 mprj/phase_099_top_integration_2909/LO
 mprj/phase_099_top_integration_2910/LO
 mprj/phase_099_top_integration_2911/LO
 mprj/phase_099_top_integration_2912/LO
 mprj/phase_099_top_integration_2913/LO
 mprj/phase_099_top_integration_2914/LO
 mprj/phase_099_top_integration_2915/LO
 mprj/phase_099_top_integration_2916/LO
 mprj/phase_099_top_integration_2917/LO
 mprj/phase_099_top_integration_2918/LO
 mprj/phase_099_top_integration_2919/LO
 mprj/phase_099_top_integration_2920/LO
 mprj/phase_099_top_integration_2921/LO
 mprj/phase_099_top_integration_2922/LO
 mprj/phase_099_top_integration_2923/LO
 mprj/phase_099_top_integration_2924/LO
 mprj/phase_099_top_integration_2925/LO
 mprj/phase_099_top_integration_2926/LO
 mprj/phase_099_top_integration_2927/LO
 mprj/phase_099_top_integration_2928/LO
 mprj/phase_099_top_integration_2929/LO
 mprj/phase_099_top_integration_2930/LO
 mprj/phase_099_top_integration_2931/LO
 mprj/phase_099_top_integration_2932/LO
 mprj/phase_099_top_integration_2933/LO
 mprj/phase_099_top_integration_2934/LO
 mprj/phase_099_top_integration_2935/LO
 mprj/phase_099_top_integration_2936/LO
 mprj/phase_099_top_integration_2937/LO
 mprj/phase_099_top_integration_2938/LO
 mprj/phase_099_top_integration_2939/LO
 mprj/phase_099_top_integration_2940/LO
 mprj/phase_099_top_integration_2941/LO
 mprj/phase_099_top_integration_2942/LO
 mprj/phase_099_top_integration_2943/LO
 mprj/phase_099_top_integration_2944/LO
 mprj/phase_099_top_integration_2945/LO
 mprj/phase_099_top_integration_2946/LO
 mprj/phase_099_top_integration_2947/LO
 mprj/phase_099_top_integration_2948/LO
 mprj/phase_099_top_integration_2949/LO
 mprj/phase_099_top_integration_2950/LO
 mprj/phase_099_top_integration_2951/LO
 mprj/phase_099_top_integration_2952/LO
 mprj/phase_099_top_integration_2953/LO
 mprj/phase_099_top_integration_2954/LO
 mprj/phase_099_top_integration_2955/LO
 mprj/phase_099_top_integration_2956/LO
 mprj/phase_099_top_integration_2957/LO
 mprj/phase_099_top_integration_2958/LO
 mprj/phase_099_top_integration_2959/LO
 mprj/phase_099_top_integration_2960/LO
 mprj/phase_099_top_integration_2961/LO
 mprj/phase_099_top_integration_2962/LO
 mprj/phase_099_top_integration_2963/LO
 mprj/phase_099_top_integration_2964/LO
 mprj/phase_099_top_integration_2965/LO
 mprj/phase_099_top_integration_2966/LO
 mprj/phase_099_top_integration_2967/LO
 mprj/phase_099_top_integration_2968/LO
 mprj/phase_099_top_integration_2969/LO
 mprj/phase_099_top_integration_2970/LO
 mprj/phase_099_top_integration_2971/LO
 mprj/phase_099_top_integration_2972/LO
 mprj/phase_099_top_integration_2973/LO

===========================================================================
max slew violation count 60
max fanout violation count 349
max cap violation count 7
============================================================================

===========================================================================
check_setup -verbose -unconstrained_endpoints -multiple_clock -no_clock -no_input_delay -loops -generated_clocks
===========================================================================
Warning: There are 68 input ports missing set_input_delay.
  analog_io[0]
  analog_io[10]
  analog_io[11]
  analog_io[12]
  analog_io[13]
  analog_io[14]
  analog_io[15]
  analog_io[16]
  analog_io[17]
  analog_io[18]
  analog_io[19]
  analog_io[1]
  analog_io[20]
  analog_io[21]
  analog_io[22]
  analog_io[23]
  analog_io[24]
  analog_io[25]
  analog_io[26]
  analog_io[27]
  analog_io[28]
  analog_io[2]
  analog_io[3]
  analog_io[4]
  analog_io[5]
  analog_io[6]
  analog_io[7]
  analog_io[8]
  analog_io[9]
  io_in[0]
  io_in[10]
  io_in[11]
  io_in[12]
  io_in[13]
  io_in[14]
  io_in[15]
  io_in[16]
  io_in[17]
  io_in[18]
  io_in[19]
  io_in[1]
  io_in[20]
  io_in[21]
  io_in[22]
  io_in[23]
  io_in[24]
  io_in[25]
  io_in[26]
  io_in[27]
  io_in[28]
  io_in[29]
  io_in[2]
  io_in[30]
  io_in[31]
  io_in[32]
  io_in[33]
  io_in[34]
  io_in[35]
  io_in[36]
  io_in[37]
  io_in[3]
  io_in[4]
  io_in[5]
  io_in[6]
  io_in[7]
  io_in[8]
  io_in[9]
  user_clock2
Warning: There are 225 unconstrained endpoints.
  analog_io[0]
  analog_io[10]
  analog_io[11]
  analog_io[12]
  analog_io[13]
  analog_io[14]
  analog_io[15]
  analog_io[16]
  analog_io[17]
  analog_io[18]
  analog_io[19]
  analog_io[1]
  analog_io[20]
  analog_io[21]
  analog_io[22]
  analog_io[23]
  analog_io[24]
  analog_io[25]
  analog_io[26]
  analog_io[27]
  analog_io[28]
  analog_io[2]
  analog_io[3]
  analog_io[4]
  analog_io[5]
  analog_io[6]
  analog_io[7]
  analog_io[8]
  analog_io[9]
  io_oeb[0]
  io_oeb[10]
  io_oeb[11]
  io_oeb[12]
  io_oeb[13]
  io_oeb[14]
  io_oeb[15]
  io_oeb[16]
  io_oeb[17]
  io_oeb[18]
  io_oeb[19]
  io_oeb[1]
  io_oeb[20]
  io_oeb[21]
  io_oeb[22]
  io_oeb[23]
  io_oeb[24]
  io_oeb[25]
  io_oeb[26]
  io_oeb[27]
  io_oeb[28]
  io_oeb[29]
  io_oeb[2]
  io_oeb[30]
  io_oeb[31]
  io_oeb[32]
  io_oeb[33]
  io_oeb[34]
  io_oeb[35]
  io_oeb[36]
  io_oeb[37]
  io_oeb[3]
  io_oeb[4]
  io_oeb[5]
  io_oeb[6]
  io_oeb[7]
  io_oeb[8]
  io_oeb[9]
  io_out[0]
  io_out[10]
  io_out[11]
  io_out[12]
  io_out[13]
  io_out[14]
  io_out[15]
  io_out[16]
  io_out[17]
  io_out[18]
  io_out[19]
  io_out[1]
  io_out[20]
  io_out[21]
  io_out[22]
  io_out[23]
  io_out[24]
  io_out[25]
  io_out[26]
  io_out[27]
  io_out[28]
  io_out[29]
  io_out[2]
  io_out[30]
  io_out[31]
  io_out[32]
  io_out[33]
  io_out[34]
  io_out[35]
  io_out[36]
  io_out[37]
  io_out[3]
  io_out[4]
  io_out[5]
  io_out[6]
  io_out[7]
  io_out[8]
  io_out[9]
  la_data_out[10]
  la_data_out[11]
  la_data_out[12]
  la_data_out[14]
  la_data_out[15]
  la_data_out[16]
  la_data_out[17]
  la_data_out[18]
  la_data_out[19]
  la_data_out[21]
  la_data_out[22]
  la_data_out[23]
  la_data_out[24]
  la_data_out[25]
  la_data_out[26]
  la_data_out[27]
  la_data_out[28]
  la_data_out[29]
  la_data_out[30]
  la_data_out[31]
  la_data_out[32]
  la_data_out[33]
  la_data_out[34]
  la_data_out[35]
  la_data_out[36]
  la_data_out[37]
  la_data_out[38]
  la_data_out[39]
  la_data_out[3]
  la_data_out[40]
  la_data_out[41]
  la_data_out[42]
  la_data_out[43]
  la_data_out[44]
  la_data_out[45]
  la_data_out[46]
  la_data_out[47]
  la_data_out[48]
  la_data_out[49]
  la_data_out[4]
  la_data_out[50]
  la_data_out[51]
  la_data_out[52]
  la_data_out[53]
  la_data_out[54]
  la_data_out[55]
  la_data_out[56]
  la_data_out[57]
  la_data_out[58]
  la_data_out[59]
  la_data_out[5]
  la_data_out[60]
  la_data_out[61]
  la_data_out[62]
  la_data_out[63]
  la_data_out[64]
  la_data_out[65]
  la_data_out[66]
  la_data_out[67]
  la_data_out[68]
  la_data_out[69]
  la_data_out[6]
  la_data_out[70]
  la_data_out[71]
  la_data_out[72]
  la_data_out[73]
  la_data_out[74]
  la_data_out[75]
  la_data_out[76]
  la_data_out[77]
  la_data_out[78]
  la_data_out[79]
  la_data_out[7]
  la_data_out[80]
  la_data_out[81]
  la_data_out[82]
  la_data_out[83]
  la_data_out[84]
  la_data_out[85]
  la_data_out[86]
  la_data_out[87]
  la_data_out[88]
  la_data_out[89]
  la_data_out[90]
  la_data_out[91]
  la_data_out[92]
  la_data_out[93]
  la_data_out[94]
  la_data_out[95]
  la_data_out[96]
  la_data_out[97]
  user_irq[0]
  user_irq[1]
  user_irq[2]
  wbs_dat_o[10]
  wbs_dat_o[11]
  wbs_dat_o[12]
  wbs_dat_o[14]
  wbs_dat_o[15]
  wbs_dat_o[16]
  wbs_dat_o[17]
  wbs_dat_o[18]
  wbs_dat_o[19]
  wbs_dat_o[21]
  wbs_dat_o[22]
  wbs_dat_o[23]
  wbs_dat_o[24]
  wbs_dat_o[25]
  wbs_dat_o[26]
  wbs_dat_o[27]
  wbs_dat_o[28]
  wbs_dat_o[29]
  wbs_dat_o[30]
  wbs_dat_o[31]
  wbs_dat_o[3]
  wbs_dat_o[4]
  wbs_dat_o[5]
  wbs_dat_o[6]
  wbs_dat_o[7]
  mprj/_43579_/D
